gene_symbol,label,hybrid_b_oof_proba
BRCA2,0,0.11795131384242451
BRCA2,0,0.10704053328327068
BRCA2,0,0.10805100765240923
BRCA2,0,0.10702098910594528
BRCA2,0,0.11087287384771595
BRCA2,0,0.10715548055713678
BRCA2,0,0.10789625410755936
BRCA2,0,0.10772156447431258
BRCA2,0,0.6699443335168715
BRCA2,0,0.721364514717241
BRCA2,0,0.1069113937468744
BRCA2,0,0.5156122485093781
BRCA2,0,0.10688917265643494
BRCA2,0,0.1200838875693499
BRCA2,1,0.9977392587075581
BRCA2,1,0.9977496862235978
BRCA2,0,0.10691654796583192
BRCA2,0,0.1231584543821325
BRCA2,1,0.9967749251709584
BRCA2,1,0.33159127016211026
BRCA2,1,0.38022722574001067
BRCA2,1,0.9929696600736576
BRCA2,0,0.10769088981891727
BRCA2,0,0.19305843348061502
BRCA2,0,0.3973615628930413
BRCA2,0,0.1185279159694658
BRCA2,0,0.10690867018228853
BRCA2,0,0.10688727485233808
BRCA2,0,0.10699133840127337
BRCA2,0,0.13914853138614391
BRCA2,0,0.10691260497844983
BRCA2,0,0.10691245163700006
BRCA2,0,0.1079190974903093
BRCA2,0,0.10689247500477621
BRCA2,0,0.10689138415772627
BRCA2,0,0.11614642885889451
BRCA2,0,0.10860672262747785
BRCA2,0,0.10693347952785028
BRCA2,0,0.1068948793981594
BRCA2,0,0.1262343839995628
BRCA2,0,0.10878145261328893
BRCA2,0,0.1069210782946728
BRCA2,0,0.10688530440539816
BRCA2,0,0.1388571602890187
BRCA2,0,0.10687978851085447
BRCA2,0,0.10872143864214587
BRCA2,0,0.10868067966607903
BRCA2,0,0.10689025626712698
BRCA2,0,0.10688137564141076
BRCA2,0,0.1068809309027124
BRCA2,0,0.10688612075590685
BRCA2,0,0.10688081731200241
BRCA2,0,0.1070236876296705
BRCA2,0,0.3238729237561376
BRCA2,0,0.10688300219511553
BRCA2,0,0.1068809708443974
BRCA2,0,0.10688016164122775
BRCA2,0,0.10688085762297583
BRCA2,1,0.19791624039723388
BRCA2,0,0.10690099226547302
BRCA2,0,0.10690456287437966
BRCA2,0,0.10695291326650734
BRCA2,0,0.10688198964176042
BRCA2,0,0.10688130187850413
BRCA2,0,0.10688271991274391
BRCA2,0,0.10688571096192188
BRCA2,0,0.1069205476417583
BRCA2,0,0.10702524850880296
BRCA2,0,0.10689141458331244
BRCA2,0,0.10879129025941431
BRCA2,0,0.10688042941102313
BRCA2,0,0.10688042941090792
BRCA2,0,0.14737983165293556
BRCA2,0,0.10688008374388303
BRCA2,0,0.10688122409102908
BRCA2,0,0.10688221593480411
BRCA2,0,0.1068830719767697
BRCA2,0,0.10688994880238208
BRCA2,0,0.10688560835576266
BRCA2,0,0.10688172237012525
BRCA2,0,0.12018623427807168
BRCA2,0,0.10688636910165668
BRCA2,0,0.10749704994225148
BRCA2,0,0.8535364029974085
BRCA2,0,0.31574270083596234
BRCA2,1,0.9216934476494787
BRCA2,1,0.9976810442013196
BRCA2,0,0.1115281530115665
BRCA2,0,0.10888754613803167
BRCA2,0,0.10689505484226584
BRCA2,0,0.10690111263969129
BRCA2,0,0.1068810792522325
BRCA2,0,0.10689778522960273
BRCA2,0,0.10688708790167073
BRCA2,0,0.31282849870141655
BRCA2,0,0.17146889403533327
BRCA2,0,0.10747577034961761
BRCA2,0,0.10991279238716854
BRCA2,0,0.10692152311746161
BRCA2,0,0.634223410757436
BRCA2,0,0.10688367258038488
BRCA2,0,0.10688367059077626
BRCA2,1,0.11526922596843187
BRCA2,1,0.9969451229634316
BRCA2,1,0.9955058926176475
BRCA2,0,0.10736868270628329
BRCA2,0,0.1108757840315056
BRCA2,0,0.1830400981507183
BRCA2,0,0.1118716020081172
BRCA2,0,0.10945218860497669
BRCA2,0,0.1071676995912794
BRCA2,1,0.9974881325251186
BRCA2,1,0.16561083829996234
BRCA2,1,0.17645500565621877
BRCA2,0,0.1097778169169882
BRCA2,0,0.10724186506489056
BRCA2,0,0.11843863946317942
BRCA2,0,0.1068819510173155
BRCA2,0,0.5137004284972544
BRCA2,0,0.6243544141530449
BRCA2,1,0.9977296220318664
BRCA2,1,0.9650258731019296
BRCA2,0,0.1306481127705438
BRCA2,0,0.12022035724393595
BRCA2,0,0.11448098386169589
BRCA2,0,0.10827760333877164
BRCA2,0,0.10803585810153214
BRCA2,0,0.10828339404842825
BRCA2,0,0.10800526358057269
BRCA2,0,0.1272324771722427
BRCA2,1,0.9845721222970636
BRCA2,1,0.9951739764536127
BRCA2,0,0.10689482866096994
BRCA2,0,0.12228952271118748
BRCA2,0,0.10689287881714751
BRCA2,0,0.10689619954631226
BRCA2,0,0.10688294113584061
BRCA2,0,0.10689244968160003
BRCA2,0,0.10691041089962516
BRCA2,0,0.10688768941872394
BRCA2,0,0.10688000737324391
BRCA2,0,0.10777442777264153
BRCA2,0,0.11145100928648959
BRCA2,0,0.10698112102198881
BRCA2,0,0.10688102118677692
BRCA2,0,0.10688194397750767
BRCA2,0,0.1069191293111924
BRCA2,0,0.10688533593047986
BRCA2,0,0.11019441266284723
BRCA2,0,0.10693533409834372
BRCA2,0,0.10854622681515998
BRCA2,0,0.11217395289333834
BRCA2,0,0.10689904988234633
BRCA2,0,0.11975047005573049
BRCA2,0,0.10688553281901247
BRCA2,0,0.10690373241712864
BRCA2,0,0.10687962862685416
BRCA2,0,0.10688610924589756
BRCA2,0,0.1069083668287605
BRCA2,0,0.10687985071256029
BRCA2,0,0.1068850909332937
BRCA2,0,0.10688459800717615
BRCA2,0,0.1069384558834092
BRCA2,0,0.11452143243587382
BRCA2,0,0.10688213140903359
BRCA2,0,0.10688323118620273
BRCA2,0,0.10688097307152945
BRCA2,0,0.10688012503780824
BRCA2,0,0.10687971135447469
BRCA2,0,0.10687967527043714
BRCA2,0,0.10731768330260835
BRCA2,0,0.10688604701933802
BRCA2,0,0.10690383360917922
BRCA2,0,0.1334961838417522
BRCA2,0,0.24961650855282982
BRCA2,0,0.11225731052874323
BRCA2,0,0.10777574998137888
BRCA2,0,0.10688006972530929
BRCA2,0,0.10972133908155904
BRCA2,0,0.10696545474179076
BRCA2,0,0.10693212225597663
BRCA2,0,0.10688555792244127
BRCA2,0,0.10688602458704742
BRCA2,0,0.11297646074487329
BRCA2,0,0.10688096703437774
BRCA2,0,0.10738653494484524
BRCA2,0,0.10754368806211136
BRCA2,0,0.10688435649217896
BRCA2,0,0.1068929297903735
BRCA2,0,0.13698588911007958
BRCA2,0,0.14233181092193328
BRCA2,0,0.11002157389145055
BRCA2,0,0.1068933319756227
BRCA2,0,0.10697799920799057
BRCA2,0,0.10691793402701089
BRCA2,0,0.10687970973664201
BRCA2,0,0.10688022025953145
BRCA2,0,0.10687991470437856
BRCA2,0,0.10687999014263073
BRCA2,0,0.10688198608135621
BRCA2,0,0.10687965371491186
BRCA2,0,0.10687992077695434
BRCA2,0,0.10688096338869066
BRCA2,0,0.10699503651979422
BRCA2,0,0.10698021215883491
BRCA2,0,0.10688303171130421
BRCA2,0,0.10688062945538686
BRCA2,0,0.1068806459133438
BRCA2,0,0.11079080426775695
BRCA2,0,0.10689939980251503
BRCA2,0,0.10688130003309287
BRCA2,0,0.10716865136890656
BRCA2,0,0.10688020986041033
BRCA2,0,0.10688390431243841
BRCA2,0,0.10689378887833952
BRCA2,0,0.10688163978627122
BRCA2,0,0.10747765995325917
BRCA2,0,0.1459238413446337
BRCA2,0,0.10842666234084196
BRCA2,0,0.10717582435680825
BRCA2,0,0.10786889686861643
BRCA2,0,0.10689244835274661
BRCA2,0,0.1069048776727933
BRCA2,0,0.1068809159886603
BRCA2,0,0.10688138829574192
BRCA2,0,0.10688356145178937
BRCA2,0,0.10870281786233728
BRCA2,0,0.10688104789380702
BRCA2,0,0.10688048413242314
BRCA2,0,0.1068822646392436
BRCA2,0,0.10688549224722255
BRCA2,0,0.10687982169353524
BRCA2,0,0.10688091762266651
BRCA2,0,0.10688015740165255
BRCA2,0,0.10688008373626666
BRCA2,0,0.10688092013240236
BRCA2,0,0.10702678288814135
BRCA2,0,0.11067581627644374
BRCA2,0,0.10754961812507413
BRCA2,0,0.10814486904684263
BRCA2,0,0.1068963172389896
BRCA2,0,0.10688024773908193
BRCA2,0,0.10688046325451446
BRCA2,0,0.12598628664370407
BRCA2,0,0.11476035856569138
BRCA2,0,0.11337836630956906
BRCA2,0,0.39166301418277905
BRCA2,0,0.1095075870430776
BRCA2,0,0.9961212086513678
BRCA2,0,0.1259944546263976
BRCA2,0,0.11165749731328815
BRCA2,0,0.12250180995943215
BRCA2,0,0.11102987694557229
BRCA2,0,0.1108574291005228
BRCA2,0,0.10687963874738954
BRCA2,0,0.11033132855950138
BRCA2,0,0.10697343638149255
BRCA2,0,0.10688272169647027
BRCA2,0,0.10692484729212894
BRCA2,0,0.1131530205009013
BRCA2,0,0.11086462646647813
BRCA2,0,0.1068881660188718
BRCA2,0,0.10690109202154856
BRCA2,0,0.10688195488462751
BRCA2,0,0.1142260643043916
BRCA2,0,0.10688516357292976
BRCA2,0,0.10695895019010888
BRCA2,0,0.10688447859687832
BRCA2,0,0.10694855210060995
BRCA2,0,0.1069339311041344
BRCA2,0,0.10688014287122272
BRCA2,0,0.10688082755510861
BRCA2,0,0.1068835230001699
BRCA2,0,0.10716304167190167
BRCA2,0,0.10688691459636196
BRCA2,0,0.10688440257403686
BRCA2,0,0.10932258294499278
BRCA2,0,0.10689116538321923
BRCA2,0,0.10696135669771756
BRCA2,0,0.10857031458394203
BRCA2,0,0.10709764844542952
BRCA2,0,0.10888585069680905
BRCA2,0,0.10688386129565479
BRCA2,0,0.10688795857251211
BRCA2,0,0.10688237769238883
BRCA2,0,0.10689175262728794
BRCA2,0,0.10688268379885006
BRCA2,0,0.10688180505043264
BRCA2,0,0.10689130326286216
BRCA2,0,0.10688795842322946
BRCA2,0,0.1469760208057233
BRCA2,0,0.10807993264561286
BRCA2,0,0.10789886815302938
BRCA2,0,0.10688842261113117
BRCA2,0,0.11168233986638085
BRCA2,0,0.47572130217893177
BRCA2,0,0.11216573351701832
BRCA2,0,0.12663057198119615
BRCA2,0,0.106920976578925
BRCA2,0,0.10688171080462015
BRCA2,0,0.10689099596725372
BRCA2,0,0.10704090680403433
BRCA2,0,0.10840264537342555
BRCA2,0,0.10800905756285117
BRCA2,0,0.10688056042501796
BRCA2,0,0.10688520597304221
BRCA2,0,0.10688002447515482
BRCA2,0,0.10688199026463861
BRCA2,0,0.10688007092816433
BRCA2,0,0.10782611101188384
BRCA2,0,0.11245732217509068
BRCA2,0,0.10688191141465092
BRCA2,0,0.10688633589178761
BRCA2,0,0.10688571164219167
BRCA2,0,0.10688071877958535
BRCA2,0,0.10690027889130053
BRCA2,0,0.10688113825683665
BRCA2,0,0.1068810189288076
BRCA2,0,0.1068884363068128
BRCA2,0,0.1068803235154373
BRCA2,0,0.10690922621990195
BRCA2,0,0.10688298837800458
BRCA2,0,0.10690226812615758
BRCA2,0,0.10690876893098293
BRCA2,0,0.10688373444297675
BRCA2,0,0.10688832760058245
BRCA2,0,0.10690334114582958
BRCA2,0,0.10692772430604364
BRCA2,0,0.10770999396369424
BRCA2,0,0.10730142517091493
BRCA2,0,0.10819478903851548
BRCA2,0,0.10688934423399812
BRCA2,0,0.10687957835003095
BRCA2,0,0.10688183837901495
BRCA2,0,0.1068818002048008
BRCA2,0,0.10688962861784986
BRCA2,0,0.10691864653043684
BRCA2,0,0.10687976942311242
BRCA2,0,0.10688086251954275
BRCA2,0,0.10688381762355455
BRCA2,0,0.1090582019240445
BRCA2,0,0.10688931756800317
BRCA2,0,0.10780988591326851
BRCA2,0,0.10688057544060126
BRCA2,0,0.1078108760555001
BRCA2,0,0.10714068731976971
BRCA2,0,0.10689558559950703
BRCA2,0,0.1069118693055891
BRCA2,0,0.10688217963629758
BRCA2,0,0.10687996141784087
BRCA2,0,0.10688113602867241
BRCA2,0,0.10688026737215646
BRCA2,0,0.10688462332910183
BRCA2,0,0.10688548305227374
BRCA2,0,0.10689162399456809
BRCA2,0,0.1068845065266343
BRCA2,0,0.10695739248740983
BRCA2,0,0.10831282810653747
BRCA2,0,0.1068806823654182
BRCA2,0,0.1068853008372055
BRCA2,0,0.1068809506916776
BRCA2,0,0.10792672727016844
BRCA2,0,0.10689200606757432
BRCA2,0,0.10688301156968319
BRCA2,0,0.10688026448280952
BRCA2,0,0.10688171784826464
BRCA2,0,0.1069234111876988
BRCA2,0,0.10688516267853378
BRCA2,0,0.10702228180689129
BRCA2,0,0.1070515917901518
BRCA2,0,0.10740290586669626
BRCA2,0,0.10715107790473533
BRCA2,0,0.10688024844836347
BRCA2,0,0.10687976877101779
BRCA2,0,0.10688480564985056
BRCA2,0,0.10688000511484819
BRCA2,0,0.1068806227193707
BRCA2,0,0.10688035424704488
BRCA2,0,0.10692361462451797
BRCA2,0,0.10688048149265411
BRCA2,0,0.10714562164215725
BRCA2,0,0.10692575955744815
BRCA2,0,0.10743781825384192
BRCA2,0,0.11784661820168503
BRCA2,0,0.10728489334555522
BRCA2,0,0.10688110689378108
BRCA2,0,0.10689449011326937
BRCA2,0,0.10694883335700318
BRCA2,0,0.10690708808567127
BRCA2,0,0.10703039533616915
BRCA2,0,0.10688048905581798
BRCA2,0,0.10687982301391599
BRCA2,0,0.10687970765503416
BRCA2,0,0.10697105321558525
BRCA2,0,0.10688722329937711
BRCA2,0,0.10687972488137987
BRCA2,0,0.10688026848418151
BRCA2,0,0.11206149292035267
BRCA2,0,0.10692712300155495
BRCA2,0,0.1068937524041613
BRCA2,0,0.10688100578698505
BRCA2,0,0.10687996876041636
BRCA2,0,0.1068797755533226
BRCA2,0,0.1068800443518702
BRCA2,0,0.10688014950617562
BRCA2,0,0.10690849485736681
BRCA2,0,0.10703636882107756
BRCA2,0,0.11168216139703221
BRCA2,0,0.10690008031523235
BRCA2,0,0.1068980605599431
BRCA2,0,0.10690060198602408
BRCA2,0,0.15246045881058193
BRCA2,0,0.11872299131778069
BRCA2,0,0.10688597702086455
BRCA2,0,0.10688225144091329
BRCA2,0,0.10688322776142427
BRCA2,0,0.10688531074525827
BRCA2,0,0.10687986280518406
BRCA2,0,0.10688253053145892
BRCA2,0,0.10687975024098328
BRCA2,0,0.10689316799319568
BRCA2,0,0.10688612867333042
BRCA2,0,0.10688202182460659
BRCA2,0,0.10688230961277316
BRCA2,0,0.10689796801387894
BRCA2,0,0.1068836204480162
BRCA2,0,0.11985474357708778
BRCA2,0,0.10721458762190866
BRCA2,0,0.12001463781907994
BRCA2,0,0.10688925360601448
BRCA2,0,0.10693665525717518
BRCA2,0,0.10687971373625668
BRCA2,0,0.10688012416048996
BRCA2,0,0.10690712142710332
BRCA2,0,0.10697789022222438
BRCA2,0,0.1068900000503449
BRCA2,0,0.10689714166191766
BRCA2,0,0.10689640380307489
BRCA2,0,0.1070450893009023
BRCA2,0,0.10688057849432307
BRCA2,0,0.10690457542007874
BRCA2,0,0.10690933783631736
BRCA2,0,0.10689406067392256
BRCA2,0,0.10953700679431098
BRCA2,0,0.1149509895967637
BRCA2,0,0.10692863571917935
BRCA2,0,0.10717183860479465
BRCA2,0,0.10688267663808909
BRCA2,0,0.10692324201669984
BRCA2,0,0.10687988019761134
BRCA2,0,0.10687986370851803
BRCA2,0,0.1068948166082411
BRCA2,0,0.1068832138076551
BRCA2,0,0.1069123712919772
BRCA2,0,0.11723978204973157
BRCA2,0,0.10688028423494234
BRCA2,0,0.10687977812725541
BRCA2,0,0.1068803019927087
BRCA2,0,0.1068806974051634
BRCA2,0,0.10688110776202041
BRCA2,0,0.10700690877466885
BRCA2,0,0.10689706620668192
BRCA2,0,0.10688110934945369
BRCA2,0,0.10688825379624897
BRCA2,0,0.10688127958936254
BRCA2,0,0.10688165085838175
BRCA2,0,0.10688123287781073
BRCA2,0,0.10688001920848873
BRCA2,0,0.1200099958320445
BRCA2,0,0.10691530952598599
BRCA2,0,0.10690098534289105
BRCA2,0,0.10712151531678908
BRCA2,0,0.10687993449912064
BRCA2,0,0.10926113398208724
BRCA2,0,0.1069480922927899
BRCA2,0,0.10689876140987199
BRCA2,0,0.10765642161524172
BRCA2,0,0.1068813149409173
BRCA2,0,0.10688028579646919
BRCA2,0,0.10691043445727418
BRCA2,0,0.10688178799404777
BRCA2,0,0.11547211612199766
BRCA2,0,0.10701071919080318
BRCA2,0,0.10688173280446946
BRCA2,0,0.10848322040176768
BRCA2,0,0.10790244840963525
BRCA2,0,0.10730634376828412
BRCA2,0,0.10707913564899382
BRCA2,0,0.10710131089824342
BRCA2,0,0.1092663290298333
BRCA2,0,0.13851906469319245
BRCA2,0,0.107416981588235
BRCA2,0,0.10697442659009672
BRCA2,0,0.10688055524672055
BRCA2,0,0.1068798081909432
BRCA2,0,0.10688055021888933
BRCA2,0,0.10688299823175246
BRCA2,0,0.10688059448403663
BRCA2,0,0.10688244537031237
BRCA2,0,0.10687996787423923
BRCA2,0,0.10688091786343369
BRCA2,0,0.10688036759256919
BRCA2,0,0.10688052261923729
BRCA2,0,0.10688345870148583
BRCA2,0,0.10688209179875974
BRCA2,0,0.10701812632435063
BRCA2,0,0.1068842178328104
BRCA2,0,0.10688120581977034
BRCA2,0,0.10688133981388666
BRCA2,0,0.1068850100609517
BRCA2,0,0.10688685493579497
BRCA2,0,0.10688090496354928
BRCA2,0,0.10688009546085345
BRCA2,0,0.106887861761455
BRCA2,0,0.10688158038715963
BRCA2,0,0.1068802376368877
BRCA2,0,0.10688660887097465
BRCA2,0,0.10690115975334342
BRCA2,0,0.10688179609361252
BRCA2,0,0.1068830167755873
BRCA2,0,0.10691745181481273
BRCA2,0,0.10700443665543038
BRCA2,0,0.10699549472962776
BRCA2,0,0.10688101849961287
BRCA2,0,0.10690660443372779
BRCA2,0,0.10693908735779198
BRCA2,0,0.10688128879472315
BRCA2,0,0.10688214331911654
BRCA2,0,0.12239530014413907
BRCA2,0,0.11994662165625844
BRCA2,0,0.11050841408295843
BRCA2,0,0.1085395512304589
BRCA2,0,0.10688826501046696
BRCA2,0,0.10927466623555697
BRCA2,0,0.11121308456274151
BRCA2,0,0.10726220633980015
BRCA2,0,0.10688465126233378
BRCA2,0,0.10697224097569731
BRCA2,0,0.1068805236265638
BRCA2,0,0.1068797147704326
BRCA2,0,0.10688309404729872
BRCA2,0,0.10688383853541086
BRCA2,0,0.10702762650764738
BRCA2,0,0.10757941210648453
BRCA2,0,0.10715476820627025
BRCA2,0,0.10816448267694165
BRCA2,0,0.1068811047796539
BRCA2,0,0.10687975677916389
BRCA2,0,0.10695022149003619
BRCA2,0,0.1068923683774524
BRCA2,0,0.10688036933299525
BRCA2,0,0.10688035080214085
BRCA2,0,0.10689791721702106
BRCA2,0,0.10688603552431282
BRCA2,0,0.10688065793626889
BRCA2,0,0.10687984647596852
BRCA2,0,0.11004686912405293
BRCA2,0,0.10716127581026645
BRCA2,0,0.1068813836979806
BRCA2,0,0.10689021687664511
BRCA2,0,0.1068826620497718
BRCA2,0,0.10688011872136263
BRCA2,0,0.10688018756536533
BRCA2,0,0.1068811118987381
BRCA2,0,0.1068927824814343
BRCA2,0,0.10697908805780257
BRCA2,0,0.10688005583946052
BRCA2,0,0.1069421288243532
BRCA2,0,0.10689007999329514
BRCA2,0,0.10689969170641447
BRCA2,0,0.10692128282215206
BRCA2,0,0.10696557567222993
BRCA2,0,0.10853502802379113
BRCA2,0,0.10688162433067984
BRCA2,0,0.10688001479503165
BRCA2,0,0.10688455042043699
BRCA2,0,0.10688219219825615
BRCA2,0,0.1068801352441225
BRCA2,0,0.1068850020908475
BRCA2,0,0.10688119349929782
BRCA2,0,0.106888003555891
BRCA2,0,0.10688520588215694
BRCA2,0,0.10688539583523947
BRCA2,0,0.10688119859892231
BRCA2,0,0.10692760218662928
BRCA2,0,0.10689930382607807
BRCA2,0,0.10687999650757422
BRCA2,0,0.10693416909965965
BRCA2,0,0.10688969659175818
BRCA2,0,0.1068803982015946
BRCA2,0,0.10688322935226637
BRCA2,0,0.10696077343665088
BRCA2,0,0.10688747949665109
BRCA2,0,0.10689996334562192
BRCA2,0,0.10688636893843127
BRCA2,0,0.10688361936692829
BRCA2,0,0.10688021926297385
BRCA2,0,0.1070490587730534
BRCA2,0,0.10688192890316776
BRCA2,0,0.10693657769424512
BRCA2,0,0.10723231904325782
BRCA2,0,0.10688209140440709
BRCA2,0,0.10688138158743449
BRCA2,0,0.10688357982216386
BRCA2,0,0.10688205558710273
BRCA2,0,0.10702981979242283
BRCA2,0,0.1073884584565202
BRCA2,0,0.10879722196235386
BRCA2,0,0.1068821195695346
BRCA2,0,0.10688120343407691
BRCA2,0,0.10688131339778568
BRCA2,0,0.1068867726204881
BRCA2,0,0.10687990496316953
BRCA2,0,0.10689121183878356
BRCA2,0,0.10688139400553819
BRCA2,0,0.10688862039650629
BRCA2,0,0.10688023522181887
BRCA2,0,0.10697658698080174
BRCA2,0,0.10807544499772206
BRCA2,0,0.10687998050619407
BRCA2,0,0.10687954825384291
BRCA2,0,0.10687961940243125
BRCA2,0,0.10688004266873238
BRCA2,0,0.10688573381327016
BRCA2,0,0.10689020324298978
BRCA2,0,0.10688237437837196
BRCA2,0,0.10688671324725853
BRCA2,0,0.10688271003740471
BRCA2,0,0.10688140120624816
BRCA2,0,0.10688358046781807
BRCA2,0,0.10697546673498186
BRCA2,0,0.10689811731853582
BRCA2,0,0.1068833802826208
BRCA2,0,0.10688043374487771
BRCA2,0,0.10688026737215646
BRCA2,0,0.1068804361378368
BRCA2,0,0.10691517873694559
BRCA2,0,0.10688404206514424
BRCA2,0,0.10687983733676659
BRCA2,0,0.10687954633029148
BRCA2,0,0.10688032284267987
BRCA2,0,0.10688020703903867
BRCA2,0,0.10687962815122289
BRCA2,0,0.10689198447758656
BRCA2,0,0.10738058554662425
BRCA2,0,0.10688047159663774
BRCA2,0,0.10688067161766385
BRCA2,0,0.10688153956932459
BRCA2,0,0.1068921212892826
BRCA2,0,0.10704703113723878
BRCA2,0,0.10687951064161198
BRCA2,0,0.10729663353048212
BRCA2,0,0.10687978540295283
BRCA2,0,0.10699209213023497
BRCA2,0,0.10687971120104449
BRCA2,0,0.10692375913858095
BRCA2,0,0.10689614683403538
BRCA2,0,0.10690295063232612
BRCA2,0,0.1068804331460869
BRCA2,0,0.10705975547593526
BRCA2,0,0.10694553647772534
BRCA2,0,0.10710156318861748
BRCA2,0,0.10690633505836775
BRCA2,0,0.10693065795974198
BRCA2,0,0.11001973579116614
BRCA2,0,0.10687972632710124
BRCA2,0,0.10688112516348029
BRCA2,0,0.1068820154486744
BRCA2,0,0.11138221960264663
BRCA2,0,0.10813408108386655
BRCA2,0,0.10691244722560836
BRCA2,0,0.10689763557242096
BRCA2,0,0.10711152502085661
BRCA2,0,0.10717415511062262
BRCA2,0,0.10709260888843672
BRCA2,0,0.11354147239335241
BRCA2,0,0.1146589735029296
BRCA2,0,0.10688391556696726
BRCA2,0,0.10698548767467268
BRCA2,0,0.10688107573151556
BRCA2,0,0.10688132765526485
BRCA2,0,0.10690236414247357
BRCA2,0,0.1069168329683193
BRCA2,0,0.10688694856197553
BRCA2,0,0.10689400644534504
BRCA2,0,0.1068801120302659
BRCA2,0,0.10688109545521408
BRCA2,0,0.10688671357865008
BRCA2,0,0.1068834849648607
BRCA2,0,0.10688138617172414
BRCA2,0,0.10688480545526248
BRCA2,0,0.10688119649297874
BRCA2,0,0.10688069646797374
BRCA2,0,0.10688060018245854
BRCA2,0,0.10687982839304741
BRCA2,0,0.10688110998731755
BRCA2,0,0.10687977285847437
BRCA2,0,0.10688085536451311
BRCA2,0,0.10727999207231019
BRCA2,0,0.10711398371368114
BRCA2,0,0.1068809258497221
BRCA2,0,0.10687996392910161
BRCA2,0,0.10688014241917129
BRCA2,0,0.10688117762788868
BRCA2,0,0.10688024575964535
BRCA2,0,0.10687963084668602
BRCA2,0,0.10688010108837515
BRCA2,0,0.10687985356962414
BRCA2,0,0.10688021761509776
BRCA2,0,0.10688013457297127
BRCA2,0,0.10687963056988312
BRCA2,0,0.10687971863221703
BRCA2,0,0.10688430012330126
BRCA2,0,0.10687955176418036
BRCA2,0,0.10688024271512622
BRCA2,0,0.10688136952952254
BRCA2,0,0.10688168049272782
BRCA2,0,0.10768724710040026
BRCA2,0,0.10688250905113461
BRCA2,0,0.10687993303165677
BRCA2,0,0.10689629353515999
BRCA2,0,0.10691232684064811
BRCA2,0,0.10692691246384713
BRCA2,0,0.10688052994382327
BRCA2,0,0.10688150232810556
BRCA2,0,0.10688138058316449
BRCA2,0,0.10687981075498432
BRCA2,0,0.10690406724986248
BRCA2,0,0.10688194885304352
BRCA2,0,0.10688218914921198
BRCA2,0,0.10688689346856388
BRCA2,0,0.10690798854532794
BRCA2,0,0.10688018576765816
BRCA2,0,0.10688000136706666
BRCA2,0,0.10688964553861782
BRCA2,0,0.10689025813712938
BRCA2,0,0.10688108621479127
BRCA2,0,0.10689993618161672
BRCA2,0,0.10688215455560574
BRCA2,0,0.10688079492726298
BRCA2,0,0.10688048676039356
BRCA2,0,0.106889613171242
BRCA2,0,0.10687958482313001
BRCA2,0,0.10688349543973392
BRCA2,0,0.10688535692823357
BRCA2,0,0.10689941681453936
BRCA2,0,0.10688102144699572
BRCA2,0,0.10687996407943096
BRCA2,0,0.11478828416763488
BRCA2,0,0.10800079400763192
BRCA2,0,0.10765842553626571
BRCA2,0,0.1068815231211746
BRCA2,0,0.10688015531760207
BRCA2,0,0.10852390551278594
BRCA2,0,0.10688009557700826
BRCA2,0,0.10688360991291238
BRCA2,0,0.10695705862861683
BRCA2,0,0.10687979934167037
BRCA2,0,0.10688039820159492
BRCA2,0,0.10688031941540818
BRCA2,0,0.10693893301460278
BRCA2,0,0.10691490947478817
BRCA2,0,0.10721648261922201
BRCA2,0,0.10688990292580651
BRCA2,0,0.10697453482391879
BRCA2,0,0.10691929551270146
BRCA2,0,0.10688980088481696
BRCA2,0,0.10688109843506931
BRCA2,0,0.10688056200731129
BRCA2,0,0.10688208687654055
BRCA2,0,0.10688074680553113
BRCA2,0,0.10687971590598387
BRCA2,0,0.10688180273806805
BRCA2,0,0.10688056108873059
BRCA2,0,0.10688073350623614
BRCA2,0,0.10687973400160271
BRCA2,0,0.10690492291467091
BRCA2,0,0.10687954304986926
BRCA2,0,0.10687963131422638
BRCA2,0,0.10692208122898944
BRCA2,0,0.10688011704591996
BRCA2,0,0.10730196847858758
BRCA2,0,0.10802128570691684
BRCA2,0,0.10688067785634203
BRCA2,0,0.10693356330829783
BRCA2,0,0.10688105788235562
BRCA2,0,0.10688192323797677
BRCA2,0,0.10687970692978767
BRCA2,0,0.10688316340001214
BRCA2,0,0.10688542091209746
BRCA2,0,0.10687957268329998
BRCA2,0,0.10688044710738379
BRCA2,0,0.10688257469594634
BRCA2,0,0.10689602697244091
BRCA2,0,0.10914437685663521
BRCA2,0,0.10688864223265379
BRCA2,0,0.10688286305905548
BRCA2,0,0.10688136702841726
BRCA2,0,0.10688025182331984
BRCA2,0,0.10688022937373147
BRCA2,0,0.10717218353346217
BRCA2,0,0.10773816850680146
BRCA2,0,0.10878419759715674
BRCA2,0,0.10688391534359637
BRCA2,0,0.10688263986700774
BRCA2,0,0.1068885493930654
BRCA2,0,0.10793552954574763
BRCA2,0,0.1414221714283539
BRCA2,0,0.12048892083436093
BRCA2,0,0.1283270076125164
BRCA2,0,0.3852165427870372
BRCA2,0,0.11863753367907041
BRCA2,0,0.12333726245743287
BRCA2,0,0.1262037637023759
BRCA2,0,0.11848511821900624
BRCA2,0,0.10688872079182161
BRCA2,0,0.10698182596205698
BRCA2,0,0.10747326915387524
BRCA2,0,0.12063042998691324
BRCA2,0,0.15059455516515588
BRCA2,0,0.8070653206077203
BRCA2,0,0.10691724986365343
BRCA2,0,0.11224041061961895
BRCA2,0,0.10708887105807342
BRCA2,0,0.10689244128078104
BRCA2,0,0.14307328993159613
BRCA2,0,0.7914245211573951
BRCA2,0,0.1165841522291648
BRCA2,0,0.11429840637882595
BRCA2,0,0.5340334691956912
BRCA2,0,0.13676502919202335
BRCA2,0,0.13563583494160136
BRCA2,0,0.11293396850249227
BRCA2,0,0.15451640362302163
BRCA2,0,0.13555222318799542
BRCA2,0,0.11727188401093866
BRCA2,0,0.10699912365758797
BRCA2,0,0.10688084835122837
BRCA2,0,0.10690754444709125
BRCA2,0,0.1068822975140463
BRCA2,0,0.10688262884721471
BRCA2,0,0.13377771927342505
BRCA2,0,0.106879841435867
BRCA2,0,0.10689158586390245
BRCA2,0,0.10688603997108936
BRCA2,0,0.10766809136268181
BRCA2,0,0.11084836724593615
BRCA2,0,0.12007593281358622
BRCA2,0,0.10728503424574157
BRCA2,0,0.10688138584995606
BRCA2,0,0.10813368837081605
BRCA2,0,0.1072182407616353
BRCA2,0,0.10688920040561956
BRCA2,0,0.10688322784845075
BRCA2,0,0.1068822294305183
BRCA2,0,0.13549560211411843
BRCA2,0,0.10689937018103217
BRCA2,0,0.10688174353107373
BRCA2,0,0.10703163118994306
BRCA2,0,0.10692120015221279
BRCA2,0,0.10688097582775413
BRCA2,0,0.10688256970680739
BRCA2,0,0.10689101866781088
BRCA2,0,0.10688044982457516
BRCA2,0,0.10688057157848133
BRCA2,0,0.10688254419373214
BRCA2,0,0.10695909518889526
BRCA2,0,0.10689665105517589
BRCA2,0,0.10692608435406369
BRCA2,0,0.10689819422147624
BRCA2,0,0.1068806262063769
BRCA2,0,0.10718400297174661
BRCA2,0,0.10687999446012568
BRCA2,0,0.10690491423657485
BRCA2,0,0.10688713411561852
BRCA2,0,0.10688248628468923
BRCA2,0,0.10688040394673726
BRCA2,0,0.1072156112730106
BRCA2,0,0.10702455027189132
BRCA2,0,0.10688043586590945
BRCA2,0,0.10691471022398925
BRCA2,0,0.10688344503835241
BRCA2,0,0.10687989022845765
BRCA2,0,0.10688016659130659
BRCA2,0,0.10688320036074024
BRCA2,0,0.10691369368742465
BRCA2,0,0.10697097808569533
BRCA2,0,0.10688797199569265
BRCA2,0,0.10699780623435927
BRCA2,0,0.10690740757708038
BRCA2,0,0.10688091368533144
BRCA2,0,0.10705660801225912
BRCA2,0,0.10696509429335492
BRCA2,0,0.11631434166278473
BRCA2,0,0.10688089924300107
BRCA2,0,0.10688654696508697
BRCA2,0,0.10699941871029274
BRCA2,0,0.10689028483147994
BRCA2,0,0.10690008929608437
BRCA2,0,0.11776975676967001
BRCA2,0,0.10720946850664069
BRCA2,0,0.1070059827558692
BRCA2,0,0.10688260725370594
BRCA2,0,0.1068993732197189
BRCA2,0,0.10689145157199954
BRCA2,0,0.10688149256192479
BRCA2,0,0.10688823843859402
BRCA2,0,0.1068882383131013
BRCA2,0,0.10693626370379639
BRCA2,0,0.11484539211730518
BRCA2,0,0.1068890393815017
BRCA2,0,0.1068847957791725
BRCA2,0,0.1068850408103129
BRCA2,0,0.10688842680348677
BRCA2,0,0.10688084480447538
BRCA2,0,0.1068840142060486
BRCA2,0,0.10688257155205375
BRCA2,0,0.10688260067125589
BRCA2,0,0.1068808509952782
BRCA2,0,0.10688798280156257
BRCA2,0,0.10687953674292948
BRCA2,0,0.10688007653889858
BRCA2,0,0.10688236239353494
BRCA2,0,0.10688163002771207
BRCA2,0,0.10688079284909816
BRCA2,0,0.10822139965652769
BRCA2,0,0.10688009147321807
BRCA2,0,0.10688061755784103
BRCA2,0,0.10738054232083333
BRCA2,0,0.10688677822682471
BRCA2,0,0.10691700143166083
BRCA2,0,0.10801337253663057
BRCA2,0,0.10704245991088279
BRCA2,0,0.10688620740257869
BRCA2,0,0.10688123501323678
BRCA2,0,0.10696237648075611
BRCA2,0,0.10694462242254155
BRCA2,0,0.10789374152649908
BRCA2,0,0.10716140652179101
BRCA2,0,0.10699887253055926
BRCA2,0,0.10689411109036037
BRCA2,0,0.1123712225162788
BRCA2,0,0.10694268859309072
BRCA2,0,0.11514977229377794
BRCA2,0,0.10689294354150486
BRCA2,0,0.10688344582948536
BRCA2,0,0.10688067578567549
BRCA2,0,0.1068861701599953
BRCA2,0,0.10688219678058221
BRCA2,0,0.10689463774193274
BRCA2,0,0.10688539061081374
BRCA2,0,0.10688327047227655
BRCA2,0,0.10688012821728361
BRCA2,0,0.10688122116665714
BRCA2,0,0.10688319528729996
BRCA2,0,0.10696029656154715
BRCA2,0,0.10688067591620193
BRCA2,0,0.10710386981051509
BRCA2,0,0.10688354211816672
BRCA2,0,0.10688909826498123
BRCA2,0,0.10697565891012278
BRCA2,0,0.10689445788998919
BRCA2,0,0.10688252014829049
BRCA2,0,0.10688707378771992
BRCA2,0,0.10701670338412995
BRCA2,0,0.10750667409297376
BRCA2,0,0.1069230699360583
BRCA2,0,0.10695415080750219
BRCA2,0,0.10688011511543348
BRCA2,0,0.10688066825166018
BRCA2,0,0.1070617685796846
BRCA2,0,0.1068801556090599
BRCA2,0,0.1068938163448119
BRCA2,0,0.10691037631058303
BRCA2,0,0.10693142294725022
BRCA2,0,0.11081566975927196
BRCA2,0,0.1068877311791389
BRCA2,0,0.10688370279445043
BRCA2,0,0.10689017819682504
BRCA2,0,0.10688112271008392
BRCA2,0,0.11926745398725534
BRCA2,0,0.10985297626010665
BRCA2,0,0.1146738525313621
BRCA2,0,0.11102661868826487
BRCA2,0,0.10713754375767807
BRCA2,0,0.11271533593405508
BRCA2,0,0.10687989881440116
BRCA2,0,0.11128999831355312
BRCA2,0,0.10865915879989949
BRCA2,0,0.11055940727350597
BRCA2,0,0.10715370704838796
BRCA2,0,0.11490535921122422
BRCA2,0,0.10693330627153601
BRCA2,0,0.10688016885967262
BRCA2,0,0.10687989506892318
BRCA2,0,0.10694765841029025
BRCA2,0,0.10701227426337581
BRCA2,0,0.1070080401485902
BRCA2,0,0.10695979433043606
BRCA2,0,0.10688001157087183
BRCA2,0,0.10691624779584631
BRCA2,0,0.10690574485751576
BRCA2,0,0.10688069390530633
BRCA2,0,0.11201801018615697
BRCA2,0,0.10689584399909312
BRCA2,0,0.10688050112562412
BRCA2,0,0.10687957022343011
BRCA2,0,0.10689006308866776
BRCA2,0,0.10689484641033613
BRCA2,0,0.11284307356522841
BRCA2,0,0.10852293137033873
BRCA2,0,0.11912688205088717
BRCA2,0,0.14991182719956356
BRCA2,0,0.10688012519559806
BRCA2,0,0.10688040485950753
BRCA2,0,0.10687963906066268
BRCA2,0,0.10688524833679063
BRCA2,0,0.1069065223509215
BRCA2,0,0.10688309741847457
BRCA2,0,0.10761384318993165
BRCA2,0,0.10691422641554185
BRCA2,0,0.11460015865087435
BRCA2,0,0.10700309050253569
BRCA2,0,0.10953470089067609
BRCA2,0,0.12415763676278506
BRCA2,0,0.13006669574150367
BRCA2,0,0.1691389897020343
BRCA2,0,0.12622347798379296
BRCA2,0,0.12982366544791119
BRCA2,0,0.10688150097306455
BRCA2,0,0.10695298090465821
BRCA2,0,0.10695173112956335
BRCA2,0,0.10690821678273567
BRCA2,0,0.10688524408374674
BRCA2,0,0.10731227102377526
BRCA2,0,0.10727777455140684
BRCA2,0,0.10688887414118568
BRCA2,0,0.10696836100114555
BRCA2,0,0.10694686220697676
BRCA2,0,0.11363285436495042
BRCA2,0,0.10931251579220344
BRCA2,0,0.10814473807496848
BRCA2,0,0.10728496951314692
BRCA2,0,0.1072501366351471
BRCA2,0,0.10688398798917007
BRCA2,0,0.10691374392225016
BRCA2,0,0.10688330723252171
BRCA2,0,0.10797980523153844
BRCA2,0,0.10689260272553108
BRCA2,0,0.10688118253475956
BRCA2,0,0.10689673163342885
BRCA2,0,0.10687972548809424
BRCA2,0,0.1137850623829038
BRCA2,0,0.10806498986593258
BRCA2,0,0.10688040974354568
BRCA2,0,0.10690818626571413
BRCA2,0,0.10726097680014829
BRCA2,0,0.10687959967671719
BRCA2,0,0.10687990182872188
BRCA2,0,0.10688005967865141
BRCA2,0,0.10687967785459353
BRCA2,0,0.11113282164834497
BRCA2,0,0.10688044022107837
BRCA2,0,0.10691120608775465
BRCA2,0,0.10688517675991469
BRCA2,0,0.1070341436245735
BRCA2,0,0.10718543593012768
BRCA2,0,0.106884815138417
BRCA2,0,0.1076664181070768
BRCA2,0,0.10711913068256707
BRCA2,0,0.11300724851376079
BRCA2,0,0.10857960417185063
BRCA2,0,0.10687965452709733
BRCA2,0,0.10688072959600219
BRCA2,0,0.10687993087994403
BRCA2,0,0.10687963379091062
BRCA2,0,0.106880740182374
BRCA2,0,0.10688134586615934
BRCA2,0,0.10688679501143053
BRCA2,0,0.10982789963681891
BRCA2,0,0.10688054066442894
BRCA2,0,0.10694693566442677
BRCA2,0,0.10690077862566899
BRCA2,0,0.10689611401628837
BRCA2,0,0.10688118915028814
BRCA2,0,0.10688024617049532
BRCA2,0,0.10690925758469638
BRCA2,0,0.1069024797451078
BRCA2,0,0.10699053452208601
BRCA2,0,0.10690261998364593
BRCA2,0,0.10687958122036181
BRCA2,0,0.10688618357573886
BRCA2,0,0.10688010606998413
BRCA2,0,0.11608273730759838
BRCA2,0,0.10862452397198051
BRCA2,0,0.10689888947169847
BRCA2,0,0.10688958856304101
BRCA2,0,0.10899737380152788
BRCA2,0,0.10688079484905891
BRCA2,0,0.10698924358870807
BRCA2,0,0.10688538174537852
BRCA2,0,0.1068916142482467
BRCA2,0,0.1544664763817932
BRCA2,0,0.10848849070078152
BRCA2,0,0.10688185861610251
BRCA2,0,0.10689910825032783
BRCA2,0,0.10688199585360113
BRCA2,0,0.10689645979325313
BRCA2,0,0.10708029752918281
BRCA2,0,0.1111002060803717
BRCA2,0,0.11920499064475908
BRCA2,0,0.1207826931225548
BRCA2,0,0.1068795771467262
BRCA2,0,0.10688753665853412
BRCA2,0,0.10687975958455197
BRCA2,0,0.10688342118926243
BRCA2,0,0.10691006038666506
BRCA2,0,0.10687961534732372
BRCA2,0,0.10690320738788235
BRCA2,0,0.10688914569699723
BRCA2,0,0.10688005966487911
BRCA2,0,0.10864816993298121
BRCA2,0,0.10695686876983175
BRCA2,0,0.10734065556330778
BRCA2,0,0.10690683226106039
BRCA2,0,0.10687960607251838
BRCA2,0,0.10687956462417936
BRCA2,0,0.10687969508715135
BRCA2,0,0.10690158616481278
BRCA2,0,0.10687986715522073
BRCA2,0,0.10688358591523071
BRCA2,0,0.10708146318752872
BRCA2,0,0.10688320288334473
BRCA2,0,0.10688124307697851
BRCA2,0,0.10728117180475345
BRCA2,0,0.13349569790703272
BRCA2,0,0.10888387348673118
BRCA2,0,0.10688706805169283
BRCA2,0,0.10689933326402222
BRCA2,0,0.10704804979807152
BRCA2,0,0.1068886240765552
BRCA2,0,0.10689504029504249
BRCA2,0,0.10690578687561267
BRCA2,0,0.10688043509053306
BRCA2,0,0.10688482919373375
BRCA2,0,0.10688074757220482
BRCA2,0,0.10687956634653618
BRCA2,0,0.10687954773745575
BRCA2,0,0.10688482211971276
BRCA2,0,0.10688101796605991
BRCA2,0,0.10722719726718305
BRCA2,0,0.10739616233208411
BRCA2,0,0.10703617914607388
BRCA2,0,0.10688441475117723
BRCA2,0,0.10688123667559306
BRCA2,0,0.1068813490726762
BRCA2,0,0.10812298243352618
BRCA2,0,0.11410038435316679
BRCA2,0,0.10714187017464186
BRCA2,0,0.10688220425387542
BRCA2,0,0.10691814254641022
BRCA2,0,0.10688306975787068
BRCA2,0,0.10690013429439026
BRCA2,0,0.10688060340172365
BRCA2,0,0.10688018676650067
BRCA2,0,0.10692033187435496
BRCA2,0,0.10688211384515922
BRCA2,0,0.10688564043358523
BRCA2,0,0.10688090218791563
BRCA2,0,0.10687977332082417
BRCA2,0,0.10688064141918556
BRCA2,0,0.10740404756521674
BRCA2,0,0.10694982208215353
BRCA2,0,0.10690668608573582
BRCA2,0,0.10692411559466858
BRCA2,0,0.10721835198743229
BRCA2,0,0.10687982989411172
BRCA2,0,0.10753072800805188
BRCA2,0,0.10687961706895009
BRCA2,0,0.13058115472864193
BRCA2,0,0.1068836232825489
BRCA2,0,0.10688031501751431
BRCA2,0,0.10743186935973092
BRCA2,0,0.10697447257426848
BRCA2,0,0.10692580739450586
BRCA2,0,0.10688334711140689
BRCA2,0,0.10688199247473776
BRCA2,0,0.10690503331256955
BRCA2,0,0.10796255062788626
BRCA2,0,0.1070311821720207
BRCA2,0,0.11341336568891662
BRCA2,0,0.1074525909711193
BRCA2,0,0.1810000767136481
BRCA2,0,0.1068804126016664
BRCA2,0,0.1068800227454772
BRCA2,0,0.10687953468080905
BRCA2,0,0.10704349502047292
BRCA2,0,0.10688010544078361
BRCA2,0,0.10688279331042132
BRCA2,0,0.1072983203675207
BRCA2,0,0.10720249036805746
BRCA2,0,0.10687982583803167
BRCA2,0,0.10687964394311676
BRCA2,0,0.10687992183369162
BRCA2,0,0.10688567711252195
BRCA2,0,0.10688351027415047
BRCA2,0,0.10689817328939955
BRCA2,0,0.10728948175513923
BRCA2,0,0.10688022580874519
BRCA2,0,0.10687963124150682
BRCA2,0,0.10688024459698969
BRCA2,0,0.10689586394549072
BRCA2,0,0.10701171704820757
BRCA2,0,0.10688456676698559
BRCA2,0,0.10688061598106369
BRCA2,0,0.10691080747899107
BRCA2,0,0.10696688971008185
BRCA2,0,0.10688012016274451
BRCA2,0,0.10688076504786628
BRCA2,0,0.1069959313443765
BRCA2,0,0.10696876149623093
BRCA2,0,0.1070022181299847
BRCA2,0,0.10712016557083907
BRCA2,0,0.10702853595841388
BRCA2,0,0.10687998832391128
BRCA2,0,0.1068862553578717
BRCA2,0,0.10688398944636902
BRCA2,0,0.10688502631097191
BRCA2,0,0.10691396846741294
BRCA2,0,0.10762919376332647
BRCA2,0,0.10978671770427942
BRCA2,0,0.12154307968016292
BRCA2,0,0.10690815924442978
BRCA2,0,0.10688061880052445
BRCA2,0,0.10688068785192203
BRCA2,0,0.10704309264652083
BRCA2,0,0.10687974807427168
BRCA2,0,0.10688745109155605
BRCA2,0,0.10688679841535954
BRCA2,0,0.10856647080110235
BRCA2,0,0.11374645994291074
BRCA2,0,0.11570263658691222
BRCA2,0,0.10882401954897229
BRCA2,0,0.10919384152904998
BRCA2,0,0.11911559259813455
BRCA2,0,0.10696592502428133
BRCA2,0,0.1068827396150956
BRCA2,0,0.10961940224970107
BRCA2,0,0.10688066331688
BRCA2,0,0.10688351152662504
BRCA2,0,0.1069098404197714
BRCA2,0,0.10688204411161041
BRCA2,0,0.10687961023080121
BRCA2,0,0.1072641749619491
BRCA2,0,0.10710756210364443
BRCA2,0,0.10688018778015923
BRCA2,0,0.10688695193677683
BRCA2,0,0.1069070602331922
BRCA2,0,0.10708579726441063
BRCA2,0,0.10689671343442422
BRCA2,0,0.10688117735277877
BRCA2,0,0.10688319948288103
BRCA2,0,0.10688570326217611
BRCA2,0,0.10687989293902497
BRCA2,0,0.10687979453945967
BRCA2,0,0.1068829257518154
BRCA2,0,0.10688292864526978
BRCA2,0,0.10688160632930195
BRCA2,0,0.12410687320113374
BRCA2,0,0.10689475079548307
BRCA2,0,0.11751998908429612
BRCA2,0,0.10691376245276246
BRCA2,0,0.10691284172284127
BRCA2,0,0.10693826011711097
BRCA2,0,0.10959967413843126
BRCA2,0,0.11070897890270531
BRCA2,0,0.10728589368149953
BRCA2,0,0.1068796048050521
BRCA2,0,0.10687987733748135
BRCA2,0,0.10687956394235057
BRCA2,0,0.10688115927254511
BRCA2,0,0.1068797989120196
BRCA2,0,0.10688081663669152
BRCA2,0,0.1069020385543986
BRCA2,0,0.10688025900384387
BRCA2,0,0.10992198769090836
BRCA2,0,0.1069922553586169
BRCA2,0,0.10687959582055655
BRCA2,0,0.10689053796745711
BRCA2,0,0.10695907687510707
BRCA2,0,0.11766331706774054
BRCA2,0,0.10706695793007488
BRCA2,0,0.10863579277841189
BRCA2,0,0.10689624868283054
BRCA2,0,0.11040064722143492
BRCA2,0,0.1429127383450738
BRCA2,0,0.1330107801784811
BRCA2,0,0.11560295156365122
BRCA2,0,0.1073254852417769
BRCA2,0,0.10688169400839552
BRCA2,0,0.10688444741394464
BRCA2,0,0.10742973473411371
BRCA2,0,0.10699275709089999
BRCA2,0,0.10688563900466445
BRCA2,0,0.1068809024689283
BRCA2,0,0.10688500091209485
BRCA2,0,0.11770693715587498
BRCA2,0,0.10689801675112152
BRCA2,0,0.10722305984701233
BRCA2,0,0.12470947139061989
BRCA2,0,0.10687991345171408
BRCA2,0,0.10765285919362501
BRCA2,0,0.10771211392320207
BRCA2,0,0.10688710123933767
BRCA2,0,0.10688057836250621
BRCA2,0,0.1068940312893199
BRCA2,0,0.10706844017631567
BRCA2,0,0.10688022668394485
BRCA2,0,0.10688245804875504
BRCA2,0,0.10688245804878183
BRCA2,0,0.10687987822359608
BRCA2,0,0.10687956634653763
BRCA2,0,0.10687957833516554
BRCA2,0,0.10807248719475132
BRCA2,0,0.10701325494427666
BRCA2,0,0.10694250898560867
BRCA2,0,0.10690343087243473
BRCA2,0,0.10688087957827426
BRCA2,0,0.10688038987821225
BRCA2,0,0.10691576350651198
BRCA2,0,0.10707162344056398
BRCA2,0,0.10690508821910231
BRCA2,0,0.10694993010410377
BRCA2,0,0.10688189902429726
BRCA2,0,0.10759812458716247
BRCA2,0,0.10688801739663606
BRCA2,0,0.10688685017138719
BRCA2,0,0.10688038781971763
BRCA2,0,0.10687978775689254
BRCA2,0,0.10688081432605305
BRCA2,0,0.10688089480345409
BRCA2,0,0.10688060377071688
BRCA2,0,0.10688019052165004
BRCA2,0,0.10688104844783675
BRCA2,0,0.10688109510292261
BRCA2,0,0.1068816569941185
BRCA2,0,0.10688622671458704
BRCA2,0,0.10687968410908892
BRCA2,0,0.10725217619356303
BRCA2,0,0.11764891571062859
BRCA2,0,0.10779164688142534
BRCA2,0,0.10688938996858814
BRCA2,0,0.10730850305681096
BRCA2,0,0.10696838208535799
BRCA2,0,0.10688398749390064
BRCA2,0,0.10693778139369259
BRCA2,0,0.1070531134829442
BRCA2,0,0.149411033943206
BRCA2,0,0.1069521077392608
BRCA2,0,0.10688284310108168
BRCA2,0,0.10688585273360354
BRCA2,0,0.10687960033041399
BRCA2,0,0.10693066094406345
BRCA2,0,0.11692900483739695
BRCA2,0,0.1098790296505339
BRCA2,0,0.10688013443047958
BRCA2,0,0.10699097639738366
BRCA2,0,0.10688433858303241
BRCA2,0,0.10687960806280243
BRCA2,0,0.10688013987573482
BRCA2,0,0.10690612876781269
BRCA2,0,0.10688047353967987
BRCA2,0,0.10688371129647169
BRCA2,0,0.10688185547862979
BRCA2,0,0.10689834720817046
BRCA2,0,0.11108646274551798
BRCA2,0,0.10688082714515734
BRCA2,0,0.10696622218512225
BRCA2,0,0.10691337079415023
BRCA2,0,0.10696529885491378
BRCA2,0,0.10688679665485858
BRCA2,0,0.11048898918839327
BRCA2,0,0.13669924953380735
BRCA2,0,0.10895636546268243
BRCA2,0,0.10689990033953548
BRCA2,0,0.11722033980607077
BRCA2,0,0.11961327557390167
BRCA2,0,0.10741470964384946
BRCA2,0,0.10757242530568571
BRCA2,0,0.10750127129349125
BRCA2,0,0.11325604014715404
BRCA2,0,0.1068803446517557
BRCA2,0,0.10855713927673565
BRCA2,0,0.10695490359668834
BRCA2,0,0.10688136325576636
BRCA2,0,0.1114107886612754
BRCA2,0,0.10688207665676266
BRCA2,0,0.10698626539402917
BRCA2,0,0.10688133792249609
BRCA2,0,0.10689934183964755
BRCA2,0,0.10688915498873401
BRCA2,0,0.10688483545034337
BRCA2,0,0.1068940982113011
BRCA2,0,0.10688016948489686
BRCA2,0,0.10688456588441725
BRCA2,0,0.10688715244092493
BRCA2,0,0.10688422833558747
BRCA2,0,0.1068801429348986
BRCA2,0,0.10688816960029364
BRCA2,0,0.10687979443676679
BRCA2,0,0.10689302074694391
BRCA2,0,0.10697152115749191
BRCA2,0,0.10694244253933088
BRCA2,0,0.10792327173586344
BRCA2,0,0.11604519062142898
BRCA2,0,0.2285252556043437
BRCA2,0,0.12683342266430683
BRCA2,0,0.11292125607721568
BRCA2,0,0.1072517019898378
BRCA2,0,0.10762370745892277
BRCA2,0,0.10687995918009859
BRCA2,0,0.10688959657578304
BRCA2,0,0.10688409886129369
BRCA2,0,0.2653696095147774
BRCA2,0,0.10688438533914164
BRCA2,0,0.1068809713569212
BRCA2,0,0.10693613855397667
BRCA2,0,0.10697406127586644
BRCA2,0,0.1075280372178721
BRCA2,0,0.11066662526099655
BRCA2,0,0.10807290928075172
BRCA2,0,0.10732158405823505
BRCA2,0,0.10739910748739843
BRCA2,0,0.1068795462303071
BRCA2,0,0.1068930853976598
BRCA2,0,0.10715523733505103
BRCA2,0,0.10807964464647891
BRCA2,0,0.10687963235988109
BRCA2,0,0.1071029881511857
BRCA2,0,0.10738202009595765
BRCA2,0,0.1409506699071588
BRCA2,0,0.10691029116864861
BRCA2,0,0.10688558019478131
BRCA2,0,0.10690928384391195
BRCA2,0,0.10688191434439673
BRCA2,0,0.10697263767950917
BRCA2,0,0.10688045748950568
BRCA2,0,0.10692045010035012
BRCA2,0,0.10730767301649208
BRCA2,0,0.10728300233975911
BRCA2,0,0.10687963469866468
BRCA2,0,0.10692713608854754
BRCA2,0,0.10931914845352617
BRCA2,0,0.1068855992369841
BRCA2,0,0.10693411948274491
BRCA2,0,0.10689101506688735
BRCA2,0,0.10688160632930195
BRCA2,0,0.10688677620702394
BRCA2,0,0.10688936177574945
BRCA2,0,0.10687985429541785
BRCA2,0,0.10688017093305686
BRCA2,0,0.10688801870793307
BRCA2,0,0.10688195236153895
BRCA2,0,0.10689053782676255
BRCA2,0,0.10688282081340254
BRCA2,0,0.10688116973233752
BRCA2,0,0.10688021452684447
BRCA2,0,0.11440367344550086
BRCA2,0,0.12239501250266176
BRCA2,0,0.10688166389250359
BRCA2,0,0.10688075065039747
BRCA2,0,0.10700916081231375
BRCA2,0,0.10688107815772785
BRCA2,0,0.11403441072336866
BRCA2,0,0.10689368725799459
BRCA2,0,0.10687982016764935
BRCA2,0,0.1068807803313805
BRCA2,0,0.10688114521548076
BRCA2,0,0.10690450453961607
BRCA2,0,0.10687958739944325
BRCA2,0,0.1068810888135826
BRCA2,0,0.10688083731990317
BRCA2,0,0.10688127523612774
BRCA2,0,0.10707225970760871
BRCA2,0,0.10688095455815405
BRCA2,0,0.10688185861455177
BRCA2,0,0.10689017113396372
BRCA2,0,0.10688122642239127
BRCA2,0,0.10687986983118143
BRCA2,0,0.10766228449408
BRCA2,0,0.10715164230544012
BRCA2,0,0.10688201470943909
BRCA2,0,0.10688854944318738
BRCA2,0,0.10747696734081567
BRCA2,0,0.10688628988274061
BRCA2,0,0.10759928622385963
BRCA2,0,0.10762949827256259
BRCA2,0,0.11098380961853369
BRCA2,0,0.107759682373083
BRCA2,0,0.10688069482202328
BRCA2,0,0.10730026070415544
BRCA2,0,0.10700178268129713
BRCA2,0,0.10688026679096033
BRCA2,0,0.10688019186772017
BRCA2,0,0.10696402315203704
BRCA2,0,0.1068835882765095
BRCA2,0,0.10688078943852362
BRCA2,0,0.10688156682879595
BRCA2,0,0.10688801924666337
BRCA2,0,0.10688033290134048
BRCA2,0,0.10688038006577555
BRCA2,0,0.10687983331107206
BRCA2,0,0.11166973343525514
BRCA2,0,0.12166346281115037
BRCA2,0,0.10701510003409465
BRCA2,0,0.12121869661509772
BRCA2,0,0.10688218749622178
BRCA2,0,0.10687975345720566
BRCA2,0,0.10688032589431401
BRCA2,0,0.1068802809855356
BRCA2,0,0.1068912680510334
BRCA2,0,0.10808629273959497
BRCA2,0,0.10688383540233097
BRCA2,0,0.1068823576947734
BRCA2,0,0.10693004993441804
BRCA2,0,0.10687968232437196
BRCA2,0,0.14026336244873422
BRCA2,0,0.10689334339813075
BRCA2,0,0.10688534076006914
BRCA2,0,0.1068873406762768
BRCA2,0,0.1068801821081095
BRCA2,0,0.10688015479637288
BRCA2,0,0.10688044463722497
BRCA2,0,0.10697057695017141
BRCA2,0,0.1068839101118463
BRCA2,0,0.10688935839436785
BRCA2,0,0.10707934531802173
BRCA2,0,0.10688151979425738
BRCA2,0,0.10699624281470187
BRCA2,0,0.1068914018466563
BRCA2,0,0.10688127600878097
BRCA2,0,0.1069002166450135
BRCA2,0,0.11145314728202255
BRCA2,0,0.10689043808565499
BRCA2,0,0.1234350367426225
BRCA2,0,0.11057200524396253
BRCA2,0,0.10688508822316789
BRCA2,0,0.10714495299775892
BRCA2,0,0.10737501607037295
BRCA2,0,0.10731404836294721
BRCA2,0,0.10688031571219768
BRCA2,0,0.10688159998694752
BRCA2,0,0.10710300476385048
BRCA2,0,0.10688791316099987
BRCA2,0,0.10691126422938618
BRCA2,0,0.10688807409891107
BRCA2,0,0.1071807820344833
BRCA2,0,0.10688018179709168
BRCA2,0,0.10688120198278407
BRCA2,0,0.10688597049879724
BRCA2,0,0.10688059082627474
BRCA2,0,0.10696931052583891
BRCA2,0,0.1069214671383159
BRCA2,0,0.1068945465253491
BRCA2,0,0.10688348104403814
BRCA2,0,0.10687992422361171
BRCA2,0,0.10690905994334253
BRCA2,0,0.10687976680948097
BRCA2,0,0.10687987581950817
BRCA2,0,0.10706810950774315
BRCA2,0,0.10715336261036698
BRCA2,0,0.10968609382842169
BRCA2,0,0.11260121002318475
BRCA2,0,0.11358250705662334
BRCA2,0,0.10731544217772866
BRCA2,0,0.10927679315415378
BRCA2,0,0.10754803493242447
BRCA2,0,0.1069787245012613
BRCA2,0,0.10690391429900459
BRCA2,0,0.10688350309872655
BRCA2,0,0.10741352553739951
BRCA2,0,0.11020214034304715
BRCA2,0,0.10688620244795494
BRCA2,0,0.106929140717207
BRCA2,0,0.10689279103390459
BRCA2,0,0.10702273253105798
BRCA2,0,0.10688012233551397
BRCA2,0,0.10692437561275106
BRCA2,0,0.10688037078004452
BRCA2,0,0.10688494312668265
BRCA2,0,0.10841051881825947
BRCA2,0,0.1092497259638547
BRCA2,0,0.10920477617964701
BRCA2,0,0.1494949690100423
BRCA2,0,0.10920973398378309
BRCA2,0,0.10835132536179957
BRCA2,0,0.106885285417818
BRCA2,0,0.106885265172009
BRCA2,0,0.110323820349733
BRCA2,0,0.10690148433188501
BRCA2,0,0.11241906200003611
BRCA2,0,0.1121968020163219
BRCA2,0,0.10699598792860854
BRCA2,0,0.1068889389958474
BRCA2,0,0.10688784161058033
BRCA2,0,0.10688117426480957
BRCA2,0,0.10689047615992738
BRCA2,0,0.10688040524361664
BRCA2,0,0.1068804886879763
BRCA2,0,0.10688090042238726
BRCA2,0,0.10688136515613975
BRCA2,0,0.10693275878800952
BRCA2,0,0.10688049945564632
BRCA2,0,0.10688286701192415
BRCA2,0,0.11556144293540323
BRCA2,0,0.10688392964444338
BRCA2,0,0.10688316817787695
BRCA2,0,0.10687986377067374
BRCA2,0,0.10688097242902518
BRCA2,0,0.10688492156409932
BRCA2,0,0.10688063769176898
BRCA2,0,0.10688582161073416
BRCA2,0,0.10688666303907357
BRCA2,0,0.10689368662611684
BRCA2,0,0.10687962897420755
BRCA2,0,0.10687998463959758
BRCA2,0,0.1083712965538101
BRCA2,0,0.10688352279479962
BRCA2,0,0.1068825528465522
BRCA2,0,0.1068799168749565
BRCA2,0,0.10688490827830664
BRCA2,0,0.10688021714872918
BRCA2,0,0.10688957079064744
BRCA2,0,0.11182016355631819
BRCA2,0,0.12343507535525759
BRCA2,0,0.1072464386836537
BRCA2,0,0.1068951628990959
BRCA2,0,0.10688717482529039
BRCA2,0,0.10689370099895652
BRCA2,0,0.10741161859264096
BRCA2,0,0.10695090889296921
BRCA2,0,0.10717602475272746
BRCA2,0,0.10689232693907688
BRCA2,0,0.10762981547483606
BRCA2,0,0.10688135118513281
BRCA2,0,0.10691235213753499
BRCA2,0,0.10688113720816889
BRCA2,0,0.10688405544410277
BRCA2,0,0.10688331981759513
BRCA2,0,0.10688998596853751
BRCA2,0,0.1073804344822966
BRCA2,0,0.10688304931853933
BRCA2,0,0.10688177102354349
BRCA2,0,0.10688030571656161
BRCA2,0,0.10688117857710971
BRCA2,0,0.10690975686423465
BRCA2,0,0.10689108144594135
BRCA2,0,0.10688039139241562
BRCA2,0,0.10688319179893613
BRCA2,0,0.10688249890699952
BRCA2,0,0.1068811263087452
BRCA2,0,0.10688092975034681
BRCA2,0,0.10688054313073347
BRCA2,0,0.10689488409647975
BRCA2,0,0.10688928174379629
BRCA2,0,0.106903939372984
BRCA2,0,0.1068914900344606
BRCA2,0,0.10688124138732842
BRCA2,0,0.10691097467597435
BRCA2,0,0.106881057729212
BRCA2,0,0.10784180979350673
BRCA2,0,0.10803738157097094
BRCA2,0,0.10688295311003665
BRCA2,0,0.10925734510560496
BRCA2,0,0.10698003858545597
BRCA2,0,0.10689235678557045
BRCA2,0,0.1071589859749509
BRCA2,0,0.10941947371595784
BRCA2,0,0.10706934881947767
BRCA2,0,0.10687989269970607
BRCA2,0,0.11382655717866716
BRCA2,0,0.12376080950809877
BRCA2,0,0.15472557762152514
BRCA2,0,0.10689325353381637
BRCA2,0,0.11472328031003837
BRCA2,0,0.11781331513218722
BRCA2,0,0.10688104192366421
BRCA2,0,0.10748969718900174
BRCA2,0,0.43705048469794383
BRCA2,0,0.9755936439163944
BRCA2,0,0.394970817325594
BRCA2,0,0.13914673392402865
BRCA2,0,0.11933628025191464
BRCA2,0,0.10819806411455976
BRCA2,0,0.12091168469153439
BRCA2,0,0.13980620913508018
BRCA2,0,0.1222619218074828
BRCA2,0,0.11326274023757148
BRCA2,0,0.120510668342577
BRCA2,0,0.1606982339633602
BRCA2,0,0.7513409130485752
BRCA2,0,0.14624492847650986
BRCA2,0,0.11153065557578101
BRCA2,0,0.10787285828689239
BRCA2,0,0.15479157678098626
BRCA2,0,0.10890610642105678
BRCA2,0,0.11071156130275918
BRCA2,0,0.12268836302186485
BRCA2,0,0.11734943368913496
BRCA2,0,0.10699095767573472
BRCA2,0,0.10846197538514053
BRCA2,0,0.11556055615878885
BRCA2,0,0.10724208988717528
BRCA2,0,0.10963527181465738
BRCA2,0,0.11044628848845581
BRCA2,0,0.107295949231186
BRCA2,0,0.10712255576583934
BRCA2,0,0.17793457126120124
BRCA2,0,0.14657364280533072
BRCA2,0,0.11219089994023963
BRCA2,0,0.11558036166335722
BRCA2,0,0.10904874826245489
BRCA2,0,0.23991441809651443
BRCA2,0,0.192693427388781
BRCA2,0,0.21512903716579798
BRCA2,0,0.1915409757648365
BRCA2,0,0.20891158831873588
BRCA2,0,0.1080350007285005
BRCA2,0,0.197976648148165
BRCA2,0,0.14661035640239858
BRCA2,0,0.14512691901608052
BRCA2,0,0.10689645101515709
BRCA2,0,0.10690528320962911
BRCA2,0,0.12109189610775038
BRCA2,0,0.10767822233379651
BRCA2,0,0.10698515642121063
BRCA2,0,0.10913307403522414
BRCA2,0,0.3930946652210479
BRCA2,0,0.10696350013459346
BRCA2,0,0.7832683102719797
BRCA2,0,0.30791328630904974
BRCA2,0,0.27316540389981364
BRCA2,0,0.206616885594506
BRCA2,0,0.3177852639027495
BRCA2,0,0.120679186087045
BRCA2,0,0.16207849122913473
BRCA2,0,0.21361717231469607
BRCA2,0,0.18791295191567883
BRCA2,0,0.12335845723470404
BRCA2,0,0.110739565640371
BRCA2,0,0.1492850077152944
BRCA2,0,0.1072305920997711
BRCA2,0,0.10750805463943691
BRCA2,0,0.11147664861212765
BRCA2,0,0.11162074145796366
BRCA2,0,0.10749786654420158
BRCA2,0,0.13934553637968874
BRCA2,0,0.19548378743753062
BRCA2,0,0.10688038664550782
BRCA2,0,0.10688057352430942
BRCA2,0,0.10688316214413222
BRCA2,0,0.10731148719044199
BRCA2,0,0.1068833439466061
BRCA2,0,0.10689347864115516
BRCA2,0,0.10688875523492497
BRCA2,0,0.10755165593882529
BRCA2,0,0.10689455668338689
BRCA2,0,0.1073134270942094
BRCA2,0,0.10714672815742539
BRCA2,0,0.1069918187467253
BRCA2,0,0.10690305225508386
BRCA2,0,0.11526551564867611
BRCA2,0,0.1292882278869052
BRCA2,0,0.10692833748136406
BRCA2,0,0.10688658672096515
BRCA2,0,0.1135425888109226
BRCA2,0,0.11305799941714503
BRCA2,0,0.1069480920415495
BRCA2,0,0.10688101643347797
BRCA2,0,0.10688533290967472
BRCA2,0,0.10688075982993571
BRCA2,0,0.1068964735383535
BRCA2,0,0.10688005876172438
BRCA2,0,0.10691819291892808
BRCA2,0,0.10687970572078218
BRCA2,0,0.10698215693388838
BRCA2,0,0.10688933744330234
BRCA2,0,0.12642434029398847
BRCA2,0,0.10758882491392602
BRCA2,0,0.10689918068483838
BRCA2,0,0.10691154224203576
BRCA2,0,0.10938687689631298
BRCA2,0,0.10907493725764943
BRCA2,0,0.10747789152054309
BRCA2,0,0.10688743512268338
BRCA2,0,0.10688471702487407
BRCA2,0,0.10698341372093996
BRCA2,0,0.10688060930555558
BRCA2,0,0.10688116347724948
BRCA2,0,0.10688148418914709
BRCA2,0,0.10689401322060021
BRCA2,0,0.10688555708836005
BRCA2,0,0.10715100324725733
BRCA2,0,0.10689069522273205
BRCA2,0,0.10762273939013682
BRCA2,0,0.11335783838355237
BRCA2,0,0.10719058028507734
BRCA2,0,0.11418980108148968
BRCA2,0,0.10688368244310714
BRCA2,0,0.10687969090626473
BRCA2,0,0.10687970383471483
BRCA2,0,0.10688030614057879
BRCA2,0,0.10693913909681045
BRCA2,0,0.10687981640143678
BRCA2,0,0.10688525818814798
BRCA2,0,0.10689063576669619
BRCA2,0,0.10690282953115547
BRCA2,0,0.1069187566976129
BRCA2,0,0.10725918716654995
BRCA2,0,0.10688036867324086
BRCA2,0,0.10690740779689427
BRCA2,0,0.10688271481924644
BRCA2,0,0.10688013136913878
BRCA2,0,0.10688290511567006
BRCA2,0,0.10688514750675662
BRCA2,0,0.1069437481673435
BRCA2,0,0.10694814519967054
BRCA2,0,0.10689337819583865
BRCA2,0,0.10997983164918917
BRCA2,0,0.10689009379685875
BRCA2,0,0.10688113274070059
BRCA2,0,0.1068823353959326
BRCA2,0,0.10688207000413402
BRCA2,0,0.10688043255415919
BRCA2,0,0.10688274781385385
BRCA2,0,0.1069053418265668
BRCA2,0,0.10688201640213922
BRCA2,0,0.10688167820076663
BRCA2,0,0.10688019130357714
BRCA2,0,0.10689223403434661
BRCA2,0,0.10694133044292588
BRCA2,0,0.10690144383509352
BRCA2,0,0.10690861539714143
BRCA2,0,0.10699965543580822
BRCA2,0,0.10688078361973957
BRCA2,0,0.10688027787590569
BRCA2,0,0.10688301720831526
BRCA2,0,0.10687962857978511
BRCA2,0,0.10688480550409893
BRCA2,0,0.1068834686258532
BRCA2,0,0.10688054723160756
BRCA2,0,0.10688475106640417
BRCA2,0,0.10688129475419535
BRCA2,0,0.1068807684356061
BRCA2,0,0.10688085428348479
BRCA2,0,0.10687997305386912
BRCA2,0,0.10689407054274239
BRCA2,0,0.10695483311306381
BRCA2,0,0.10703933244011275
BRCA2,0,0.10688034206648403
BRCA2,0,0.10688181613734167
BRCA2,0,0.10688007907219327
BRCA2,0,0.106881060077368
BRCA2,0,0.1068849623798557
BRCA2,0,0.1068799004955135
BRCA2,0,0.10687978516139127
BRCA2,0,0.10688239017681356
BRCA2,0,0.10700807828918102
BRCA2,0,0.10688355171796833
BRCA2,0,0.10688152352811206
BRCA2,0,0.10688736784076623
BRCA2,0,0.10688311836526185
BRCA2,0,0.10688348799812837
BRCA2,0,0.10688046473244743
BRCA2,0,0.10688138158730619
BRCA2,0,0.10719672727506625
BRCA2,0,0.10689140533799324
BRCA2,0,0.10689971430937438
BRCA2,0,0.10688887737251176
BRCA2,0,0.10688397761144915
BRCA2,0,0.10688066987892594
BRCA2,0,0.10688302727579806
BRCA2,0,0.11736832372084705
BRCA2,0,0.10693822718852429
BRCA2,0,0.10877152083445578
BRCA2,0,0.11178120400292123
BRCA2,0,0.11586646348309036
BRCA2,0,0.10689224791637744
BRCA2,0,0.10690127882184365
BRCA2,0,0.10693389916783728
BRCA2,0,0.10707417720630276
BRCA2,0,0.11477433518993034
BRCA2,0,0.10693624267867818
BRCA2,0,0.10834855078692132
BRCA2,0,0.10811271864451666
BRCA2,0,0.15617719720169201
BRCA2,0,0.1504868699042424
BRCA2,0,0.11560729602633824
BRCA2,0,0.2628761168962996
BRCA2,0,0.7550031520032903
BRCA2,0,0.9429302510915987
BRCA2,0,0.14205820287894078
BRCA2,0,0.13629685260044636
BRCA2,0,0.15353313631531315
BRCA2,0,0.11284386143077632
BRCA2,0,0.1141906053856865
BRCA2,0,0.10770996158459589
BRCA2,0,0.11606728170608631
BRCA2,0,0.8875939281077042
BRCA2,0,0.10743843647191298
BRCA2,0,0.15518720891545046
BRCA2,0,0.10706751020586557
BRCA2,0,0.1474136200683069
BRCA2,0,0.6062063347187964
BRCA2,0,0.11309362166332827
BRCA2,0,0.13615673680727042
BRCA2,0,0.114994019409785
BRCA2,0,0.11057831594437546
BRCA2,0,0.11871553607202591
BRCA2,0,0.12643887756860944
BRCA2,0,0.226873861836953
BRCA2,0,0.1676568168207552
BRCA2,0,0.19087621596650256
BRCA2,0,0.23498648349112292
BRCA2,0,0.10952453988143729
BRCA2,0,0.12201767782520659
BRCA2,0,0.18621783409412956
BRCA2,0,0.13060224105140494
BRCA2,0,0.10795345490469954
BRCA2,0,0.11125032453718464
BRCA2,0,0.12458381875803233
BRCA2,0,0.11530417362490264
BRCA2,0,0.19631931703906813
BRCA2,0,0.10893348208959232
BRCA2,0,0.12522165569279345
BRCA2,0,0.13261434551560958
BRCA2,0,0.12051073690304133
BRCA2,0,0.11696110387516163
BRCA2,0,0.12585110959670576
BRCA2,0,0.1108047221180155
BRCA2,0,0.12330716112509216
BRCA2,0,0.17345921150922716
BRCA2,0,0.11618712428753519
BRCA2,0,0.1146469504987358
BRCA2,0,0.10719439951220057
BRCA2,0,0.11158138926660999
BRCA2,0,0.10899486837227294
BRCA2,0,0.204239808045581
BRCA2,0,0.12881030683641492
BRCA2,0,0.13784055988993305
BRCA2,0,0.12171443821894545
BRCA2,0,0.11311642180555889
BRCA2,0,0.1222766967315291
BRCA2,0,0.11690370577394316
BRCA2,0,0.1369090697467087
BRCA2,0,0.2240749856542184
BRCA2,0,0.127036881353881
BRCA2,0,0.11079649803993352
BRCA2,0,0.14655619805045006
BRCA2,0,0.10871146883744104
BRCA2,0,0.1090963722746709
BRCA2,0,0.12591211711231207
BRCA2,0,0.11953050421698506
BRCA2,0,0.10801975712242873
BRCA2,0,0.10717584798398616
BRCA2,0,0.1077234122429631
BRCA2,0,0.1068834075093846
BRCA2,0,0.10688162569667045
BRCA2,0,0.1068819017137174
BRCA2,0,0.10687970766594639
BRCA2,0,0.10688186635627686
BRCA2,0,0.10689559307286929
BRCA2,0,0.10733464050096986
BRCA2,0,0.10688415910055926
BRCA2,0,0.10688141265540342
BRCA2,0,0.10688822699333574
BRCA2,0,0.10690112927092395
BRCA2,0,0.10692708523861248
BRCA2,0,0.10693528685848969
BRCA2,0,0.1070023034582628
BRCA2,0,0.10689170205404211
BRCA2,0,0.10689270210226669
BRCA2,0,0.10690843413794693
BRCA2,0,0.10692339905502125
BRCA2,0,0.10712814559745905
BRCA2,0,0.10689795856662418
BRCA2,0,0.10688043093177033
BRCA2,0,0.10688572461447665
BRCA2,0,0.10688266484912512
BRCA2,0,0.10762264963381643
BRCA2,0,0.10688446073901978
BRCA2,0,0.10693672435703686
BRCA2,0,0.10688519521238281
BRCA2,0,0.10781712443863924
BRCA2,0,0.10688364978127896
BRCA2,0,0.10688808294280941
BRCA2,0,0.10688162684179948
BRCA2,0,0.10692270485397516
BRCA2,0,0.10771578746143909
BRCA2,0,0.11323175633869194
BRCA2,0,0.10883928726321951
BRCA2,0,0.10688167560313076
BRCA2,0,0.10692386481557829
BRCA2,0,0.10688110430576979
BRCA2,0,0.106912690351971
BRCA2,0,0.10687982283832208
BRCA2,0,0.10688024773906551
BRCA2,0,0.10687952984744988
BRCA2,0,0.10687979970994768
BRCA2,0,0.10687983761597605
BRCA2,0,0.1068965679019392
BRCA2,0,0.10688475363854995
BRCA2,0,0.1069053418168131
BRCA2,0,0.10688501347033813
BRCA2,0,0.1070171734815159
BRCA2,0,0.10688148697482161
BRCA2,0,0.10689617084560596
BRCA2,0,0.10688125626510377
BRCA2,0,0.10687980838046768
BRCA2,0,0.10699470004934178
BRCA2,0,0.10687995243597939
BRCA2,0,0.10688037490414241
BRCA2,0,0.10687994771744828
BRCA2,0,0.10737250157049202
BRCA2,0,0.10688058994631301
BRCA2,0,0.10688537854970416
BRCA2,0,0.10701372681981511
BRCA2,0,0.10688218325638647
BRCA2,0,0.10688065110303552
BRCA2,0,0.10687989817377679
BRCA2,0,0.10688180564678437
BRCA2,0,0.1068851060725047
BRCA2,0,0.10777608576324392
BRCA2,0,0.10688707280430008
BRCA2,0,0.10766175043360915
BRCA2,0,0.1068803982538067
BRCA2,0,0.10688305262490258
BRCA2,0,0.1068804251327658
BRCA2,0,0.10688725392221993
BRCA2,0,0.10688000626751411
BRCA2,0,0.10688863991880136
BRCA2,0,0.10691498496915479
BRCA2,0,0.10688894532588816
BRCA2,0,0.1068800159578939
BRCA2,0,0.1068810669305117
BRCA2,0,0.1068816249244882
BRCA2,0,0.1069280540788559
BRCA2,0,0.10688260877097779
BRCA2,0,0.10688823822437522
BRCA2,0,0.10688344817554665
BRCA2,0,0.10688642373755179
BRCA2,0,0.10687997589949785
BRCA2,0,0.10688391534667573
BRCA2,0,0.1068920878828818
BRCA2,0,0.10688892365290148
BRCA2,0,0.10698424987313668
BRCA2,0,0.10713560040794151
BRCA2,0,0.10695613164269262
BRCA2,0,0.10688087355570083
BRCA2,0,0.1068803722468481
BRCA2,0,0.10689102687512712
BRCA2,0,0.10688022784438032
BRCA2,0,0.10688368827146641
BRCA2,0,0.10689506201535635
BRCA2,0,0.10688223688159004
BRCA2,0,0.10708749617763824
BRCA2,0,0.1068830859323302
BRCA2,0,0.10688141454706293
BRCA2,0,0.1068797928799258
BRCA2,0,0.1068834966530125
BRCA2,0,0.10688013306267571
BRCA2,0,0.10688057585306539
BRCA2,0,0.10689026525565433
BRCA2,0,0.1072190759816443
BRCA2,0,0.10688097812381939
BRCA2,0,0.10688047017154029
BRCA2,0,0.10689357974594194
BRCA2,0,0.10696796712205624
BRCA2,0,0.10733850274323709
BRCA2,0,0.10688372098979709
BRCA2,0,0.10688081524313518
BRCA2,0,0.10690452640374963
BRCA2,0,0.1068807107133512
BRCA2,0,0.10690381722334204
BRCA2,0,0.10691363994494169
BRCA2,0,0.1069358658522136
BRCA2,0,0.11691247390278287
BRCA2,0,0.10687965374713562
BRCA2,0,0.10688066546223782
BRCA2,0,0.10688033096132547
BRCA2,0,0.1068818890751161
BRCA2,0,0.1068809191883731
BRCA2,0,0.10688067094790595
BRCA2,0,0.1068800182047003
BRCA2,0,0.10687956981333376
BRCA2,0,0.1068806896689806
BRCA2,0,0.10688368244310714
BRCA2,0,0.10688620043507986
BRCA2,0,0.10761067981339376
BRCA2,0,0.10688129793391042
BRCA2,0,0.10692477545205069
BRCA2,0,0.10688684758986734
BRCA2,0,0.1068838013538337
BRCA2,0,0.10688406853502341
BRCA2,0,0.10688006486094064
BRCA2,0,0.10688304957483376
BRCA2,0,0.10687966378397185
BRCA2,0,0.10688014275777714
BRCA2,0,0.10688555812081176
BRCA2,0,0.1069085208202142
BRCA2,0,0.106903879977959
BRCA2,0,0.10689116124226017
BRCA2,0,0.10688769775935851
BRCA2,0,0.10687978451314911
BRCA2,0,0.1068841487171635
BRCA2,0,0.10688344620491617
BRCA2,0,0.1068940972889499
BRCA2,0,0.10690101418707525
BRCA2,0,0.10688281588632356
BRCA2,0,0.10688065919885242
BRCA2,0,0.10698059472548223
BRCA2,0,0.10693495056036309
BRCA2,0,0.10690256822095369
BRCA2,0,0.10688439466057953
BRCA2,0,0.10688145956469289
BRCA2,0,0.10692910568054213
BRCA2,0,0.1069484404405564
BRCA2,0,0.1068798894259943
BRCA2,0,0.10688674502184528
BRCA2,0,0.10688146288392643
BRCA2,0,0.10729373365857742
BRCA2,0,0.10688636886639988
BRCA2,0,0.10688428745938834
BRCA2,0,0.10698857294538838
BRCA2,0,0.10688322154244453
BRCA2,0,0.10721473949735182
BRCA2,0,0.1068873246860143
BRCA2,0,0.10689147818818993
BRCA2,0,0.10715071483395608
BRCA2,0,0.10689266231614077
BRCA2,0,0.10688185101806562
BRCA2,0,0.11303513498546552
BRCA2,0,0.12542232488501492
BRCA2,0,0.14294111200961973
BRCA2,0,0.10689181362777588
BRCA2,0,0.11462818580879508
BRCA2,0,0.10690427025194914
BRCA2,0,0.11805593316726297
BRCA2,0,0.13618241997515265
BRCA2,0,0.10693016397886804
BRCA2,0,0.10739449056538891
BRCA2,0,0.10688162480319845
BRCA2,0,0.21397162345832205
BRCA2,0,0.10742006459776023
BRCA2,0,0.10695827343446684
BRCA2,0,0.1090366460115171
BRCA2,0,0.1120491738145827
BRCA2,0,0.7212123000526145
BRCA2,0,0.8206252143774382
BRCA2,0,0.9906157053858841
BRCA2,0,0.8693653166336902
BRCA2,0,0.15017626772780365
BRCA2,0,0.10963928422519488
BRCA2,0,0.20560602416802704
BRCA2,0,0.19236074137091938
BRCA2,0,0.11035116022687722
BRCA2,0,0.19867389262844357
BRCA2,0,0.11133065391886018
BRCA2,0,0.10785243704588318
BRCA2,0,0.11944142677140661
BRCA2,0,0.10815289222016379
BRCA2,0,0.10688140465821284
BRCA2,0,0.26784752591453237
BRCA2,0,0.3900270802128504
BRCA2,0,0.6839892801861699
BRCA2,0,0.10689205899352042
BRCA2,0,0.10687988876097215
BRCA2,0,0.11471074519560437
BRCA2,0,0.16531441411078948
BRCA2,0,0.18679651663994876
BRCA2,0,0.10933345084627219
BRCA2,0,0.9889032421674526
BRCA2,0,0.10688720734528134
BRCA2,0,0.1203651015491459
BRCA2,0,0.13688158407020243
BRCA2,0,0.10800054627643348
BRCA2,0,0.23322264050220756
BRCA2,0,0.1462360132885389
BRCA2,0,0.8145533529055329
BRCA2,0,0.10701487409441175
BRCA2,0,0.10688514422928884
BRCA2,0,0.10841148542323141
BRCA2,0,0.11785371180755355
BRCA2,0,0.15597724928849263
BRCA2,0,0.1468701523118538
BRCA2,0,0.11336638311071952
BRCA2,0,0.13591716357661185
BRCA2,0,0.15334983101172678
BRCA2,0,0.1746517852562564
BRCA2,0,0.17980156980838058
BRCA2,0,0.8444212566334709
BRCA2,0,0.134859308947305
BRCA2,0,0.10688165217766642
BRCA2,0,0.10690679201304361
BRCA2,0,0.1185974056738526
BRCA2,0,0.14338688377188905
BRCA2,0,0.982308079136013
BRCA2,0,0.5854470594325528
BRCA2,0,0.3182912204692143
BRCA2,0,0.5041112521571983
BRCA2,0,0.12504207263629585
BRCA2,0,0.11246104817846764
BRCA2,0,0.15041775907394977
BRCA2,0,0.1077754311766216
BRCA2,0,0.10694624626130132
BRCA2,0,0.10687989958753806
BRCA2,0,0.10723024202057838
BRCA2,0,0.10688018672707494
BRCA2,0,0.10688239876797928
BRCA2,0,0.10689683677254636
BRCA2,0,0.10699689507233381
BRCA2,0,0.10761228793915535
BRCA2,0,0.10705629479244062
BRCA2,0,0.1103355269345244
BRCA2,0,0.10835333370078451
BRCA2,0,0.217983758483871
BRCA2,0,0.10843570931357327
BRCA2,0,0.10723280502333221
BRCA2,0,0.10710148080867439
BRCA2,0,0.10691197550285822
BRCA2,0,0.10688003434598117
BRCA2,0,0.10688027238468528
BRCA2,0,0.10688838237166647
BRCA2,0,0.10688106446766862
BRCA2,0,0.10688434716712829
BRCA2,0,0.10689322891638141
BRCA2,0,0.10693570678105456
BRCA2,0,0.1070695984466208
BRCA2,0,0.10687976346007909
BRCA2,0,0.10688276821820798
BRCA2,0,0.1068815408729487
BRCA2,0,0.1068798818067934
BRCA2,0,0.10688003296827658
BRCA2,0,0.10693789108003694
BRCA2,0,0.10688450880902502
BRCA2,0,0.10690949826531801
BRCA2,0,0.1068804571328067
BRCA2,0,0.10688348582506486
BRCA2,0,0.10688428410769162
BRCA2,0,0.10692181733411749
BRCA2,0,0.10687996279563589
BRCA2,0,0.10689228496223843
BRCA2,0,0.1070259664449382
BRCA2,0,0.10695911779607986
BRCA2,0,0.10703252931747172
BRCA2,0,0.1068857657796439
BRCA2,0,0.10689045130145554
BRCA2,0,0.10688461883588837
BRCA2,0,0.10688498506808636
BRCA2,0,0.10689081229292853
BRCA2,0,0.10693668715883886
BRCA2,0,0.10692514362688083
BRCA2,0,0.10688184026777242
BRCA2,0,0.10687969586018264
BRCA2,0,0.10688008498259598
BRCA2,0,0.10688145022850905
BRCA2,0,0.10691972060388807
BRCA2,0,0.10692825503890817
BRCA2,0,0.10952346593587624
BRCA2,0,0.11430219468631485
BRCA2,0,0.10689179954171812
BRCA2,0,0.10740766014240596
BRCA2,0,0.10692334313577474
BRCA2,0,0.10688371903331732
BRCA2,0,0.10688319185827093
BRCA2,0,0.10689448499095949
BRCA2,0,0.10688055611347451
BRCA2,0,0.1068804140780197
BRCA2,0,0.10697751171633221
BRCA2,0,0.1069781750460283
BRCA2,0,0.10688145783674266
BRCA2,0,0.10688225891185323
BRCA2,0,0.10689112576087924
BRCA2,0,0.10738171062715329
BRCA2,0,0.10713556733923094
BRCA2,0,0.10890806705538429
BRCA2,0,0.10782286554566317
BRCA2,0,0.10690711708128661
BRCA2,0,0.10688923601321103
BRCA2,0,0.10689045987920279
BRCA2,0,0.1068801980337324
BRCA2,0,0.10694507689570976
BRCA2,0,0.10689028327543439
BRCA2,0,0.10692579175898528
BRCA2,0,0.10688410919074658
BRCA2,0,0.10689939596366119
BRCA2,0,0.10696544772912443
BRCA2,0,0.10693475976967183
BRCA2,0,0.10689335936630638
BRCA2,0,0.1068871853367268
BRCA2,0,0.10688315939983666
BRCA2,0,0.1069115479416609
BRCA2,0,0.10690859188809121
BRCA2,0,0.10688974404398562
BRCA2,0,0.10688089246899356
BRCA2,0,0.10812584117579539
BRCA2,0,0.10700461189331109
BRCA2,0,0.10800892743998523
BRCA2,0,0.10690391695753627
BRCA2,0,0.10695418340400117
BRCA2,0,0.1069293257074963
BRCA2,0,0.10702024263424349
BRCA2,0,0.10700839700747
BRCA2,0,0.10689126464967799
BRCA2,0,0.10688842042312605
BRCA2,0,0.10697986560213946
BRCA2,0,0.11043924168161923
BRCA2,0,0.10797385168755573
BRCA2,0,0.10688835023962291
BRCA2,0,0.1069280781473265
BRCA2,0,0.12442052810342323
BRCA2,0,0.1086568904764927
BRCA2,0,0.10712790525813368
BRCA2,0,0.10857396844937459
BRCA2,0,0.10689741531658563
BRCA2,0,0.10825515180773534
BRCA2,0,0.1095018382213926
BRCA2,0,0.10688882452906544
BRCA2,0,0.10700077086717878
BRCA2,0,0.10688791452355667
BRCA2,0,0.10694608653033126
BRCA2,0,0.10690914180782982
BRCA2,0,0.10691203427159782
BRCA2,0,0.11019762451685386
BRCA2,0,0.10702591616258028
BRCA2,0,0.10903609803790698
BRCA2,0,0.12472641749735165
BRCA2,0,0.10688462140895251
BRCA2,0,0.10688074984835137
BRCA2,0,0.10688367898759667
BRCA2,0,0.10689373322051078
BRCA2,0,0.1068821222181289
BRCA2,0,0.10688041053404855
BRCA2,0,0.10688699848360282
BRCA2,0,0.10688206028929918
BRCA2,0,0.1072732776269317
BRCA2,0,0.10697439693029553
BRCA2,0,0.10691169423863797
BRCA2,0,0.10688753431575894
BRCA2,0,0.10693986591949106
BRCA2,0,0.11010637788944169
BRCA2,0,0.10745634947337639
BRCA2,0,0.1103415356034965
BRCA2,0,0.10735649927115852
BRCA2,0,0.10688045227654026
BRCA2,0,0.1069001111987622
BRCA2,0,0.10688650203563661
BRCA2,0,0.10696185789025975
BRCA2,0,0.1069120273631772
BRCA2,0,0.10707043907079769
BRCA2,0,0.10694137144672342
BRCA2,0,0.10688509567491983
BRCA2,0,0.10688279650111361
BRCA2,0,0.10687989326357275
BRCA2,0,0.1072679411460318
BRCA2,0,0.10688171593246898
BRCA2,0,0.10689186647339871
BRCA2,0,0.10693807368856141
BRCA2,0,0.10688148232256162
BRCA2,0,0.10688090472503296
BRCA2,0,0.1068812192677109
BRCA2,0,0.10688217621407126
BRCA2,0,0.1077982556011758
BRCA2,0,0.10687977743125074
BRCA2,0,0.10691075272385729
BRCA2,0,0.10691243827137316
BRCA2,0,0.10688286408395156
BRCA2,0,0.10691515706041921
BRCA2,0,0.106991840168298
BRCA2,0,0.10694168806567106
BRCA2,0,0.10691739799406932
BRCA2,0,0.1069052068689189
BRCA2,0,0.10688455450601655
BRCA2,0,0.10687969030123289
BRCA2,0,0.10688088133400261
BRCA2,0,0.10687985782153271
BRCA2,0,0.106881227945009
BRCA2,0,0.10688227132287766
BRCA2,0,0.10688177005666223
BRCA2,0,0.10687973680830631
BRCA2,0,0.10688058390724064
BRCA2,0,0.10688212322332521
BRCA2,0,0.10688153530363148
BRCA2,0,0.1068795514071645
BRCA2,0,0.10688317127183279
BRCA2,0,0.10688034645153509
BRCA2,0,0.10687997371301132
BRCA2,0,0.10689095375574202
BRCA2,0,0.10688539680997332
BRCA2,0,0.10694323408988353
BRCA2,0,0.10697298268698573
BRCA2,0,0.10691281177140066
BRCA2,0,0.10693919715142526
BRCA2,0,0.10690007187497608
BRCA2,0,0.10687978965355242
BRCA2,0,0.10688125192931489
BRCA2,0,0.10688188289120357
BRCA2,0,0.10688220567475201
BRCA2,0,0.10688003465647264
BRCA2,0,0.10688109801347515
BRCA2,0,0.10689586173675113
BRCA2,0,0.1069607476732099
BRCA2,0,0.10688148499199328
BRCA2,0,0.10690873128626674
BRCA2,0,0.10688329363221438
BRCA2,0,0.10687963800494858
BRCA2,0,0.10687958835350048
BRCA2,0,0.1068797395318029
BRCA2,0,0.10687995633646712
BRCA2,0,0.10687962794913744
BRCA2,0,0.10688332074727518
BRCA2,0,0.10688009146523901
BRCA2,0,0.10688257672996382
BRCA2,0,0.1068826794386634
BRCA2,0,0.10694463421816798
BRCA2,0,0.11071454854497713
BRCA2,0,0.10688065375996654
BRCA2,0,0.10688239304156333
BRCA2,0,0.10688483632342181
BRCA2,0,0.1068808544784196
BRCA2,0,0.1068830061692942
BRCA2,0,0.10695719459995555
BRCA2,0,0.10716693715753886
BRCA2,0,0.1068960569633517
BRCA2,0,0.10688025603761163
BRCA2,0,0.10693687360773664
BRCA2,0,0.10688434509835883
BRCA2,0,0.10687985851864276
BRCA2,0,0.10713636706467167
BRCA2,0,0.10689528112061503
BRCA2,0,0.10688347927470172
BRCA2,0,0.10688153156228412
BRCA2,0,0.10688904729028856
BRCA2,0,0.106881342387308
BRCA2,0,0.10688000102624028
BRCA2,0,0.10688344511044233
BRCA2,0,0.10688273805541271
BRCA2,0,0.10688775749341994
BRCA2,0,0.10701941171717827
BRCA2,0,0.10698655170334087
BRCA2,0,0.10702487972072534
BRCA2,0,0.10766902778373236
BRCA2,0,0.10691289815698
BRCA2,0,0.10695618009617183
BRCA2,0,0.11527404112893778
BRCA2,0,0.10688021071579597
BRCA2,0,0.10687995982876035
BRCA2,0,0.10688085587486222
BRCA2,0,0.10688564908223239
BRCA2,0,0.10690817904077689
BRCA2,0,0.10687984447638309
BRCA2,0,0.1068848762570855
BRCA2,0,0.1068795462629465
BRCA2,0,0.10688210406492375
BRCA2,0,0.10688549233850717
BRCA2,0,0.10687980819089965
BRCA2,0,0.10688087128795482
BRCA2,0,0.10688245150383072
BRCA2,0,0.1068816500854801
BRCA2,0,0.1072334666767175
BRCA2,0,0.1068874647101116
BRCA2,0,0.10688101366398452
BRCA2,0,0.10705742119844726
BRCA2,0,0.10688206541752265
BRCA2,0,0.10688951250584887
BRCA2,0,0.10689979922328043
BRCA2,0,0.10690114971779664
BRCA2,0,0.1069266281581278
BRCA2,0,0.10690222402273371
BRCA2,0,0.10688296316832469
BRCA2,0,0.10689018459421745
BRCA2,0,0.1068899584733886
BRCA2,0,0.10688184708985907
BRCA2,0,0.1068822640106896
BRCA2,0,0.10688585036074898
BRCA2,0,0.10688578460699577
BRCA2,0,0.10688143886147497
BRCA2,0,0.10765972720014323
BRCA2,0,0.10691939647584889
BRCA2,0,0.1068797583829462
BRCA2,0,0.10692336589739537
BRCA2,0,0.10697050865349829
BRCA2,0,0.10688129620614603
BRCA2,0,0.10689005414786028
BRCA2,0,0.10687985288045289
BRCA2,0,0.10720905996264321
BRCA2,0,0.10690098064791288
BRCA2,0,0.1069008187244044
BRCA2,0,0.10692791752329177
BRCA2,0,0.10688909135179286
BRCA2,0,0.10689032818289997
BRCA2,0,0.10688609454633995
BRCA2,0,0.10688091884759061
BRCA2,0,0.10688114024087375
BRCA2,0,0.10687991886410567
BRCA2,0,0.10704103604363864
BRCA2,0,0.10731147869432671
BRCA2,0,0.10689592758860476
BRCA2,0,0.10694940372083014
BRCA2,0,0.10695027903468747
BRCA2,0,0.10771233414918484
BRCA2,0,0.10863740862937411
BRCA2,0,0.10688142302819159
BRCA2,0,0.10688958589548872
BRCA2,0,0.11100919937636179
BRCA2,0,0.10690215951587463
BRCA2,0,0.10691190671010224
BRCA2,0,0.10688037873820218
BRCA2,0,0.10687983963891351
BRCA2,0,0.1068826525328583
BRCA2,0,0.10688939165527948
BRCA2,0,0.10695211808684092
BRCA2,0,0.1068804336415298
BRCA2,0,0.10698273628154613
BRCA2,0,0.10724518239555504
BRCA2,0,0.10688048111427235
BRCA2,0,0.11094123645707261
BRCA2,0,0.10689556675953246
BRCA2,0,0.1107008636761268
BRCA2,0,0.11727316435672391
BRCA2,0,0.10688516522948308
BRCA2,0,0.10690019640428165
BRCA2,0,0.10688207589086801
BRCA2,0,0.10689422336513581
BRCA2,0,0.10688245311897669
BRCA2,0,0.26781400930027116
BRCA2,0,0.1086087170686094
BRCA2,0,0.11787717303938913
BRCA2,0,0.14983618941355797
BRCA2,0,0.17048693760738381
BRCA2,0,0.10757322005085802
BRCA2,0,0.1071957512026912
BRCA2,0,0.19137864960599035
BRCA2,0,0.1392762612585497
BRCA2,0,0.12039321954252533
BRCA2,0,0.10751140535449241
BRCA2,0,0.22008742661939867
BRCA2,0,0.6020320516614318
BRCA2,0,0.12234135502654099
BRCA2,0,0.18920169454965036
BRCA2,0,0.10689955461592388
BRCA2,0,0.10688590221933002
BRCA2,0,0.10688114550751539
BRCA2,0,0.11541379572303208
BRCA2,0,0.11308635721710383
BRCA2,0,0.10688072496123041
BRCA2,0,0.10688077792914522
BRCA2,0,0.12367788315449622
BRCA2,0,0.1128425630968703
BRCA2,0,0.1068814488013501
BRCA2,0,0.10687972957281487
BRCA2,0,0.10688218863560049
BRCA2,0,0.10688008852746043
BRCA2,0,0.10688134907241467
BRCA2,0,0.10689587144821934
BRCA2,0,0.1069011264492753
BRCA2,0,0.10688174086811685
BRCA2,0,0.10698021595226266
BRCA2,0,0.10689694459879598
BRCA2,0,0.10687997138631214
BRCA2,0,0.10689836218398129
BRCA2,0,0.10688033675410377
BRCA2,0,0.10719959080364311
BRCA2,0,0.10688271604107663
BRCA2,0,0.10692554600916584
BRCA2,0,0.10688001092908488
BRCA2,0,0.10689811482784775
BRCA2,0,0.10948342317873899
BRCA2,0,0.10688022684197991
BRCA2,0,0.10692149164549206
BRCA2,0,0.10901810189745424
BRCA2,0,0.11393960991383786
BRCA2,0,0.10691512849272311
BRCA2,0,0.10688060645983474
BRCA2,0,0.10688189894772196
BRCA2,0,0.10688131143200842
BRCA2,0,0.10687971905542185
BRCA2,0,0.10688148355343302
BRCA2,0,0.10688016331306638
BRCA2,0,0.106887593790199
BRCA2,0,0.10687966374517667
BRCA2,0,0.1069568973742069
BRCA2,0,0.10688632754077664
BRCA2,0,0.10688119930709315
BRCA2,0,0.10688133982403128
BRCA2,0,0.1068802618043226
BRCA2,0,0.15324866445693078
BRCA2,0,0.13181147855893446
BRCA2,0,0.1265210938364071
BRCA2,0,0.10688698369462254
BRCA2,0,0.10706162617365007
BRCA2,0,0.10688134598234549
BRCA2,0,0.10692507986434673
BRCA2,0,0.10688079968946358
BRCA2,0,0.10687963655567198
BRCA2,0,0.1068801235286614
BRCA2,0,0.1068797976625795
BRCA2,0,0.10688531922923251
BRCA2,0,0.10978293805176728
BRCA2,0,0.10689538650470719
BRCA2,0,0.10688098841481074
BRCA2,0,0.10688219589791277
BRCA2,0,0.1068827689280186
BRCA2,0,0.10708387393371022
BRCA2,0,0.10688526061881352
BRCA2,0,0.10687975383968491
BRCA2,0,0.10708794653383732
BRCA2,0,0.1895612808838951
BRCA2,0,0.11410049413675881
BRCA2,0,0.13895057442234662
BRCA2,0,0.12413850888966496
BRCA2,0,0.20310400367029477
BRCA2,0,0.10763898130248564
BRCA2,0,0.20737713224581442
BRCA2,0,0.10791889738213487
BRCA2,0,0.10698894925224099
BRCA2,0,0.11095750549674198
BRCA2,0,0.1610341604005803
BRCA2,0,0.17532152881725843
BRCA2,0,0.1314530570153807
BRCA2,0,0.2812112635975438
BRCA2,0,0.10727486868867323
BRCA2,0,0.17802821029108787
BRCA2,0,0.11331863034626553
BRCA2,0,0.1088496476363906
BRCA2,0,0.12031094112613155
BRCA2,0,0.10709954519910855
BRCA2,0,0.10688012354821122
BRCA2,0,0.10688148604753864
BRCA2,0,0.10688001755596203
BRCA2,0,0.10720935091589945
BRCA2,0,0.11295869129222251
BRCA2,0,0.10694417042520808
BRCA2,0,0.10701269343009788
BRCA2,0,0.11601293187762128
BRCA2,0,0.10855032188999239
BRCA2,0,0.11630494859549953
BRCA2,0,0.11430623519764106
BRCA2,0,0.12810085614222672
BRCA2,0,0.11297855920374002
BRCA2,0,0.10703728253033415
BRCA2,0,0.12232661822746566
BRCA2,0,0.12205982836488338
BRCA2,0,0.1069190483604688
BRCA2,0,0.1068995448472879
BRCA2,0,0.11335978285983198
BRCA2,0,0.10847120799131713
BRCA2,0,0.11024354768293192
BRCA2,0,0.15479118995347252
BRCA2,0,0.26120720282668325
BRCA2,0,0.10690505570864217
BRCA2,0,0.10698681793243123
BRCA2,0,0.10806339632496542
BRCA2,0,0.10703577029517236
BRCA2,0,0.10697870344756408
BRCA2,0,0.10882649107154273
BRCA2,0,0.13207739151624717
BRCA2,0,0.10702720553361794
BRCA2,0,0.10694388820917976
BRCA2,0,0.11043140003374849
BRCA2,0,0.117991233409593
BRCA2,0,0.12547098994900008
BRCA2,0,0.11498179099229604
BRCA2,0,0.10688149907431148
BRCA2,0,0.10688618251179227
BRCA2,0,0.10732164827890417
BRCA2,0,0.12988014383554808
BRCA2,0,0.11218391936079485
BRCA2,0,0.11577956019272864
BRCA2,0,0.10688335840751056
BRCA2,0,0.11193829004100297
BRCA2,0,0.5863141980029065
BRCA2,0,0.1280341649436142
BRCA2,0,0.17789697372867613
BRCA2,0,0.10691021133041335
BRCA2,0,0.10697227507133603
BRCA2,0,0.1068809321077039
BRCA2,0,0.106917020333063
BRCA2,0,0.10728428217796535
BRCA2,0,0.10765421741539336
BRCA2,0,0.10688197536686495
BRCA2,0,0.10857632031969355
BRCA2,0,0.11779513232740305
BRCA2,0,0.10785551391801035
BRCA2,0,0.2220998088436815
BRCA2,0,0.10798296460133691
BRCA2,0,0.2746910500247746
BRCA2,0,0.10727700895833736
BRCA2,0,0.10688684304235005
BRCA2,0,0.10726496645042442
BRCA2,0,0.10760045772474912
BRCA2,0,0.12739041368848109
BRCA2,0,0.277323809451338
BRCA2,0,0.10861109758760877
BRCA2,0,0.17619917286340284
BRCA2,0,0.10691077206402069
BRCA2,0,0.10688772166030644
BRCA2,0,0.10688054019585488
BRCA2,0,0.10694212959703339
BRCA2,0,0.10690556633257176
BRCA2,0,0.10688053254362964
BRCA2,0,0.10688029557528642
BRCA2,0,0.10688178484240046
BRCA2,0,0.10695554821381516
BRCA2,0,0.10688973827217278
BRCA2,0,0.10693487653718321
BRCA2,0,0.10811648681267025
BRCA2,0,0.11839294756395244
BRCA2,0,0.10903379324967287
BRCA2,0,0.10688115338339901
BRCA2,0,0.10688635981789595
BRCA2,0,0.1069009371544048
BRCA2,0,0.10688519811680079
BRCA2,0,0.10688175046646467
BRCA2,0,0.1088935485576533
BRCA2,0,0.10689870486211644
BRCA2,0,0.10690422292269972
BRCA2,0,0.10688548303207232
BRCA2,0,0.10700385959588472
BRCA2,0,0.10690450844951693
BRCA2,0,0.10690067463770865
BRCA2,0,0.10689658732131099
BRCA2,0,0.10688763498957687
BRCA2,0,0.10689178590888264
BRCA2,0,0.10688463544609436
BRCA2,0,0.10689487579215148
BRCA2,0,0.10714912422274368
BRCA2,0,0.1070109595630782
BRCA2,0,0.10694948232032041
BRCA2,0,0.10687973213255202
BRCA2,0,0.10688000979687155
BRCA2,0,0.10688022138119796
BRCA2,0,0.10688555789544246
BRCA2,0,0.10688031537971797
BRCA2,0,0.10688268754474033
BRCA2,0,0.10688614824258656
BRCA2,0,0.10689059960953834
BRCA2,0,0.10688436132689853
BRCA2,0,0.10689166044739948
BRCA2,0,0.10687958012264062
BRCA2,0,0.10735210463714118
BRCA2,0,0.10689979299495389
BRCA2,0,0.10688269223968377
BRCA2,0,0.10687971287932627
BRCA2,0,0.10687989698710135
BRCA2,0,0.10689534784339252
BRCA2,0,0.1070834234336286
BRCA2,0,0.10695308909204058
BRCA2,0,0.10687957927669423
BRCA2,0,0.12308148170355503
BRCA2,0,0.1076486827176824
BRCA2,0,0.10689043622966991
BRCA2,0,0.1070530014587123
BRCA2,0,0.10688084541260041
BRCA2,0,0.10687964662891061
BRCA2,0,0.10694242942461947
BRCA2,0,0.10688357859629556
BRCA2,0,0.10688304135298679
BRCA2,0,0.1069053420861994
BRCA2,0,0.10687983724956825
BRCA2,0,0.1068805302279212
BRCA2,0,0.10688175285465884
BRCA2,0,0.10703412164196648
BRCA2,0,0.10688055524672055
BRCA2,0,0.10688046863005395
BRCA2,0,0.10688129290957504
BRCA2,0,0.10688209051030514
BRCA2,0,0.10688059633456425
BRCA2,0,0.10688065760308794
BRCA2,0,0.10688366022358066
BRCA2,0,0.10689499415443801
BRCA2,0,0.10713629914535865
BRCA2,0,0.10688171794555708
BRCA2,0,0.1068804038399447
BRCA2,0,0.10688081790119687
BRCA2,0,0.10689830344055606
BRCA2,0,0.10693461368184584
BRCA2,0,0.1068973125049285
BRCA2,0,0.1068796439073201
BRCA2,0,0.10688057496563845
BRCA2,0,0.10688133107243379
BRCA2,0,0.1068920529594617
BRCA2,0,0.10688040125674335
BRCA2,0,0.10699438647664318
BRCA2,0,0.10688154399014069
BRCA2,0,0.1068811700828368
BRCA2,0,0.10688042244481748
BRCA2,0,0.10688758289330257
BRCA2,0,0.10688417641950194
BRCA2,0,0.10688120551055141
BRCA2,0,0.10688344999329971
BRCA2,0,0.10688091215597642
BRCA2,0,0.1068815834453066
BRCA2,0,0.10690827699232117
BRCA2,0,0.10688430453988998
BRCA2,0,0.1068913976609403
BRCA2,0,0.10688576219434048
BRCA2,0,0.10688139061393025
BRCA2,0,0.10688031046602174
BRCA2,0,0.10688241096290095
BRCA2,0,0.10687966142286093
BRCA2,0,0.10689388389652488
BRCA2,0,0.10688269938657365
BRCA2,0,0.10782314831211444
BRCA2,0,0.10688810568815806
BRCA2,0,0.10688809964718847
BRCA2,0,0.10689372618450008
BRCA2,0,0.10687996663758133
BRCA2,0,0.10695865909934509
BRCA2,0,0.10745194010613307
BRCA2,0,0.107300852459962
BRCA2,0,0.10714378753647108
BRCA2,0,0.10689714282046724
BRCA2,0,0.107299329012037
BRCA2,0,0.13046045851725913
BRCA2,0,0.10688409181355703
BRCA2,0,0.10688295046178653
BRCA2,0,0.11961807877120911
BRCA2,0,0.10690623955168423
BRCA2,0,0.10694049729629024
BRCA2,0,0.10702115421707246
BRCA2,0,0.1195400421145955
BRCA2,0,0.2551916333333246
BRCA2,0,0.15795261373601147
BRCA2,0,0.10741471156849061
BRCA2,0,0.9652511716644152
BRCA2,0,0.1096413634417218
BRCA2,0,0.16013974494676755
BRCA2,0,0.9275855459709472
BRCA2,0,0.11172327270593657
BRCA2,0,0.15971340387892466
BRCA2,0,0.14320545850127833
BRCA2,0,0.11898125152376315
BRCA2,0,0.4158994956988681
BRCA2,0,0.3070646917216685
BRCA2,0,0.9248146050890947
BRCA2,0,0.9398018614683018
BRCA2,0,0.11180273911494962
BRCA2,0,0.11065287649734876
BRCA2,0,0.19703896778264865
BRCA2,0,0.9961214521888242
BRCA2,0,0.2306179787223889
BRCA2,0,0.36539755483602976
BRCA2,0,0.5042477432164099
BRCA2,1,0.11012310750388153
BRCA2,0,0.26483747800216356
BRCA2,0,0.16056509224824075
BRCA2,0,0.19700141339038443
BRCA2,0,0.22358473905552065
BRCA2,0,0.11282896782740023
BRCA2,0,0.10710727573003702
BRCA2,0,0.12344516091361346
BRCA2,0,0.11578213195526131
BRCA2,0,0.2055500365552151
BRCA2,0,0.10688185078336859
BRCA2,0,0.1068846249432273
BRCA2,0,0.13486696540284873
BRCA2,0,0.11053026222205402
BRCA2,0,0.1118152311291624
BRCA2,0,0.12075369683229917
BRCA2,0,0.10838789241747272
BRCA2,0,0.17721401642016132
BRCA2,0,0.1970400108097941
BRCA2,0,0.11311112479672032
BRCA2,0,0.1377879841530747
BRCA2,0,0.307986741123458
BRCA2,0,0.10844423349281364
BRCA2,0,0.11793778774222699
BRCA2,0,0.10706311099092286
BRCA2,0,0.14435472424125018
BRCA2,0,0.156469255069788
BRCA2,0,0.11262442048406147
BRCA2,0,0.10949086640311585
BRCA2,0,0.1318411703564801
BRCA2,0,0.12116966149103836
BRCA2,0,0.5423453121988937
BRCA2,0,0.2604907769592915
BRCA2,0,0.11311411351637478
BRCA2,0,0.11148663047421072
BRCA2,0,0.10959555724388392
BRCA2,0,0.12097454659966485
BRCA2,0,0.14138136891616998
BRCA2,0,0.12028319930324052
BRCA2,0,0.10735045815711458
BRCA2,0,0.11015278366074174
BRCA2,0,0.11039207760511742
BRCA2,0,0.10688563773532286
BRCA2,0,0.1068852093019269
BRCA2,0,0.10688940374186498
BRCA2,0,0.10694333533249205
BRCA2,0,0.10690705208672498
BRCA2,0,0.10700429411615757
BRCA2,0,0.10687981627067711
BRCA2,0,0.10688221485209075
BRCA2,0,0.10688063653799479
BRCA2,0,0.10688096848066966
BRCA2,0,0.10688036170265591
BRCA2,0,0.10688000917958666
BRCA2,0,0.10693956677105258
BRCA2,0,0.10687962205977315
BRCA2,0,0.10688141643442213
BRCA2,0,0.10688688296624792
BRCA2,0,0.10688085788278485
BRCA2,0,0.10691184545937381
BRCA2,0,0.10746485098635467
BRCA2,0,0.10688378623274679
BRCA2,0,0.10688133156687499
BRCA2,0,0.10688658556618734
BRCA2,0,0.10701882201889401
BRCA2,0,0.1069025495470377
BRCA2,0,0.10688598546307818
BRCA2,0,0.10690883587222298
BRCA2,0,0.10688163790890573
BRCA2,0,0.10696383123652863
BRCA2,0,0.10688132204015141
BRCA2,0,0.10688046288840114
BRCA2,0,0.10688154454499468
BRCA2,0,0.10689884425095326
BRCA2,0,0.10689341117085134
BRCA2,0,0.10787126502150089
BRCA2,0,0.10689011780869977
BRCA2,0,0.1068806334824113
BRCA2,0,0.11120533075607181
BRCA2,0,0.10688091171616895
BRCA2,0,0.10688022581951138
BRCA2,0,0.10689882526095543
BRCA2,0,0.10688606800828047
BRCA2,0,0.10729540032017909
BRCA2,0,0.1069798923274557
BRCA2,0,0.10688202883964416
BRCA2,0,0.10688216444943684
BRCA2,0,0.10688416345626975
BRCA2,0,0.1069000108744492
BRCA2,0,0.10688045896964785
BRCA2,0,0.10688878465020873
BRCA2,0,0.10689238440190889
BRCA2,0,0.10688221969738249
BRCA2,0,0.10688910708800942
BRCA2,0,0.10689394361270503
BRCA2,0,0.10690450727837132
BRCA2,0,0.10688159911735895
BRCA2,0,0.10690381480516221
BRCA2,0,0.1068831223675885
BRCA2,0,0.10688050229290717
BRCA2,0,0.10688190023928415
BRCA2,0,0.10688025174879208
BRCA2,0,0.10699976054601024
BRCA2,0,0.1070813478744959
BRCA2,0,0.10710093082540789
BRCA2,0,0.10688801149272109
BRCA2,0,0.10688132334236186
BRCA2,0,0.10688666129263283
BRCA2,0,0.10687957178769258
BRCA2,0,0.10688311939340907
BRCA2,0,0.10688607939679193
BRCA2,0,0.10687984591186861
BRCA2,0,0.10721935487253545
BRCA2,0,0.10688015352319585
BRCA2,0,0.1068799467896651
BRCA2,0,0.10688184489210946
BRCA2,0,0.1070682854713802
BRCA2,0,0.10701570903105596
BRCA2,0,0.1071770128301027
BRCA2,0,0.10701353917434515
BRCA2,0,0.10689843012247723
BRCA2,0,0.1068872970987023
BRCA2,0,0.10687998111673842
BRCA2,0,0.10688067034650992
BRCA2,0,0.10688633583192444
BRCA2,0,0.10688341961627303
BRCA2,0,0.10703807616332955
BRCA2,0,0.10689036941564
BRCA2,0,0.10687965351756523
BRCA2,0,0.10689519332866733
BRCA2,0,0.10690904438273914
BRCA2,0,0.10688031944040498
BRCA2,0,0.10690902797934614
BRCA2,0,0.10688228036809018
BRCA2,0,0.10688086440844373
BRCA2,0,0.10688343971537424
BRCA2,0,0.1069277825143033
BRCA2,0,0.10688483051823597
BRCA2,0,0.10687973551136024
BRCA2,0,0.1068797491295142
BRCA2,0,0.10687991154096917
BRCA2,0,0.10688210431301781
BRCA2,0,0.10692495988479496
BRCA2,0,0.10688651698100243
BRCA2,0,0.10694197796299637
BRCA2,0,0.10688947594548452
BRCA2,0,0.1068945404189238
BRCA2,0,0.10689271975235283
BRCA2,0,0.10688781203346522
BRCA2,0,0.10689231338877063
BRCA2,0,0.10688299975165512
BRCA2,0,0.10689572988124971
BRCA2,0,0.10689007012770543
BRCA2,0,0.10690033185328295
BRCA2,0,0.10688502229189493
BRCA2,0,0.10688175892574125
BRCA2,0,0.10688057988879843
BRCA2,0,0.10692804412124102
BRCA2,0,0.10688174907605688
BRCA2,0,0.106881828789088
BRCA2,0,0.10688132816955234
BRCA2,0,0.10688084013792815
BRCA2,0,0.10687956707414188
BRCA2,0,0.1068869768307391
BRCA2,0,0.10688033661146903
BRCA2,0,0.10688024028864532
BRCA2,0,0.1068823601165316
BRCA2,0,0.10687977345413512
BRCA2,0,0.106939330549507
BRCA2,0,0.10690806485581597
BRCA2,0,0.10745175449957102
BRCA2,0,0.106880240573033
BRCA2,0,0.10688555705976731
BRCA2,0,0.10688666019477118
BRCA2,0,0.1068796155325766
BRCA2,0,0.10691999318623607
BRCA2,0,0.10692632828563861
BRCA2,0,0.10689246298960145
BRCA2,0,0.10688019029970301
BRCA2,0,0.10687981821158488
BRCA2,0,0.10688469177084513
BRCA2,0,0.10688288202230299
BRCA2,0,0.10688109249640473
BRCA2,0,0.10688128702835265
BRCA2,0,0.10688112067336031
BRCA2,0,0.10688060912341885
BRCA2,0,0.1068800726226893
BRCA2,0,0.10687977675002285
BRCA2,0,0.1068966571815142
BRCA2,0,0.10688359089469156
BRCA2,0,0.11558867002698468
BRCA2,0,0.10895864510569021
BRCA2,0,0.10688250731610288
BRCA2,0,0.10688197659232263
BRCA2,0,0.10692166608391718
BRCA2,0,0.10784239354936252
BRCA2,0,0.1070516916318129
BRCA2,0,0.1068803002306248
BRCA2,0,0.10689899364553034
BRCA2,0,0.10688391802738051
BRCA2,0,0.10689141852553448
BRCA2,0,0.10688253409397858
BRCA2,0,0.1068911691479349
BRCA2,0,0.10688450826136321
BRCA2,0,0.10708029581357585
BRCA2,0,0.10687974788513264
BRCA2,0,0.10688317127183279
BRCA2,0,0.10688078061527975
BRCA2,0,0.10688266113975836
BRCA2,0,0.10689394847941384
BRCA2,0,0.10707213505337602
BRCA2,0,0.10688016491890165
BRCA2,0,0.10688385009880738
BRCA2,0,0.10689629614477908
BRCA2,0,0.10690141053513869
BRCA2,0,0.10773003849364238
BRCA2,0,0.10688189300550995
BRCA2,0,0.10688367577374659
BRCA2,0,0.10690435843546334
BRCA2,0,0.10688277051648058
BRCA2,0,0.10687998492279539
BRCA2,0,0.10687996315202403
BRCA2,0,0.10689045724253628
BRCA2,0,0.10688033275197738
BRCA2,0,0.10722860188831636
BRCA2,0,0.10687972029121741
BRCA2,0,0.10689435064161365
BRCA2,0,0.10697089000696612
BRCA2,0,0.106880250256524
BRCA2,0,0.10688131948954568
BRCA2,0,0.10688644592091935
BRCA2,0,0.10688101401948454
BRCA2,0,0.106879830456846
BRCA2,0,0.10690826282795997
BRCA2,0,0.10688022772355471
BRCA2,0,0.10699243436796749
BRCA2,0,0.10688392355805938
BRCA2,0,0.10688659546291882
BRCA2,0,0.10688137885413328
BRCA2,0,0.10688992548078852
BRCA2,0,0.10688781744976975
BRCA2,0,0.10688410325441287
BRCA2,0,0.1072771865034736
BRCA2,0,0.1069010525589171
BRCA2,0,0.10704249189612605
BRCA2,0,0.10689981146743964
BRCA2,0,0.11121943323995957
BRCA2,0,0.11113802167608977
BRCA2,0,0.10688441677470455
BRCA2,0,0.10688208998090737
BRCA2,0,0.10688220360499162
BRCA2,0,0.10687988989211063
BRCA2,0,0.10688163572973204
BRCA2,0,0.10688264683447829
BRCA2,0,0.10692675311728826
BRCA2,0,0.15807659835711294
BRCA2,0,0.10689411488422874
BRCA2,0,0.1068808040229267
BRCA2,0,0.10688170557887995
BRCA2,0,0.10688559485009176
BRCA2,0,0.10688143399140966
BRCA2,0,0.11647755575335547
BRCA2,0,0.10688016876946425
BRCA2,0,0.1069207073312829
BRCA2,0,0.10688888312917992
BRCA2,0,0.10687983511469686
BRCA2,0,0.10691262633042155
BRCA2,0,0.10690121066374847
BRCA2,0,0.10688169139789407
BRCA2,0,0.10688314326944263
BRCA2,0,0.10688000582451543
BRCA2,0,0.1068805081318365
BRCA2,0,0.10688266862055947
BRCA2,0,0.10688046432808158
BRCA2,0,0.10688515206222837
BRCA2,0,0.10691556918346523
BRCA2,0,0.1077053469323108
BRCA2,0,0.10753201227243755
BRCA2,0,0.10768524248084688
BRCA2,0,0.10688657206943887
BRCA2,0,0.10691194950525455
BRCA2,0,0.10688294466793953
BRCA2,0,0.10687954218455298
BRCA2,0,0.10754413935058688
BRCA2,0,0.10688130672255572
BRCA2,0,0.1068808829311429
BRCA2,0,0.10688775013380167
BRCA2,0,0.10688489240487017
BRCA2,0,0.10688521170013604
BRCA2,0,0.10689808189184369
BRCA2,0,0.1068838156314925
BRCA2,0,0.1068805961385498
BRCA2,0,0.10699136888362185
BRCA2,0,0.10689011369404372
BRCA2,0,0.10692015248129116
BRCA2,0,0.10688551709133619
BRCA2,0,0.10688010704165041
BRCA2,0,0.10688480549712405
BRCA2,0,0.1068822639360977
BRCA2,0,0.10698558565108639
BRCA2,0,0.10688450861556466
BRCA2,0,0.10700294605605033
BRCA2,0,0.10688126005271024
BRCA2,0,0.10688287120955978
BRCA2,0,0.10688196784208669
BRCA2,0,0.1068803689595692
BRCA2,0,0.10745537498662551
BRCA2,0,0.10688424626246393
BRCA2,0,0.10715547740349338
BRCA2,0,0.1069803014925467
BRCA2,0,0.10802713091939517
BRCA2,0,0.12987408303238152
BRCA2,0,0.1076505241192129
BRCA2,0,0.10689296837425116
BRCA2,0,0.10691621131617517
BRCA2,0,0.10831840814387934
BRCA2,0,0.10746731286548189
BRCA2,0,0.10714289122293652
BRCA2,0,0.1122307904953362
BRCA2,0,0.12199771246325508
BRCA2,0,0.1230974700362561
BRCA2,0,0.11268387117391279
BRCA2,0,0.10772934817587444
BRCA2,0,0.10831806772468065
BRCA2,0,0.10771960146031727
BRCA2,0,0.1262769085093056
BRCA2,0,0.1068811276516777
BRCA2,0,0.1068865939335534
BRCA2,0,0.10688349655682325
BRCA2,0,0.10698772655989991
BRCA2,0,0.11887007943152339
BRCA2,0,0.10687963021730756
BRCA2,0,0.11062393089802647
BRCA2,0,0.10789890523504188
BRCA2,0,0.1078326246615108
BRCA2,0,0.10719818612878214
BRCA2,0,0.10885543396730893
BRCA2,0,0.13272338752785562
BRCA2,0,0.11415854476044991
BRCA2,0,0.13227651137236762
BRCA2,0,0.10753849015061342
BRCA2,0,0.10915963528825251
BRCA2,0,0.10689137433621244
BRCA2,0,0.10694489213883068
BRCA2,0,0.1068815637557105
BRCA2,0,0.10687982424518432
BRCA2,0,0.12459535253928805
BRCA2,0,0.11980580434627847
BRCA2,0,0.5165088606354947
BRCA2,0,0.10689149881844465
BRCA2,0,0.10690868634376034
BRCA2,0,0.10690871535998114
BRCA2,0,0.11235227706752
BRCA2,0,0.10692247974003481
BRCA2,0,0.10692796707119462
BRCA2,0,0.10688105544341742
BRCA2,0,0.10745425555786225
BRCA2,0,0.10688177450242967
BRCA2,0,0.1072806711133313
BRCA2,0,0.11059730284302546
BRCA2,0,0.1630770543644958
BRCA2,0,0.10689197167744076
BRCA2,0,0.10688123273831794
BRCA2,0,0.10705897959883072
BRCA2,0,0.1070051814697184
BRCA2,0,0.10688134473414133
BRCA2,0,0.10688131042712423
BRCA2,0,0.10923301182193444
BRCA2,0,0.10702935548753775
BRCA2,0,0.11987362084264364
BRCA2,0,0.10761404610068073
BRCA2,0,0.11139979014615836
BRCA2,0,0.121399605071113
BRCA2,0,0.14187175151433776
BRCA2,0,0.12641497089632267
BRCA2,0,0.10694027071478741
BRCA2,0,0.12121232688601677
BRCA2,0,0.10694593496085057
BRCA2,0,0.10717039842854789
BRCA2,0,0.11368822522848115
BRCA2,0,0.11187751196447955
BRCA2,0,0.15295244927876323
BRCA2,0,0.14977893355603325
BRCA2,1,0.10704815573411877
BRCA2,0,0.106884220565584
BRCA2,0,0.10688074322727685
BRCA2,0,0.10688642257115696
BRCA2,0,0.10689127016966023
BRCA2,0,0.10688025970456544
BRCA2,0,0.10690381485075398
BRCA2,0,0.10688054273531455
BRCA2,0,0.10689561680854813
BRCA2,0,0.10689561680854813
BRCA2,0,0.10688251358642542
BRCA2,0,0.1068815976649355
BRCA2,0,0.10718392865496677
BRCA2,0,0.10688754894508505
BRCA2,0,0.10696968705823359
BRCA2,0,0.10687981729088637
BRCA2,0,0.10687972943801147
BRCA2,0,0.10688031888764393
BRCA2,0,0.10690238132647556
BRCA2,0,0.10688461160968059
BRCA2,0,0.10689063445026799
BRCA2,0,0.10689563645003958
BRCA2,0,0.10814675310841236
BRCA2,0,0.10688080601485608
BRCA2,0,0.10688074978418254
BRCA2,0,0.1068803170585812
BRCA2,0,0.10689219108358
BRCA2,0,0.1068816023248691
BRCA2,0,0.1068798692839194
BRCA2,0,0.1068898008082617
BRCA2,0,0.10688420805233206
BRCA2,0,0.10687981114662541
BRCA2,0,0.10688592938046622
BRCA2,0,0.10688782656869866
BRCA2,0,0.10688643849362137
BRCA2,0,0.1068797026181439
BRCA2,0,0.10688776133046807
BRCA2,0,0.10691744179398455
BRCA2,0,0.10693133566376475
BRCA2,0,0.10688005220343702
BRCA2,0,0.10688626699811611
BRCA2,0,0.10690740760487659
BRCA2,0,0.10688114526157184
BRCA2,0,0.10688386317652349
BRCA2,0,0.10691742422499677
BRCA2,0,0.1068809191904641
BRCA2,0,0.10687970603476812
BRCA2,0,0.10688323986411721
BRCA2,0,0.10687952801434408
BRCA2,0,0.10689205925207675
BRCA2,0,0.10688775641436266
BRCA2,0,0.10689282994869458
BRCA2,0,0.1068808307702469
BRCA2,0,0.10687996116525057
BRCA2,0,0.1069039392499118
BRCA2,0,0.10688092355372172
BRCA2,0,0.10687992412276727
BRCA2,0,0.10688145889402088
BRCA2,0,0.10688085428341765
BRCA2,0,0.10688007522380409
BRCA2,0,0.10688012116068574
BRCA2,0,0.1068803813669994
BRCA2,0,0.10687974749174822
BRCA2,0,0.10688388284855557
BRCA2,0,0.10688175785084943
BRCA2,0,0.10688251391114079
BRCA2,0,0.10688082502333343
BRCA2,0,0.10687992898806516
BRCA2,0,0.10690165259830343
BRCA2,0,0.10689231199162753
BRCA2,0,0.10688608193210965
BRCA2,0,0.10689034831772284
BRCA2,0,0.11368905382597602
BRCA2,0,0.10804199514413611
BRCA2,0,0.10817143386483827
BRCA2,0,0.10721315406468129
BRCA2,0,0.10688067944156622
BRCA2,0,0.10688481914241874
BRCA2,0,0.10688713524228136
BRCA2,0,0.10694302710583947
BRCA2,0,0.10688549296749217
BRCA2,0,0.10688004200855906
BRCA2,0,0.10688056791569864
BRCA2,0,0.10697089751347638
BRCA2,0,0.10694313091380236
BRCA2,0,0.10712567807595759
BRCA2,0,0.10694671460439396
BRCA2,0,0.10688152995165365
BRCA2,0,0.1068809543934614
BRCA2,0,0.10688147170496479
BRCA2,0,0.10694824213053573
BRCA2,0,0.10688009855076333
BRCA2,0,0.11192691142079927
BRCA2,0,0.10687997680709584
BRCA2,0,0.1068820206660228
BRCA2,0,0.10688163783746214
BRCA2,0,0.10687961982545072
BRCA2,0,0.10687964705229322
BRCA2,0,0.10688086311696947
BRCA2,0,0.10688030717514921
BRCA2,0,0.10688732050389149
BRCA2,0,0.10688024002869019
BRCA2,0,0.10688087919559484
BRCA2,0,0.10688055590501798
BRCA2,0,0.10690939648904593
BRCA2,0,0.10688488434928095
BRCA2,0,0.10687957986425842
BRCA2,0,0.10688501065947946
BRCA2,0,0.10688856307350295
BRCA2,0,0.1068799956737802
BRCA2,0,0.10697847139871602
BRCA2,0,0.10688121770453626
BRCA2,0,0.10688074584421539
BRCA2,0,0.10688186586922825
BRCA2,0,0.10692317943535856
BRCA2,0,0.10687993814117097
BRCA2,0,0.10847182708225765
BRCA2,0,0.10689206453728271
BRCA2,0,0.10767118195201056
BRCA2,0,0.10689948829671048
BRCA2,0,0.10757080947001967
BRCA2,0,0.10721531563946185
BRCA2,0,0.10718442709161609
BRCA2,0,0.10711483811312127
BRCA2,0,0.10698073362986298
BRCA2,0,0.10688874574809493
BRCA2,0,0.10688496826313411
BRCA2,0,0.10687957311411005
BRCA2,0,0.10688107759774684
BRCA2,0,0.10700427324511388
BRCA2,0,0.10691008813107956
BRCA2,0,0.1084613179040081
BRCA2,0,0.10688189406154606
BRCA2,0,0.10688953784209144
BRCA2,0,0.10717327694969295
BRCA2,0,0.10755318135199583
BRCA2,0,0.10688293517734702
BRCA2,0,0.10689708792874936
BRCA2,0,0.10689025761122208
BRCA2,0,0.10689401638423572
BRCA2,0,0.10688390783075966
BRCA2,0,0.10688042614710178
BRCA2,0,0.10689224861823025
BRCA2,0,0.10731292536468662
BRCA2,0,0.10938184172205836
BRCA2,0,0.11033834688421866
BRCA2,0,0.11030698356350709
BRCA2,0,0.10687972012768625
BRCA2,0,0.10688432592905044
BRCA2,0,0.1070276675867468
BRCA2,0,0.10688350405764185
BRCA2,0,0.10692674142229995
BRCA2,0,0.17302178408096844
BRCA2,0,0.10688175157188681
BRCA2,0,0.1069274612858309
BRCA2,0,0.10711533094671521
BRCA2,0,0.10827182357577814
BRCA2,0,0.10689263180059524
BRCA2,0,0.10689052121505206
BRCA2,0,0.10688238230196433
BRCA2,0,0.10695305513026686
BRCA2,0,0.10734131854565962
BRCA2,0,0.10714819081331166
BRCA2,0,0.10712274595104451
BRCA2,0,0.10687993414659969
BRCA2,0,0.10690792874778618
BRCA2,0,0.10693436722731266
BRCA2,0,0.10838961501670026
BRCA2,0,0.11603871808634642
BRCA2,0,0.1068826470938211
BRCA2,0,0.10707700035006537
BRCA2,0,0.10688337797834842
BRCA2,0,0.10688274580601535
BRCA2,0,0.10693452898467354
BRCA2,0,0.10689381736188475
BRCA2,0,0.10773545980231797
BRCA2,0,0.10688447379531635
BRCA2,0,0.106881757667035
BRCA2,0,0.10688027713847577
BRCA2,0,0.10705601517693342
BRCA2,0,0.10690340255294842
BRCA2,0,0.10688040974354568
BRCA2,0,0.10688016686747154
BRCA2,0,0.1068802206728921
BRCA2,0,0.10688339232207295
BRCA2,0,0.10688493136312589
BRCA2,0,0.10689790869676452
BRCA2,0,0.10692493371341011
BRCA2,0,0.10688397677421188
BRCA2,0,0.1069308250126825
BRCA2,0,0.1069143519308289
BRCA2,0,0.10687970315291773
BRCA2,0,0.10688313003489389
BRCA2,0,0.10688317127183279
BRCA2,0,0.10688365662569316
BRCA2,0,0.10689580057670134
BRCA2,0,0.10688200430275194
BRCA2,0,0.10688067588827974
BRCA2,0,0.1068832155583676
BRCA2,0,0.10687966997886188
BRCA2,0,0.10688096400526038
BRCA2,0,0.10688257676923572
BRCA2,0,0.10688781088194241
BRCA2,0,0.10688270912449899
BRCA2,0,0.10688001120060614
BRCA2,0,0.1068806365127735
BRCA2,0,0.10688657108631508
BRCA2,0,0.10687967773416095
BRCA2,0,0.10688100762437021
BRCA2,0,0.1068816706733335
BRCA2,0,0.10688290273043301
BRCA2,0,0.10688901020372746
BRCA2,0,0.10692420484415548
BRCA2,0,0.10726924864768685
BRCA2,0,0.10692328106226845
BRCA2,0,0.10687992038835785
BRCA2,0,0.10688284638937
BRCA2,0,0.10688232813556134
BRCA2,0,0.1068804471503614
BRCA2,0,0.1068822966440678
BRCA2,0,0.10687961553271672
BRCA2,0,0.10690355363604409
BRCA2,0,0.10712104744335951
BRCA2,0,0.1069735041506337
BRCA2,0,0.107659816620636
BRCA2,0,0.10690494547378303
BRCA2,0,0.10689963561499466
BRCA2,0,0.10687968096539914
BRCA2,0,0.1068875238606781
BRCA2,0,0.10688851772530672
BRCA2,0,0.10689021375705518
BRCA2,0,0.106973989021177
BRCA2,0,0.10691774626800181
BRCA2,0,0.1081485371626982
BRCA2,0,0.10707638700750009
BRCA2,0,0.10688271722232946
BRCA2,0,0.10688213684125082
BRCA2,0,0.10688333258173435
BRCA2,0,0.10791077635320664
BRCA2,0,0.1069215413241125
BRCA2,0,0.10710831563706855
BRCA2,0,0.10687958019487553
BRCA2,0,0.10688177872120713
BRCA2,0,0.10688304575472901
BRCA2,0,0.10689171811125461
BRCA2,0,0.10694914261482172
BRCA2,0,0.10689840110494082
BRCA2,0,0.10688763498962728
BRCA2,0,0.10688125278774913
BRCA2,0,0.10687972158902374
BRCA2,0,0.10706528108524305
BRCA2,0,0.10710782414563179
BRCA2,0,0.10801352761665318
BRCA2,0,0.10688940478042348
BRCA2,0,0.10688097536703879
BRCA2,0,0.10690334382622552
BRCA2,0,0.10688391554948974
BRCA2,0,0.10688733520367046
BRCA2,0,0.10688064046399123
BRCA2,0,0.10691449244680505
BRCA2,0,0.10687985282556435
BRCA2,0,0.10688310098086608
BRCA2,0,0.1071845725114452
BRCA2,0,0.10688015653438793
BRCA2,0,0.10690644445028755
BRCA2,0,0.10696436320648568
BRCA2,0,0.10688120597765466
BRCA2,0,0.113776077664682
BRCA2,0,0.1465004309103466
BRCA2,0,0.10741568361600468
BRCA2,0,0.10690526825932295
BRCA2,0,0.11846951521550533
BRCA2,0,0.10850901363138599
BRCA2,0,0.10708080875804005
BRCA2,0,0.10688281309803964
BRCA2,0,0.10688049552256257
BRCA2,0,0.10688680589176897
BRCA2,0,0.10692522508791422
BRCA2,0,0.10697954912117716
BRCA2,0,0.11079256226511629
BRCA2,0,0.10687992076146557
BRCA2,0,0.10688828509007257
BRCA2,0,0.10687998209553438
BRCA2,0,0.10731300800800406
BRCA2,0,0.10688214833050412
BRCA2,0,0.10688015288837172
BRCA2,0,0.10688162961844469
BRCA2,0,0.10731362415540194
BRCA2,0,0.10757428734030557
BRCA2,0,0.1068937511820333
BRCA2,0,0.10688330373037855
BRCA2,0,0.10692124572252314
BRCA2,0,0.10689033290324511
BRCA2,0,0.10687992743864114
BRCA2,0,0.10691586406669755
BRCA2,0,0.11385935630929356
BRCA2,0,0.10715173277913774
BRCA2,0,0.10688061356546577
BRCA2,0,0.10688008675688211
BRCA2,0,0.10703558415035287
BRCA2,0,0.1068931446663752
BRCA2,0,0.11806242231573434
BRCA2,0,0.10688262676061522
BRCA2,0,0.1068800418154992
BRCA2,0,0.10734460404907872
BRCA2,0,0.10691504259131
BRCA2,0,0.10693486906902037
BRCA2,0,0.10891784481418303
BRCA2,0,0.10718681178822272
BRCA2,0,0.1158447947175318
BRCA2,0,0.11596448042587781
BRCA2,0,0.10692326338365044
BRCA2,0,0.10687982521698923
BRCA2,0,0.10780407847124708
BRCA2,0,0.1069389117952753
BRCA2,0,0.1345679474259682
BRCA2,0,0.12216193320636104
BRCA2,0,0.10717667479498195
BRCA2,0,0.18860994955313673
BRCA2,0,0.10717019029949733
BRCA2,0,0.11491591696346833
BRCA2,0,0.14598608304638813
BRCA2,0,0.12907448952347297
BRCA2,0,0.10803329412244911
BRCA2,0,0.10692802548740067
BRCA2,0,0.10748874020229766
BRCA2,0,0.1068801280285438
BRCA2,0,0.10804927854090464
BRCA2,0,0.11069568572980025
BRCA2,0,0.10688421605606437
BRCA2,0,0.10765897648630146
BRCA2,0,0.14687373914508334
BRCA2,0,0.1074341041106555
BRCA2,0,0.10689388038146486
BRCA2,0,0.11037868474218793
BRCA2,0,0.10711844212987448
BRCA2,0,0.10788935595851366
BRCA2,0,0.10716122272520119
BRCA2,0,0.11431589007115694
BRCA2,0,0.10688758502572522
BRCA2,0,0.10694482786027551
BRCA2,0,0.1110713143437443
BRCA2,0,0.10977756700285718
BRCA2,0,0.10688500968129203
BRCA2,0,0.10929519638593004
BRCA2,0,0.11655150924750142
BRCA2,0,0.1090069782792662
BRCA2,0,0.10690804223041292
BRCA2,0,0.10689116543873542
BRCA2,0,0.12107397135140986
BRCA2,0,0.10688372011058829
BRCA2,0,0.11100286294188487
BRCA2,0,0.10688135032989941
BRCA2,0,0.10688080353314704
BRCA2,0,0.1068828845059354
BRCA2,0,0.10762569059184458
BRCA2,0,0.11088768931991456
BRCA2,0,0.10708123028962059
BRCA2,0,0.163021866233508
BRCA2,0,0.10697804506185024
BRCA2,0,0.10767225009401869
BRCA2,0,0.10687996993666322
BRCA2,0,0.10687972869675505
BRCA2,0,0.10688022597556437
BRCA2,0,0.14299702717372176
BRCA2,0,0.10688545502733446
BRCA2,0,0.10691966815933443
BRCA2,0,0.11269825404578145
BRCA2,0,0.11106353149165661
BRCA2,0,0.10882969495122227
BRCA2,0,0.11128413847309834
BRCA2,0,0.10709256423269882
BRCA2,0,0.10697014516514365
BRCA2,0,0.10688114680679282
BRCA2,0,0.10998879815836397
BRCA2,0,0.1068844762542638
BRCA2,0,0.10688157380881759
BRCA2,0,0.10688320139349196
BRCA2,0,0.10689418179208673
BRCA2,0,0.10690948481040176
BRCA2,0,0.1069115148781637
BRCA2,0,0.1074335319302124
BRCA2,0,0.1069651971831204
BRCA2,0,0.10745928506642573
BRCA2,0,0.18296490797895412
BRCA2,0,0.10710761284545636
BRCA2,0,0.10718204463080971
BRCA2,0,0.10689932283145111
BRCA2,0,0.10688913302708217
BRCA2,0,0.10688298796842416
BRCA2,0,0.13470678527679034
BRCA2,0,0.1227442761896736
BRCA2,0,0.10691313050429235
BRCA2,0,0.10703707265166809
BRCA2,0,0.10688253427018728
BRCA2,0,0.10801435070202166
BRCA2,0,0.1069608234574769
BRCA2,0,0.10693261555370764
BRCA2,0,0.10703682059333079
BRCA2,0,0.10810514142026624
BRCA2,0,0.10688264177652579
BRCA2,0,0.10927576915361689
BRCA2,0,0.10687987194914175
BRCA2,0,0.10687985056957902
BRCA2,0,0.10688005412588256
BRCA2,0,0.10688223192275458
BRCA2,0,0.1068809250697259
BRCA2,0,0.10689382560741026
BRCA2,0,0.11009216829855385
BRCA2,0,0.10707488585981734
BRCA2,0,0.11655312553310505
BRCA2,0,0.1155212569967023
BRCA2,0,0.1068994178756725
BRCA2,0,0.10688059662645606
BRCA2,0,0.10720939523042025
BRCA2,0,0.10689301810420544
BRCA2,0,0.10706283362380664
BRCA2,0,0.1068797715122211
BRCA2,0,0.10688533225944424
BRCA2,0,0.10687987225733862
BRCA2,0,0.10700615636974364
BRCA2,0,0.10697082240242432
BRCA2,0,0.10688347576473624
BRCA2,0,0.10908363289488593
BRCA2,0,0.10687971433659582
BRCA2,0,0.1068876555444688
BRCA2,0,0.10688119363549774
BRCA2,0,0.10688933788388703
BRCA2,0,0.10687959774435254
BRCA2,0,0.10687972789471341
BRCA2,0,0.10688261822564918
BRCA2,0,0.10693582728252565
BRCA2,0,0.10692408882836817
BRCA2,0,0.1068840134676583
BRCA2,0,0.10688164479057242
BRCA2,0,0.10724159509706685
BRCA2,0,0.13467418510535875
BRCA2,0,0.10688242896832215
BRCA2,0,0.10687978053387584
BRCA2,0,0.10688932852772559
BRCA2,0,0.11125652849364279
BRCA2,0,0.10724446033246868
BRCA2,0,0.10688121567760642
BRCA2,0,0.10771435746719887
BRCA2,0,0.10777049052711465
BRCA2,0,0.10781992841537798
BRCA2,0,0.10786872668042637
BRCA2,0,0.1076658451340475
BRCA2,0,0.10715459775856857
BRCA2,0,0.10691681345664208
BRCA2,0,0.10691876542473999
BRCA2,0,0.10689311564290664
BRCA2,0,0.10703923404193645
BRCA2,0,0.10689598773498805
BRCA2,0,0.10690432910154384
BRCA2,0,0.10688108398695868
BRCA2,0,0.10694910703213602
BRCA2,0,0.10688095697770844
BRCA2,0,0.10688349596498721
BRCA2,0,0.10688331478087945
BRCA2,0,0.10688288273719007
BRCA2,0,0.10690800891096093
BRCA2,0,0.10837422933187137
BRCA2,0,0.10690664115735454
BRCA2,0,0.10757005663955872
BRCA2,0,0.11515064781357717
BRCA2,0,0.10687997630908248
BRCA2,0,0.10688137691384603
BRCA2,0,0.10688150544661261
BRCA2,0,0.10688071212299467
BRCA2,0,0.1068809812896658
BRCA2,0,0.1069153810631021
BRCA2,0,0.1068843452819598
BRCA2,0,0.1068798266433038
BRCA2,0,0.1068831522295259
BRCA2,0,0.10687992492867371
BRCA2,0,0.10688248032309201
BRCA2,0,0.10688510445118608
BRCA2,0,0.1069053482737841
BRCA2,0,0.10703217144330432
BRCA2,0,0.10687965531259568
BRCA2,0,0.10687972945855628
BRCA2,0,0.10688180862017184
BRCA2,0,0.10688152533663889
BRCA2,0,0.10688110975578256
BRCA2,0,0.10770254444592212
BRCA2,0,0.10688349647321074
BRCA2,0,0.10688046097368872
BRCA2,0,0.10688104418166121
BRCA2,0,0.1068994215422633
BRCA2,0,0.10687984054642514
BRCA2,0,0.10691088512350509
BRCA2,0,0.10741801560677251
BRCA2,0,0.10927969321382575
BRCA2,0,0.12472881633001177
BRCA2,0,0.10688956224237622
BRCA2,0,0.13783661528766358
BRCA2,0,0.10701579358577244
BRCA2,0,0.10728001468186678
BRCA2,0,0.10688153785580055
BRCA2,0,0.106892638508635
BRCA2,0,0.10796060984379516
BRCA2,0,0.11460839762952067
BRCA2,0,0.10691929165454295
BRCA2,0,0.11025015886214713
BRCA2,0,0.1102970970789753
BRCA2,0,0.10689824179356758
BRCA2,0,0.10688624589390448
BRCA2,0,0.12733592094526083
BRCA2,0,0.10689950688665417
BRCA2,0,0.10691843856469523
BRCA2,0,0.10706562772793843
BRCA2,0,0.10691642379170598
BRCA2,0,0.10753107377505011
BRCA2,0,0.11446229542749892
BRCA2,0,0.11345684016408733
BRCA2,0,0.10718178869547457
BRCA2,0,0.10688054841582487
BRCA2,0,0.10687982959212045
BRCA2,0,0.10687956163372628
BRCA2,0,0.10691379480425141
BRCA2,0,0.10688203876308604
BRCA2,0,0.10688605668836529
BRCA2,0,0.10688501554001992
BRCA2,0,0.10688065794912728
BRCA2,0,0.10688357122001811
BRCA2,0,0.10690947172131707
BRCA2,0,0.10687966699777415
BRCA2,0,0.10687983440265637
BRCA2,0,0.10688268063870203
BRCA2,0,0.10688201131390557
BRCA2,0,0.10688095459971429
BRCA2,0,0.10688111679061238
BRCA2,0,0.10702746654294498
BRCA2,0,0.10688394686990656
BRCA2,0,0.10691158503726911
BRCA2,0,0.1068877078040293
BRCA2,0,0.10688230245242088
BRCA2,0,0.10693742925202385
BRCA2,0,0.10688159609153328
BRCA2,0,0.10688102019526384
BRCA2,0,0.10691264378020882
BRCA2,0,0.10688271938492351
BRCA2,0,0.106971420869979
BRCA2,0,0.10688979801547202
BRCA2,0,0.10690811698112301
BRCA2,0,0.10689849362403234
BRCA2,0,0.10704758130968674
BRCA2,0,0.10688249569305898
BRCA2,0,0.10687959720038177
BRCA2,0,0.10687954731588868
BRCA2,0,0.1087758146409908
BRCA2,0,0.1068834452607821
BRCA2,0,0.10688032009689541
BRCA2,0,0.10688182709423527
BRCA2,0,0.10690657093923109
BRCA2,0,0.10688294597173505
BRCA2,0,0.10688136530167261
BRCA2,0,0.10688044617035299
BRCA2,0,0.10687992639957503
BRCA2,0,0.10688086314251467
BRCA2,0,0.1068803408217423
BRCA2,0,0.10688330592994974
BRCA2,0,0.10688551755880828
BRCA2,0,0.1068797570380262
BRCA2,0,0.10691214506254253
BRCA2,0,0.10688587587965127
BRCA2,0,0.1068801341284724
BRCA2,0,0.10688101145659933
BRCA2,0,0.1068822182630053
BRCA2,0,0.10692399840545731
BRCA2,0,0.1068796784570457
BRCA2,0,0.10688317573770448
BRCA2,0,0.1068852075136831
BRCA2,0,0.10718961928563299
BRCA2,0,0.10924488294833103
BRCA2,0,0.10688101560429997
BRCA2,0,0.10721549030526999
BRCA2,0,0.10690853387628983
BRCA2,0,0.1071268605798692
BRCA2,0,0.10687991295338618
BRCA2,0,0.10688267664004894
BRCA2,0,0.10688068685888837
BRCA2,0,0.10722798739355385
BRCA2,0,0.1068816611816738
BRCA2,0,0.1078636348754665
BRCA2,0,0.10688374507681155
BRCA2,0,0.10688003834378423
BRCA2,0,0.10687970011331863
BRCA2,0,0.10693600759684323
BRCA2,0,0.10689068549587141
BRCA2,0,0.10689592725779946
BRCA2,0,0.10688495136571026
BRCA2,0,0.10692963783109964
BRCA2,0,0.10689365549404513
BRCA2,0,0.1068832426323694
BRCA2,0,0.10689132360549825
BRCA2,0,0.10688432439128569
BRCA2,0,0.10688035251984931
BRCA2,0,0.1068828694500861
BRCA2,0,0.10688762366302686
BRCA2,0,0.10688128233700517
BRCA2,0,0.10689036909650797
BRCA2,0,0.10687999021002033
BRCA2,0,0.1068864779485731
BRCA2,0,0.1069179483358733
BRCA2,0,0.10690171377321135
BRCA2,0,0.10688089855807605
BRCA2,0,0.10687966864742603
BRCA2,0,0.10688491808742931
BRCA2,0,0.10687966940911006
BRCA2,0,0.10688036297877404
BRCA2,0,0.1068970154992981
BRCA2,0,0.10691185923086967
BRCA2,0,0.10692407680256491
BRCA2,0,0.10687988406366111
BRCA2,0,0.11093753240752643
BRCA2,0,0.1136220333768083
BRCA2,0,0.1134470876535888
BRCA2,0,0.1115492972770889
BRCA2,0,0.10688306708475247
BRCA2,0,0.10688120583311911
BRCA2,0,0.11155404118185744
BRCA2,0,0.10692117720524599
BRCA2,0,0.10691678166704732
BRCA2,0,0.11803906161993041
BRCA2,0,0.15796529262279768
BRCA2,0,0.13248625284062562
BRCA2,0,0.16823728519610362
BRCA2,0,0.10690037885590736
BRCA2,0,0.13821140413954872
BRCA2,0,0.9028628902640106
BRCA2,0,0.9973146074264239
BRCA2,0,0.11294792325607823
BRCA2,0,0.13196556747507077
BRCA2,0,0.366371685820971
BRCA2,0,0.232742046587446
BRCA2,0,0.19689185737086984
BRCA2,0,0.2757588384510743
BRCA2,0,0.10980545399598586
BRCA2,0,0.11499162479580124
BRCA2,0,0.11490999870162368
BRCA2,0,0.11059313172388245
BRCA2,0,0.17512814239779406
BRCA2,0,0.3813714415243188
BRCA2,0,0.10914967169943032
BRCA2,0,0.10916423889379119
BRCA2,0,0.1099772825533657
BRCA2,0,0.14662770338163097
BRCA2,0,0.1274787481984362
BRCA2,0,0.1070664530373943
BRCA2,0,0.10688969142222073
BRCA2,0,0.10846242030594429
BRCA2,0,0.16734795020034773
BRCA2,0,0.18477234342476817
BRCA2,0,0.10895805885490673
BRCA2,0,0.10688273461122015
BRCA2,0,0.11350361309676812
BRCA2,0,0.10693911505856149
BRCA2,0,0.11817091191799386
BRCA2,0,0.1072253071224758
BRCA2,0,0.11567739894041663
BRCA2,0,0.10810509086377358
BRCA2,0,0.1699438090356207
BRCA2,0,0.1074015088022851
BRCA2,0,0.10831999891032966
BRCA2,0,0.11316321043077394
BRCA2,0,0.1074455995621699
BRCA2,0,0.11172253306178215
BRCA2,0,0.10857112987210718
BRCA2,0,0.16141310482827276
BRCA2,0,0.11258832620478516
BRCA2,0,0.1272529028951107
BRCA2,0,0.10992004862200673
BRCA2,0,0.12586485976037004
BRCA2,0,0.11297004130942076
BRCA2,0,0.15875091546227676
BRCA2,0,0.19438526128416433
BRCA2,0,0.1166234998745228
BRCA2,0,0.10735937639767056
BRCA2,0,0.10701919276363825
BRCA2,0,0.1070141426186386
BRCA2,0,0.11128320339498622
BRCA2,0,0.10810011006108715
BRCA2,0,0.10713406819886194
BRCA2,0,0.1250398165359804
BRCA2,0,0.10688551152327308
BRCA2,0,0.13046308357927253
BRCA2,0,0.10689337391075075
BRCA2,0,0.10687983536951219
BRCA2,0,0.1068797353335413
BRCA2,0,0.10690065068530642
BRCA2,0,0.10688012730608785
BRCA2,0,0.1069070541416183
BRCA2,0,0.10716965964822858
BRCA2,0,0.10688731891309552
BRCA2,0,0.10689662229753419
BRCA2,0,0.1069927935575158
BRCA2,0,0.10689500636533648
BRCA2,0,0.10688064005309116
BRCA2,0,0.10688351791288862
BRCA2,0,0.10688333586343511
BRCA2,0,0.10688048457619256
BRCA2,0,0.10757212180490891
BRCA2,0,0.10688280438343155
BRCA2,0,0.10688327922418586
BRCA2,0,0.10689597489099636
BRCA2,0,0.10689579036280045
BRCA2,0,0.10688027375218549
BRCA2,0,0.10687965044898644
BRCA2,0,0.10688053348049409
BRCA2,0,0.10695140918779893
BRCA2,0,0.10690078685259356
BRCA2,0,0.10700348487832745
BRCA2,0,0.10688439712705294
BRCA2,0,0.10688524218116821
BRCA2,0,0.10688865869798919
BRCA2,0,0.1070398694149307
BRCA2,0,0.10688260470171207
BRCA2,0,0.10688231962038068
BRCA2,0,0.10715112372584557
BRCA2,0,0.1069155536284554
BRCA2,0,0.10688190141063875
BRCA2,0,0.10723769416066323
BRCA2,0,0.10688067227137718
BRCA2,0,0.10688056334063445
BRCA2,0,0.10688051291544912
BRCA2,0,0.1069692391809575
BRCA2,0,0.10687995894535474
BRCA2,0,0.1074586388149395
BRCA2,0,0.10688023806949092
BRCA2,0,0.10688067647296347
BRCA2,0,0.10689093166529222
BRCA2,0,0.10688109352651363
BRCA2,0,0.1068832072299677
BRCA2,0,0.10710612071595076
BRCA2,0,0.11610847539343289
BRCA2,0,0.10688025369421782
BRCA2,0,0.10688319656930416
BRCA2,0,0.10700732114024138
BRCA2,0,0.10688992318196454
BRCA2,0,0.10688498958932727
BRCA2,0,0.1068846253111743
BRCA2,0,0.10688028623304559
BRCA2,0,0.10689343276380947
BRCA2,0,0.10687953629457966
BRCA2,0,0.10689879158521826
BRCA2,0,0.10690740757799161
BRCA2,0,0.10687978930139519
BRCA2,0,0.10688024747432198
BRCA2,0,0.10688043190280881
BRCA2,0,0.106879738155039
BRCA2,0,0.10693004543915455
BRCA2,0,0.10688240370943776
BRCA2,0,0.10688059147087986
BRCA2,0,0.10690186126202128
BRCA2,0,0.10688036548218462
BRCA2,0,0.10688150839136756
BRCA2,0,0.1068798843955153
BRCA2,0,0.10688226761232027
BRCA2,0,0.10688356140084353
BRCA2,0,0.10688210371063146
BRCA2,0,0.10688309461117025
BRCA2,0,0.10688225391099605
BRCA2,0,0.10689765612048274
BRCA2,0,0.10688046676951521
BRCA2,0,0.10688253250070394
BRCA2,0,0.10688044710738281
BRCA2,0,0.1068795992112363
BRCA2,0,0.10687958858335501
BRCA2,0,0.10692068758356209
BRCA2,0,0.10688808492621987
BRCA2,0,0.106914849695547
BRCA2,0,0.10688079746792212
BRCA2,0,0.10688008474295078
BRCA2,0,0.10692538323303319
BRCA2,0,0.10688054390490218
BRCA2,0,0.1068817708560019
BRCA2,0,0.10688001246313562
BRCA2,0,0.10688064758160135
BRCA2,0,0.10688257048463033
BRCA2,0,0.10693999060104355
BRCA2,0,0.11476450950501232
BRCA2,0,0.1068861163199398
BRCA2,0,0.1068811101142875
BRCA2,0,0.10688141517135748
BRCA2,0,0.1068911931509611
BRCA2,0,0.10688479421717315
BRCA2,0,0.10688051274152974
BRCA2,0,0.10708990343638251
BRCA2,0,0.10693499429772281
BRCA2,0,0.10689411699807481
BRCA2,0,0.10690362461395296
BRCA2,0,0.10687969099148047
BRCA2,0,0.10688252585385595
BRCA2,0,0.10688017383880759
BRCA2,0,0.10688160879877934
BRCA2,0,0.10745094990384689
BRCA2,0,0.10723048085775842
BRCA2,0,0.10688025448767167
BRCA2,0,0.10875792171015608
BRCA2,0,0.10844730289392315
BRCA2,0,0.10688528468137634
BRCA2,0,0.10702457499920373
BRCA2,0,0.10698462076990041
BRCA2,0,0.11615985609880006
BRCA2,0,0.10846413710395503
BRCA2,0,0.10860355694326727
BRCA2,0,0.11033273662523344
BRCA2,0,0.10699644417514793
BRCA2,0,0.1087667535224019
BRCA2,0,0.20026314918310426
BRCA2,0,0.13858491602458023
BRCA2,0,0.12383136277666017
BRCA2,0,0.533950623776674
BRCA2,0,0.2241152868658192
BRCA2,0,0.9683415728376689
BRCA2,0,0.12069488078779159
BRCA2,0,0.20046023734593685
BRCA2,0,0.1145561419982044
BRCA2,0,0.9455693857119426
BRCA2,0,0.9975428230201916
BRCA2,0,0.4879328530275892
BRCA2,0,0.13651937688994972
BRCA2,0,0.3354626495093811
BRCA2,0,0.12001052742236179
BRCA2,0,0.20476933928846877
BRCA2,0,0.11471657703307166
BRCA2,0,0.10773242081791227
BRCA2,0,0.10697798069356186
BRCA2,0,0.1362747302104394
BRCA2,0,0.2562833912445778
BRCA2,0,0.5399559849162086
BRCA2,0,0.10691068149025773
BRCA2,0,0.10688065113381187
BRCA2,0,0.10688062589895513
BRCA2,0,0.10755750019180942
BRCA2,0,0.11156190682364599
BRCA2,0,0.1208175921038988
BRCA2,0,0.15311382568511825
BRCA2,0,0.11557186526108616
BRCA2,0,0.11815300695734893
BRCA2,0,0.14859386097716212
BRCA2,0,0.10956526615428817
BRCA2,0,0.10954574952362782
BRCA2,0,0.12695748690398495
BRCA2,0,0.12248019483519013
BRCA2,0,0.10773882660071053
BRCA2,0,0.11659319321176623
BRCA2,0,0.10689248918008849
BRCA2,0,0.1068874866182646
BRCA2,0,0.1068815089162045
BRCA2,0,0.11023972565315296
BRCA2,0,0.14204276608927463
BRCA2,0,0.11019060270454746
BRCA2,0,0.15024070365124087
BRCA2,0,0.1365886288519646
BRCA2,0,0.14557712344048862
BRCA2,0,0.1988583460223384
BRCA2,0,0.13509209269102593
BRCA2,0,0.10688094236976077
BRCA2,0,0.10690601158894984
BRCA2,0,0.10692972295090956
BRCA2,0,0.1086810802700233
BRCA2,0,0.12537149078055923
BRCA2,0,0.1069011627194541
BRCA2,0,0.14037592803138843
BRCA2,0,0.16708844004290077
BRCA2,0,0.12610757376548112
BRCA2,0,0.11935719323909748
BRCA2,0,0.11099605363670582
BRCA2,0,0.11707071366999719
BRCA2,0,0.16462286808587423
BRCA2,0,0.16514763705722363
BRCA2,0,0.10688008730328316
BRCA2,0,0.1068861836076871
BRCA2,0,0.10699981132045017
BRCA2,0,0.1192240104873513
BRCA2,0,0.1069023750128415
BRCA2,0,0.10688444594942595
BRCA2,0,0.10690791947591363
BRCA2,0,0.10704433377384401
BRCA2,0,0.10945346137977098
BRCA2,0,0.10827657032168095
BRCA2,0,0.10696447970668783
BRCA2,0,0.10744529441180166
BRCA2,0,0.1068824685549342
BRCA2,0,0.10687995447670584
BRCA2,0,0.10688043586590945
BRCA2,0,0.10688023881000021
BRCA2,0,0.10688672924180191
BRCA2,0,0.10688322935226637
BRCA2,0,0.10688145366408118
BRCA2,0,0.1068807699946388
BRCA2,0,0.10688134639907318
BRCA2,0,0.10688728573865813
BRCA2,0,0.10688734966067952
BRCA2,0,0.10688146747227956
BRCA2,0,0.10687978858043158
BRCA2,0,0.10688229968645785
BRCA2,0,0.10688044063653804
BRCA2,0,0.10688005995137038
BRCA2,0,0.10688225069854408
BRCA2,0,0.1068795207741649
BRCA2,0,0.1069294836683542
BRCA2,0,0.10687984996421566
BRCA2,0,0.10687979632413055
BRCA2,0,0.11210021836713915
BRCA2,0,0.10711721572504646
BRCA2,0,0.1068797534205226
BRCA2,0,0.10687978162538334
BRCA2,0,0.10688200873421451
BRCA2,0,0.10694576847583805
BRCA2,0,0.10688122838378471
BRCA2,0,0.10692003376266093
BRCA2,0,0.10690144226822378
BRCA2,0,0.10690957219278108
BRCA2,0,0.10689829532456804
BRCA2,0,0.10701539678596306
BRCA2,0,0.10688250731610288
BRCA2,0,0.10688810212564946
BRCA2,0,0.10688500315472386
BRCA2,0,0.10690238718229453
BRCA2,0,0.10762495860615207
BRCA2,0,0.10688818283514473
BRCA2,0,0.10695886144161741
BRCA2,0,0.10695656104970704
BRCA2,0,0.10689974486700432
BRCA2,0,0.10708540690056727
BRCA2,0,0.10689506094355791
BRCA2,0,0.10688053752883414
BRCA2,0,0.10688225411220685
BRCA2,0,0.10688692186386746
BRCA2,0,0.10688002658705117
BRCA2,0,0.10688028288785638
BRCA2,0,0.1068846540210736
BRCA2,0,0.10687983947602762
BRCA2,0,0.10688155163000772
BRCA2,0,0.10688187505601238
BRCA2,0,0.10693592105784112
BRCA2,0,0.10689604719617646
BRCA2,0,0.10688175760227085
BRCA2,0,0.10688216650958744
BRCA2,0,0.10729823072624972
BRCA2,0,0.1068796608511416
BRCA2,0,0.10688090342050305
BRCA2,0,0.10688098146970143
BRCA2,0,0.10688143869217027
BRCA2,0,0.10688578527146576
BRCA2,0,0.10688930889928697
BRCA2,0,0.10693569514872162
BRCA2,0,0.10687975386964513
BRCA2,0,0.10687953333888357
BRCA2,0,0.10688057896461853
BRCA2,0,0.10688485594455209
BRCA2,0,0.10708303816758882
BRCA2,0,0.10842094155416042
BRCA2,0,0.10691997231656743
BRCA2,0,0.10688184687636906
BRCA2,0,0.1069661007392042
BRCA2,0,0.10688178725869393
BRCA2,0,0.10690364898161421
BRCA2,0,0.10688935498377573
BRCA2,0,0.10688480060055709
BRCA2,0,0.1069124686803934
BRCA2,0,0.10688178017616955
BRCA2,0,0.10688383497157025
BRCA2,0,0.10695469162136846
BRCA2,0,0.10814113763661114
BRCA2,0,0.10689072154842981
BRCA2,0,0.10688014202755158
BRCA2,0,0.10689405810162125
BRCA2,0,0.1068803691043023
BRCA2,0,0.10688185960613987
BRCA2,0,0.10691706168327156
BRCA2,0,0.1069547930708164
BRCA2,0,0.1069369174705236
BRCA2,0,0.10689251692221977
BRCA2,0,0.10687987157716781
BRCA2,0,0.10688064892658466
BRCA2,0,0.1068800587617245
BRCA2,0,0.10692122676288715
BRCA2,0,0.1068833910343699
BRCA2,0,0.10688061093303862
BRCA2,0,0.10691793663827606
BRCA2,0,0.10688215092676093
BRCA2,0,0.10689820341415696
BRCA2,0,0.10688708033167864
BRCA2,0,0.1070052544889979
BRCA2,0,0.10689499154007676
BRCA2,0,0.10734400462143583
BRCA2,0,0.10699519618521348
BRCA2,0,0.10703429164051664
BRCA2,0,0.10688390892181455
BRCA2,0,0.10688992576096425
BRCA2,0,0.106880650225943
BRCA2,0,0.10688267808108384
BRCA2,0,0.10688118602178766
BRCA2,0,0.10688715644266544
BRCA2,0,0.10766427684990716
BRCA2,0,0.10695614885654078
BRCA2,0,0.10688216683311313
BRCA2,0,0.10688446824064016
BRCA2,0,0.10688378836322175
BRCA2,0,0.1069125005066213
BRCA2,0,0.1069009987035181
BRCA2,0,0.10688697166560472
BRCA2,0,0.1069074075787299
BRCA2,0,0.10688042980933188
BRCA2,0,0.10688261482766653
BRCA2,0,0.10687988777038804
BRCA2,0,0.1069574338920033
BRCA2,0,0.10711365886289187
BRCA2,0,0.10688391534623709
BRCA2,0,0.10688031888764393
BRCA2,0,0.10688316464730009
BRCA2,0,0.10688223178174804
BRCA2,0,0.10701290162181538
BRCA2,0,0.10690880166968231
BRCA2,0,0.12304576094930678
BRCA2,0,0.12747228039786884
BRCA2,0,0.10718287021013348
BRCA2,0,0.10693462256626052
BRCA2,0,0.1102416008928311
BRCA2,0,0.10701461121985423
BRCA2,0,0.10692909699918554
BRCA2,0,0.10688212916166344
BRCA2,0,0.10688900087442713
BRCA2,0,0.106935181066747
BRCA2,0,0.10692475963475119
BRCA2,0,0.10689261620738141
BRCA2,0,0.10697984473365892
BRCA2,0,0.10688177699148983
BRCA2,0,0.10690819271105761
BRCA2,0,0.10696394526700105
BRCA2,0,0.10692112378649073
BRCA2,0,0.10707271783091536
BRCA2,0,0.10690305852263167
BRCA2,0,0.10688117981218165
BRCA2,0,0.10873340533510963
BRCA2,0,0.10694690503968654
BRCA2,0,0.10689357766985995
BRCA2,0,0.10688038082884987
BRCA2,0,0.10772475238843425
BRCA2,0,0.10690441014095821
BRCA2,0,0.10709095846116616
BRCA2,0,0.1069118724273503
BRCA2,0,0.1119052429416311
BRCA2,0,0.11030150565528928
BRCA2,0,0.10902470761145104
BRCA2,0,0.1081170126430793
BRCA2,0,0.10688563429939009
BRCA2,0,0.10832375409904389
BRCA2,0,0.10688017142025294
BRCA2,0,0.1068845233842735
BRCA2,0,0.10688478410301341
BRCA2,0,0.10687997491585798
BRCA2,0,0.10690925769441405
BRCA2,0,0.10688408911090654
BRCA2,0,0.10693073455778274
BRCA2,0,0.10918867158704103
BRCA2,0,0.10693798799521714
BRCA2,0,0.10690566969319974
BRCA2,0,0.10688279209263275
BRCA2,0,0.10689135504765447
BRCA2,0,0.10961227959998698
BRCA2,0,0.10693089060911687
BRCA2,0,0.10692655504833858
BRCA2,0,0.10714709613128044
BRCA2,0,0.10706741755507733
BRCA2,0,0.10775148669266199
BRCA2,0,0.10786315603761934
BRCA2,0,0.10692567889769519
BRCA2,0,0.10688559623595571
BRCA2,0,0.10694608276783295
BRCA2,0,0.10690718474769663
BRCA2,0,0.10764143012332114
BRCA2,0,0.10688312120137161
BRCA2,0,0.10696015187032501
BRCA2,0,0.10702405919368711
BRCA2,0,0.10688472527117633
BRCA2,0,0.10689853544051234
BRCA2,0,0.10690325570155738
BRCA2,0,0.10688323342902181
BRCA2,0,0.10691623725869888
BRCA2,0,0.1399125083318039
BRCA2,0,0.11231626748583323
BRCA2,0,0.10689952193273555
BRCA2,0,0.106893391245407
BRCA2,0,0.10691229140402457
BRCA2,0,0.10701618101084308
BRCA2,0,0.10691173332282858
BRCA2,0,0.1069539013559813
BRCA2,0,0.10723780148728998
BRCA2,0,0.10792370785636914
BRCA2,0,0.1070202058781808
BRCA2,0,0.10707024805215255
BRCA2,0,0.1070676304510764
BRCA2,0,0.10716844756954709
BRCA2,0,0.10838989439992447
BRCA2,0,0.10688285533701546
BRCA2,0,0.10691240247547265
BRCA2,0,0.10688993514182744
BRCA2,0,0.10688818566987696
BRCA2,0,0.10688261728514777
BRCA2,0,0.10688268096537386
BRCA2,0,0.10692906306729656
BRCA2,0,0.10688246274421966
BRCA2,0,0.10688009685863645
BRCA2,0,0.10690975566711379
BRCA2,0,0.1069041181985605
BRCA2,0,0.11004598132543254
BRCA2,0,0.10690208418610303
BRCA2,0,0.10805157751102362
BRCA2,0,0.12736254131091027
BRCA2,0,0.112462030712384
BRCA2,0,0.11212970119138764
BRCA2,0,0.1091535162706304
BRCA2,0,0.1093047884957615
BRCA2,0,0.10807674742159822
BRCA2,0,0.11279677452230794
BRCA2,0,0.10691147314857849
BRCA2,0,0.10695212913836363
BRCA2,0,0.10751487325308991
BRCA2,0,0.1069217945842235
BRCA2,0,0.10688063901765305
BRCA2,0,0.10688068422236256
BRCA2,0,0.10695284767781246
BRCA2,0,0.11044605589620021
BRCA2,0,0.1072582395161039
BRCA2,0,0.10688452509496399
BRCA2,0,0.10688135973271011
BRCA2,0,0.10908935885058242
BRCA2,0,0.10910966243407393
BRCA2,0,0.10688486437870685
BRCA2,0,0.10688036601051654
BRCA2,0,0.10688005981394204
BRCA2,0,0.10689992756914973
BRCA2,0,0.10709541419629356
BRCA2,0,0.10692942898627558
BRCA2,0,0.10690567658881359
BRCA2,0,0.10748520899845809
BRCA2,0,0.13061477365404026
BRCA2,0,0.10800256814553441
BRCA2,0,0.10701087553591412
BRCA2,0,0.10690705394356134
BRCA2,0,0.11223243680527656
BRCA2,0,0.10688390705005595
BRCA2,0,0.10693648964456982
BRCA2,0,0.11343861261696946
BRCA2,0,0.10734979987130283
BRCA2,0,0.11538342297807107
BRCA2,0,0.1068940250867734
BRCA2,0,0.10762856229694653
BRCA2,0,0.10755356338328366
BRCA2,0,0.10705535512761545
BRCA2,0,0.10693804260191189
BRCA2,0,0.10701066113862255
BRCA2,0,0.10695414930230872
BRCA2,0,0.10688445377296081
BRCA2,0,0.10698863240972327
BRCA2,0,0.10720341815737926
BRCA2,0,0.10859771192568182
BRCA2,0,0.10933940370024187
BRCA2,0,0.11721838414966797
BRCA2,0,0.10688089180506251
BRCA2,0,0.10814967010254241
BRCA2,0,0.10804515006869929
BRCA2,0,0.108957955228389
BRCA2,0,0.10724279918138457
BRCA2,0,0.10688017014272871
BRCA2,0,0.1068801044695029
BRCA2,0,0.10991361496707766
BRCA2,0,0.10699335360280869
BRCA2,0,0.10802923830130153
BRCA2,0,0.10739874961323703
BRCA2,0,0.10698322396769987
BRCA2,0,0.1125550456504458
BRCA2,0,0.12109573307105381
BRCA2,0,0.11015010535672771
BRCA2,0,0.10688032405871249
BRCA2,0,0.3097306599961896
BRCA2,0,0.11023227186561048
BRCA2,0,0.10835526921875863
BRCA2,0,0.11141656640462701
BRCA2,0,0.13874774659226893
BRCA2,0,0.10993925368000175
BRCA2,0,0.10800742236867288
BRCA2,0,0.11055753438371771
BRCA2,0,0.10899973629242085
BRCA2,0,0.10843164479859202
BRCA2,0,0.10689535934296467
BRCA2,0,0.10943877324694279
BRCA2,0,0.12959515997748972
BRCA2,0,0.1069254934798808
BRCA2,0,0.11160122125851422
BRCA2,0,0.7452238234627027
BRCA2,0,0.11623149825845096
BRCA2,1,0.10706043917049145
BRCA2,0,0.10689805180632789
BRCA2,0,0.1318347133169276
BRCA2,0,0.1102791999758037
BRCA2,0,0.11308851067187853
BRCA2,0,0.12059679036064143
BRCA2,0,0.12859075330003683
BRCA2,0,0.12786593965848003
BRCA2,0,0.13905381448090168
BRCA2,0,0.1241255304670213
BRCA2,0,0.10782731198144334
BRCA2,0,0.10875517009095707
BRCA2,0,0.12390509888990858
BRCA2,0,0.12192922275503472
BRCA2,0,0.1077855588739845
BRCA2,0,0.19896524763825643
BRCA2,0,0.1426905107785438
BRCA2,0,0.11478892240536226
BRCA2,0,0.12847810459497938
BRCA2,0,0.1196541131761147
BRCA2,0,0.1412989598195954
BRCA2,0,0.11030536542327858
BRCA2,0,0.9738215933371259
BRCA2,0,0.11904464770795403
BRCA2,0,0.11652784559545595
BRCA2,0,0.16789704917871487
BRCA2,0,0.11055717567698906
BRCA2,0,0.11030995337259014
BRCA2,0,0.49889323736876356
BRCA2,0,0.1394929439955215
BRCA2,0,0.1414590744841284
BRCA2,0,0.4120757506458578
BRCA2,0,0.7184341870244864
BRCA2,0,0.1269519754192349
BRCA2,0,0.13804098824343927
BRCA2,0,0.22246461676349197
BRCA2,0,0.16159599921121506
BRCA2,0,0.1426395512841665
BRCA2,0,0.2745896829611942
BRCA2,0,0.129175178220742
BRCA2,0,0.10699885507097867
BRCA2,0,0.10690302336878886
BRCA2,0,0.10690173796746426
BRCA2,0,0.10704179412141936
BRCA2,0,0.11817020639094387
BRCA2,0,0.11364458908042142
BRCA2,0,0.11239258169566285
BRCA2,0,0.11036965760274874
BRCA2,0,0.14897322383747563
BRCA2,0,0.10712587431546271
BRCA2,0,0.14410963201007132
BRCA2,0,0.11256171491006632
BRCA2,0,0.10805950346943263
BRCA2,0,0.11021567869082487
BRCA2,0,0.10688350785943074
BRCA2,0,0.12045757257250328
BRCA2,0,0.10697497558243196
BRCA2,0,0.10688257863578367
BRCA2,0,0.10690216932227647
BRCA2,0,0.10688340889483414
BRCA2,0,0.10689057529830981
BRCA2,0,0.10922224711920688
BRCA2,0,0.10704625075045897
BRCA2,0,0.10700093503315435
BRCA2,0,0.10767002999628668
BRCA2,0,0.10705759298163094
BRCA2,0,0.1149519814240726
BRCA2,0,0.10689127079617196
BRCA2,0,0.10689196329987491
BRCA2,0,0.10737466857296754
BRCA2,0,0.10705705744319052
BRCA2,0,0.10874828191705921
BRCA2,0,0.10688188594549615
BRCA2,0,0.1068813837936428
BRCA2,0,0.10731351371125014
BRCA2,0,0.11018564942339833
BRCA2,0,0.1318178073330808
BRCA2,0,0.10752890100852723
BRCA2,0,0.10692636767299456
BRCA2,0,0.10831661414617212
BRCA2,0,0.10690235190458466
BRCA2,0,0.10721866118526881
BRCA2,0,0.10699965981411687
BRCA2,0,0.10692188053230547
BRCA2,0,0.10694404159507138
BRCA2,0,0.10688170334765368
BRCA2,0,0.10688673281659457
BRCA2,0,0.10689529904550621
BRCA2,0,0.10739968576522713
BRCA2,0,0.12167841943213281
BRCA2,0,0.11154203514620369
BRCA2,0,0.10690423944716311
BRCA2,0,0.10993071904760268
BRCA2,0,0.1107377717917002
BRCA2,0,0.10716772744791314
BRCA2,0,0.10690712576579123
BRCA2,0,0.10695896940407446
BRCA2,0,0.10688051193543074
BRCA2,0,0.1069133082917834
BRCA2,0,0.10688726923752567
BRCA2,0,0.15042490383782262
BRCA2,0,0.1085768608304792
BRCA2,0,0.15567441866856266
BRCA2,0,0.17335070062676985
BRCA2,0,0.11086322015781573
BRCA2,0,0.10767599216638854
BRCA2,0,0.1068842847345207
BRCA2,0,0.10828849233811044
BRCA2,0,0.10689143727988025
BRCA2,0,0.1238059574413494
BRCA2,0,0.12052308623088283
BRCA2,0,0.16155542147716062
BRCA2,0,0.11853324126993013
BRCA2,0,0.11314711434874426
BRCA2,0,0.10824590740553858
BRCA2,0,0.149243696902305
BRCA2,0,0.12571848598431137
BRCA2,0,0.11336975080098897
BRCA2,0,0.11032130998681428
BRCA2,0,0.11036702277463835
BRCA2,0,0.10883699063610258
BRCA2,0,0.10713561219296562
BRCA2,0,0.10699546316642577
BRCA2,0,0.10695313135955024
BRCA2,0,0.1069059565381707
BRCA2,0,0.10688347250350591
BRCA2,0,0.10688093928655737
BRCA2,0,0.10693746538865757
BRCA2,0,0.11295560972125739
BRCA2,0,0.10698432871410563
BRCA2,0,0.10689280667748438
BRCA2,0,0.10688374398868614
BRCA2,0,0.10687995980791296
BRCA2,0,0.10724268029526725
BRCA2,0,0.10737021054426228
BRCA2,0,0.10689167567137513
BRCA2,0,0.10688951209860834
BRCA2,0,0.10690671997129834
BRCA2,0,0.10688098932399266
BRCA2,0,0.10715416294705933
BRCA2,0,0.10690503602783118
BRCA2,0,0.1380823347899687
BRCA2,0,0.11110652912394665
BRCA2,0,0.1111817365910938
BRCA2,0,0.10713579600000261
BRCA2,0,0.11547582828531348
BRCA2,0,0.15935342249003753
BRCA2,0,0.1851452379490026
BRCA2,0,0.11131468200714945
BRCA2,0,0.12378116590640365
BRCA2,0,0.11236276581327218
BRCA2,0,0.10741256489092219
BRCA2,0,0.10693134570589091
BRCA2,0,0.13386576361330932
BRCA2,0,0.10896776125193323
BRCA2,0,0.10696337285293765
BRCA2,0,0.10690864681068772
BRCA2,0,0.13757265611302197
BRCA2,0,0.10688658550413975
BRCA2,0,0.16239758771725119
BRCA2,0,0.10688056771615008
BRCA2,0,0.10695550104286236
BRCA2,0,0.1069203324072845
BRCA2,1,0.6592817916490393
BRCA2,1,0.579321842846731
BRCA2,0,0.13682334319795975
BRCA2,0,0.10760716738413048
BRCA2,0,0.106934615798538
BRCA2,0,0.10786545819515204
BRCA2,0,0.10847596417892268
BRCA2,0,0.10694138088923909
BRCA2,0,0.10697034304574464
BRCA2,0,0.10690459627829403
BRCA2,0,0.10691407361320962
BRCA2,0,0.10689103649637093
BRCA2,0,0.10688177306381803
BRCA2,0,0.10698146107055072
BRCA2,0,0.10701222656985716
BRCA2,0,0.10856493072997406
BRCA2,0,0.10688721420250141
BRCA2,0,0.1069732952843532
BRCA2,0,0.10691577273053425
BRCA2,0,0.10688088982069426
BRCA2,0,0.10712614578049669
BRCA2,0,0.10688078508362586
BRCA2,0,0.10721195170388097
BRCA2,0,0.10696100982461725
BRCA2,0,0.10688004126868803
BRCA2,0,0.10696345281882116
BRCA2,0,0.1068836983063122
BRCA2,0,0.10688367279813744
BRCA2,0,0.11222715721619037
BRCA2,1,0.10881852941865602
BRCA2,0,0.12948502189707067
BRCA2,0,0.10689108832603945
BRCA2,0,0.10689872255487826
BRCA2,0,0.10691049180926056
BRCA2,0,0.10714249303831579
BRCA2,0,0.11978909353637475
BRCA2,0,0.10701076372292778
BRCA2,0,0.10688976991443874
BRCA2,0,0.10689383825434214
BRCA2,0,0.10688052186101196
BRCA2,0,0.10687980838431473
BRCA2,0,0.10688345647323719
BRCA2,0,0.10688028116941786
BRCA2,0,0.10688067579874093
BRCA2,0,0.1068836496744317
BRCA2,0,0.10690247606133337
BRCA2,0,0.10688094425778119
BRCA2,0,0.10688230848196065
BRCA2,0,0.10690016252979716
BRCA2,0,0.10688304209037831
BRCA2,0,0.10688917139218639
BRCA2,0,0.10688553102136916
BRCA2,0,0.1069684812824403
BRCA2,0,0.10688493628522855
BRCA2,0,0.10688317127183279
BRCA2,0,0.10716565629306218
BRCA2,0,0.10689148085883579
BRCA2,0,0.106952542504501
BRCA2,0,0.10689840310878745
BRCA2,0,0.10688745940542663
BRCA2,0,0.10688534034353366
BRCA2,0,0.10688091918837264
BRCA2,0,0.10688573298482952
BRCA2,0,0.1069029133439762
BRCA2,0,0.10688369453484028
BRCA2,0,0.10688119754490563
BRCA2,0,0.10688328067708383
BRCA2,0,0.10689203519930444
BRCA2,0,0.10690791627040536
BRCA2,0,0.10719492884457653
BRCA2,0,0.10691530191225249
BRCA2,0,0.10688593238857838
BRCA2,0,0.3232820109144215
BRCA2,0,0.10736743979307953
BRCA2,0,0.11642928330838355
BRCA2,0,0.23743989433876858
BRCA2,0,0.1100406574074029
BRCA2,0,0.327114425979847
BRCA2,0,0.13511911511523153
BRCA2,0,0.1741316037260931
BRCA2,0,0.21263785544352076
BRCA2,0,0.11289871929867538
BRCA2,0,0.10800705719042691
BRCA2,0,0.10779414474594275
BRCA2,0,0.12687254082828017
BRCA2,0,0.15132610251082984
BRCA2,0,0.10688102648796408
BRCA2,0,0.33734706909062007
BRCA2,0,0.10759779065887103
BRCA2,0,0.11837628932420817
BRCA2,0,0.11511232750688753
BRCA2,0,0.11841524054715255
BRCA2,0,0.12468036778979681
BRCA2,0,0.17959310067713066
BRCA2,0,0.11901052393093907
BRCA2,0,0.33118476109962613
BRCA2,0,0.12961248267849068
BRCA2,0,0.10692269233329277
BRCA2,0,0.1117354994433174
BRCA2,0,0.10692126656202731
BRCA2,0,0.10688150169915527
BRCA2,0,0.10712770367739842
BRCA2,0,0.10688599715368396
BRCA2,0,0.5174326085098878
BRCA2,0,0.10711531535031905
BRCA2,0,0.1116227464808927
BRCA2,0,0.13134233277353446
BRCA2,1,0.8329531576834925
BRCA2,0,0.26049596292381566
BRCA2,0,0.17396885161935913
BRCA2,0,0.1260575669056071
BRCA2,0,0.14476424623863668
BRCA2,0,0.1068803162906052
BRCA2,0,0.10693766388626591
BRCA2,0,0.14866697745489027
BRCA2,0,0.10881637332296776
BRCA2,0,0.3809282384555303
BRCA2,0,0.21083027141442554
BRCA2,0,0.1339702916479435
BRCA2,0,0.314577941759722
BRCA2,0,0.2663404203814947
BRCA2,0,0.13401078778682238
BRCA2,0,0.10688913052386663
BRCA2,0,0.11113018332890821
BRCA2,0,0.12895152309089192
BRCA2,0,0.11427385065807918
BRCA2,0,0.10688611208416673
BRCA2,0,0.10712981350496166
BRCA2,0,0.10700316537922519
BRCA2,0,0.10734629335872553
BRCA2,0,0.10688022909365315
BRCA2,0,0.10689146753267019
BRCA2,0,0.10809226956432394
BRCA2,0,0.10889787651727215
BRCA2,0,0.13973304257585856
BRCA2,0,0.134672120180287
BRCA2,0,0.12119710379912224
BRCA2,0,0.10825287914537564
BRCA2,0,0.1070122850879382
BRCA2,0,0.11650439765728632
BRCA2,0,0.10698421569986237
BRCA2,0,0.1069651837484016
BRCA2,0,0.11611936862713876
BRCA2,0,0.21558730092046238
BRCA2,0,0.10958154169032053
BRCA2,0,0.10721366563669946
BRCA2,0,0.1069154484787916
BRCA2,0,0.23158467750297596
BRCA2,0,0.1145589341481761
BRCA2,0,0.11195172257649791
BRCA2,0,0.10690077165106313
BRCA2,0,0.11461064858554146
BRCA2,0,0.5077760074278762
BRCA2,0,0.9922389524714691
BRCA2,0,0.9973066220341783
BRCA2,0,0.10926338906767648
BRCA2,0,0.11670489924987719
BRCA2,0,0.13210007092338946
BRCA2,0,0.2232249090723888
BRCA2,0,0.11490890177869204
BRCA2,0,0.119602873266659
BRCA2,0,0.15662092875497888
BRCA2,0,0.8655140912015389
BRCA2,0,0.10687976616480295
BRCA2,0,0.13105794541003413
BRCA2,0,0.10723862394461964
BRCA2,0,0.10695417678567347
BRCA2,0,0.17941975528450785
BRCA2,0,0.26215622800280475
BRCA2,0,0.15139729907639254
BRCA2,0,0.12597414861339362
BRCA2,0,0.11867733416176929
BRCA2,0,0.15229537909584034
BRCA2,0,0.1342902831833059
BRCA2,0,0.1486866599850566
BRCA2,0,0.1252545821350052
BRCA2,1,0.13429597998912493
BRCA2,0,0.8381657170651431
BRCA2,0,0.1079419238434575
BRCA2,1,0.9727518089753018
BRCA2,1,0.6049453970233075
BRCA2,0,0.11285497796148115
BRCA2,0,0.1090582457477466
BRCA2,0,0.25878218702756495
BRCA2,0,0.17486361722163102
BRCA2,0,0.16528719330036168
BRCA2,0,0.1162774678324266
BRCA2,0,0.22189161716890768
BRCA2,0,0.10731181749750349
BRCA2,0,0.10698104823995351
BRCA2,0,0.1073509459318522
BRCA2,0,0.10688563138424577
BRCA2,0,0.10786037454634585
BRCA2,0,0.10981834080541983
BRCA2,0,0.10918759745620808
BRCA2,0,0.9731105139558237
BRCA2,0,0.10907454121163969
BRCA2,0,0.12230119280150249
BRCA2,0,0.13639288506887173
BRCA2,0,0.18585029009787263
BRCA2,0,0.14057152203694076
BRCA2,0,0.6594723840745147
BRCA2,0,0.9959135192218713
BRCA2,0,0.9467222306215595
BRCA2,1,0.9976501388705282
BRCA2,0,0.30482011657468405
BRCA2,0,0.11825218379798873
BRCA2,0,0.4318001180310485
BRCA2,0,0.9925324281983834
BRCA2,0,0.11181865433743983
BRCA2,0,0.10820960062992403
BRCA2,0,0.10903673507149139
BRCA2,0,0.10706030320444211
BRCA2,0,0.13894950539006878
BRCA2,0,0.15230923717256117
BRCA2,1,0.9977043152324896
BRCA2,1,0.9975345741750339
BRCA2,1,0.9975682888045804
BRCA2,1,0.9972054516196922
BRCA2,1,0.5991215071285942
BRCA2,1,0.9969998505340336
BRCA2,0,0.9971159283009339
BRCA2,1,0.9977389557745129
BRCA2,0,0.4140556067004556
BRCA2,0,0.5515023981386654
BRCA2,1,0.9977442241761924
BRCA2,0,0.5215462890532953
BRCA2,1,0.40421876958007574
BRCA2,0,0.16475232227847736
BRCA2,0,0.8738518388798425
BRCA2,0,0.15358713550905712
BRCA2,0,0.11447889222883209
BRCA2,0,0.17464108620033753
BRCA2,1,0.9819078157431652
BRCA2,1,0.9971827099913976
BRCA2,0,0.12875343804673064
BRCA2,0,0.21345350977977864
BRCA2,1,0.4575573241979348
BRCA2,0,0.10906850862187013
BRCA2,0,0.10935860882559136
BRCA2,1,0.9977262472101881
BRCA2,1,0.9976913201469819
BRCA2,0,0.11836974668343993
BRCA2,1,0.5855302822621954
BRCA2,1,0.9974850074026689
BRCA2,1,0.9977513408357263
BRCA2,1,0.9977249888840846
BRCA2,1,0.9976798591930355
BRCA2,1,0.9977480613085117
BRCA2,1,0.9953573627529427
BRCA2,0,0.12658718128101146
BRCA2,1,0.9823157740262594
BRCA2,1,0.997750648479408
BRCA2,1,0.9977509216993714
BRCA2,1,0.9977482068810923
BRCA2,0,0.11951149775902449
BRCA2,1,0.9977413417485554
BRCA2,0,0.10858011101964939
BRCA2,0,0.10781998346306977
BRCA2,0,0.48208703894316673
BRCA2,0,0.15205910631529987
BRCA2,1,0.9969590778431221
BRCA2,0,0.7427872468284238
BRCA2,0,0.10985653793328388
BRCA2,1,0.9976133255503755
BRCA2,1,0.5521475471203876
BRCA2,0,0.27584675219268073
BRCA2,0,0.24429457164094867
BRCA2,0,0.9316716209230397
BRCA2,0,0.10843066547747539
BRCA2,0,0.4587854312234989
BRCA2,0,0.4877044047447975
BRCA2,0,0.9976028401324102
BRCA2,0,0.6453170442346461
BRCA2,0,0.9079765429204272
BRCA2,0,0.9893643764966453
BRCA2,0,0.14571707025554603
BRCA2,0,0.20786311834311652
BRCA2,0,0.11121934345168484
BRCA2,0,0.9956527724742589
BRCA2,0,0.9368841244503227
BRCA2,0,0.9932944758106164
BRCA2,0,0.8667068445209526
BRCA2,0,0.9976493009124064
BRCA2,0,0.7929264388730484
BRCA2,0,0.10931204288008357
BRCA2,0,0.10860194601842244
BRCA2,0,0.760259952755995
BRCA2,0,0.6013552334252957
BRCA2,0,0.6264297918998879
BRCA2,0,0.15878920145998196
BRCA2,0,0.31013518966986797
BRCA2,0,0.11568804592828631
BRCA2,0,0.1077963064681769
BRCA2,0,0.3866544181307668
BRCA2,0,0.4615215455018121
BRCA2,0,0.8978537728013104
BRCA2,0,0.5129364088195039
BRCA2,1,0.9977505601769691
BRCA2,0,0.18277630388063154
BRCA2,0,0.25900922063320736
BRCA2,1,0.7066782583699587
BRCA2,1,0.9977353050443809
BRCA2,1,0.9977474678550754
BRCA2,1,0.9975070583443006
BRCA2,1,0.9977085452130772
BRCA2,1,0.9966653458256658
BRCA2,1,0.9972441585203292
BRCA2,0,0.7406572743630452
BRCA2,0,0.18956661899868352
BRCA2,1,0.9965030991757601
BRCA2,1,0.9977318352368559
BRCA2,1,0.9977462228053492
BRCA2,0,0.7513921225936078
BRCA2,1,0.12364650575168977
BRCA2,0,0.10694465977822387
BRCA2,1,0.9972903379028405
BRCA2,0,0.2194111861326636
BRCA2,0,0.11903055085313534
BRCA2,0,0.9527180133848692
BRCA2,0,0.10727254933022919
BRCA2,0,0.11085455746728291
BRCA2,0,0.9962884100196743
BRCA2,1,0.9774468688585147
BRCA2,1,0.7119142417041723
BRCA2,0,0.17356643975431027
BRCA2,0,0.11529596879966453
BRCA2,0,0.10765769492893257
BRCA2,0,0.11419026631013394
BRCA2,0,0.24443424938087122
BRCA2,0,0.18503025134271964
BRCA2,0,0.5537656240661241
BRCA2,0,0.11974358371463806
BRCA2,0,0.15205400357518073
BRCA2,0,0.13233793833065688
BRCA2,1,0.9976916020604977
BRCA2,0,0.9842494122542187
BRCA2,0,0.19083619119536988
BRCA2,0,0.14127249592895266
BRCA2,0,0.17446579752206318
BRCA2,0,0.21242209657262523
BRCA2,0,0.11107347953116631
BRCA2,0,0.10798485744063994
BRCA2,0,0.9725619888346069
BRCA2,0,0.11433377110497002
BRCA2,0,0.1183840448047097
BRCA2,0,0.15776798192572047
BRCA2,1,0.9977244088940559
BRCA2,0,0.11450584507251202
BRCA2,1,0.9723325554247407
BRCA2,1,0.9977542388931947
BRCA2,0,0.10711395051422846
BRCA2,0,0.10778381824546487
BRCA2,0,0.11232530583028542
BRCA2,0,0.9881813896044138
BRCA2,0,0.31820903996702415
BRCA2,0,0.11081241111276108
BRCA2,0,0.11801758044101164
BRCA2,0,0.10689986358656701
BRCA2,0,0.10791886384504251
BRCA2,0,0.10688536028400338
BRCA2,0,0.10713628753658071
BRCA2,0,0.1073720989826755
BRCA2,0,0.10688055485846493
BRCA2,0,0.1069352942552547
BRCA2,0,0.10692324787700626
BRCA2,0,0.10688284797902817
BRCA2,0,0.10692904622336721
BRCA2,0,0.10689334229454814
BRCA2,0,0.10694222132711456
BRCA2,0,0.10729495472573104
BRCA2,0,0.10708860315561523
BRCA2,0,0.12230762448934837
BRCA2,0,0.11308849584258895
BRCA2,0,0.1077628391586625
BRCA2,0,0.10936793368793171
BRCA2,0,0.10692320505131538
BRCA2,0,0.11071725526687727
BRCA2,0,0.10688142683213347
BRCA2,0,0.10694526084208969
BRCA2,0,0.10756157510983316
BRCA2,0,0.10758539141983962
BRCA2,0,0.10700977142935109
BRCA2,0,0.10690645423725294
BRCA2,0,0.10688459727781516
BRCA2,0,0.1068829363614019
BRCA2,0,0.10688680053002782
BRCA2,0,0.10688993874666902
BRCA2,0,0.10709620175985687
BRCA2,0,0.11832675377691297
BRCA2,0,0.10690130464501656
BRCA2,0,0.10819507776166425
BRCA2,0,0.10689332668768728
BRCA2,0,0.10743081145349939
BRCA2,0,0.10701434383793634
BRCA2,0,0.10702473165975795
BRCA2,0,0.10728263742260173
BRCA2,0,0.10692752598600648
BRCA2,0,0.10688420642097915
BRCA2,0,0.10709666444497865
BRCA2,0,0.16169314860300488
BRCA2,1,0.9977452721808243
BRCA2,1,0.9977528635181835
BRCA2,1,0.9976964695041876
BRCA2,1,0.9977230710812848
BRCA2,1,0.9977539199545855
BRCA2,1,0.9976725701454008
BRCA2,1,0.9977078953877121
BRCA2,1,0.9977183935331836
BRCA2,1,0.9977164501655168
BRCA2,1,0.9976527144834987
BRCA2,1,0.9977381665677965
BRCA2,1,0.993466360099574
BRCA2,0,0.11008082914971767
BRCA2,0,0.142535895229752
BRCA2,0,0.10689792817696632
BRCA2,0,0.10829613564118787
BRCA2,0,0.4074412428195803
BRCA2,1,0.10838396391947955
BRCA2,1,0.9977029120183877
BRCA2,0,0.11353369544118835
BRCA2,0,0.13736694040301972
BRCA2,0,0.11061400119195498
BRCA2,0,0.1070584402830606
BRCA2,0,0.14471338279973256
BRCA2,0,0.10688399690398169
BRCA2,0,0.10714950073477783
BRCA2,0,0.10937132464817494
BRCA2,0,0.12100962246767676
BRCA2,0,0.11291623628266105
BRCA2,0,0.11757151310107973
BRCA2,0,0.1135839765858337
BRCA2,0,0.1071344520782663
BRCA2,0,0.19101298085269441
BRCA2,0,0.10688806578407327
BRCA2,0,0.10688116592900655
BRCA2,0,0.10700765234991078
BRCA2,0,0.10708804283832127
BRCA2,0,0.10691430449391796
BRCA2,0,0.10732085590153975
BRCA2,0,0.1069013770643776
BRCA2,0,0.21108537988661427
BRCA2,0,0.15358704496060469
BRCA2,0,0.1340001216321875
BRCA2,0,0.10842460448978326
BRCA2,0,0.11090770094507081
BRCA2,0,0.10689338259318833
BRCA2,1,0.9933248921536414
BRCA2,1,0.9970250221783006
BRCA2,0,0.10991649919334168
BRCA2,1,0.9948678622924856
BRCA2,0,0.1142944655778658
BRCA2,0,0.10709528859598177
BRCA2,0,0.1787924271625319
BRCA2,0,0.10768390760034109
BRCA2,0,0.12277611710366824
BRCA2,0,0.10725499136475593
BRCA2,0,0.2101916697554583
BRCA2,0,0.12610671377435556
BRCA2,0,0.15649505475866185
BRCA2,0,0.18810550609901933
BRCA2,0,0.10710837528385038
BRCA2,0,0.10758699887579236
BRCA2,0,0.10699442067719389
BRCA2,0,0.168136354452039
BRCA2,0,0.9115233412092176
BRCA2,0,0.2539595234313832
BRCA2,0,0.10694564626999006
BRCA2,0,0.6354346773108297
BRCA2,0,0.9205983084899648
BRCA2,0,0.9966275082902845
BRCA2,0,0.16047233007713269
BRCA2,0,0.9660782844764229
BRCA2,0,0.16863172996499648
BRCA2,0,0.10709561599915969
BRCA2,0,0.10688061727847273
BRCA2,0,0.16760591835105115
BRCA2,0,0.11460107423469613
BRCA2,0,0.9964706546689879
BRCA2,0,0.6562380012425223
BRCA2,0,0.20123781987114547
BRCA2,0,0.12462566780964077
BRCA2,0,0.11066472661816046
BRCA2,0,0.18222814231220832
BRCA2,0,0.11983511446869503
BRCA2,1,0.997740053323029
BRCA2,1,0.22303516461208578
BRCA2,1,0.9977277324613713
BRCA2,0,0.12055064351776375
BRCA2,0,0.8635348544180327
BRCA2,0,0.9881845462867861
BRCA2,0,0.10868229972280515
BRCA2,0,0.1735281633348079
BRCA2,1,0.9857150246511939
BRCA2,1,0.9976535096639911
BRCA2,0,0.18857530792485344
BRCA2,0,0.13922669087559436
BRCA2,0,0.10688657029500531
BRCA2,0,0.10703713223219222
BRCA2,0,0.11082487472322279
BRCA2,1,0.9924986130895124
BRCA2,0,0.12166501922675177
BRCA2,0,0.11007563715806834
BRCA2,0,0.1202937250941037
BRCA2,0,0.11403946081826999
BRCA2,1,0.9977150675916189
BRCA2,1,0.9976799861118998
BRCA2,1,0.9977488857046367
BRCA2,1,0.9977450093663567
BRCA2,1,0.997754287723144
BRCA2,0,0.7483643459732118
BRCA2,0,0.13457676664345203
BRCA2,0,0.10738874412819183
BRCA2,0,0.10692905759587458
BRCA2,0,0.1957831023325445
BRCA2,0,0.13409252685409898
BRCA2,0,0.21069782377075832
BRCA2,0,0.20401303054699105
BRCA2,0,0.18517839516865173
BRCA2,0,0.21839912808679926
BRCA2,0,0.29025143214704835
BRCA2,0,0.11638528357878819
BRCA2,0,0.15992810296944263
BRCA2,0,0.10847051648805654
BRCA2,0,0.10849806944452854
BRCA2,0,0.11213682819413798
BRCA2,0,0.12026717820159175
BRCA2,0,0.12002825773737283
BRCA2,0,0.628065145092931
BRCA2,0,0.9961917937843257
BRCA2,0,0.15069372315574583
BRCA2,0,0.18509721801020299
BRCA2,0,0.11473280552900231
BRCA2,0,0.11615386238016658
BRCA2,0,0.13181356196469005
BRCA2,0,0.2153016748610542
BRCA2,0,0.1204383343608094
BRCA2,0,0.1282876793272146
BRCA2,0,0.9976363651279104
BRCA2,0,0.12250234423951728
BRCA2,0,0.10689036938445469
BRCA2,0,0.9960716525333717
BRCA2,0,0.9972239870558162
BRCA2,0,0.7131319671982784
BRCA2,0,0.1217618889163207
BRCA2,1,0.11219783385362454
BRCA2,1,0.9873977767191319
BRCA2,1,0.9973089868158386
BRCA2,0,0.3470013204083652
BRCA2,0,0.7060069795897923
BRCA2,0,0.9592139702665919
BRCA2,0,0.12297790373439184
BRCA2,0,0.17340760706506028
BRCA2,1,0.9974896325408866
BRCA2,0,0.10687967632943092
BRCA2,0,0.10687977992321503
BRCA2,0,0.1195497129775052
BRCA2,0,0.13684701594845225
BRCA2,0,0.7160735074216452
BRCA2,0,0.8378078566996934
BRCA2,0,0.10688428981381867
BRCA2,0,0.10688099765554708
BRCA2,0,0.10689291442064514
BRCA2,0,0.22420843264645135
BRCA2,1,0.9772791943413073
BRCA2,1,0.2644229458441166
BRCA2,0,0.9975722574506912
BRCA2,0,0.10691928663079393
BRCA2,0,0.257310721873784
BRCA2,0,0.9963743625445394
BRCA2,0,0.5708149308940806
BRCA2,0,0.1879973050636307
BRCA2,0,0.11507848169110595
BRCA2,0,0.1279450695437373
BRCA2,0,0.3124777518639807
BRCA2,0,0.8756715556230311
BRCA2,0,0.21251085063012462
BRCA2,0,0.12162003298917932
BRCA2,0,0.10690111975662091
BRCA2,0,0.9952384247037999
BRCA2,0,0.12174758546236306
BRCA2,0,0.11202390671794854
BRCA2,0,0.11346244379831275
BRCA2,0,0.110396657271985
BRCA2,0,0.8637696557528158
BRCA2,0,0.20198168114481477
BRCA2,0,0.1549653359467165
BRCA2,0,0.17108953271684213
BRCA2,0,0.1369425521483936
BRCA2,0,0.12032636479336349
BRCA2,0,0.8908048070452929
BRCA2,0,0.14471878496482105
BRCA2,0,0.12403809836821686
BRCA2,0,0.11587464517491465
BRCA2,0,0.10688010784045772
BRCA2,0,0.12534192879545505
BRCA2,0,0.10713496509320446
BRCA2,0,0.1390980623778974
BRCA2,0,0.1107200831368697
BRCA2,0,0.11213430090432226
BRCA2,0,0.10705766298210491
BRCA2,0,0.10693213084803721
BRCA2,0,0.10690437091135276
BRCA2,0,0.1978219490443847
BRCA2,0,0.1094582478804492
BRCA2,0,0.17454935752560738
BRCA2,0,0.1268713639046042
BRCA2,0,0.10882760735366655
BRCA2,0,0.10688418645965243
BRCA2,0,0.12290618469569148
BRCA2,0,0.11155662461860348
BRCA2,0,0.14437993269020416
BRCA2,0,0.12127259048181639
BRCA2,0,0.13580087429684157
BRCA2,0,0.1317453448780912
BRCA2,0,0.10750500249832001
BRCA2,0,0.10956829949532629
BRCA2,0,0.9369394570685082
BRCA2,0,0.5415823217372423
BRCA2,0,0.10768299734203196
BRCA2,0,0.10688682240147397
BRCA2,0,0.1377579053844313
BRCA2,0,0.25291327262510377
BRCA2,0,0.11977341927152291
BRCA2,0,0.10700460448586399
BRCA2,0,0.10689887309805926
BRCA2,0,0.10697280348156453
BRCA2,0,0.119211900394527
BRCA2,0,0.14272971295926312
BRCA2,1,0.9738699925941936
BRCA2,0,0.11246052947644918
BRCA2,0,0.10837447593391325
BRCA2,0,0.10687980164377979
BRCA2,0,0.10687972348038205
BRCA2,0,0.10770903568133597
BRCA2,0,0.1069106446290374
BRCA2,0,0.11321264814935054
BRCA2,0,0.10695590954129101
BRCA2,0,0.10688017622133078
BRCA2,0,0.10694013367712651
BRCA2,0,0.10688281284257961
BRCA2,0,0.10689374152469043
BRCA2,0,0.10825024758323058
BRCA2,0,0.10889729404136149
BRCA2,0,0.11374655168725244
BRCA2,0,0.106898954872348
BRCA2,0,0.10936657683290113
BRCA2,0,0.11176317369162254
BRCA2,0,0.1845082897325622
BRCA2,0,0.17130994337684624
BRCA2,0,0.7165943295661903
BRCA2,0,0.2041102772649132
BRCA2,0,0.1281802130201479
BRCA2,0,0.13736937679556027
BRCA2,0,0.15998470086122055
BRCA2,0,0.17722993101064585
BRCA2,0,0.16868017116504916
BRCA2,0,0.15735074169418925
BRCA2,0,0.11055152140786556
BRCA2,0,0.10689688618385482
BRCA2,0,0.10687972466823477
BRCA2,0,0.10737093902183557
BRCA2,0,0.512313503294212
BRCA2,0,0.11096230449495059
BRCA2,0,0.15803373856689387
BRCA2,0,0.12844646563600684
BRCA2,0,0.25834960471866386
BRCA2,0,0.9854883315399622
BRCA2,0,0.10815980493835646
BRCA2,0,0.783741093344973
BRCA2,0,0.13915095455547646
BRCA2,0,0.5607960835918471
BRCA2,0,0.14068852356596717
BRCA2,0,0.12249457331601614
BRCA2,0,0.3402869417650063
BRCA2,0,0.4654467457748256
BRCA2,0,0.10737800623482717
BRCA2,0,0.28884714160747293
BRCA2,1,0.1620295426117757
BRCA2,0,0.15791537756433055
BRCA2,0,0.1439943681533548
BRCA2,0,0.10688778077424041
BRCA2,0,0.1269440593846239
BRCA2,0,0.17430839881625945
BRCA2,0,0.16114745602373107
BRCA2,0,0.11555230727546224
BRCA2,0,0.11339198603649464
BRCA2,0,0.10688023536091287
BRCA2,0,0.10687990162729477
BRCA2,0,0.1224923451404587
BRCA2,0,0.750045780636452
BRCA2,1,0.9975134335787356
BRCA2,0,0.11453459840297198
BRCA2,0,0.10693168785072651
BRCA2,0,0.11831747170209793
BRCA2,0,0.10698631730077358
BRCA2,0,0.6456303687347411
BRCA2,0,0.18213106212594646
BRCA2,0,0.12421859042814944
BRCA2,0,0.12515083709668273
BRCA2,0,0.9834486367496147
BRCA2,0,0.11145643401062048
BRCA2,0,0.15424153248202233
BRCA2,0,0.4569160026063492
BRCA2,0,0.9672406357333221
BRCA2,0,0.1755644926548989
BRCA2,0,0.17561476373162527
BRCA2,0,0.1179723591784757
BRCA2,0,0.10850131243486458
BRCA2,0,0.15271022565859588
BRCA2,0,0.21126536413232894
BRCA2,0,0.3145402533552714
BRCA2,0,0.10925571731337978
BRCA2,0,0.10936755788947967
BRCA2,0,0.33853301464482854
BRCA2,0,0.1393927590902756
BRCA2,0,0.1436036665356573
BRCA2,0,0.12665618693722155
BRCA2,0,0.119258446198393
BRCA2,0,0.25309408605297035
BRCA2,0,0.35269537762953457
BRCA2,0,0.19984563625654617
BRCA2,0,0.13827305864348557
BRCA2,0,0.10814656340696678
BRCA2,0,0.10980038043367965
BRCA2,0,0.8535188821091089
BRCA2,0,0.15814303681651265
BRCA2,0,0.15193531019856643
BRCA2,0,0.10735137429563311
BRCA2,0,0.12724769403968378
BRCA2,0,0.13694800615906802
BRCA2,0,0.3055582110306877
BRCA2,0,0.15496884742409578
BRCA2,0,0.803853380388517
BRCA2,0,0.10688632643797052
BRCA2,0,0.10687972027587142
BRCA2,0,0.13245228247377272
BRCA2,0,0.978016207624437
BRCA2,0,0.1104931240697039
BRCA2,0,0.1331959012547786
BRCA2,0,0.11576432956412515
BRCA2,0,0.10695050624122934
BRCA2,0,0.1070206473787183
BRCA2,0,0.10698469589585162
BRCA2,0,0.10688500880520996
BRCA2,0,0.1072979927696106
BRCA2,0,0.11680969386424483
BRCA2,0,0.6497538984367448
BRCA2,0,0.10690057485455422
BRCA2,0,0.10799309739094211
BRCA2,0,0.1527412182731808
BRCA2,0,0.23248187391001546
BRCA2,0,0.9972708491432053
BRCA2,0,0.1094261141472355
BRCA2,0,0.10700138272930922
BRCA2,0,0.10688041319128158
BRCA2,0,0.108649022612934
BRCA2,0,0.13514583418954146
BRCA2,0,0.14327310841042437
BRCA2,0,0.10848655824439246
BRCA2,0,0.13934424555252733
BRCA2,0,0.10744746996550784
BRCA2,0,0.15687320747203076
BRCA2,0,0.10834918769433458
BRCA2,0,0.10711540290592876
BRCA2,1,0.10901410760802752
BRCA2,0,0.10741012857226287
BRCA2,0,0.1069783071960591
BRCA2,0,0.5392720662460926
BRCA2,1,0.9977544916548935
BRCA2,0,0.10833900884419284
BRCA2,0,0.13177751305477423
BRCA2,0,0.12136305546401696
BRCA2,0,0.10759242298699866
BRCA2,0,0.10752328523375586
BRCA2,0,0.10852873215817439
BRCA2,1,0.9976886570875112
BRCA2,1,0.5956056035381188
BRCA2,0,0.8789306516112797
BRCA2,1,0.9685041411805354
BRCA2,0,0.1070044559097533
BRCA2,1,0.9977150216268784
BRCA2,0,0.1439103064543206
BRCA2,0,0.1695055060137088
BRCA2,0,0.1262549996012352
BRCA2,0,0.9977121412387837
BRCA2,0,0.11368440190012757
BRCA2,0,0.10688253386285775
BRCA2,0,0.10689009212480761
BRCA2,0,0.11553504504111937
BRCA2,0,0.13284307604404083
BRCA2,1,0.11201967871277807
BRCA2,0,0.10699001813455833
BRCA2,0,0.23961382265015627
BRCA2,0,0.1109549752202764
BRCA2,0,0.13547711060355985
BRCA2,0,0.1080577894809203
BRCA2,0,0.10700842466723366
BRCA2,0,0.10697192268874994
BRCA2,0,0.11006050409257986
BRCA2,0,0.13647234722927312
BRCA2,1,0.10779694500341724
BRCA2,0,0.10998895533090909
BRCA2,0,0.11574355349147825
BRCA2,0,0.19649205679208476
BRCA2,0,0.17137523526643875
BRCA2,0,0.1420342932667932
BRCA2,0,0.10772814216248613
BRCA2,0,0.11030176408757161
BRCA2,0,0.22981052574037378
BRCA2,1,0.11936244305249627
BRCA2,0,0.8901216313011605
BRCA2,0,0.1089370269311154
BRCA2,0,0.12323646449635073
BRCA2,0,0.11670724648352672
BRCA2,0,0.27273764327988126
BRCA2,0,0.21060945244552004
BRCA2,0,0.1759036398507842
BRCA2,0,0.12545258369667148
BRCA2,0,0.13133290349427573
BRCA2,0,0.11000695868446411
BRCA2,0,0.12049628632077511
BRCA2,0,0.10804200219854085
BRCA2,0,0.12060243275875451
BRCA2,0,0.10688278340675175
BRCA2,0,0.1084653050185624
BRCA2,0,0.12277686512943727
BRCA2,0,0.10733620600288934
BRCA2,0,0.17805722085388276
BRCA2,0,0.10690434926800704
BRCA2,0,0.11313190066180945
BRCA2,0,0.1718962354393404
BRCA2,0,0.11109343313415293
BRCA2,0,0.11761484822976506
BRCA2,0,0.11644732094196067
BRCA2,0,0.9898960799380104
BRCA2,1,0.9966719511151568
BRCA2,0,0.10872243206736956
BRCA2,0,0.10689721487639098
BRCA2,0,0.10726034573619252
BRCA2,0,0.10688804817566641
BRCA2,0,0.12784617773127233
BRCA2,0,0.10691590411934665
BRCA2,0,0.10688630031608345
BRCA2,0,0.10722129873168512
BRCA2,0,0.20224491666807734
BRCA2,0,0.23334203443493703
BRCA2,0,0.10695837419161879
BRCA2,0,0.10738477296090988
BRCA2,0,0.11709492618198866
BRCA2,0,0.17628807848294162
BRCA2,0,0.18050035598569156
BRCA2,0,0.10688915631561151
BRCA2,0,0.11189845655445987
BRCA2,0,0.11618145825495409
BRCA2,0,0.11361328554474755
BRCA2,0,0.11013724999721172
BRCA2,0,0.21054237222387476
BRCA2,0,0.16106521531506449
BRCA2,0,0.10793632249036236
BRCA2,0,0.11109246529552655
BRCA2,0,0.4479457846043077
BRCA2,0,0.1293302826346638
BRCA2,0,0.14099386577436662
BRCA2,0,0.12654597098228035
BRCA2,0,0.16061205708271153
BRCA2,0,0.13241024816814517
BRCA2,0,0.11039042367478138
BRCA2,0,0.990153303533813
BRCA2,1,0.9977416333846036
BRCA2,1,0.997509643738636
BRCA2,1,0.9976072430959065
BRCA2,0,0.1092333620775791
BRCA2,1,0.9976938302721686
BRCA2,0,0.10696752377069865
BRCA2,0,0.10819163860969921
BRCA2,0,0.1080141235706641
BRCA2,1,0.9977536432673731
BRCA2,1,0.9977534199476753
BRCA2,1,0.9977539930910102
BRCA2,0,0.10736966986462278
BRCA2,0,0.11284465668344724
BRCA2,0,0.7878361422130207
BRCA2,0,0.16386626304314966
BRCA2,0,0.15362359849022064
BRCA2,0,0.13881765718558214
BRCA2,0,0.13061973561395462
BRCA2,0,0.11723529087085917
BRCA2,0,0.10866397557220682
BRCA2,0,0.10696828291263433
BRCA2,0,0.10787352410518962
BRCA2,0,0.18825911265573853
BRCA2,0,0.10714585396587459
BRCA2,0,0.18072431024618277
BRCA2,0,0.11454421767016444
BRCA2,0,0.12597685239951154
BRCA2,0,0.10711382260699595
BRCA2,0,0.10715351748929597
BRCA2,0,0.10869658674547442
BRCA2,0,0.9959327239448817
BRCA2,0,0.11075473012850785
BRCA2,0,0.8313978690962123
BRCA2,0,0.16003035737967666
BRCA2,1,0.9976465394207625
BRCA2,1,0.9977491778406724
BRCA2,1,0.9969548737483985
BRCA2,1,0.9971020402359431
BRCA2,0,0.11434433789555334
BRCA2,0,0.17948243579930587
BRCA2,0,0.1314135811707428
BRCA2,0,0.7350716405366188
BRCA2,0,0.15065359893924185
BRCA2,0,0.1101823618669831
BRCA2,1,0.9976463422420178
BRCA2,0,0.25804347824056284
BRCA2,0,0.22153206116300236
BRCA2,0,0.10691924654527239
BRCA2,0,0.12111858298387791
BRCA2,0,0.20005732291231493
BRCA2,0,0.47106508627835253
BRCA2,0,0.10715302298129332
BRCA2,0,0.10706969615602022
BRCA2,0,0.1360492878582539
BRCA2,0,0.205821889771351
BRCA2,0,0.14135421959988648
BRCA2,0,0.1437251311324137
BRCA2,0,0.592201214794343
BRCA2,0,0.10689520935125822
BRCA2,0,0.12550165394632626
BRCA2,0,0.11401511411200341
BRCA2,0,0.14653736669648254
BRCA2,0,0.10758351718142167
BRCA2,0,0.11174722615032057
BRCA2,0,0.10726066243033273
BRCA2,0,0.11633424390781649
BRCA2,0,0.10708145137625445
BRCA2,0,0.10689213043527937
BRCA2,0,0.10688130036873608
BRCA2,0,0.10714739237771886
BRCA2,0,0.10689831887159262
BRCA2,0,0.1436022773918197
BRCA2,0,0.1715913993448705
BRCA2,1,0.9977213704454365
BRCA2,0,0.13926287950143798
BRCA2,0,0.9330985550505366
BRCA2,0,0.1183183269774615
BRCA2,0,0.9486217372369676
BRCA2,0,0.9666292613248862
BRCA2,0,0.3863497093337735
BRCA2,1,0.9938039955269385
BRCA2,1,0.3759968068688767
BRCA2,1,0.9977425569755485
BRCA2,1,0.997701699028091
BRCA2,0,0.9976653156726691
BRCA2,0,0.10714473085126563
BRCA2,0,0.12537472653594273
BRCA2,0,0.1206523615962387
BRCA2,0,0.11263883057086418
BRCA2,0,0.10908339374408962
BRCA2,0,0.10906516461395972
BRCA2,0,0.11798420334444404
BRCA2,0,0.106885569278489
BRCA2,0,0.13241712533215644
BRCA2,0,0.11823335146763989
BRCA2,0,0.10786692188825597
BRCA2,0,0.11324346533491306
BRCA2,0,0.10712311311862961
BRCA2,0,0.11088090615617167
BRCA2,0,0.20511231158730964
BRCA2,0,0.1366357615876899
BRCA2,0,0.10693569879844597
BRCA2,0,0.12952956993608944
BRCA2,0,0.19099204585951607
BRCA2,0,0.17790522120355554
BRCA2,0,0.17667203760989925
BRCA2,0,0.19947992560126976
BRCA2,0,0.7028476479087369
BRCA2,0,0.10762645663295686
BRCA2,0,0.10723771206844225
BRCA2,0,0.10723773444976241
BRCA2,0,0.10744966061740362
BRCA2,1,0.9941001446668031
BRCA2,0,0.10707266732463064
BRCA2,0,0.12626586502424453
BRCA2,0,0.11235642579721679
BRCA2,0,0.1671308294645662
BRCA2,0,0.10719761538129784
BRCA2,0,0.1070108450913008
BRCA2,0,0.15518910877258127
BRCA2,0,0.10693138748114471
BRCA2,0,0.10698537773177261
BRCA2,0,0.10702785399308379
BRCA2,0,0.12353204149900775
BRCA2,0,0.10767885877389233
BRCA2,0,0.10693709641606083
BRCA2,0,0.1627204765803263
BRCA2,0,0.11400939288887929
BRCA2,0,0.11396068697829076
BRCA2,0,0.10695573237473174
BRCA2,0,0.10715505141785521
BRCA2,0,0.10689080511319465
BRCA2,0,0.11106621056768803
BRCA2,0,0.12378841215301782
BRCA2,0,0.10778529580389265
BRCA2,0,0.14243793372857877
BRCA2,0,0.10688045267126439
BRCA2,0,0.1347656394516579
BRCA2,0,0.11938702240192449
BRCA2,0,0.10817975528134437
BRCA2,0,0.10784090150878785
BRCA2,0,0.11792865890133185
BRCA2,0,0.10722774483856555
BRCA2,0,0.11882633600109994
BRCA2,0,0.14071878289570056
BRCA2,0,0.1068843145870973
BRCA2,0,0.10689169533677612
BRCA2,0,0.15959073468433468
BRCA2,0,0.11802033283692964
BRCA2,0,0.77304388237143
BRCA2,0,0.10691174273853307
BRCA2,0,0.10694962349901037
BRCA2,0,0.10699735020316971
BRCA2,0,0.11707278874589941
BRCA2,0,0.10688135659175825
BRCA2,0,0.10687984296358073
BRCA2,0,0.10800523889069008
BRCA2,0,0.10805405620349703
BRCA2,0,0.10688268754474033
BRCA2,0,0.10688199028912651
BRCA2,0,0.10688165768382688
BRCA2,0,0.10688181313917541
BRCA2,0,0.1068804782370819
BRCA2,0,0.10687992172633773
BRCA2,0,0.10688334452031106
BRCA2,0,0.10688122631219117
BRCA2,0,0.10688171224901716
BRCA2,0,0.10723981077876361
BRCA2,0,0.1068801413406231
BRCA2,0,0.10755576616725054
BRCA2,0,0.1069080145086544
BRCA2,0,0.10688307007727717
BRCA2,0,0.10700014804141354
BRCA2,0,0.10688436262426769
BRCA2,0,0.10687954283614041
BRCA2,0,0.10687995552943673
BRCA2,0,0.10688133511469254
BRCA2,0,0.10695463668763992
BRCA2,0,0.1068802743262243
BRCA2,0,0.10704412872307255
BRCA2,0,0.10687987026692182
BRCA2,0,0.10760436287274085
BRCA2,0,0.10687990584878972
BRCA2,0,0.10688067064715412
BRCA2,0,0.10688017348489759
BRCA2,0,0.10704957976330895
BRCA2,0,0.10689531626867024
BRCA2,0,0.10690137134852361
BRCA2,0,0.10704672301994869
BRCA2,0,0.10898976935638971
BRCA2,0,0.10688597958811002
BRCA2,0,0.10728944863304765
BRCA2,0,0.10688363751579792
BRCA2,0,0.10816173933889534
BRCA2,0,0.10839964630822999
BRCA2,0,0.11087614694181422
BRCA2,0,0.11797694153960431
BRCA2,0,0.12485456938078521
BRCA2,0,0.12009161420986916
BRCA2,0,0.10711471681191077
BRCA2,0,0.16660410474339715
BRCA2,0,0.1119695299387605
BRCA2,0,0.10933540601688475
BRCA2,0,0.10752746375722859
BRCA2,0,0.1070794941737475
BRCA2,0,0.11301830508814074
BRCA2,0,0.11422662255301295
BRCA2,0,0.10688385309250852
BRCA2,0,0.10694484261820902
BRCA2,0,0.10741088179866552
BRCA2,0,0.10701593590079392
BRCA2,0,0.10688218674564504
BRCA2,0,0.10688511374268396
BRCA2,0,0.10716856163943891
BRCA2,0,0.10752998700743296
BRCA2,0,0.10691891312879712
BRCA2,0,0.1069569515753193
BRCA2,0,0.10689349551242329
BRCA2,0,0.10701996391175223
BRCA2,0,0.1085071407770744
BRCA2,0,0.10688931635712622
BRCA2,0,0.10688020405764101
BRCA2,0,0.10688329372332148
BRCA2,0,0.10689790229810316
BRCA2,0,0.10688157474698026
BRCA2,0,0.10688277180044455
BRCA2,0,0.10695443385371517
BRCA2,0,0.10689210241893503
BRCA2,0,0.10690859919300037
BRCA2,0,0.10688154422925002
BRCA2,0,0.10690408438365889
BRCA2,0,0.18972440130083937
BRCA2,0,0.1259373214440375
BRCA2,0,0.13195661704724437
BRCA2,0,0.10820406621936031
BRCA2,0,0.11295772523201737
BRCA2,0,0.1068903725440723
BRCA2,0,0.10688274814590992
BRCA2,0,0.10689965631300727
BRCA2,0,0.10691563045450446
BRCA2,0,0.10694786309936043
BRCA2,0,0.10688256643050885
BRCA2,0,0.10691635485721523
BRCA2,0,0.10688240824725935
BRCA2,0,0.10688822262194612
BRCA2,0,0.10688889047057651
BRCA2,0,0.10688093589622114
BRCA2,0,0.10688129475419535
BRCA2,0,0.1068842041097076
BRCA2,0,0.10690007168742922
BRCA2,0,0.10688620591525576
BRCA2,0,0.10688161504058001
BRCA2,0,0.10726463630757867
BRCA2,0,0.10688536057212882
BRCA2,0,0.10688394474829066
BRCA2,0,0.10695005452344489
BRCA2,0,0.10687978876392758
BRCA2,0,0.10692110064738308
BRCA2,0,0.10688590050816973
BRCA2,0,0.10690230343811108
BRCA2,0,0.10690312856504476
BRCA2,0,0.10688466645214552
BRCA2,0,0.10688016543968375
BRCA2,0,0.10690740757850249
BRCA2,0,0.10688144486968822
BRCA2,0,0.10688042210567224
BRCA2,0,0.1068992668130329
BRCA2,0,0.10688085428340445
BRCA2,0,0.10688054700673184
BRCA2,0,0.10688368244310714
BRCA2,0,0.10713577128538156
BRCA2,0,0.10688375297000359
BRCA2,0,0.10701372681038951
BRCA2,0,0.10688485099633116
BRCA2,0,0.10694178375972913
BRCA2,0,0.10689388472447969
BRCA2,0,0.10690396720929096
BRCA2,0,0.10688211678986158
BRCA2,0,0.1068803721618585
BRCA2,0,0.10689028328408096
BRCA2,0,0.10704089771634642
BRCA2,0,0.10722015395804603
BRCA2,0,0.10688781884140441
BRCA2,0,0.10691950456864686
BRCA2,0,0.10688377328948846
BRCA2,0,0.10688585677591339
BRCA2,0,0.10732888989446562
BRCA2,0,0.10696359983845151
BRCA2,0,0.10692332060918057
BRCA2,0,0.1070785628751422
BRCA2,0,0.10689242068287334
BRCA2,0,0.10690080507929633
BRCA1,0,0.10864617602134602
BRCA1,0,0.10708886890959068
BRCA1,0,0.1068817608592807
BRCA1,0,0.10719609510707948
BRCA1,0,0.1069243772883154
BRCA1,0,0.10688157000820107
BRCA1,0,0.3317479478598266
BRCA1,0,0.10692009786175952
BRCA1,0,0.10687984332555275
BRCA1,0,0.1741038119065982
BRCA1,1,0.9907479532444899
BRCA1,0,0.10751603254060084
BRCA1,0,0.10695523689235108
BRCA1,0,0.11746446492299491
BRCA1,0,0.1073480588921134
BRCA1,0,0.11114913738728847
BRCA1,0,0.10831402218998576
BRCA1,0,0.11230309661562134
BRCA1,0,0.9977507043616443
BRCA1,0,0.10698400581883623
BRCA1,0,0.10746498776566099
BRCA1,1,0.9975556569073031
BRCA1,1,0.9977449328248796
BRCA1,1,0.9977243204435902
BRCA1,1,0.8804875453420076
BRCA1,1,0.9977532583333403
BRCA1,1,0.9977545547089908
BRCA1,0,0.988595654409306
BRCA1,1,0.9977456654340394
BRCA1,0,0.2250717267703649
BRCA1,0,0.47781847851377734
BRCA1,1,0.9977458536668807
BRCA1,1,0.9977522925929688
BRCA1,1,0.9977522857805696
BRCA1,0,0.11618936914706787
BRCA1,0,0.11099572417177202
BRCA1,1,0.1073612076297623
BRCA1,0,0.11268299774012473
BRCA1,1,0.9062805411323605
BRCA1,1,0.18228470892969625
BRCA1,1,0.8568148672945163
BRCA1,0,0.10699786408602871
BRCA1,0,0.10749560826901783
BRCA1,0,0.10691445106989417
BRCA1,0,0.12336884994685052
BRCA1,0,0.11719556750988838
BRCA1,0,0.1374988051441925
BRCA1,0,0.12929210634737118
BRCA1,0,0.1068928877939654
BRCA1,1,0.12471070643528812
BRCA1,0,0.12929533877903784
BRCA1,1,0.6654223321776566
BRCA1,1,0.11726769155341346
BRCA1,1,0.29753595338135436
BRCA1,1,0.9960538951430749
BRCA1,0,0.4379226759477367
BRCA1,1,0.987156056356039
BRCA1,1,0.9977539667279857
BRCA1,1,0.9566773073350363
BRCA1,0,0.10714821968717843
BRCA1,0,0.9874546033468709
BRCA1,0,0.1068807635681539
BRCA1,0,0.15435262712601325
BRCA1,1,0.10690135544871247
BRCA1,0,0.10705010925087491
BRCA1,0,0.12627906156476248
BRCA1,0,0.10696757023179833
BRCA1,0,0.10707047159596243
BRCA1,0,0.11938940603896481
BRCA1,0,0.112924686403077
BRCA1,0,0.1074029582474116
BRCA1,0,0.10689708010413808
BRCA1,0,0.10843793210396574
BRCA1,0,0.119719626987245
BRCA1,0,0.11910495224922661
BRCA1,0,0.3583086406629182
BRCA1,0,0.17142061329540356
BRCA1,0,0.9083226217305402
BRCA1,0,0.6689025868292389
BRCA1,0,0.6348298278321957
BRCA1,1,0.9975373380244952
BRCA1,1,0.9271768013798553
BRCA1,1,0.9977359049060525
BRCA1,1,0.997753958841136
BRCA1,1,0.9977498976662849
BRCA1,1,0.9965365133098691
BRCA1,1,0.9977303998065581
BRCA1,0,0.10926860061284698
BRCA1,0,0.358924662276906
BRCA1,0,0.478042087490445
BRCA1,0,0.739240417624193
BRCA1,0,0.5234499351947756
BRCA1,0,0.7962542724315661
BRCA1,1,0.9977415457205293
BRCA1,1,0.9977531940063573
BRCA1,0,0.10877841516001002
BRCA1,0,0.12032011733302536
BRCA1,0,0.17217770727124904
BRCA1,0,0.16934383132704775
BRCA1,1,0.9800443260047446
BRCA1,0,0.121300497958541
BRCA1,0,0.19538072028647377
BRCA1,0,0.4043849780109993
BRCA1,0,0.9977481616725654
BRCA1,0,0.21513733389847442
BRCA1,0,0.32379444744928393
BRCA1,0,0.16172042818917984
BRCA1,0,0.7053038920785201
BRCA1,0,0.11011420085996727
BRCA1,1,0.1843390279884092
BRCA1,1,0.9977488194658226
BRCA1,0,0.17362015990991764
BRCA1,1,0.9833282158315466
BRCA1,0,0.1112490313675811
BRCA1,0,0.11272096671591492
BRCA1,0,0.10689714143027773
BRCA1,1,0.9977531010542439
BRCA1,0,0.9976837966848223
BRCA1,0,0.10989364712109558
BRCA1,0,0.1079242731850466
BRCA1,0,0.18508594807317513
BRCA1,0,0.12440376061892644
BRCA1,0,0.10753574849422569
BRCA1,0,0.1070122867337986
BRCA1,0,0.1206536131366762
BRCA1,1,0.9963437588225481
BRCA1,1,0.9977452011714963
BRCA1,1,0.9977338104461609
BRCA1,1,0.952815478570926
BRCA1,1,0.9977279211894304
BRCA1,1,0.9975674541929301
BRCA1,0,0.9759493573099755
BRCA1,0,0.9950540207140985
BRCA1,1,0.997754474638297
BRCA1,1,0.9769400588190695
BRCA1,1,0.6475928571435688
BRCA1,0,0.11278223855747636
BRCA1,1,0.9656349823790551
BRCA1,1,0.9977470277178977
BRCA1,0,0.28796380701211777
BRCA1,0,0.10695125597465643
BRCA1,1,0.994374422754434
BRCA1,1,0.9977534431608142
BRCA1,1,0.9977518658165512
BRCA1,1,0.9977520111335447
BRCA1,1,0.9977387964746577
BRCA1,1,0.9977532761648394
BRCA1,1,0.9977495690831503
BRCA1,1,0.9977187274387319
BRCA1,1,0.9977515366815713
BRCA1,1,0.9977357094101197
BRCA1,0,0.4588108562824793
BRCA1,0,0.11025353540741786
BRCA1,1,0.5844034897257252
BRCA1,0,0.10956791999915733
BRCA1,0,0.30347277163982045
BRCA1,0,0.1705877266981538
BRCA1,0,0.17609576754668696
BRCA1,0,0.10705779398197904
BRCA1,0,0.13563632706915296
BRCA1,0,0.19143241770607528
BRCA1,0,0.2016325878900908
BRCA1,0,0.10822964444383631
BRCA1,1,0.997704230030243
BRCA1,1,0.9974372783286102
BRCA1,1,0.9977533671447276
BRCA1,0,0.10905937315825329
BRCA1,1,0.9970467044156469
BRCA1,0,0.5858273067059341
BRCA1,1,0.9977107531538549
BRCA1,1,0.997725337682878
BRCA1,1,0.9977492403109021
BRCA1,1,0.9976353246520079
BRCA1,0,0.16125821109556343
BRCA1,0,0.9470160280510876
BRCA1,1,0.9977513974723562
BRCA1,1,0.9977460079156838
BRCA1,1,0.9956046921473627
BRCA1,1,0.9977531711591399
BRCA1,1,0.9962411929894008
BRCA1,1,0.9043038367932157
BRCA1,0,0.10743829638418505
BRCA1,1,0.9398356761263887
BRCA1,0,0.5757573667906637
BRCA1,0,0.9073999616869058
BRCA1,0,0.12938049627591908
BRCA1,0,0.9260244583901327
BRCA1,0,0.5220640769650875
BRCA1,1,0.7400169838750531
BRCA1,1,0.962741483697032
BRCA1,1,0.9977386787105889
BRCA1,1,0.9977413784928842
BRCA1,0,0.2811271985864687
BRCA1,1,0.9977541109516488
BRCA1,1,0.8645053664853191
BRCA1,1,0.9977481623232345
BRCA1,1,0.997754203543416
BRCA1,1,0.9977212720857411
BRCA1,1,0.9977337574359925
BRCA1,0,0.13463166538589735
BRCA1,1,0.9977515959764124
BRCA1,1,0.9977542241789725
BRCA1,1,0.9977449154519646
BRCA1,0,0.9108977740724988
BRCA1,0,0.9478301874511355
BRCA1,0,0.10762518721734794
BRCA1,1,0.4311659412074941
BRCA1,1,0.9596319951374507
BRCA1,1,0.9957672795209482
BRCA1,1,0.9977287975331337
BRCA1,1,0.5655857676004166
BRCA1,1,0.9739094025815421
BRCA1,1,0.996809612977003
BRCA1,0,0.40324665327136183
BRCA1,0,0.7956172902654114
BRCA1,0,0.23572028051054375
BRCA1,1,0.9977453236193043
BRCA1,0,0.9956015939468489
BRCA1,1,0.9977528587473982
BRCA1,1,0.99773921708787
BRCA1,1,0.9977318035150495
BRCA1,1,0.9977510402133108
BRCA1,1,0.9977475973886932
BRCA1,0,0.9856344648607078
BRCA1,1,0.9969842143503073
BRCA1,1,0.12600373404601353
BRCA1,1,0.8852744780408398
BRCA1,0,0.1429025240533043
BRCA1,0,0.12319493044479525
BRCA1,0,0.10699506975476572
BRCA1,0,0.10697765978075005
BRCA1,0,0.10987580551052166
BRCA1,0,0.10731862708651714
BRCA1,0,0.11354311417511943
BRCA1,0,0.3391421457937638
BRCA1,1,0.9977180949558062
BRCA1,0,0.9933925298119871
BRCA1,0,0.9245624027608437
BRCA1,0,0.21889017089467958
BRCA1,0,0.14002898833415842
BRCA1,0,0.12072221359138267
BRCA1,0,0.9008842129379921
BRCA1,0,0.746119131343872
BRCA1,0,0.2096944086417806
BRCA1,1,0.10997081485385526
BRCA1,0,0.3572639696985222
BRCA1,0,0.8961168068667325
BRCA1,0,0.1210363053479035
BRCA1,1,0.9977540461190301
BRCA1,1,0.9977528654013571
BRCA1,1,0.991101203324246
BRCA1,0,0.11173480149421888
BRCA1,0,0.10854876910267966
BRCA1,1,0.9975891158406522
BRCA1,0,0.10734304829682396
BRCA1,0,0.11313755803799071
BRCA1,0,0.10692627433605052
BRCA1,0,0.10709888502660644
BRCA1,0,0.10691174551593179
BRCA1,0,0.10690569711192702
BRCA1,0,0.10689995316214694
BRCA1,0,0.10690267563100168
BRCA1,0,0.1076967266250277
BRCA1,0,0.10688029189623292
BRCA1,0,0.10688052140913488
BRCA1,0,0.10850919334163885
BRCA1,0,0.1269921047406799
BRCA1,0,0.10688258389900893
BRCA1,0,0.10694151527162306
BRCA1,0,0.1071498716725107
BRCA1,0,0.10691330079582284
BRCA1,0,0.11742918723790235
BRCA1,0,0.10690696647811314
BRCA1,0,0.1140003973865065
BRCA1,0,0.1069238406593017
BRCA1,0,0.10689033343722346
BRCA1,0,0.10700179332677758
BRCA1,0,0.10697404494995034
BRCA1,0,0.10830606300321774
BRCA1,0,0.10688270462209282
BRCA1,0,0.10689975655402617
BRCA1,1,0.10781055476732414
BRCA1,0,0.10690318688379645
BRCA1,0,0.10688128561916636
BRCA1,0,0.10695065824678693
BRCA1,0,0.10690577696977024
BRCA1,0,0.1298125338172183
BRCA1,0,0.10872547292659754
BRCA1,0,0.10728995587187803
BRCA1,0,0.10691214649047572
BRCA1,0,0.107066750958885
BRCA1,0,0.10688708764351602
BRCA1,0,0.10705218483754517
BRCA1,0,0.10695511159139504
BRCA1,0,0.10778957105198184
BRCA1,0,0.10705895940879656
BRCA1,0,0.10698110430450354
BRCA1,0,0.10693575059202953
BRCA1,0,0.10742567455083599
BRCA1,0,0.1072102565762175
BRCA1,0,0.11316812205370022
BRCA1,0,0.10688744913173842
BRCA1,0,0.10941422242051636
BRCA1,0,0.10810132555297007
BRCA1,0,0.10689595055662876
BRCA1,0,0.10869401085409648
BRCA1,0,0.11044074038485877
BRCA1,0,0.10737579660733124
BRCA1,1,0.9972806271052298
BRCA1,0,0.11168664238556182
BRCA1,0,0.11021733838844426
BRCA1,0,0.10740595543270344
BRCA1,0,0.10690057511474152
BRCA1,0,0.10703225526236715
BRCA1,0,0.10690526546851159
BRCA1,0,0.10688247700030666
BRCA1,0,0.10691521280988679
BRCA1,0,0.10711445844680273
BRCA1,0,0.10688352152461932
BRCA1,0,0.10691278819678865
BRCA1,0,0.10763674440863667
BRCA1,0,0.1070834230979909
BRCA1,0,0.10749103750083766
BRCA1,0,0.10688498314338868
BRCA1,0,0.10688837417124197
BRCA1,0,0.10688881818665899
BRCA1,0,0.10688293530130066
BRCA1,0,0.10689578686283271
BRCA1,0,0.11605745116198826
BRCA1,0,0.10816580093394101
BRCA1,0,0.10688300365033393
BRCA1,0,0.10688625357531156
BRCA1,0,0.10689584736969227
BRCA1,0,0.10692109582777047
BRCA1,0,0.1068805725312931
BRCA1,1,0.11915719038134946
BRCA1,1,0.10845370333424666
BRCA1,0,0.1069254414855841
BRCA1,0,0.10688119435075148
BRCA1,0,0.10715952171930923
BRCA1,0,0.13464134473701808
BRCA1,0,0.1070289975112791
BRCA1,0,0.1698655861061301
BRCA1,0,0.1070176876360863
BRCA1,0,0.10720527697388711
BRCA1,0,0.10687987527765275
BRCA1,0,0.11057210680624464
BRCA1,0,0.10688513421854369
BRCA1,0,0.12867283021787593
BRCA1,0,0.10688813418269688
BRCA1,0,0.10689921493743776
BRCA1,0,0.10689448207133313
BRCA1,0,0.10690874322734129
BRCA1,0,0.10701611144514227
BRCA1,0,0.10688021957872067
BRCA1,0,0.10688547369151674
BRCA1,1,0.10688461975968383
BRCA1,0,0.10688118579185256
BRCA1,0,0.10688741361829825
BRCA1,0,0.10688143949912675
BRCA1,0,0.10688423447935991
BRCA1,0,0.10688259488805191
BRCA1,0,0.11336666527834391
BRCA1,0,0.12623420662397394
BRCA1,0,0.12539905187621223
BRCA1,1,0.30254399706201246
BRCA1,1,0.26805451516785966
BRCA1,0,0.11593147868526643
BRCA1,1,0.8979027851785487
BRCA1,1,0.9976576522727993
BRCA1,0,0.15934558878187968
BRCA1,0,0.20737511755123075
BRCA1,0,0.12931114457001786
BRCA1,0,0.11445967058701433
BRCA1,0,0.10701121434605403
BRCA1,0,0.10706383494978312
BRCA1,0,0.10691401014313098
BRCA1,0,0.10797465873664051
BRCA1,0,0.10714621365720614
BRCA1,0,0.10688081123890664
BRCA1,0,0.10700703964856614
BRCA1,0,0.10913566062611056
BRCA1,0,0.10691440826319205
BRCA1,0,0.1072351209150432
BRCA1,0,0.1089943916024118
BRCA1,0,0.11217502514023572
BRCA1,0,0.10690204276423408
BRCA1,0,0.1175546294538314
BRCA1,0,0.10698576943928009
BRCA1,0,0.10690383447003482
BRCA1,0,0.10688337976442366
BRCA1,0,0.10689722574895809
BRCA1,0,0.11449203515362659
BRCA1,0,0.11039382787606027
BRCA1,0,0.10802548841667492
BRCA1,0,0.10723953974544655
BRCA1,0,0.10761208718978549
BRCA1,0,0.10689849112957778
BRCA1,0,0.10810601897271267
BRCA1,0,0.10707512633282079
BRCA1,0,0.10705486010428046
BRCA1,0,0.10777379593073716
BRCA1,0,0.1081606943498584
BRCA1,0,0.10690013006136191
BRCA1,0,0.10689520397369492
BRCA1,0,0.10701101258778772
BRCA1,0,0.10695212600575063
BRCA1,0,0.17678398430390213
BRCA1,0,0.11603719368664837
BRCA1,0,0.1297745507827722
BRCA1,0,0.1086278329031247
BRCA1,0,0.1068814719405683
BRCA1,0,0.10706165598073035
BRCA1,0,0.10694781667096938
BRCA1,0,0.10692856232818292
BRCA1,0,0.10767061539609699
BRCA1,0,0.10690601251708258
BRCA1,0,0.10690601244082279
BRCA1,0,0.10710630801662648
BRCA1,0,0.1080370020035417
BRCA1,0,0.10738616822640479
BRCA1,0,0.10696343307610079
BRCA1,0,0.11693837863068089
BRCA1,0,0.10700432370384422
BRCA1,0,0.10688127763710102
BRCA1,0,0.1072921336049901
BRCA1,0,0.10711142301843263
BRCA1,0,0.10695546311649069
BRCA1,0,0.11585568588136759
BRCA1,0,0.10797981381269735
BRCA1,0,0.10825224980000843
BRCA1,0,0.110074452005545
BRCA1,0,0.10821190014499708
BRCA1,0,0.10772201918035308
BRCA1,0,0.10688256030772934
BRCA1,0,0.10706009128198121
BRCA1,0,0.12251525893850695
BRCA1,0,0.10911626048221011
BRCA1,0,0.11408675870776284
BRCA1,0,0.10690510373197196
BRCA1,0,0.10694556018114627
BRCA1,0,0.11274243507616687
BRCA1,0,0.1138442568718293
BRCA1,0,0.11036566338114712
BRCA1,0,0.1079047315406224
BRCA1,0,0.1070987228413555
BRCA1,0,0.10688162762477807
BRCA1,0,0.10688662331985237
BRCA1,0,0.1122272753846769
BRCA1,0,0.10688837398212399
BRCA1,0,0.10941743266552414
BRCA1,0,0.1068914938371411
BRCA1,0,0.1137102606454713
BRCA1,0,0.11166346428076318
BRCA1,0,0.107150619201589
BRCA1,0,0.10691678438819191
BRCA1,0,0.1087540091852311
BRCA1,0,0.1471870973915379
BRCA1,0,0.10800765256081225
BRCA1,0,0.10836357291233804
BRCA1,0,0.10707720325772767
BRCA1,0,0.1071593844600306
BRCA1,0,0.10701028760702552
BRCA1,0,0.10816951284998394
BRCA1,0,0.10690811856928333
BRCA1,0,0.10708562920542937
BRCA1,0,0.10690477684627868
BRCA1,0,0.1068983931833596
BRCA1,0,0.10689794867265946
BRCA1,0,0.10699548226380652
BRCA1,0,0.1069077461115611
BRCA1,0,0.10790036391783733
BRCA1,0,0.10779265329684212
BRCA1,0,0.12307774804677825
BRCA1,0,0.10827845920387028
BRCA1,0,0.10785012957606868
BRCA1,0,0.11641337164443152
BRCA1,0,0.10727235977720456
BRCA1,0,0.10881905056363937
BRCA1,0,0.11443962130875379
BRCA1,0,0.10716797784383086
BRCA1,0,0.11061674643138004
BRCA1,0,0.10692924515872797
BRCA1,0,0.10688022530904127
BRCA1,0,0.1068869832864813
BRCA1,0,0.10688020667024165
BRCA1,0,0.15811856721599002
BRCA1,0,0.10689358249864055
BRCA1,0,0.10692083661586128
BRCA1,0,0.11182025837729852
BRCA1,0,0.10735399838660617
BRCA1,0,0.11632156252697019
BRCA1,0,0.10761051982867681
BRCA1,0,0.10689082079904753
BRCA1,0,0.10695039087309069
BRCA1,0,0.10889573387632989
BRCA1,0,0.10955694924274915
BRCA1,0,0.11918551264861754
BRCA1,0,0.10769785865123205
BRCA1,0,0.10689008436135511
BRCA1,0,0.1069491338104226
BRCA1,0,0.10793441610156315
BRCA1,0,0.10907983071530751
BRCA1,0,0.1071528876086284
BRCA1,0,0.12856749532218256
BRCA1,0,0.10729906424651302
BRCA1,0,0.10701415086223573
BRCA1,0,0.10756071630850067
BRCA1,0,0.1682035201389576
BRCA1,0,0.10705114887979303
BRCA1,0,0.10689034442864986
BRCA1,0,0.10782707852100411
BRCA1,0,0.10689459586770363
BRCA1,0,0.12018794867965027
BRCA1,0,0.11931350075829157
BRCA1,0,0.10711962235425623
BRCA1,0,0.10787029747237452
BRCA1,0,0.10899166932807205
BRCA1,0,0.13435835057044518
BRCA1,0,0.10821798627705725
BRCA1,0,0.10827955914456457
BRCA1,0,0.11197276068260632
BRCA1,0,0.10696473069032404
BRCA1,0,0.10731618141164516
BRCA1,0,0.11342218050881997
BRCA1,0,0.1077081093088427
BRCA1,0,0.8299765753649556
BRCA1,0,0.42439864605361577
BRCA1,0,0.9974208523486905
BRCA1,0,0.1123143212791226
BRCA1,0,0.10688261687070741
BRCA1,0,0.1068832974284248
BRCA1,0,0.10694277615053625
BRCA1,0,0.107013482484171
BRCA1,0,0.1117016196622717
BRCA1,0,0.9769660062553412
BRCA1,0,0.10828996954587021
BRCA1,0,0.1073041448483116
BRCA1,0,0.10709307936276415
BRCA1,0,0.10744992323761193
BRCA1,0,0.10689657119955627
BRCA1,0,0.10740300058102192
BRCA1,0,0.1069490934252151
BRCA1,0,0.13471296499312885
BRCA1,0,0.10972473133123865
BRCA1,0,0.10794252114358842
BRCA1,0,0.10754878285254618
BRCA1,0,0.10979401225445477
BRCA1,0,0.1088846382667023
BRCA1,0,0.10688423589220293
BRCA1,0,0.10729616122628226
BRCA1,0,0.10689278898177275
BRCA1,0,0.1069521438924517
BRCA1,0,0.10752836602724564
BRCA1,0,0.10724162768883623
BRCA1,0,0.10824691597649164
BRCA1,0,0.14154181888273734
BRCA1,0,0.12511057462389558
BRCA1,0,0.10818757861139656
BRCA1,0,0.10980438743337859
BRCA1,0,0.1391475311413867
BRCA1,0,0.10697124174834602
BRCA1,0,0.10696066292916097
BRCA1,0,0.1106324949278659
BRCA1,0,0.11452056765772946
BRCA1,0,0.12840375142371077
BRCA1,0,0.1068818735363006
BRCA1,0,0.10690166319105217
BRCA1,0,0.16584294506672
BRCA1,0,0.10688605363338932
BRCA1,0,0.1068826737295146
BRCA1,0,0.1068947419371355
BRCA1,0,0.10688600819005047
BRCA1,0,0.10700049569831463
BRCA1,0,0.10690332747371314
BRCA1,0,0.10688612984120363
BRCA1,0,0.10797939387179571
BRCA1,0,0.1074561933976669
BRCA1,0,0.10689289990809567
BRCA1,0,0.12428001003480549
BRCA1,0,0.10691929670171976
BRCA1,0,0.10688167944146831
BRCA1,0,0.10725444435697365
BRCA1,0,0.10699735297046148
BRCA1,0,0.10690518293564402
BRCA1,0,0.10692935956535224
BRCA1,0,0.1072672536476856
BRCA1,0,0.10700377027995382
BRCA1,0,0.10706196581876191
BRCA1,0,0.10688037076782635
BRCA1,0,0.10688709747679467
BRCA1,0,0.10692618406078448
BRCA1,0,0.10688541558444112
BRCA1,0,0.10725174164078455
BRCA1,0,0.11023717994108555
BRCA1,0,0.1267404277297059
BRCA1,0,0.1069444672416737
BRCA1,0,0.10691158507323893
BRCA1,0,0.10750912624879926
BRCA1,0,0.1078856529399681
BRCA1,0,0.10689423912362149
BRCA1,0,0.10701324111685277
BRCA1,0,0.1103262789612307
BRCA1,0,0.10688367427984266
BRCA1,0,0.1068802111991894
BRCA1,0,0.10781040786251761
BRCA1,0,0.10830280864331865
BRCA1,0,0.10990899262613182
BRCA1,0,0.10939265156991317
BRCA1,0,0.10925046044543923
BRCA1,0,0.1069246438013124
BRCA1,0,0.10692115076200757
BRCA1,0,0.10697684760827064
BRCA1,0,0.10749793203871305
BRCA1,0,0.11328925042656039
BRCA1,0,0.10691615354963584
BRCA1,0,0.10689498441873793
BRCA1,0,0.11567164850420499
BRCA1,0,0.11288026414582537
BRCA1,0,0.13385056011130422
BRCA1,0,0.10790397561637671
BRCA1,0,0.10825018504509606
BRCA1,0,0.10720352761391372
BRCA1,0,0.10750782634410279
BRCA1,0,0.10689324646656184
BRCA1,0,0.10689648886928152
BRCA1,0,0.10688731421719655
BRCA1,0,0.10741773697462483
BRCA1,0,0.1069661866159712
BRCA1,0,0.10689218809493571
BRCA1,0,0.10798593499474955
BRCA1,0,0.10692345073298114
BRCA1,0,0.10695362399181886
BRCA1,0,0.10734812553878784
BRCA1,0,0.10688122423008314
BRCA1,0,0.10689091006986676
BRCA1,0,0.10700297298780864
BRCA1,0,0.10691912586935147
BRCA1,0,0.10688192312119305
BRCA1,0,0.107144696586827
BRCA1,0,0.10697017626886927
BRCA1,0,0.10699641542571635
BRCA1,0,0.10776008014050406
BRCA1,0,0.10697833461436403
BRCA1,0,0.10771776730968213
BRCA1,0,0.1112752800490245
BRCA1,0,0.108249051298359
BRCA1,0,0.10690249988307737
BRCA1,0,0.10689110295019248
BRCA1,0,0.10688170067561062
BRCA1,0,0.10697557597448339
BRCA1,0,0.10688527648384723
BRCA1,0,0.10708513408259761
BRCA1,0,0.10690756727375499
BRCA1,0,0.13183403781142108
BRCA1,0,0.12966740575679708
BRCA1,0,0.11664830892008307
BRCA1,0,0.132585128127783
BRCA1,0,0.15609870412940266
BRCA1,0,0.12129766690475685
BRCA1,0,0.1078159080996158
BRCA1,0,0.1095673930286724
BRCA1,0,0.10921259240913092
BRCA1,0,0.140248969049653
BRCA1,0,0.11313562532351192
BRCA1,0,0.21018179859647532
BRCA1,0,0.8440455743537709
BRCA1,0,0.13006180236597778
BRCA1,0,0.1220024277089596
BRCA1,0,0.11023776675679285
BRCA1,0,0.10877054345770958
BRCA1,0,0.16349552896000014
BRCA1,0,0.1433394728694508
BRCA1,0,0.7373168795925035
BRCA1,0,0.10955333123179878
BRCA1,0,0.10978962692252786
BRCA1,0,0.10695135743323526
BRCA1,0,0.11065305453134035
BRCA1,0,0.1071101147802965
BRCA1,0,0.13980211135623696
BRCA1,0,0.10834227929686421
BRCA1,0,0.22471401085583734
BRCA1,0,0.10892270627894961
BRCA1,0,0.10730833665985551
BRCA1,0,0.10874895678324269
BRCA1,0,0.11141539649291908
BRCA1,0,0.11061701721385439
BRCA1,0,0.10743012299113947
BRCA1,0,0.10783261248489737
BRCA1,0,0.13821074996470184
BRCA1,0,0.1182016998797001
BRCA1,0,0.10688039025192281
BRCA1,0,0.13382519769444098
BRCA1,0,0.11017149433963343
BRCA1,0,0.10708927858645301
BRCA1,0,0.10835831144154306
BRCA1,0,0.11661688565507956
BRCA1,0,0.10788342868633052
BRCA1,0,0.10724960125831205
BRCA1,0,0.10721632860183745
BRCA1,0,0.11270378721038946
BRCA1,0,0.11358389802681074
BRCA1,0,0.11320762987373394
BRCA1,0,0.10713202645167011
BRCA1,0,0.11192852840968402
BRCA1,0,0.10736435363149499
BRCA1,0,0.10689462916682237
BRCA1,0,0.10713962132291771
BRCA1,0,0.10690710257740876
BRCA1,0,0.10688616034825471
BRCA1,0,0.10688133478012846
BRCA1,0,0.10688502972161981
BRCA1,0,0.10915435065779826
BRCA1,0,0.12362509386985948
BRCA1,0,0.10801489882913427
BRCA1,0,0.10692602594275147
BRCA1,0,0.10689260693893594
BRCA1,0,0.10696525939742614
BRCA1,0,0.11088070514166196
BRCA1,0,0.10690288792890472
BRCA1,0,0.10701502258023751
BRCA1,0,0.10742573839837449
BRCA1,0,0.1069026874517141
BRCA1,0,0.10871506866268899
BRCA1,0,0.10690772528187245
BRCA1,0,0.10689252153871413
BRCA1,0,0.10755584831222939
BRCA1,0,0.10741536478556905
BRCA1,0,0.10688274887960662
BRCA1,0,0.10718030420904891
BRCA1,0,0.10744557275928078
BRCA1,0,0.11253545831034807
BRCA1,0,0.11012839716244624
BRCA1,0,0.10688337129780871
BRCA1,0,0.1069121271962306
BRCA1,0,0.1068903573445797
BRCA1,0,0.10689938667004947
BRCA1,0,0.1068798595312298
BRCA1,0,0.11000172914574978
BRCA1,0,0.11126767104361819
BRCA1,0,0.10702699667745172
BRCA1,0,0.11570313673475574
BRCA1,0,0.10717936702945449
BRCA1,0,0.11016785238096669
BRCA1,0,0.10691057075609457
BRCA1,0,0.1285439391790773
BRCA1,0,0.10921251171580407
BRCA1,0,0.10725213182813632
BRCA1,0,0.10692942239483316
BRCA1,0,0.10691065628924928
BRCA1,0,0.1078933786068558
BRCA1,0,0.10688482113284681
BRCA1,0,0.10693789341373261
BRCA1,0,0.1068992937949568
BRCA1,0,0.10700955371483517
BRCA1,0,0.10761620598214731
BRCA1,0,0.10786443386882363
BRCA1,0,0.10691729275944059
BRCA1,0,0.11249018442739825
BRCA1,0,0.1069733779730956
BRCA1,0,0.10792145800276105
BRCA1,0,0.10703604593271314
BRCA1,0,0.10711450220129766
BRCA1,0,0.11192701927013135
BRCA1,0,0.1090823207792788
BRCA1,0,0.10703945006624785
BRCA1,0,0.10799304559674912
BRCA1,0,0.10719564077927847
BRCA1,0,0.1285655433470809
BRCA1,0,0.10910957129391118
BRCA1,0,0.10763819697378396
BRCA1,0,0.10893235849185975
BRCA1,0,0.10768553559409896
BRCA1,0,0.1896159753008773
BRCA1,0,0.10723371699374692
BRCA1,0,0.6265811506152561
BRCA1,0,0.12098165743766764
BRCA1,0,0.22776194434349498
BRCA1,0,0.11618031542885636
BRCA1,0,0.10695951394364063
BRCA1,0,0.10688148520631795
BRCA1,0,0.11159967073713495
BRCA1,0,0.9926560309657052
BRCA1,0,0.11546708053691809
BRCA1,0,0.11720955905673983
BRCA1,0,0.1116176897031747
BRCA1,0,0.111449471417123
BRCA1,0,0.1070242655735392
BRCA1,0,0.10689051038728703
BRCA1,0,0.10688094843209264
BRCA1,0,0.1097926946564367
BRCA1,0,0.10689958263396536
BRCA1,0,0.10835691320174941
BRCA1,0,0.10693323138015193
BRCA1,0,0.11459867807441579
BRCA1,0,0.13291833285646673
BRCA1,0,0.12242087628248481
BRCA1,0,0.11624432351112259
BRCA1,0,0.1304741868842401
BRCA1,0,0.15693129762298297
BRCA1,0,0.10722165678759193
BRCA1,0,0.10696664387419329
BRCA1,0,0.10689149615800832
BRCA1,0,0.10689002185360344
BRCA1,0,0.11767143499807825
BRCA1,0,0.10691861256291957
BRCA1,0,0.10810905095897297
BRCA1,0,0.10796040980872125
BRCA1,0,0.10723915683758443
BRCA1,0,0.1134461577046813
BRCA1,0,0.11242668015128583
BRCA1,0,0.10693093746246382
BRCA1,0,0.1097139401133801
BRCA1,0,0.10743641988799402
BRCA1,0,0.11828160608946446
BRCA1,0,0.10853566460647054
BRCA1,0,0.11020731530495358
BRCA1,0,0.10999383234615434
BRCA1,0,0.10689641904488457
BRCA1,0,0.10922818200220905
BRCA1,0,0.9909142951793949
BRCA1,0,0.10775239906864502
BRCA1,0,0.11393339173859257
BRCA1,0,0.11177078502306555
BRCA1,0,0.10999236030075919
BRCA1,0,0.10702034959036655
BRCA1,0,0.12475103575709626
BRCA1,0,0.11637056873161361
BRCA1,0,0.12775153477556261
BRCA1,0,0.13208035799793946
BRCA1,0,0.1159613121821125
BRCA1,0,0.11565000463488039
BRCA1,0,0.2593304301186614
BRCA1,0,0.15032008704686428
BRCA1,0,0.10932822568176703
BRCA1,0,0.13506424048799437
BRCA1,0,0.11505904458489435
BRCA1,0,0.11365083319938094
BRCA1,0,0.10691061354936984
BRCA1,0,0.10773443894448181
BRCA1,0,0.16046508882006993
BRCA1,0,0.10776771226161559
BRCA1,0,0.1098050537501589
BRCA1,0,0.10687985083831836
BRCA1,0,0.10693649725712497
BRCA1,0,0.10690609016553214
BRCA1,0,0.10744847887722463
BRCA1,0,0.10688125877278842
BRCA1,0,0.1102663800595501
BRCA1,0,0.10694217991957002
BRCA1,0,0.1075489873708189
BRCA1,0,0.10689616134144243
BRCA1,0,0.10704886736517805
BRCA1,0,0.10701664361664644
BRCA1,0,0.1071915567417662
BRCA1,0,0.10696280417619627
BRCA1,0,0.10692809836582634
BRCA1,0,0.10695335557859859
BRCA1,0,0.10827107828165733
BRCA1,0,0.10743823026864613
BRCA1,0,0.10747846589653728
BRCA1,0,0.13582417292352592
BRCA1,0,0.12542169974757478
BRCA1,0,0.10805604796943064
BRCA1,0,0.12583358385555174
BRCA1,0,0.19698045485934654
BRCA1,0,0.11367688443352601
BRCA1,0,0.1851234601235683
BRCA1,0,0.11348390368251228
BRCA1,0,0.15909775709298943
BRCA1,0,0.10843492063009973
BRCA1,0,0.10707896662353747
BRCA1,0,0.11132658675925726
BRCA1,0,0.11335996870155671
BRCA1,0,0.10793265461712125
BRCA1,0,0.10708056048501514
BRCA1,0,0.11120964408718723
BRCA1,0,0.10914422827477256
BRCA1,0,0.10695199812509419
BRCA1,0,0.10732476013607302
BRCA1,0,0.10769826044516682
BRCA1,0,0.11295559362392879
BRCA1,0,0.10692644160831676
BRCA1,0,0.12468301738452237
BRCA1,0,0.10688424235413427
BRCA1,0,0.10696811976764137
BRCA1,0,0.1081374241193385
BRCA1,0,0.11369345009668609
BRCA1,0,0.11313718507696863
BRCA1,0,0.10914506439907007
BRCA1,0,0.10713407950946839
BRCA1,0,0.10693272470332413
BRCA1,0,0.10688516529560535
BRCA1,0,0.1068849616266052
BRCA1,0,0.11106628461430448
BRCA1,0,0.10694717129975155
BRCA1,0,0.10690005819302852
BRCA1,0,0.10690484019234975
BRCA1,0,0.10696312249402566
BRCA1,0,0.10700333200781152
BRCA1,0,0.10699166921893412
BRCA1,0,0.10712839026946945
BRCA1,0,0.12464554239602975
BRCA1,0,0.10715332133548615
BRCA1,0,0.10688175009156373
BRCA1,0,0.10688379105329607
BRCA1,0,0.10698964248904456
BRCA1,0,0.10705528296815733
BRCA1,0,0.10809285553760552
BRCA1,0,0.1071033498432943
BRCA1,0,0.10846553944312255
BRCA1,0,0.10962673339075511
BRCA1,0,0.10724186342426045
BRCA1,0,0.11161345616853265
BRCA1,0,0.10691739623951958
BRCA1,0,0.10780420926879138
BRCA1,0,0.10701126864948927
BRCA1,0,0.10745532788000493
BRCA1,0,0.11042152563982936
BRCA1,0,0.10732342704177596
BRCA1,0,0.1191261949206022
BRCA1,0,0.10697631570823639
BRCA1,0,0.10884967688783692
BRCA1,0,0.10695326516204548
BRCA1,0,0.10715074687405804
BRCA1,0,0.1079776421050735
BRCA1,0,0.10871165637712851
BRCA1,0,0.10883999222395546
BRCA1,0,0.10737236697439644
BRCA1,0,0.11289865687387303
BRCA1,0,0.11334209310974518
BRCA1,0,0.11753009477732806
BRCA1,0,0.10697960749921863
BRCA1,0,0.10688141591612
BRCA1,0,0.11265263513974229
BRCA1,0,0.10999828571477743
BRCA1,0,0.10923437491487319
BRCA1,0,0.11057290538720611
BRCA1,0,0.10921325053046199
BRCA1,0,0.10715513800747067
BRCA1,0,0.10719779722609245
BRCA1,0,0.10702718716855886
BRCA1,0,0.1080505652453665
BRCA1,0,0.10715226428624311
BRCA1,0,0.11776798061766162
BRCA1,0,0.14479135566830623
BRCA1,0,0.10832479364275782
BRCA1,0,0.10774240140630421
BRCA1,0,0.11156697311235712
BRCA1,0,0.10800332736367421
BRCA1,0,0.11581626269320332
BRCA1,0,0.10745518058119105
BRCA1,0,0.10691606704132674
BRCA1,0,0.13866871759006097
BRCA1,0,0.10731124130159386
BRCA1,0,0.11863980220093148
BRCA1,0,0.10688070587137148
BRCA1,0,0.10690901401730309
BRCA1,0,0.10688198804482418
BRCA1,0,0.10689621452548047
BRCA1,0,0.10734793718809792
BRCA1,0,0.1357533392371525
BRCA1,0,0.1069826933649258
BRCA1,0,0.10875950491676141
BRCA1,0,0.10750234302953136
BRCA1,0,0.10782436328206697
BRCA1,0,0.10822955389131121
BRCA1,0,0.10928548229700161
BRCA1,0,0.11295190173597847
BRCA1,0,0.10690833209352966
BRCA1,0,0.14787884092212664
BRCA1,0,0.10831198923339731
BRCA1,0,0.13050371564084817
BRCA1,0,0.11063515129007433
BRCA1,0,0.12994823165349081
BRCA1,0,0.1362673310178978
BRCA1,0,0.11128070962314159
BRCA1,0,0.1072709323028565
BRCA1,0,0.12083581937229328
BRCA1,0,0.11056053606154441
BRCA1,0,0.11287479064474144
BRCA1,0,0.10777573672569955
BRCA1,0,0.13505554811990123
BRCA1,0,0.12243435468738034
BRCA1,0,0.13899051351488745
BRCA1,0,0.11460885732454253
BRCA1,0,0.11009596201322615
BRCA1,0,0.10928366694409967
BRCA1,0,0.1869968290044259
BRCA1,0,0.12572618581475997
BRCA1,0,0.16624460464605145
BRCA1,0,0.10739894205096537
BRCA1,0,0.10701627160862082
BRCA1,0,0.12216926640575847
BRCA1,0,0.10693556236436097
BRCA1,0,0.1069835430917702
BRCA1,0,0.1068893852240874
BRCA1,0,0.10714887921193973
BRCA1,0,0.10690300639200825
BRCA1,0,0.11313834359395468
BRCA1,0,0.1076893274631527
BRCA1,0,0.11137199153453212
BRCA1,0,0.12386327323712301
BRCA1,0,0.10778842720008688
BRCA1,0,0.10951873421944039
BRCA1,0,0.1244202559387479
BRCA1,0,0.1092869898477831
BRCA1,0,0.15375680407301487
BRCA1,0,0.11497444376835911
BRCA1,0,0.10747673134603071
BRCA1,0,0.11061293572297116
BRCA1,0,0.11036003502982528
BRCA1,0,0.11564376017728928
BRCA1,0,0.10863503726136788
BRCA1,0,0.10689162035886875
BRCA1,0,0.11653068936433689
BRCA1,0,0.10758940953999659
BRCA1,0,0.1503468989668042
BRCA1,0,0.10781364224361127
BRCA1,0,0.10754911031419456
BRCA1,0,0.11275260992764301
BRCA1,0,0.10697165779285749
BRCA1,0,0.15269607406376418
BRCA1,0,0.10698329545483073
BRCA1,0,0.10689796397062414
BRCA1,0,0.10913249720244238
BRCA1,0,0.1108843776519859
BRCA1,0,0.11471362749182433
BRCA1,0,0.10740236009313721
BRCA1,0,0.10841519811122174
BRCA1,0,0.10707459164293585
BRCA1,0,0.10899723871058753
BRCA1,0,0.10732194663994185
BRCA1,0,0.10884193988483017
BRCA1,0,0.14443133883154372
BRCA1,0,0.11314575319620135
BRCA1,0,0.10985208713730611
BRCA1,0,0.10830044422242513
BRCA1,0,0.13409275850892804
BRCA1,0,0.13071908864841827
BRCA1,0,0.10790977674099916
BRCA1,0,0.11975416410200722
BRCA1,0,0.11142287332601757
BRCA1,0,0.1580471682874911
BRCA1,0,0.120514154138448
BRCA1,0,0.11604742206270205
BRCA1,0,0.12772391939578542
BRCA1,0,0.10717934153697818
BRCA1,0,0.11214733856846722
BRCA1,0,0.11639321335328429
BRCA1,0,0.12599852348978152
BRCA1,0,0.10688650910078587
BRCA1,0,0.1082813357949415
BRCA1,0,0.11485666439584202
BRCA1,0,0.10766166928453112
BRCA1,0,0.1093284460583629
BRCA1,0,0.1160844395828742
BRCA1,0,0.1134362401936075
BRCA1,0,0.11670087238623603
BRCA1,0,0.10693823806500895
BRCA1,0,0.10736926284937645
BRCA1,0,0.10717692350075386
BRCA1,0,0.10706805657580037
BRCA1,0,0.1068831754132301
BRCA1,0,0.10690662482736255
BRCA1,0,0.10705125567060272
BRCA1,0,0.10751226360529585
BRCA1,0,0.1069006389584466
BRCA1,0,0.1068807370055499
BRCA1,0,0.10688655664688572
BRCA1,0,0.10688244636194304
BRCA1,0,0.10691417817543163
BRCA1,0,0.10919375885645616
BRCA1,0,0.10689294622499199
BRCA1,0,0.10711523130593414
BRCA1,0,0.10823245092505802
BRCA1,0,0.1131942807142896
BRCA1,0,0.1068804548643403
BRCA1,0,0.10725686089926566
BRCA1,0,0.1069639196537988
BRCA1,0,0.11033768499599207
BRCA1,0,0.1187108272754134
BRCA1,0,0.10690800816954123
BRCA1,0,0.10764843926485612
BRCA1,0,0.11640124775592314
BRCA1,0,0.10916677535011783
BRCA1,0,0.10780126685828424
BRCA1,0,0.10745752360917425
BRCA1,0,0.12850755650519224
BRCA1,0,0.10868704293155268
BRCA1,0,0.10797833632366063
BRCA1,0,0.10738907069401177
BRCA1,0,0.10709906142904209
BRCA1,0,0.10979030299472489
BRCA1,0,0.1068823067306499
BRCA1,0,0.10688381261714065
BRCA1,0,0.10709804217774231
BRCA1,0,0.10693248904462097
BRCA1,0,0.10718622497138514
BRCA1,0,0.10692233254501296
BRCA1,0,0.10767072543573979
BRCA1,0,0.10694591696176628
BRCA1,0,0.10765081646918039
BRCA1,0,0.10713572778976176
BRCA1,0,0.10694123564663974
BRCA1,0,0.10688391914457529
BRCA1,0,0.10692112133747231
BRCA1,0,0.10699034724079245
BRCA1,0,0.107432622432835
BRCA1,0,0.10702118864110953
BRCA1,0,0.10688264226305925
BRCA1,0,0.10726383700276831
BRCA1,0,0.1071445842021505
BRCA1,0,0.10968554153269687
BRCA1,0,0.10692031188699709
BRCA1,0,0.10699619580371268
BRCA1,0,0.1074373612200333
BRCA1,0,0.11321788821230472
BRCA1,0,0.11765719785904112
BRCA1,0,0.10688085690966574
BRCA1,0,0.10691934486393481
BRCA1,0,0.10690697296328858
BRCA1,0,0.1069299658085206
BRCA1,0,0.10693003557299527
BRCA1,0,0.10796220879522277
BRCA1,0,0.10694761442206244
BRCA1,0,0.10689731508825026
BRCA1,0,0.10689049335128892
BRCA1,0,0.10977336579217684
BRCA1,0,0.10804968543541313
BRCA1,0,0.11387110298278343
BRCA1,0,0.10714898353768473
BRCA1,0,0.11627285070170447
BRCA1,0,0.10733266656777266
BRCA1,0,0.10704827232210706
BRCA1,0,0.10726933268170423
BRCA1,0,0.10762015692589609
BRCA1,0,0.10690599992970849
BRCA1,0,0.10721147057709506
BRCA1,0,0.10751717433244821
BRCA1,0,0.10785872755165912
BRCA1,0,0.10689724512122221
BRCA1,0,0.10705585686848647
BRCA1,0,0.1069568419238468
BRCA1,0,0.10688598520448704
BRCA1,0,0.10842275033851995
BRCA1,0,0.10691625535046231
BRCA1,0,0.10958511024463621
BRCA1,0,0.10693221387550071
BRCA1,0,0.11027398482217074
BRCA1,0,0.10790772776919379
BRCA1,0,0.10711533205850954
BRCA1,0,0.1068842567045561
BRCA1,0,0.10689012578039327
BRCA1,0,0.10707300275624697
BRCA1,0,0.11410056274347516
BRCA1,0,0.10688257618029175
BRCA1,0,0.10691595716327415
BRCA1,0,0.1581461686890847
BRCA1,0,0.10688878299725392
BRCA1,0,0.11421854698550472
BRCA1,0,0.17325863907762148
BRCA1,0,0.10691363570020312
BRCA1,0,0.10704722116911324
BRCA1,0,0.10866833146192012
BRCA1,0,0.10755675585072173
BRCA1,0,0.10747489079672673
BRCA1,0,0.1077262832335329
BRCA1,0,0.10688046967210013
BRCA1,0,0.1068801135671013
BRCA1,0,0.106909021963965
BRCA1,0,0.10688474342519033
BRCA1,0,0.1193431563296051
BRCA1,0,0.10695207507461958
BRCA1,0,0.11885692039343364
BRCA1,0,0.10961933242864698
BRCA1,0,0.10805252124827629
BRCA1,0,0.10696668980848731
BRCA1,0,0.11926209731858707
BRCA1,0,0.10737310627783617
BRCA1,0,0.10688045127238013
BRCA1,0,0.1068882386932495
BRCA1,0,0.10688349114178043
BRCA1,0,0.11056047180117123
BRCA1,0,0.1076576449088593
BRCA1,0,0.10714402064380739
BRCA1,0,0.10691568289119784
BRCA1,0,0.10928401044877048
BRCA1,0,0.10830925560474225
BRCA1,0,0.13332879500796127
BRCA1,0,0.1257627052823568
BRCA1,0,0.10777324604963476
BRCA1,0,0.1086485787429351
BRCA1,0,0.13254103267475895
BRCA1,0,0.10765749315713241
BRCA1,0,0.10703482474124709
BRCA1,0,0.10688506266172364
BRCA1,0,0.10688620675868316
BRCA1,0,0.10688170367786426
BRCA1,0,0.10688363691949083
BRCA1,0,0.10690732609680441
BRCA1,0,0.10690538705392828
BRCA1,0,0.10692150437151023
BRCA1,0,0.11386346926903086
BRCA1,0,0.10829477292492666
BRCA1,0,0.10691150202418376
BRCA1,0,0.10688973229078425
BRCA1,0,0.10933810075680374
BRCA1,0,0.10722893099609646
BRCA1,0,0.10754413192912075
BRCA1,0,0.10688589099408795
BRCA1,0,0.11568479301530944
BRCA1,0,0.10963974473976386
BRCA1,0,0.10696699969788853
BRCA1,0,0.13571833285780377
BRCA1,0,0.1690916553252542
BRCA1,0,0.1326170482459356
BRCA1,0,0.11160530861028417
BRCA1,0,0.10738709078774457
BRCA1,0,0.10737389584041213
BRCA1,0,0.14255141024519835
BRCA1,0,0.1071924539208875
BRCA1,0,0.12027453180428117
BRCA1,0,0.10694841523046507
BRCA1,0,0.11253285602964018
BRCA1,0,0.11940712466156024
BRCA1,0,0.11464710870089624
BRCA1,0,0.10691509138249466
BRCA1,0,0.12446291829790088
BRCA1,0,0.10688023477971434
BRCA1,0,0.10693297823641038
BRCA1,0,0.1070511447856287
BRCA1,0,0.10783086305728366
BRCA1,0,0.10696119977121692
BRCA1,0,0.10692950785673822
BRCA1,0,0.10729249531590217
BRCA1,0,0.1137604006862935
BRCA1,0,0.11085915976568984
BRCA1,0,0.10693700572812276
BRCA1,0,0.10911453300580802
BRCA1,0,0.10688715923872227
BRCA1,0,0.10945886817955731
BRCA1,0,0.1068974185614411
BRCA1,0,0.1068999270965622
BRCA1,0,0.10750458129676416
BRCA1,0,0.10841574049399148
BRCA1,0,0.10703436082907626
BRCA1,0,0.10750883615236219
BRCA1,0,0.10695510662994624
BRCA1,0,0.10698578230723928
BRCA1,0,0.10705232381237878
BRCA1,0,0.10688044543414328
BRCA1,0,0.10704944658607815
BRCA1,0,0.10688276099578235
BRCA1,0,0.10689838816638465
BRCA1,0,0.10896673013364595
BRCA1,0,0.10705437603575703
BRCA1,0,0.1068813787272665
BRCA1,0,0.10689809667978299
BRCA1,0,0.10689150444337356
BRCA1,0,0.10732504610738405
BRCA1,0,0.10690997642667235
BRCA1,0,0.10689162560624503
BRCA1,0,0.1069213101647438
BRCA1,0,0.10702111755183295
BRCA1,0,0.10695608234570739
BRCA1,0,0.10818403718548937
BRCA1,0,0.11543984642966022
BRCA1,0,0.1068797321097116
BRCA1,0,0.106893502042033
BRCA1,0,0.10758326083709681
BRCA1,0,0.10688223934394203
BRCA1,0,0.10690032313010707
BRCA1,0,0.10833345718694498
BRCA1,0,0.1084864483999454
BRCA1,0,0.10700532408687866
BRCA1,0,0.10717084628656921
BRCA1,0,0.10688981394364645
BRCA1,0,0.10688091348197003
BRCA1,0,0.10697515442394856
BRCA1,0,0.1086749925251149
BRCA1,0,0.11889836132442419
BRCA1,0,0.1102894659043912
BRCA1,0,0.10688053142201184
BRCA1,0,0.11368293080616108
BRCA1,0,0.10992659920215056
BRCA1,0,0.10810362010188997
BRCA1,0,0.1096270475048951
BRCA1,0,0.10850796947936238
BRCA1,0,0.10688701408820975
BRCA1,0,0.10688568652683308
BRCA1,0,0.10705946531144002
BRCA1,0,0.10688531392632805
BRCA1,0,0.10741585273845412
BRCA1,0,0.10735651831654353
BRCA1,0,0.10777887748556024
BRCA1,0,0.10727128950104789
BRCA1,0,0.11351550907408939
BRCA1,0,0.10694824764039298
BRCA1,0,0.10781652732445719
BRCA1,0,0.10688444847878743
BRCA1,0,0.10715730092530047
BRCA1,0,0.10728503199441508
BRCA1,0,0.10785914317827766
BRCA1,0,0.11043852865093588
BRCA1,0,0.10842056852949869
BRCA1,0,0.11198258131811169
BRCA1,0,0.10688235504901555
BRCA1,0,0.10688315950405045
BRCA1,0,0.10689520688594699
BRCA1,0,0.10688404967400916
BRCA1,0,0.10688030231880097
BRCA1,0,0.10688944495512971
BRCA1,0,0.10690533865926893
BRCA1,0,0.10693098676219526
BRCA1,0,0.10740857090108932
BRCA1,0,0.10697288810786346
BRCA1,0,0.10696675991239772
BRCA1,0,0.10688840789743968
BRCA1,0,0.10966013304029552
BRCA1,0,0.10689073962914072
BRCA1,0,0.10699599343357227
BRCA1,0,0.1076412746910023
BRCA1,0,0.10718179254424248
BRCA1,0,0.10755390138242456
BRCA1,0,0.1069265576941313
BRCA1,0,0.10690052604809037
BRCA1,0,0.10700153291539803
BRCA1,0,0.10857626324165438
BRCA1,0,0.10719196276120042
BRCA1,0,0.1069449175993473
BRCA1,0,0.10698192529780515
BRCA1,0,0.10688083558291735
BRCA1,0,0.10688207588433599
BRCA1,0,0.10751837959956723
BRCA1,0,0.10690246612755312
BRCA1,0,0.10705939465003995
BRCA1,0,0.10761698940814257
BRCA1,0,0.10692307042663578
BRCA1,0,0.11344656668280917
BRCA1,0,0.1117770716544981
BRCA1,0,0.11559256913317391
BRCA1,0,0.10699442124757627
BRCA1,0,0.10710295496975286
BRCA1,0,0.11392493280593806
BRCA1,0,0.10700730972598738
BRCA1,0,0.1069005648001669
BRCA1,0,0.13492955410623056
BRCA1,0,0.10693568342167005
BRCA1,0,0.106881074566665
BRCA1,0,0.10689097708834083
BRCA1,0,0.10826900220768174
BRCA1,0,0.10762125094894225
BRCA1,0,0.10688688219679454
BRCA1,0,0.10878368011133105
BRCA1,0,0.11041247404790032
BRCA1,0,0.10693641416808802
BRCA1,0,0.10712493369358507
BRCA1,0,0.10689402952521074
BRCA1,0,0.10836558752388978
BRCA1,0,0.10688703052682863
BRCA1,0,0.10721659034222185
BRCA1,0,0.11432700624037483
BRCA1,0,0.1069162847368096
BRCA1,0,0.10697767008079516
BRCA1,0,0.10691369619030248
BRCA1,0,0.1107186008644842
BRCA1,0,0.10802435322266812
BRCA1,0,0.11178521889429417
BRCA1,0,0.11409951951150868
BRCA1,0,0.10692922031411412
BRCA1,0,0.11968487899738141
BRCA1,0,0.10688873694443411
BRCA1,0,0.10725276254138554
BRCA1,0,0.10708155260051715
BRCA1,0,0.10701117341099649
BRCA1,0,0.11251655958020952
BRCA1,0,0.11741463068907308
BRCA1,0,0.2052967596299994
BRCA1,0,0.10762499577443384
BRCA1,0,0.15034551446617705
BRCA1,0,0.11384525778922826
BRCA1,0,0.12404992846798477
BRCA1,0,0.10872674371010914
BRCA1,0,0.1143893253327296
BRCA1,0,0.14822111324101936
BRCA1,0,0.11856043246449446
BRCA1,0,0.8747296822624127
BRCA1,0,0.14748791424385624
BRCA1,0,0.2332557973137338
BRCA1,0,0.13606519518202656
BRCA1,0,0.11047521501510958
BRCA1,0,0.1076253364385512
BRCA1,0,0.11556273751077775
BRCA1,0,0.1461828648578735
BRCA1,0,0.9923297682222167
BRCA1,0,0.10881929465380027
BRCA1,0,0.11050161298527611
BRCA1,0,0.1084531301927668
BRCA1,0,0.17002407014346324
BRCA1,0,0.19956839965425607
BRCA1,0,0.13134154839300602
BRCA1,0,0.10849059979615862
BRCA1,0,0.11104845082465369
BRCA1,0,0.10756110080482194
BRCA1,0,0.10754958076476064
BRCA1,0,0.11669479509342429
BRCA1,0,0.5446269975540724
BRCA1,0,0.11652409902619298
BRCA1,0,0.12038414899631052
BRCA1,0,0.1456125473857748
BRCA1,0,0.15539638001038675
BRCA1,0,0.1098434199583082
BRCA1,0,0.202995633529364
BRCA1,0,0.18715523166578746
BRCA1,0,0.18368105796006046
BRCA1,0,0.1676638056412511
BRCA1,0,0.19284619818369722
BRCA1,0,0.12079181467187725
BRCA1,0,0.20600472164533823
BRCA1,0,0.18007876740069997
BRCA1,0,0.10844943278925782
BRCA1,0,0.19841615935696685
BRCA1,0,0.4216327861898169
BRCA1,0,0.1917905112219131
BRCA1,0,0.11166646020607142
BRCA1,0,0.196033008068883
BRCA1,0,0.12958554046384943
BRCA1,0,0.18507687083854826
BRCA1,0,0.10693345360076859
BRCA1,0,0.10725682152810796
BRCA1,0,0.1735951576380577
BRCA1,0,0.1173644016803247
BRCA1,0,0.12350340916528649
BRCA1,0,0.10831417920593682
BRCA1,0,0.11859630426702002
BRCA1,0,0.18730214179801458
BRCA1,0,0.10693298167330133
BRCA1,0,0.10688936514864819
BRCA1,0,0.10689851392756247
BRCA1,0,0.10688492574056206
BRCA1,0,0.10781682568984383
BRCA1,0,0.10892093585667324
BRCA1,0,0.107127867133371
BRCA1,0,0.11147898695373516
BRCA1,0,0.10721407556765376
BRCA1,0,0.1070976934618505
BRCA1,0,0.10699314399959407
BRCA1,0,0.10692584417266733
BRCA1,0,0.10692387864645014
BRCA1,0,0.11511881014097122
BRCA1,0,0.1069001221560461
BRCA1,0,0.11171883679170573
BRCA1,0,0.1087510107459124
BRCA1,0,0.10690298051500123
BRCA1,0,0.10692688236017729
BRCA1,0,0.10697939938676591
BRCA1,0,0.10689507222977443
BRCA1,0,0.10693645784778444
BRCA1,0,0.10724161250506863
BRCA1,0,0.10707234196749345
BRCA1,0,0.1069013857753394
BRCA1,0,0.10688054580917404
BRCA1,0,0.10691496967094478
BRCA1,0,0.10688712792398301
BRCA1,0,0.10699999598199574
BRCA1,0,0.109585815985099
BRCA1,0,0.10691542977149368
BRCA1,0,0.11060547297383527
BRCA1,0,0.10790131316599143
BRCA1,0,0.10698821060838348
BRCA1,0,0.10892820866859593
BRCA1,0,0.10706826584328874
BRCA1,0,0.10694397713624902
BRCA1,0,0.10689759732774905
BRCA1,0,0.10816806582951606
BRCA1,0,0.10878107984168739
BRCA1,0,0.10688795421194466
BRCA1,0,0.10697301385249709
BRCA1,0,0.10735486564228834
BRCA1,0,0.11001278010053726
BRCA1,0,0.10802483987920578
BRCA1,0,0.11769598169753256
BRCA1,0,0.11040935663303518
BRCA1,0,0.1082989698054758
BRCA1,0,0.10694538692204117
BRCA1,0,0.10839412645080487
BRCA1,0,0.10738880824264141
BRCA1,0,0.10708615304958954
BRCA1,0,0.12437838937333497
BRCA1,0,0.11302354525177949
BRCA1,0,0.10695684161216752
BRCA1,0,0.11032532875812782
BRCA1,0,0.10760967062793644
BRCA1,0,0.10968658308473188
BRCA1,0,0.11166843832928512
BRCA1,0,0.10693104921538399
BRCA1,0,0.10727517753174912
BRCA1,0,0.10695694945680537
BRCA1,0,0.10712921334060671
BRCA1,0,0.1069426122532618
BRCA1,0,0.13964792620556285
BRCA1,0,0.1074853265107301
BRCA1,0,0.10706242566869673
BRCA1,0,0.1071289664967575
BRCA1,0,0.10729628197758986
BRCA1,0,0.10987100981683035
BRCA1,0,0.11600302215973157
BRCA1,0,0.10792570583697556
BRCA1,0,0.10871550904724443
BRCA1,0,0.10688020007460684
BRCA1,0,0.14606598343520402
BRCA1,0,0.11272502937766973
BRCA1,0,0.109160718158063
BRCA1,0,0.10689711395650829
BRCA1,0,0.10691433041127257
BRCA1,0,0.10753229892912704
BRCA1,0,0.12234426563985051
BRCA1,0,0.13634705721203536
BRCA1,0,0.10693701540901476
BRCA1,0,0.10720662929079341
BRCA1,0,0.10820482925874464
BRCA1,0,0.10713238385485395
BRCA1,0,0.1070769287493002
BRCA1,0,0.10829599649942435
BRCA1,0,0.10701650734537695
BRCA1,0,0.10706132949604343
BRCA1,0,0.10689855631991911
BRCA1,0,0.11056605964196684
BRCA1,0,0.10692452684812156
BRCA1,0,0.10978094707420745
BRCA1,0,0.10698399015560342
BRCA1,0,0.10694636529310875
BRCA1,0,0.10689497327587291
BRCA1,0,0.11407796430352804
BRCA1,0,0.10688076016922915
BRCA1,0,0.10692470465960695
BRCA1,0,0.10706882664305702
BRCA1,0,0.10690245057024711
BRCA1,0,0.10731034867651366
BRCA1,0,0.1069199465683365
BRCA1,0,0.10703637364169208
BRCA1,0,0.1079365564023495
BRCA1,0,0.11245865629156784
BRCA1,0,0.10808056160706903
BRCA1,0,0.10853803331995844
BRCA1,0,0.1103517463514192
BRCA1,0,0.10881693877821633
BRCA1,0,0.10713387930279802
BRCA1,0,0.10690427393411056
BRCA1,0,0.10698576133253704
BRCA1,0,0.10691600473237084
BRCA1,0,0.10694839548156963
BRCA1,0,0.10745069637117044
BRCA1,0,0.10688013408936575
BRCA1,0,0.10688016564178969
BRCA1,0,0.11006200097389932
BRCA1,0,0.10691725400612379
BRCA1,0,0.10820519740924162
BRCA1,0,0.1352661122233961
BRCA1,0,0.13570203406555137
BRCA1,0,0.12299259789704496
BRCA1,0,0.11080492865981291
BRCA1,0,0.31850307532387423
BRCA1,0,0.11354506646862199
BRCA1,0,0.10949426508505315
BRCA1,0,0.10689851280959566
BRCA1,0,0.46585787713644183
BRCA1,0,0.1519094332757666
BRCA1,0,0.11402875691867786
BRCA1,0,0.10736059606224312
BRCA1,0,0.1175392248375148
BRCA1,0,0.1087520403178141
BRCA1,0,0.10775490821624326
BRCA1,0,0.12750511260307987
BRCA1,0,0.11560150188902764
BRCA1,0,0.12290486149194667
BRCA1,0,0.13281663101731594
BRCA1,0,0.10688094003416013
BRCA1,0,0.1076917882748065
BRCA1,0,0.11353790811592117
BRCA1,0,0.11110837507238716
BRCA1,0,0.10828692652410155
BRCA1,0,0.16019053978915535
BRCA1,0,0.11215918706525982
BRCA1,0,0.10789222031457328
BRCA1,0,0.10688197998568495
BRCA1,0,0.11664145623820306
BRCA1,0,0.11094599567782605
BRCA1,0,0.17966835708622272
BRCA1,0,0.12115923558369415
BRCA1,0,0.11185057195372396
BRCA1,0,0.11059547652404343
BRCA1,0,0.1116681023943882
BRCA1,1,0.10701267550239037
BRCA1,0,0.11674735014712603
BRCA1,0,0.10688743101192218
BRCA1,0,0.10824751858014123
BRCA1,0,0.10706525784782202
BRCA1,0,0.10688357398858422
BRCA1,0,0.1125174348102748
BRCA1,0,0.10812457560298086
BRCA1,0,0.10876312690101636
BRCA1,0,0.10690823879042648
BRCA1,0,0.11794189810123984
BRCA1,0,0.10692979698011607
BRCA1,0,0.1072918658174568
BRCA1,0,0.11613133156063991
BRCA1,0,0.10964503055391267
BRCA1,0,0.11314644518037409
BRCA1,0,0.1068872970877387
BRCA1,0,0.10690095685990644
BRCA1,0,0.10774877185130856
BRCA1,0,0.11672524150414394
BRCA1,0,0.10839773721393774
BRCA1,0,0.10808273115112098
BRCA1,0,0.10742874669685042
BRCA1,0,0.10730868091536187
BRCA1,0,0.10721291139923152
BRCA1,0,0.10688312384538849
BRCA1,0,0.10690308911444528
BRCA1,0,0.10755894424662674
BRCA1,0,0.10822041726631247
BRCA1,0,0.10693422440097322
BRCA1,0,0.10706796505459022
BRCA1,0,0.10696223353426186
BRCA1,0,0.10688827285712761
BRCA1,0,0.10763751317413023
BRCA1,0,0.10692318620918005
BRCA1,0,0.10697374878591831
BRCA1,0,0.10688569578772528
BRCA1,0,0.10889995571662578
BRCA1,0,0.10717118433954853
BRCA1,0,0.10688406049152616
BRCA1,0,0.10714146647000247
BRCA1,0,0.10688034224397651
BRCA1,0,0.10688675466738712
BRCA1,0,0.10688250159501908
BRCA1,0,0.11171923965615854
BRCA1,0,0.10688555934735942
BRCA1,0,0.14015131502298128
BRCA1,0,0.10691377256647643
BRCA1,0,0.10716587840808571
BRCA1,0,0.10823534738989633
BRCA1,0,0.10770533437232539
BRCA1,0,0.10693240147093934
BRCA1,0,0.10725096676138432
BRCA1,0,0.1070059910435178
BRCA1,0,0.10873758882017776
BRCA1,0,0.10717442763905886
BRCA1,0,0.11103812561847498
BRCA1,0,0.12190794753187571
BRCA1,0,0.10883860724434127
BRCA1,0,0.11279734008982746
BRCA1,0,0.10966554520718053
BRCA1,0,0.10689167641061927
BRCA1,0,0.108210764521643
BRCA1,0,0.10758013513846598
BRCA1,0,0.10688370798630752
BRCA1,0,0.10689150873041867
BRCA1,0,0.10688089236455743
BRCA1,0,0.10690961553965396
BRCA1,0,0.10741106669514328
BRCA1,0,0.10688546148019476
BRCA1,0,0.10869567856222505
BRCA1,0,0.10837220512396518
BRCA1,0,0.10865336455521055
BRCA1,0,0.10691956531442012
BRCA1,0,0.10706583297804875
BRCA1,0,0.10703294881160483
BRCA1,0,0.10732887350642902
BRCA1,0,0.106923417767214
BRCA1,0,0.10688000212237936
BRCA1,0,0.10696573900641389
BRCA1,0,0.10688534403036495
BRCA1,0,0.10699009985574402
BRCA1,0,0.10688040664515891
BRCA1,0,0.10689343645318046
BRCA1,0,0.10688054772492353
BRCA1,0,0.10688746107812577
BRCA1,0,0.10700572794460449
BRCA1,0,0.10710766014561755
BRCA1,0,0.10720547985041447
BRCA1,0,0.10701553901136165
BRCA1,0,0.10721211483442013
BRCA1,0,0.10843402049066983
BRCA1,0,0.10704942156787603
BRCA1,0,0.10862436464436495
BRCA1,0,0.10699603271719355
BRCA1,0,0.10793030267420739
BRCA1,0,0.10759696351761715
BRCA1,0,0.10690045395404509
BRCA1,0,0.10825599401766796
BRCA1,0,0.10711258426943307
BRCA1,0,0.11062825516181794
BRCA1,0,0.10705449586969668
BRCA1,0,0.11046363086249775
BRCA1,0,0.10791950434271357
BRCA1,0,0.10804796591821801
BRCA1,0,0.10690681842449369
BRCA1,0,0.10700135629747216
BRCA1,0,0.10689833263131489
BRCA1,0,0.10695791414977848
BRCA1,0,0.10708053336114952
BRCA1,0,0.10694529501178682
BRCA1,0,0.10691234089445718
BRCA1,0,0.10805439611999411
BRCA1,0,0.10695739062457908
BRCA1,0,0.10688124259080253
BRCA1,0,0.10690990707558634
BRCA1,0,0.10689224310502805
BRCA1,0,0.10688621014548785
BRCA1,0,0.10694784679891438
BRCA1,0,0.10895700331400357
BRCA1,0,0.11224479215044568
BRCA1,0,0.1381321538914457
BRCA1,0,0.1812450978262449
BRCA1,0,0.1068947788737759
BRCA1,0,0.10706651040726552
BRCA1,0,0.10736457204879912
BRCA1,0,0.10774890280566461
BRCA1,0,0.12268422230574781
BRCA1,0,0.11419177978699468
BRCA1,0,0.10704686547184927
BRCA1,0,0.11114690313047693
BRCA1,0,0.10691883696925138
BRCA1,0,0.10690895903972157
BRCA1,0,0.10688752765449533
BRCA1,0,0.10810020803657738
BRCA1,0,0.10712521954461306
BRCA1,0,0.10792352252203448
BRCA1,0,0.10696883413616814
BRCA1,0,0.10841679779650013
BRCA1,0,0.10890664457636605
BRCA1,0,0.10689853420057703
BRCA1,0,0.10688101484212822
BRCA1,0,0.10692633272953848
BRCA1,0,0.10854260153422658
BRCA1,0,0.10730199792803582
BRCA1,0,0.13073432540465582
BRCA1,0,0.10737151366177912
BRCA1,0,0.10719523158347183
BRCA1,0,0.1068884614939298
BRCA1,0,0.10839385959175668
BRCA1,0,0.10712250406954199
BRCA1,0,0.1074548894972619
BRCA1,0,0.10727152660041664
BRCA1,0,0.10698845686680888
BRCA1,0,0.15225479508212483
BRCA1,0,0.11331054419185072
BRCA1,0,0.10720627988822866
BRCA1,0,0.10794540169078834
BRCA1,0,0.11148952123961739
BRCA1,0,0.10716443723801221
BRCA1,0,0.10688966673771827
BRCA1,0,0.10707691394087655
BRCA1,0,0.10688687027790679
BRCA1,0,0.10784284230433293
BRCA1,0,0.1070993261446578
BRCA1,0,0.10695897253485373
BRCA1,0,0.10712496994249418
BRCA1,0,0.106911530067274
BRCA1,0,0.10688600456970472
BRCA1,0,0.10782163303330386
BRCA1,0,0.10701686305442484
BRCA1,0,0.1069070648717972
BRCA1,0,0.10692460354731433
BRCA1,0,0.1068985267440142
BRCA1,0,0.1111494304420787
BRCA1,0,0.10695384734650872
BRCA1,0,0.10742424422763718
BRCA1,0,0.10692923146035545
BRCA1,0,0.10688487370561289
BRCA1,0,0.10689681244813984
BRCA1,0,0.10702400704173926
BRCA1,0,0.10706988043117352
BRCA1,0,0.10716139547301409
BRCA1,0,0.10888718227500918
BRCA1,0,0.107233226639029
BRCA1,0,0.10704165900067711
BRCA1,0,0.10729290129615349
BRCA1,0,0.1068961657845711
BRCA1,0,0.10885601196219001
BRCA1,0,0.10725223207378737
BRCA1,0,0.10711340553268109
BRCA1,0,0.10688861510601594
BRCA1,0,0.10720039031643519
BRCA1,0,0.11296776658401934
BRCA1,0,0.1072710653394035
BRCA1,0,0.1071991747366339
BRCA1,0,0.10689847759661857
BRCA1,0,0.1074751532558467
BRCA1,0,0.11457090165673328
BRCA1,0,0.10741717426757028
BRCA1,0,0.11259863551749269
BRCA1,0,0.10690625191133472
BRCA1,0,0.10983452972284215
BRCA1,0,0.10691143842632421
BRCA1,0,0.10689255617328187
BRCA1,0,0.10814930083231708
BRCA1,0,0.10689098582511633
BRCA1,0,0.10701157989585576
BRCA1,0,0.10754124753845701
BRCA1,0,0.1069389426914779
BRCA1,0,0.10701371746000818
BRCA1,0,0.10690094866858624
BRCA1,0,0.10690432646806741
BRCA1,0,0.10721740153111109
BRCA1,0,0.10694590964858813
BRCA1,0,0.10825875002463466
BRCA1,0,0.10694317070927006
BRCA1,0,0.10692955490258267
BRCA1,0,0.10988666718302192
BRCA1,0,0.10699632184262174
BRCA1,0,0.10813647973123361
BRCA1,0,0.1068832289801255
BRCA1,0,0.10701993946464504
BRCA1,0,0.10744952797398007
BRCA1,0,0.10693152352504406
BRCA1,0,0.10784504299208836
BRCA1,0,0.10757045196158194
BRCA1,0,0.1118914282442282
BRCA1,0,0.10801153231995007
BRCA1,0,0.10795645570633089
BRCA1,0,0.10722762189070474
BRCA1,0,0.11000228226918808
BRCA1,0,0.10752118554021674
BRCA1,0,0.11020289063094414
BRCA1,0,0.1083950753674512
BRCA1,0,0.1068820459722161
BRCA1,0,0.10691010214715217
BRCA1,0,0.10688372625290489
BRCA1,0,0.10707602116077723
BRCA1,0,0.10690992749287916
BRCA1,0,0.11097913229628222
BRCA1,0,0.10688822088828864
BRCA1,0,0.10692085351646266
BRCA1,0,0.10785019615427695
BRCA1,0,0.10769822693427714
BRCA1,0,0.10688216262505142
BRCA1,0,0.1070652959234676
BRCA1,0,0.10706347614171349
BRCA1,0,0.11009007633899928
BRCA1,0,0.10867833612187329
BRCA1,0,0.10888327275113308
BRCA1,0,0.11338188947934567
BRCA1,0,0.10697924925478024
BRCA1,0,0.10690167743080846
BRCA1,0,0.10950537863877143
BRCA1,0,0.12692716147696215
BRCA1,0,0.10711210346222257
BRCA1,0,0.11551822244850464
BRCA1,0,0.10739078508054485
BRCA1,0,0.10736143039963415
BRCA1,0,0.10750224593937438
BRCA1,0,0.10690747632918113
BRCA1,0,0.11455134676027184
BRCA1,0,0.10691670214958386
BRCA1,0,0.1068826282278815
BRCA1,0,0.10692726676248884
BRCA1,0,0.1068801238223895
BRCA1,0,0.11004916353642778
BRCA1,0,0.13389576210914503
BRCA1,0,0.10789494391590859
BRCA1,0,0.12308608501235084
BRCA1,0,0.10875376152940451
BRCA1,0,0.12506273308972943
BRCA1,0,0.12099199286225983
BRCA1,0,0.17606287237812238
BRCA1,0,0.12547802846618653
BRCA1,0,0.1309281049459374
BRCA1,0,0.11071699470778963
BRCA1,0,0.10691491245593476
BRCA1,0,0.11434489397945079
BRCA1,0,0.14565840662487278
BRCA1,0,0.10868333439770306
BRCA1,0,0.10714446730094222
BRCA1,0,0.10695933996338212
BRCA1,0,0.10700357601651127
BRCA1,0,0.10691354326934242
BRCA1,0,0.10689680819661018
BRCA1,0,0.10719964250635872
BRCA1,0,0.10743270422075395
BRCA1,0,0.10688595388665698
BRCA1,0,0.10688926691983044
BRCA1,0,0.10688113041982934
BRCA1,0,0.10688750868109807
BRCA1,0,0.10728504847275575
BRCA1,0,0.10812911868773019
BRCA1,0,0.1069846912013931
BRCA1,0,0.10714654051401644
BRCA1,0,0.10840221937184046
BRCA1,0,0.1078504005400294
BRCA1,0,0.10687992144641692
BRCA1,0,0.1119060511629117
BRCA1,0,0.10999883933588048
BRCA1,0,0.10702549686196232
BRCA1,0,0.10983116457762727
BRCA1,0,0.10718165346145371
BRCA1,0,0.10701507553129387
BRCA1,0,0.10688495453974171
BRCA1,0,0.1140669386723599
BRCA1,0,0.15787611853474903
BRCA1,0,0.10805458632866824
BRCA1,0,0.1364630106866446
BRCA1,0,0.1176688519706929
BRCA1,0,0.10774484887602112
BRCA1,0,0.12358291861736508
BRCA1,0,0.10940803104539622
BRCA1,0,0.10703323585801713
BRCA1,0,0.10788514013112899
BRCA1,0,0.10737581898801131
BRCA1,0,0.10755772109414681
BRCA1,0,0.10748096488754207
BRCA1,0,0.1092773589017164
BRCA1,0,0.10856955330246486
BRCA1,0,0.109110420028572
BRCA1,0,0.11097296570280395
BRCA1,0,0.11271752053729053
BRCA1,0,0.10697754122392211
BRCA1,0,0.10751800025096969
BRCA1,0,0.11369715340251203
BRCA1,0,0.11945250840822168
BRCA1,0,0.10850610547585582
BRCA1,0,0.10758392175969343
BRCA1,0,0.10696436946942488
BRCA1,0,0.10753057722222026
BRCA1,0,0.10919801328130303
BRCA1,0,0.10689893431982184
BRCA1,0,0.10690604370194631
BRCA1,0,0.10796968539532109
BRCA1,0,0.10840607736326684
BRCA1,0,0.11596555947238417
BRCA1,0,0.11742553322757242
BRCA1,0,0.10817591737788367
BRCA1,0,0.11151140145848028
BRCA1,0,0.10803896341462213
BRCA1,0,0.11246645450637009
BRCA1,0,0.11163882866225351
BRCA1,0,0.10831388702607013
BRCA1,0,0.10793308228546465
BRCA1,0,0.10719066580900391
BRCA1,0,0.1115086168180231
BRCA1,0,0.10688637433587757
BRCA1,0,0.10690788382697122
BRCA1,0,0.10707378094687145
BRCA1,0,0.12298720775064323
BRCA1,0,0.11045673143844124
BRCA1,0,0.10689478759654375
BRCA1,0,0.10866456345266697
BRCA1,0,0.11654221822430748
BRCA1,0,0.10694644474481742
BRCA1,0,0.10703638320273944
BRCA1,0,0.10691496366667948
BRCA1,0,0.11102558485804342
BRCA1,0,0.12031224163956385
BRCA1,0,0.10921473292646128
BRCA1,0,0.11219280816096534
BRCA1,0,0.10789824820498103
BRCA1,0,0.10780941331117397
BRCA1,0,0.1073452244984458
BRCA1,0,0.11775102264570812
BRCA1,0,0.11255851457173041
BRCA1,0,0.11697446945759697
BRCA1,0,0.10818744796874447
BRCA1,0,0.11190079607466123
BRCA1,0,0.10738674866568758
BRCA1,0,0.10690266251283148
BRCA1,0,0.12930259154689067
BRCA1,0,0.10709065845960937
BRCA1,0,0.10762297634344682
BRCA1,0,0.106913566879391
BRCA1,0,0.1068864852440196
BRCA1,0,0.10721791466168953
BRCA1,0,0.12602899891857794
BRCA1,0,0.10761508642775196
BRCA1,0,0.10900055285861714
BRCA1,0,0.10703659073013388
BRCA1,0,0.11243213968727386
BRCA1,0,0.11961510350093547
BRCA1,0,0.11137212085022148
BRCA1,0,0.10691636494014041
BRCA1,0,0.10694042372860894
BRCA1,0,0.134907765610147
BRCA1,0,0.10773675554160804
BRCA1,0,0.10785758543841042
BRCA1,0,0.1069885938769831
BRCA1,0,0.1074017165514881
BRCA1,0,0.10690164224072515
BRCA1,0,0.10939403226345433
BRCA1,0,0.11032906779808138
BRCA1,0,0.10695140644631963
BRCA1,0,0.10698175441994408
BRCA1,0,0.10719830094164837
BRCA1,0,0.10688063391043522
BRCA1,0,0.10712523599982937
BRCA1,0,0.10734890037896207
BRCA1,0,0.11181810754616499
BRCA1,0,0.10978171583887304
BRCA1,0,0.1090942780995669
BRCA1,0,0.10692016730654548
BRCA1,0,0.10816266838898636
BRCA1,0,0.1068846617671256
BRCA1,0,0.10728720579260415
BRCA1,0,0.1081560423477137
BRCA1,0,0.10745370915864484
BRCA1,0,0.1069362985221762
BRCA1,0,0.1068818984553218
BRCA1,0,0.10714300696470845
BRCA1,0,0.10688413870270873
BRCA1,0,0.1068812658776183
BRCA1,0,0.10688047382992796
BRCA1,0,0.10688141038304455
BRCA1,0,0.10695131387927553
BRCA1,0,0.10693503398351789
BRCA1,0,0.10689955666023099
BRCA1,0,0.10693368885518262
BRCA1,0,0.10689332860514539
BRCA1,0,0.10687970863434958
BRCA1,0,0.10691476757248532
BRCA1,0,0.10688208637946378
BRCA1,0,0.10688161982652888
BRCA1,0,0.10724178390829515
BRCA1,0,0.10690150512172142
BRCA1,0,0.1085227138747978
BRCA1,0,0.1068842124803922
BRCA1,0,0.10738075627364214
BRCA1,0,0.10688205865832402
BRCA1,0,0.10743926607024888
BRCA1,0,0.10687962349469017
BRCA1,0,0.106879524624973
BRCA1,0,0.10725741475264292
BRCA1,0,0.10736245525095026
BRCA1,0,0.1070171076220893
BRCA1,0,0.10696962834008877
BRCA1,0,0.10688030999451976
BRCA1,0,0.10688736087485141
BRCA1,0,0.10744186583408771
BRCA1,0,0.10693510880920185
BRCA1,0,0.10774518645059063
BRCA1,0,0.10688026258301683
BRCA1,0,0.1074031812749453
BRCA1,0,0.10689293013402665
BRCA1,0,0.10688047918433644
BRCA1,0,0.10688011497261433
BRCA1,0,0.1069826527913021
BRCA1,0,0.10688559807885419
BRCA1,0,0.10888656229832258
BRCA1,0,0.10688193659794533
BRCA1,0,0.1068856819302658
BRCA1,0,0.10749928247266767
BRCA1,0,0.10709640545193197
BRCA1,0,0.10689968587657384
BRCA1,0,0.10780511774944375
BRCA1,0,0.10688054269223599
BRCA1,0,0.1068945285685671
BRCA1,0,0.10720016599928392
BRCA1,0,0.10699047027352458
BRCA1,0,0.10700330065318094
BRCA1,0,0.10690389475918631
BRCA1,0,0.2087974520282039
BRCA1,0,0.10695232395057268
BRCA1,0,0.10688722210365023
BRCA1,0,0.10691739972439399
BRCA1,0,0.10688207991458246
BRCA1,0,0.10688341587828057
BRCA1,0,0.10702676859464207
BRCA1,0,0.10687970150070009
BRCA1,0,0.10689394414266948
BRCA1,0,0.10689521865654025
BRCA1,0,0.1069784312087349
BRCA1,0,0.10695557763685486
BRCA1,0,0.10688152716604757
BRCA1,0,0.10688065408771989
BRCA1,0,0.1068806523638791
BRCA1,0,0.10688156549545076
BRCA1,0,0.11062358211069416
BRCA1,0,0.10688391073339486
BRCA1,0,0.1082309470995474
BRCA1,0,0.10689934886938109
BRCA1,0,0.10688096442997885
BRCA1,0,0.10911311541335779
BRCA1,0,0.10688111205822708
BRCA1,0,0.10766196438048861
BRCA1,0,0.1068958082254891
BRCA1,0,0.10899248879705364
BRCA1,0,0.10719049427803906
BRCA1,0,0.10696635199448111
BRCA1,0,0.10951902024751145
BRCA1,0,0.10688253455509523
BRCA1,0,0.10897970731115177
BRCA1,0,0.11737638886428783
BRCA1,0,0.10691458093105383
BRCA1,0,0.10785554328996315
BRCA1,0,0.10741573341138981
BRCA1,0,0.10697963342518478
BRCA1,0,0.10754432486340348
BRCA1,0,0.1119294071461622
BRCA1,0,0.10694522740850154
BRCA1,0,0.11682112572793772
BRCA1,0,0.10742185132158621
BRCA1,0,0.10694329700059904
BRCA1,0,0.10755845312680128
BRCA1,0,0.11076418594229316
BRCA1,0,0.10696863005180128
BRCA1,0,0.10696235593967418
BRCA1,0,0.10688389280989374
BRCA1,0,0.10691812062420032
BRCA1,0,0.10972923944157939
BRCA1,0,0.10736303056429804
BRCA1,0,0.10688500602252574
BRCA1,0,0.10738196432664705
BRCA1,0,0.10689241917342118
BRCA1,0,0.10731122065496951
BRCA1,0,0.10703171407010988
BRCA1,0,0.1069274408610384
BRCA1,0,0.10743544751622738
BRCA1,0,0.10688534263774285
BRCA1,0,0.10690491489806878
BRCA1,0,0.1072919044654942
BRCA1,0,0.10688699175709442
BRCA1,0,0.11017166084591186
BRCA1,0,0.14481457652415436
BRCA1,0,0.11808761705478636
BRCA1,0,0.14672735893577554
BRCA1,0,0.6691381007213941
BRCA1,0,0.1080348491491442
BRCA1,0,0.2961239252312483
BRCA1,0,0.10803369236756376
BRCA1,0,0.11506370933117226
BRCA1,0,0.14740142399601472
BRCA1,0,0.45300625640369147
BRCA1,0,0.2520858834892471
BRCA1,0,0.23075991334448823
BRCA1,0,0.11996753328574117
BRCA1,0,0.10794393382165485
BRCA1,0,0.11749112775383737
BRCA1,0,0.11260534839781917
BRCA1,0,0.10704190413545892
BRCA1,0,0.1071233536965349
BRCA1,0,0.10731557334462821
BRCA1,0,0.10690923261172786
BRCA1,0,0.10776107504509778
BRCA1,0,0.10881900233032661
BRCA1,0,0.10690073046103257
BRCA1,0,0.10700288418127252
BRCA1,0,0.10689951955489504
BRCA1,0,0.141884553372182
BRCA1,0,0.11178061897534565
BRCA1,0,0.15523936755593995
BRCA1,0,0.10936607119448745
BRCA1,0,0.1605561405335712
BRCA1,0,0.10705661623933439
BRCA1,0,0.10689352401504726
BRCA1,0,0.10831791677224396
BRCA1,0,0.1075173491149814
BRCA1,0,0.1221219488281086
BRCA1,0,0.11251801601674732
BRCA1,0,0.12393429593440977
BRCA1,0,0.10727894154584444
BRCA1,0,0.10816493350391235
BRCA1,0,0.10718425777535075
BRCA1,0,0.1070765109518971
BRCA1,0,0.11744736855579439
BRCA1,0,0.10809975282833947
BRCA1,0,0.10703589276888888
BRCA1,0,0.10689611505741077
BRCA1,0,0.10688484348517006
BRCA1,0,0.10787597140388766
BRCA1,0,0.10876092213455905
BRCA1,0,0.10688277243364039
BRCA1,0,0.10698353143647131
BRCA1,0,0.10688985141503421
BRCA1,0,0.10788327064944425
BRCA1,0,0.10688115561396913
BRCA1,0,0.10699416903644811
BRCA1,0,0.10695946381447866
BRCA1,0,0.10701307915957063
BRCA1,0,0.10689543144485585
BRCA1,0,0.1142468836879163
BRCA1,0,0.10726606112638333
BRCA1,0,0.10810778943611406
BRCA1,0,0.107518473853988
BRCA1,0,0.10691704277149089
BRCA1,0,0.10688716547147112
BRCA1,0,0.1068809439895756
BRCA1,0,0.10688550326476792
BRCA1,0,0.10697990146788192
BRCA1,0,0.10689595889357979
BRCA1,0,0.10692097812298199
BRCA1,0,0.10691861005353942
BRCA1,0,0.10692754079810352
BRCA1,0,0.11013595945137891
BRCA1,0,0.10727836917141322
BRCA1,0,0.10698021124197066
BRCA1,0,0.10690879966048814
BRCA1,0,0.10740943364214615
BRCA1,0,0.10962134540651332
BRCA1,0,0.10688762618088078
BRCA1,0,0.10691090479711465
BRCA1,0,0.10748239335334092
BRCA1,0,0.10691359458471461
BRCA1,0,0.10818022234364172
BRCA1,0,0.10717352201452565
BRCA1,0,0.1096673953739353
BRCA1,0,0.10721451038024418
BRCA1,0,0.10757732977102392
BRCA1,0,0.10703910183222436
BRCA1,0,0.11151410964329159
BRCA1,0,0.10919714261710664
BRCA1,0,0.1085413163315307
BRCA1,0,0.10731138426434539
BRCA1,0,0.10757103658848978
BRCA1,0,0.10688459058555812
BRCA1,0,0.10688176544412756
BRCA1,0,0.11979190269263715
BRCA1,0,0.1070856291772489
BRCA1,0,0.10688176954027387
BRCA1,0,0.10688054606845461
BRCA1,0,0.10688370095668569
BRCA1,0,0.10688049443701494
BRCA1,0,0.10713403227138013
BRCA1,0,0.107353344549474
BRCA1,0,0.1070030081487647
BRCA1,0,0.10731572926046634
BRCA1,0,0.10689855867884653
BRCA1,0,0.1941913632435122
BRCA1,0,0.8854504726095104
BRCA1,0,0.14099474212889215
BRCA1,0,0.12176948788620566
BRCA1,0,0.1415284869001216
BRCA1,0,0.135021338003824
BRCA1,0,0.2153713989024807
BRCA1,0,0.872721795880872
BRCA1,0,0.20462376194358334
BRCA1,0,0.7882834214502235
BRCA1,0,0.7026735409737944
BRCA1,0,0.14126795177004803
BRCA1,0,0.11945511193064814
BRCA1,0,0.11009294315765876
BRCA1,0,0.11185878884682969
BRCA1,0,0.1797765383551852
BRCA1,0,0.12238329033950285
BRCA1,0,0.14227718283540233
BRCA1,0,0.10723396660381941
BRCA1,0,0.10690337674875215
BRCA1,0,0.1070140745904486
BRCA1,0,0.10688022137675295
BRCA1,0,0.10702911594812792
BRCA1,0,0.1068903649015014
BRCA1,0,0.2405613693512746
BRCA1,0,0.106882832718012
BRCA1,0,0.10698582413917868
BRCA1,0,0.5890772861802627
BRCA1,0,0.10797658761900938
BRCA1,0,0.5072049031021343
BRCA1,0,0.10957428561335696
BRCA1,0,0.10697019119326598
BRCA1,0,0.10688584926184524
BRCA1,0,0.10688825991267788
BRCA1,0,0.1069571016082623
BRCA1,0,0.10709605445898401
BRCA1,0,0.10693260647930448
BRCA1,0,0.10688144980576138
BRCA1,0,0.1069234167953913
BRCA1,0,0.10691977687002213
BRCA1,0,0.10853731946279226
BRCA1,0,0.10687977584477393
BRCA1,0,0.10692294783223058
BRCA1,0,0.14831259479651648
BRCA1,0,0.10874365052754745
BRCA1,0,0.10688697996317209
BRCA1,0,0.11105343397323494
BRCA1,0,0.1069417496601239
BRCA1,0,0.10689009225892156
BRCA1,0,0.10825418848091696
BRCA1,0,0.10688472778144499
BRCA1,0,0.10779905907392463
BRCA1,0,0.10697423428491663
BRCA1,0,0.10690469362230483
BRCA1,0,0.1095580797822451
BRCA1,0,0.10688707309407632
BRCA1,0,0.10691688964249213
BRCA1,0,0.10703131056797886
BRCA1,0,0.10695300657708959
BRCA1,0,0.10721246610336424
BRCA1,0,0.10689164012166094
BRCA1,0,0.10707590507593008
BRCA1,0,0.10729500590714293
BRCA1,0,0.1069173997082978
BRCA1,0,0.10688925981434717
BRCA1,0,0.71966664514229
BRCA1,0,0.10688601986210747
BRCA1,0,0.1068813366384595
BRCA1,0,0.10689711305513902
BRCA1,0,0.10717379256640516
BRCA1,0,0.10782164396777182
BRCA1,0,0.11109575805401074
BRCA1,0,0.1068802145431676
BRCA1,0,0.1068819333295514
BRCA1,0,0.10688086867352078
BRCA1,0,0.10689830149644783
BRCA1,0,0.1428259899084333
BRCA1,0,0.10768550023334786
BRCA1,0,0.150686612210894
BRCA1,0,0.1072651622279057
BRCA1,0,0.10690448744242566
BRCA1,0,0.11519289606665806
BRCA1,0,0.1090170550983206
BRCA1,0,0.10757842034412282
BRCA1,0,0.10688421514422165
BRCA1,0,0.10781074138042245
BRCA1,0,0.10689687513882618
BRCA1,0,0.10690879071753835
BRCA1,0,0.10688505121919685
BRCA1,0,0.1069054800998467
BRCA1,0,0.1133637402143513
BRCA1,0,0.10720134572459956
BRCA1,0,0.10688197650827115
BRCA1,0,0.1068844847087804
BRCA1,0,0.10689145184851268
BRCA1,0,0.10946500027729364
BRCA1,0,0.10691162057266643
BRCA1,0,0.10714124185828681
BRCA1,0,0.11026949962072914
BRCA1,0,0.10688036357905617
BRCA1,0,0.1068804209300971
BRCA1,0,0.10688067707174843
BRCA1,0,0.10688158810646865
BRCA1,0,0.10701050498373549
BRCA1,0,0.1069987093090533
BRCA1,0,0.10689720406503553
BRCA1,0,0.10693637574989615
BRCA1,0,0.10691972850762207
BRCA1,0,0.10693342605957937
BRCA1,0,0.10715666312062933
BRCA1,0,0.10690975977027513
BRCA1,0,0.1081579819215924
BRCA1,0,0.10691248380767401
BRCA1,0,0.10688162093483354
BRCA1,0,0.10688341230063546
BRCA1,0,0.10688105340758783
BRCA1,0,0.10703484192221058
BRCA1,0,0.10690961488241739
BRCA1,0,0.10768876536058196
BRCA1,0,0.10705794697678563
BRCA1,0,0.14951985849385285
BRCA1,0,0.10694849772052134
BRCA1,0,0.1068800597981819
BRCA1,0,0.10689833648503616
BRCA1,0,0.10751642765150748
BRCA1,0,0.10790356554085907
BRCA1,0,0.10939118631103825
BRCA1,0,0.10689733910268541
BRCA1,0,0.11033886984002493
BRCA1,0,0.10688362647481134
BRCA1,0,0.10688004770794789
BRCA1,0,0.10688081594411858
BRCA1,0,0.1069411457335972
BRCA1,0,0.10688796071410407
BRCA1,0,0.10694386994769006
BRCA1,0,0.10788345740163327
BRCA1,0,0.10688298290237064
BRCA1,0,0.14176570301881677
BRCA1,0,0.10695846746621765
BRCA1,0,0.10853145117233536
BRCA1,0,0.10688116196771968
BRCA1,0,0.10689697748063712
BRCA1,0,0.10688460899146529
BRCA1,0,0.10687955131816593
BRCA1,0,0.11577685190679858
BRCA1,0,0.13308687440335698
BRCA1,0,0.10691491040522422
BRCA1,0,0.10933484020370227
BRCA1,0,0.12478650829022411
BRCA1,0,0.1074509200529838
BRCA1,0,0.10689111491290532
BRCA1,0,0.11808874878489906
BRCA1,0,0.10964479058027768
BRCA1,0,0.2937491073139122
BRCA1,0,0.1080793940089712
BRCA1,0,0.11494893743788367
BRCA1,0,0.10689475010061705
BRCA1,0,0.10727580672661412
BRCA1,0,0.10930001956005427
BRCA1,0,0.10941784956500757
BRCA1,0,0.9963709431806075
BRCA1,0,0.18358130225786806
BRCA1,0,0.25924423013748304
BRCA1,0,0.8366914797519414
BRCA1,0,0.9976591186195055
BRCA1,0,0.6148045935401939
BRCA1,0,0.1098080090120262
BRCA1,0,0.10697561020588063
BRCA1,0,0.13162507571054477
BRCA1,0,0.10717423081028332
BRCA1,0,0.5738048377982973
BRCA1,0,0.25149234054768904
BRCA1,0,0.10878880128308914
BRCA1,0,0.2918591523421126
BRCA1,0,0.11691854045846281
BRCA1,0,0.12088972895598389
BRCA1,0,0.10701493173836413
BRCA1,0,0.107210595492235
BRCA1,0,0.1068869142235973
BRCA1,0,0.10752395072192814
BRCA1,0,0.10696241972071524
BRCA1,0,0.11667258411222256
BRCA1,0,0.10688569691166884
BRCA1,0,0.10960919553489305
BRCA1,0,0.10690445897830377
BRCA1,0,0.17582149068600345
BRCA1,0,0.15527669733056584
BRCA1,0,0.10688990100410402
BRCA1,0,0.10809331028853339
BRCA1,0,0.10709395411199212
BRCA1,0,0.12367844581849496
BRCA1,0,0.15896240115772825
BRCA1,0,0.10692535181754849
BRCA1,0,0.10719017596686324
BRCA1,0,0.10688219553518803
BRCA1,0,0.10974740840289388
BRCA1,0,0.11328076016783496
BRCA1,0,0.10705583821035462
BRCA1,0,0.10689011457327457
BRCA1,0,0.10703774700763957
BRCA1,0,0.10688491114648074
BRCA1,0,0.10698004811949552
BRCA1,0,0.10689700887017445
BRCA1,0,0.1069331154228655
BRCA1,0,0.10688144134550871
BRCA1,0,0.10688068785148128
BRCA1,0,0.10697937603308254
BRCA1,0,0.1068796336571623
BRCA1,0,0.10691211692700188
BRCA1,0,0.10688039121743217
BRCA1,0,0.10759633770687423
BRCA1,0,0.10688486812752383
BRCA1,0,0.10702391946057684
BRCA1,0,0.10692850500380703
BRCA1,0,0.1081691909854265
BRCA1,0,0.10691807823649074
BRCA1,0,0.10695617532515474
BRCA1,0,0.10691113636756958
BRCA1,0,0.10688154865457565
BRCA1,0,0.10688041396950886
BRCA1,0,0.12364975023217967
BRCA1,0,0.10695550997700302
BRCA1,0,0.10688228447341508
BRCA1,0,0.10709488500951728
BRCA1,0,0.10688350600621767
BRCA1,0,0.10703928125003495
BRCA1,0,0.10688612527050291
BRCA1,0,0.10687957977771646
BRCA1,0,0.10690272253735748
BRCA1,0,0.1068802439369652
BRCA1,0,0.10711480294108724
BRCA1,0,0.1068865858263793
BRCA1,0,0.10695880040579077
BRCA1,0,0.10688275283543221
BRCA1,0,0.10702825725841472
BRCA1,0,0.10692880150051096
BRCA1,0,0.10699708399422582
BRCA1,0,0.10690859339388244
BRCA1,0,0.10744095144921109
BRCA1,0,0.10941611899338607
BRCA1,0,0.1068825848358161
BRCA1,0,0.10688291491432107
BRCA1,0,0.10808199199247254
BRCA1,0,0.10690949499354142
BRCA1,0,0.10688062007182149
BRCA1,0,0.10766078450003752
BRCA1,0,0.10692890107733259
BRCA1,0,0.10688556635663471
BRCA1,0,0.17760346332546115
BRCA1,0,0.10783917003212498
BRCA1,0,0.10691272801468703
BRCA1,0,0.10706033724790283
BRCA1,0,0.10715274843784917
BRCA1,0,0.11356482788693366
BRCA1,0,0.10758275506033257
BRCA1,0,0.1071445067176329
BRCA1,0,0.10846240282377383
BRCA1,0,0.10750673585736051
BRCA1,0,0.10688016228896743
BRCA1,0,0.10710120306004417
BRCA1,0,0.10761649493076045
BRCA1,0,0.10687986278589691
BRCA1,0,0.10689496179058922
BRCA1,0,0.10812972448992347
BRCA1,0,0.10723021612556774
BRCA1,0,0.11039242331067513
BRCA1,0,0.1259660133851052
BRCA1,0,0.10749359141610153
BRCA1,0,0.10724426992458092
BRCA1,0,0.10695432228739989
BRCA1,0,0.10750224448234041
BRCA1,0,0.18642682386880302
BRCA1,0,0.12314265491115958
BRCA1,0,0.10700619087497429
BRCA1,0,0.10688636909572714
BRCA1,0,0.11005010786280577
BRCA1,0,0.13974770536694162
BRCA1,0,0.10746697721137055
BRCA1,0,0.1068859065420372
BRCA1,0,0.10688666920023031
BRCA1,0,0.10774365133518146
BRCA1,0,0.10716868823070358
BRCA1,0,0.10716875270412185
BRCA1,0,0.10754837530459851
BRCA1,0,0.10697099099897962
BRCA1,0,0.10688006837761367
BRCA1,0,0.10801850450952406
BRCA1,1,0.1070026650005909
BRCA1,0,0.10691071253940698
BRCA1,0,0.10706926965893548
BRCA1,0,0.10698173802307472
BRCA1,0,0.10691081276366146
BRCA1,0,0.10688233582949569
BRCA1,0,0.10714138699895921
BRCA1,0,0.10688491829745295
BRCA1,0,0.11947853060866062
BRCA1,0,0.10688702716637903
BRCA1,0,0.10723699489150229
BRCA1,0,0.10689930252394138
BRCA1,0,0.2747432467658027
BRCA1,0,0.1401614422091857
BRCA1,0,0.12893090466102594
BRCA1,0,0.10712213815318111
BRCA1,0,0.10692824196243012
BRCA1,0,0.10691248710426371
BRCA1,0,0.10690673485872712
BRCA1,0,0.10690897860456318
BRCA1,0,0.10738495001969464
BRCA1,0,0.14235626754927785
BRCA1,0,0.21002863591940105
BRCA1,0,0.10985071826296842
BRCA1,0,0.11499171592456801
BRCA1,0,0.11053715410265265
BRCA1,0,0.17284610884533438
BRCA1,0,0.11979010916428351
BRCA1,0,0.1102476449165164
BRCA1,0,0.22449464945268172
BRCA1,0,0.16725472163825217
BRCA1,0,0.13192164343695992
BRCA1,0,0.1176481418531608
BRCA1,0,0.18971759403887484
BRCA1,0,0.1469515872486913
BRCA1,0,0.115940573426
BRCA1,0,0.1153914698648544
BRCA1,0,0.14390731328904796
BRCA1,0,0.10952432325578017
BRCA1,0,0.1274021681198851
BRCA1,0,0.10790802249003051
BRCA1,0,0.11332055926353782
BRCA1,0,0.13267553424221445
BRCA1,0,0.15327658352640983
BRCA1,0,0.11993005108951002
BRCA1,0,0.15968752468909372
BRCA1,0,0.10723622467396153
BRCA1,0,0.10715519144714854
BRCA1,0,0.1423778423832133
BRCA1,0,0.1083595242132264
BRCA1,0,0.1137757934512185
BRCA1,0,0.1388234859038958
BRCA1,0,0.13246435405489362
BRCA1,0,0.11710770167824232
BRCA1,0,0.12492792387512748
BRCA1,0,0.10933843765133801
BRCA1,0,0.10816317037037303
BRCA1,0,0.1556793558977434
BRCA1,0,0.17869943162398247
BRCA1,0,0.11155151639490918
BRCA1,0,0.11254935796655498
BRCA1,0,0.10847904355209433
BRCA1,0,0.12021308820391215
BRCA1,0,0.118454168887514
BRCA1,0,0.21893029584379864
BRCA1,0,0.10791487370719095
BRCA1,0,0.11208026855631788
BRCA1,0,0.10983250154462589
BRCA1,0,0.13278392278663095
BRCA1,0,0.10700321967375735
BRCA1,0,0.32068609046890373
BRCA1,0,0.1877636011480852
BRCA1,0,0.10784420269049026
BRCA1,0,0.10840142366896073
BRCA1,0,0.11093531126190824
BRCA1,0,0.10698268009607954
BRCA1,0,0.11821168527667812
BRCA1,0,0.12335270409105902
BRCA1,0,0.11336567725565312
BRCA1,0,0.2892980520803393
BRCA1,0,0.11921924380509495
BRCA1,0,0.1069978858466875
BRCA1,0,0.14371090033092557
BRCA1,0,0.11093506296972631
BRCA1,0,0.1389021793095341
BRCA1,0,0.1070177643695938
BRCA1,0,0.10709409584041117
BRCA1,0,0.10726046552836314
BRCA1,0,0.10955964290793821
BRCA1,0,0.10750446265113658
BRCA1,0,0.10707173738536854
BRCA1,0,0.17984079987092666
BRCA1,0,0.10900670942080751
BRCA1,0,0.11193952637880607
BRCA1,0,0.10689483810379694
BRCA1,0,0.10775350242630954
BRCA1,0,0.10997079351237027
BRCA1,0,0.10708418790519168
BRCA1,0,0.10779205240053173
BRCA1,0,0.10759899884371726
BRCA1,0,0.7681891994062133
BRCA1,0,0.10722307955142235
BRCA1,0,0.1088487658934018
BRCA1,0,0.2885678549989895
BRCA1,0,0.10689020469270963
BRCA1,0,0.10690966863428374
BRCA1,0,0.10761894425519772
BRCA1,0,0.10791514850010062
BRCA1,0,0.10690569546484044
BRCA1,0,0.11345554359124936
BRCA1,0,0.11701452633195174
BRCA1,0,0.2850665593504136
BRCA1,0,0.10718233689054277
BRCA1,0,0.1300364927806119
BRCA1,0,0.10689681554772332
BRCA1,0,0.10690643434097465
BRCA1,0,0.1073926275507941
BRCA1,0,0.10688635419073556
BRCA1,0,0.10697523244649584
BRCA1,0,0.10986804648490467
BRCA1,0,0.10778955004568795
BRCA1,0,0.12293139209487519
BRCA1,0,0.11419256014235907
BRCA1,0,0.10690820306840214
BRCA1,0,0.10688406148181917
BRCA1,0,0.10750131499174949
BRCA1,0,0.11973885075314507
BRCA1,0,0.10689340619097842
BRCA1,0,0.10741789131302473
BRCA1,0,0.10687974305845076
BRCA1,0,0.1068801475608402
BRCA1,0,0.10689583244477344
BRCA1,0,0.10688232715388453
BRCA1,0,0.10688317927826156
BRCA1,0,0.10691011603659469
BRCA1,0,0.10783058157977965
BRCA1,0,0.1099280644466874
BRCA1,0,0.15137646133496394
BRCA1,0,0.14330166739231232
BRCA1,0,0.1259592931898518
BRCA1,0,0.1314147078643053
BRCA1,0,0.10743853387555793
BRCA1,0,0.1068809055915761
BRCA1,0,0.10765611133872309
BRCA1,0,0.1104002401093173
BRCA1,0,0.10699770499505339
BRCA1,0,0.10688841571238414
BRCA1,0,0.10692202900915339
BRCA1,0,0.10690136078470412
BRCA1,0,0.1068904566318437
BRCA1,0,0.10718356469659558
BRCA1,0,0.10719377184228089
BRCA1,0,0.10860852943479368
BRCA1,0,0.1188655474749534
BRCA1,0,0.10688146824695137
BRCA1,0,0.10912211325397281
BRCA1,0,0.10707372092871303
BRCA1,0,0.10688218331296882
BRCA1,0,0.10751466781647728
BRCA1,0,0.10701102433885726
BRCA1,0,0.10691546222675542
BRCA1,0,0.11099699643654401
BRCA1,0,0.10689347880771392
BRCA1,0,0.10699427954200169
BRCA1,0,0.10690827111384442
BRCA1,0,0.10709288048853496
BRCA1,0,0.10892551586592301
BRCA1,0,0.11070350233161685
BRCA1,0,0.10689244111644107
BRCA1,0,0.10688630107930755
BRCA1,0,0.24947718728526624
BRCA1,0,0.129745145711933
BRCA1,0,0.11276134941355141
BRCA1,0,0.10691289426964466
BRCA1,0,0.10688624501281983
BRCA1,0,0.10693339668220525
BRCA1,0,0.1068798430335301
BRCA1,0,0.10687952751515739
BRCA1,0,0.10690808893345298
BRCA1,0,0.10695439262048972
BRCA1,0,0.10687952245755179
BRCA1,0,0.1068803584648794
BRCA1,0,0.10779131809044937
BRCA1,0,0.10687956836389727
BRCA1,0,0.10692138585191378
BRCA1,0,0.10692007020765544
BRCA1,0,0.10871339121700248
BRCA1,0,0.10691921679883981
BRCA1,0,0.1070690514116599
BRCA1,0,0.20572928946853886
BRCA1,0,0.3707240191802781
BRCA1,0,0.10784470362896863
BRCA1,0,0.1201892241319698
BRCA1,0,0.3879035423698802
BRCA1,0,0.11016014120505126
BRCA1,0,0.10688205394645467
BRCA1,0,0.10691972238464066
BRCA1,0,0.10688364981795023
BRCA1,0,0.10971216830045707
BRCA1,0,0.11263633493061997
BRCA1,0,0.19597544314978277
BRCA1,0,0.10740896416733996
BRCA1,0,0.10877568103776118
BRCA1,0,0.11859790572673508
BRCA1,0,0.10688527053645282
BRCA1,0,0.10700482145317355
BRCA1,0,0.12253571554656614
BRCA1,0,0.10991073008450139
BRCA1,0,0.8259167725111135
BRCA1,0,0.10707660123529159
BRCA1,0,0.10690724633527561
BRCA1,0,0.10696065308221274
BRCA1,0,0.11166308158378292
BRCA1,0,0.47710097668925544
BRCA1,0,0.9416423292331965
BRCA1,0,0.12119521712586763
BRCA1,0,0.10690821270193393
BRCA1,0,0.9409069886461241
BRCA1,0,0.10692594345893415
BRCA1,0,0.22039039878672137
BRCA1,0,0.10878809432143029
BRCA1,0,0.10688831001975989
BRCA1,0,0.12834437174293267
BRCA1,1,0.997246323487917
BRCA1,1,0.9956251709640571
BRCA1,1,0.9976227714215113
BRCA1,1,0.3748772608912386
BRCA1,0,0.10839618155444727
BRCA1,0,0.15144445853681915
BRCA1,0,0.11061599458166566
BRCA1,0,0.10694976847799358
BRCA1,0,0.1730822556252426
BRCA1,0,0.9700167510218614
BRCA1,0,0.12084993770682377
BRCA1,0,0.7237177198507907
BRCA1,0,0.16819077835015128
BRCA1,1,0.9975358687805002
BRCA1,0,0.9959348841846285
BRCA1,0,0.9975711097204608
BRCA1,0,0.11644128573525983
BRCA1,0,0.30438853155260115
BRCA1,0,0.32011631529438833
BRCA1,0,0.4083720611956594
BRCA1,0,0.945719591383914
BRCA1,1,0.9977508212022185
BRCA1,1,0.9977352899661253
BRCA1,1,0.9974594397598708
BRCA1,0,0.9548589144039138
BRCA1,1,0.9977212548460833
BRCA1,0,0.9976667210925211
BRCA1,0,0.13574554451827583
BRCA1,0,0.10836400234123295
BRCA1,0,0.3681884977394511
BRCA1,0,0.9902110817621694
BRCA1,1,0.9977443575352076
BRCA1,1,0.9977525455620437
BRCA1,1,0.9977458371283449
BRCA1,1,0.9977464615709295
BRCA1,1,0.9977511908263923
BRCA1,0,0.9967036129841739
BRCA1,1,0.9977357712285067
BRCA1,1,0.9977531668639308
BRCA1,1,0.9977536614387388
BRCA1,0,0.453165643702153
BRCA1,0,0.14976616580365928
BRCA1,0,0.10888367163858396
BRCA1,0,0.13991704791994153
BRCA1,0,0.2716474014073153
BRCA1,0,0.7191785443356066
BRCA1,0,0.10978224029933199
BRCA1,0,0.1467287113211613
BRCA1,0,0.251392169498791
BRCA1,0,0.2623723920436929
BRCA1,0,0.9254623948021738
BRCA1,0,0.3542435835535296
BRCA1,1,0.8951733329250295
BRCA1,1,0.9977490503353557
BRCA1,1,0.9977539772375483
BRCA1,1,0.9977234667077858
BRCA1,1,0.9977331014628983
BRCA1,0,0.6794906036954461
BRCA1,1,0.9977533780966067
BRCA1,1,0.9977525714201768
BRCA1,0,0.27855221148859777
BRCA1,0,0.7871542710192461
BRCA1,1,0.9976776442706629
BRCA1,0,0.9339753106228854
BRCA1,1,0.997735603527482
BRCA1,1,0.9977394840619563
BRCA1,1,0.9977131435052251
BRCA1,1,0.9977531513229687
BRCA1,1,0.9977304517397578
BRCA1,0,0.18870503285378756
BRCA1,1,0.9977542714978574
BRCA1,1,0.8951442796610718
BRCA1,0,0.9817895133490625
BRCA1,0,0.1257181729095056
BRCA1,1,0.9949697089187429
BRCA1,1,0.9953655679173001
BRCA1,1,0.9944880127880695
BRCA1,0,0.9601993943697875
BRCA1,0,0.27159921175758434
BRCA1,0,0.1511991973824393
BRCA1,0,0.2168437850482473
BRCA1,0,0.9926097885716478
BRCA1,1,0.9977363655519861
BRCA1,1,0.9977423624898022
BRCA1,1,0.9977536319947535
BRCA1,1,0.9977532786081054
BRCA1,1,0.9977022293870139
BRCA1,1,0.9977486487361977
BRCA1,1,0.9976987760605396
BRCA1,1,0.9977018229931596
BRCA1,1,0.9977537085520314
BRCA1,1,0.9977544356677641
BRCA1,1,0.9977507259406347
BRCA1,0,0.2964168481295961
BRCA1,0,0.19988187485455397
BRCA1,0,0.11791650614545106
BRCA1,1,0.9977339666832837
BRCA1,0,0.33400069446231306
BRCA1,1,0.9977516060266363
BRCA1,1,0.9976925259233088
BRCA1,0,0.10866951818717469
BRCA1,0,0.10760761593797143
BRCA1,0,0.1379608298507053
BRCA1,0,0.11025067669752167
BRCA1,0,0.1160016185094045
BRCA1,1,0.9970296234967335
BRCA1,0,0.38693704033517373
BRCA1,0,0.10875103866191393
BRCA1,0,0.10695210446624942
BRCA1,0,0.10697277450272981
BRCA1,0,0.10765129274663901
BRCA1,0,0.10688405925074715
BRCA1,0,0.10735799928448664
BRCA1,0,0.14145225619746427
