ClinPred_score,MetaRNN_score,REVEL_score,MetaSVM_score,MetaLR_score,VEST4_score,AlphaMissense_score,PrimateAI_score,CADD_raw,CADD_phred,ESM1b_score,BayesDel_noAF_score,Eigen_raw_coding,label
0.0444690043814792,0.09346983,0.172,-1.001,0.0545,0.251,0.09,0.300372242928,0.281164,3.07,3.450198401940106,-0.419419,-1.07760169372405,0
0.291749954223633,0.27783644,0.347,-0.8526,0.2564,0.458,0.0857,0.235387593508,0.967729,9.955,3.909829667753987,-0.0884092,-0.424463066371983,0
0.102117031430658,0.26071873,0.22,-1.0168,0.2113,0.174,0.1011,0.209099426866,0.740588,7.747,4.974451802670956,-0.30554,-1.39750084938008,0
0.315346419811249,0.17068267,0.451,-0.1209,0.5542,0.298,0.0896,0.195863455534,1.721234,15.4,4.22037668234561,-0.00804613,-0.314854699812596,0
0.180398450157187,0.23940855,0.526,-0.5444,0.3848,0.228,0.0869,0.317690938711,1.380996,13.45,3.710588574409485,0.0251448,-0.785411097589958,0
0.444102793931961,0.9275688,0.434,-0.5839,0.3961,0.52,0.1617,0.337892740965,0.979807,10.1,2.706056218451089,0.017076,-0.802077192582731,0
0.0485605180240698,0.10725561,0.497,-0.9835,0.2191,0.329,0.0707,0.256097733974,-0.576868,0.114,3.4023525983951464,-0.142149,-1.1437614840897,0
0.821807324886322,0.60988814,0.504,-0.423,0.3678,0.642,0.4972,0.457150757313,2.294332,18.09,11.949393853201832,-0.0718122,-0.355210915549911,0
0.0142928194254637,0.057249397,0.214,-0.9381,0.0011,0.127,0.0823,0.287534177303,0.294974,3.218,3.7753438353538513,-0.506451,-1.03332266426269,0
0.0422628149390221,0.12835905,0.393,-0.9029,0.0022,0.332,0.0775,0.242957174778,-0.62412,0.095,2.514580341737495,-0.477389,-1.06928663791029,0
0.0448025928718289,0.037112862,0.042,-1.0602,0.0283,0.162,0.0628,0.254269480705,-0.806253,0.049,3.5013930090483103,-0.568928,-1.52625718665746,0
0.0385473881452771,0.047290802,0.37,-0.904,0.0006,0.095,0.0477,0.25667989254,-0.892745,0.036,1.8394119841816576,-0.540896,-1.72957944257095,0
0.998865365982056,0.7823424,0.844,0.5127,0.7015,0.754,0.6367,0.5447884202,4.524771,25.6,10.09180024195673,0.381435,0.715305730033203,0
0.993905603885651,0.9834182,0.952,1.0085,0.8943,0.942,0.9408,0.61335682869,4.678661,26.2,13.51791804629683,0.458739,0.899487352654504,1
0.0683036715557405,0.21559602,0.532,-0.5166,0.5248,0.216,0.0937,0.279585301876,0.828609,8.558,3.697895386859388,-0.161617,-0.634633730038817,0
0.105440549552441,0.09220877,0.27,-1.0703,0.056,0.487,0.0964,0.286197781563,0.865607,8.919,4.547316378805737,-0.234427,-1.08488701974574,0
0.104602716863155,0.13069147,0.086,-1.0235,0.1223,0.204,0.069,0.284374564886,1.018758,10.55,3.56680852406161,-0.323279,-0.937425553862144,0
0.118703350424767,0.1328789,0.171,-0.9161,0.0041,0.274,0.0649,0.246393337846,0.930627,9.562,3.308162932800305,-0.476305,-0.596655218727822,0
0.0944112241268158,0.14382792,0.26,-0.9386,0.0034,0.275,0.1055,0.256144881248,2.004054,16.77,3.3889577962355606,-0.388592,-0.434391889422696,0
0.132835119962692,0.16207692,0.447,-0.3332,0.6303,0.341,0.126,0.251635074615,2.646323,19.63,3.5256812243074345,-0.0735345,-0.597951517383768,0
0.789945125579834,0.6655413,0.52,-0.4782,0.2939,0.43,0.1094,0.335310399532,2.297269,18.11,5.998882607784387,-0.0357141,-0.139654672353739,0
0.553689897060394,0.37626725,0.456,-0.7445,0.3047,0.405,0.1252,0.375097721815,-0.660948,0.083,3.619167346104735,-0.236967,-1.1255803437294,0
0.0448011411443935,0.13038215,0.351,-0.8499,0.2641,0.307,0.0595,0.220099449158,0.5394,5.863,3.107814584351789,-0.271863,-1.35370800464865,0
0.0777071857199505,0.17817822,0.224,-0.9375,0.003,0.419,0.1479,0.200385451317,-0.464476,0.173,3.866558223962784,-0.404369,-1.41667671794099,0
0.0640255585312843,0.079708844,0.183,-0.9076,0.0016,0.177,0.1009,0.193292245269,-0.027128,0.965,3.906270231440368,-0.545435,-1.32005056444943,0
0.0382560948657605,0.048105747,0.482,-0.9427,0.1162,0.155,0.0821,0.297580242157,0.308124,3.361,4.582214221358299,-0.262217,-1.62951433779911,0
0.118873179063146,0.017424226,0.819,0.7482,0.9088,0.556,0.3469,0.46155589819,3.324595,22.2,5.405134994536638,0.240646,0.683875801809163,0
0.465147167444229,0.511188,0.232,-0.9012,0.0031,0.75,0.099,0.3127605021,1.686667,15.22,4.704552454343415,-0.176812,-0.502451056487167,0
0.376740366220474,0.33848637,0.455,-0.8278,0.2706,0.305,0.1101,0.268623530865,-0.252088,0.395,3.998997792455911,-0.230033,-1.48198505129849,0
0.978896200656891,0.51581514,0.539,0.7431,0.806,0.347,0.095,0.331661731005,4.218527,24.6,3.3962146497280967,0.00633556,0.741879023134649,0
0.904060065746307,0.35907668,0.238,-0.6772,0.2255,0.415,0.0772,0.268467128277,1.664148,15.1,3.0538160039235027,-0.241249,-0.187534865973314,0
0.985318541526794,0.92873347,0.778,0.9065,0.8759,0.821,0.9827,0.675581455231,5.519309,32.0,14.929605097069484,0.34205,1.00299748796931,1
0.244779078646149,0.24658754,0.445,-0.5376,0.449,0.405,0.163,0.397747457027,2.599831,19.43,5.108840808272362,-0.101336,-0.150152049646542,0
0.834545016288757,0.3379753,0.245,-0.6651,0.3515,0.405,0.0896,0.248349010944,0.983331,10.14,4.286725976409933,-0.207761,-0.155612682507788,0
0.0407159986282296,0.06869787,0.139,-1.0275,0.1891,0.131,0.0651,0.171839028597,-2.155588,0.001,3.797190435438434,-0.404147,-1.4256890880553,0
0.0580857396125793,0.07250771,0.049,-0.8894,0.0025,0.088,0.0666,0.23041036725,-1.362747,0.007,3.60701996088028,-0.768259,-1.46980875577443,0
0.154495239257812,0.1179457,0.186,-0.9983,0.1337,0.194,0.0821,0.265338122845,0.084532,1.48,4.25630605606952,-0.369906,-1.03067564738597,0
0.217748042987594,0.13199815,0.494,0.4817,0.7638,0.339,0.2742,0.212314516306,2.099707,17.21,2.3049272894859314,0.198234,-0.254413932499536,0
0.0472309408374447,0.12060577,0.106,-0.9067,0.0021,0.131,0.0783,0.248387634754,0.595663,6.414,4.139444286050669,-0.480791,-0.71647244132677,0
0.769493877887726,0.2488451,0.154,-0.9318,0.0046,0.422,0.1465,0.366029798985,2.949399,20.9,2.438814574543477,-0.396786,-0.110115239658674,0
0.0259901913917312,0.057595342,0.368,-0.9488,0.0013,0.054,0.0696,0.225749522448,-0.819707,0.047,3.229780100986803,-0.519214,-1.38290803415801,0
0.460375100374222,0.20078841,0.567,-0.9941,0.1141,0.394,0.096,0.274366974831,2.105528,17.24,4.152790635824204,0.130576,-0.321950652173219,0
0.189897452214388,0.27290773,0.445,-0.4104,0.5359,0.344,0.1325,0.259968966246,1.342215,13.19,4.527040489017963,-0.0995751,-0.418546448275273,0
0.0598903921580561,0.033692777,0.097,-1.0101,0.037,0.109,0.064,0.214199125767,-0.049365,0.885,2.021417700945611,-0.530536,-1.30889034434896,0
0.137400329113007,0.04933721,0.516,-0.7504,0.3121,0.299,0.0782,0.268333345652,0.740992,7.751,1.5094990816531078,-0.111626,-1.01075917657015,0
0.783130112203679,0.83115923,0.824,0.6274,0.7796,0.778,0.9533,0.630984663963,4.498093,25.5,12.977632090449331,0.329655,0.394028883551345,1
0.0272579313331152,0.11956677,0.114,-1.0241,0.0468,0.194,0.1317,0.293946146965,0.154936,1.933,1.9783006627459656,-0.500915,-1.10431434250894,0
0.0293341765525665,0.03546247,0.535,-0.3829,0.399,0.214,0.0704,0.28107881546,0.115945,1.668,3.3411299782948003,-0.102876,-1.50100589419048,0
0.760834293507893,0.36478642,0.236,-1.2063,0.0589,0.419,0.628,0.519358873367,4.302438,24.9,1.3535895347595217,-0.218515,0.810096905587568,0
0.734232902526855,0.7322195,0.566,-0.1145,0.4739,0.347,0.1633,0.288731634617,1.451905,13.89,7.782680037725019,-0.114845,0.0162085868326253,0
0.789077013175272,0.6000461,0.606,1.0036,0.9256,0.552,0.5069,0.340169429779,3.338322,22.2,4.676018118858337,0.227019,0.497728901842826,0
0.266694366931915,0.1997413,0.278,-0.6336,0.3623,0.286,0.0733,0.228531673551,0.974669,10.04,2.3899452760708493,-0.203149,-0.440495902326629,0
0.0399695038795471,0.07201278,0.11,-0.9108,0.0022,0.138,0.1018,0.197829201818,0.09403,1.534,3.325429809236698,-0.553604,-1.20239342547971,0
0.103239312767982,0.10740551,0.176,-0.9083,0.0018,0.316,0.1081,0.209906414151,1.532332,14.37,5.029786038265234,-0.467426,-1.21250475562047,0
0.940669357776642,0.363285,0.249,-1.2279,0.0343,0.501,0.2884,0.558810055256,4.887678,27.3,4.286709651350975,-0.276532,0.821397234761824,0
0.96968936920166,0.31356272,0.512,0.118,0.7811,0.511,0.1583,0.214232236147,1.284527,12.8,4.065501793258868,0.0300984,-0.820306631415984,0
0.991076588630676,0.5227631,0.339,-0.7819,0.2481,0.342,0.1615,0.247833698988,2.976343,21.0,9.288633942604063,-0.179989,-0.374375969023104,0
0.133923873305321,0.22219083,0.502,-0.344,0.5566,0.319,0.1032,0.206643268466,1.209481,12.27,3.402408480644226,0.0350575,-0.44004663333127,0
0.486997604370117,0.1924161,0.121,-1.064,0.0737,0.39,0.1176,0.38997733593,0.828011,8.552,3.4546563223155524,-0.344978,-0.434689373021642,0
0.766498923301697,0.78654355,0.622,-0.0342,0.6791,0.374,0.1122,0.310845911503,2.103734,17.23,4.284960016608238,0.238767,-0.174293941513732,0
0.329499296133874,0.28963083,0.255,-0.6962,0.2429,0.407,0.0832,0.340360939503,2.193564,17.64,3.7843084212864166,-0.205222,0.0391154423220679,0
0.229150056143149,0.11549008,0.544,-0.738,0.241,0.457,0.1578,0.345615625381,2.463766,18.83,4.585523843765259,0.109317,0.0946857476221352,0
0.974136710166931,0.93074864,0.771,0.709,0.791,0.923,0.9504,0.527525663376,4.35112,25.0,13.200714948157838,0.370091,0.60082200638082,1
0.0488827972771096,0.09672788,0.352,-0.6015,0.4258,0.325,0.1277,0.266936004162,0.816146,8.438,3.5967788020835068,-0.165547,-0.77242970630368,0
0.87207818031311,0.77193296,0.499,-0.0887,0.6984,0.582,0.0926,0.273033797741,2.0317,16.9,5.001835906477768,0.0106724,-0.086035668055838,0
0.403055667877197,0.31675118,0.169,-0.9315,0.0024,0.307,0.1297,0.265534877777,0.670752,7.116,3.631818189028992,-0.455078,-0.786032898162452,0
0.838787376880646,0.26577976,0.225,-0.8975,0.1571,0.335,0.124,0.233481258154,1.509718,14.24,3.508438237764049,-0.262315,-0.517145261192104,0
0.215714901685715,0.19781363,0.201,-0.7211,0.0042,0.312,0.1449,0.243087470531,2.352519,18.35,2.9591118938876924,-0.39743,-0.401513516818633,0
0.0874958540758256,0.13570729,0.143,-0.9174,0.0026,0.195,0.1171,0.194794625044,0.82681,8.54,2.719586133956909,-0.499443,-0.776839549812181,0
0.902162969112396,0.5482494,0.678,1.0193,0.9029,0.425,0.1494,0.378432810307,3.876403,23.7,4.412224484170182,0.170145,0.667954943301364,0
0.112517146892727,0.15885964,0.234,-0.8231,0.253,0.272,0.0782,0.244525745511,0.353491,3.868,2.960174126222149,-0.250716,-0.719321691856685,0
0.208881929516792,0.1969915,0.4,-0.6971,0.3709,0.255,0.0999,0.288989126682,0.608133,6.533,2.2333117723464966,-0.159254,-0.753938232167104,0
0.943044483661652,0.2677137,0.149,-1.0612,0.0109,0.394,0.6388,0.384385347366,2.840153,20.5,2.921398509278645,-0.398306,0.105701633981158,0
0.982407212257385,0.9197934,0.718,0.7393,0.7751,0.936,0.9422,0.487114399672,4.980962,27.8,14.599578440189362,0.160268,0.664659217525901,1
0.975110769271851,0.8046714,0.662,0.1412,0.5546,0.656,0.2277,0.337570935488,3.417928,22.5,9.62590362482736,0.0785627,0.481948231232799,0
0.832091629505157,0.24995619,0.112,-0.6928,0.0069,0.287,0.1765,0.44387948513,3.19456,21.7,4.589644610881805,-0.279847,0.0548630949993931,0
0.0672116056084633,0.20412049,0.198,-0.9187,0.0031,0.455,0.073,0.223643571138,0.396537,4.351,4.171073836595327,-0.360239,-0.869311043727704,0
0.318052411079407,0.28306478,0.556,-0.4678,0.4858,0.462,0.0755,0.358937323093,2.457342,18.81,4.717372179031372,-0.0528774,-0.648435069439586,0
0.0129592727830564,0.03994021,0.203,-1.0512,0.093,0.128,0.0696,0.254812151194,-0.853522,0.041,3.0672120841491166,-0.366433,-1.39395223949375,0
0.0347274030732857,0.13765854,0.18,-0.8463,0.0031,0.403,0.0818,0.333609253168,0.956031,9.826,3.5307799577713013,-0.34837,-0.772795975145365,0
0.497977554798126,0.55056185,0.212,-0.8851,0.0056,0.36,0.1331,0.25641092658,1.035275,10.73,2.634235897425804,-0.263391,-0.253361938118322,0
0.0320654325187206,0.110589236,0.216,-0.9977,0.1253,0.183,0.0804,0.180443808436,-0.114122,0.686,1.9552568611817536,-0.328404,-1.04334436426395,0
0.446836858987808,0.2486184,0.422,-0.8846,0.2114,0.318,0.1109,0.26461070776,2.73153,19.98,5.375762090981575,-0.156542,-0.590335486022804,0
0.626554727554321,0.2573607,0.402,-0.3977,0.4476,0.315,0.0966,0.242467105389,1.439379,13.82,4.308589884994517,-0.150392,-0.403016531186075,0
0.929153919219971,0.82618713,0.803,0.7797,0.7849,0.54,0.1934,0.583025336266,3.105528,21.4,2.3729538766271574,0.282051,0.469453340795438,0
0.903611898422241,0.5863885,0.36,-0.1843,0.3711,0.534,0.1725,0.36715772748,3.735096,23.4,7.567303836990037,-0.193624,0.429074943372578,0
0.222159892320633,0.17783746,0.092,-1.0325,0.0926,0.3,0.1264,0.283831298351,0.228615,2.546,3.606703248312043,-0.376674,-1.08537758054152,0
0.166209992291687,0.17096952,0.191,-0.8766,0.0032,0.361,0.3336,0.295567959547,1.047807,10.86,4.966873571276665,-0.409647,-1.08724325346408,0
0.121222406283617,0.21881637,0.437,-0.5459,0.2811,0.259,0.1254,0.248813420534,1.346047,13.22,2.9482856062079,-0.199635,-0.133042586297851,0
0.265742854977335,0.20420739,0.139,-0.8955,0.0044,0.392,0.0885,0.253612399101,1.065391,11.05,4.703374117612839,-0.42092,-0.29084417600484,0
0.0404382926723919,0.101187706,0.176,-1.002,0.0036,0.195,0.0827,0.269808381796,1.112149,11.48,3.1559002697467804,-0.375433,-0.754206519518345,0
0.995670318603516,0.90058744,0.937,1.0937,0.9617,0.849,0.9803,0.650833427906,5.867207,33.0,11.395040520248584,0.537593,0.812884548714188,1
0.953377783298492,0.9500059,0.732,0.5365,0.7304,0.843,0.9659,0.500561475754,4.726872,26.4,14.606582585722208,0.219482,0.853999106475581,1
0.10713354498148,0.11184341,0.067,-0.8936,0.0018,0.04,0.0767,0.288115859032,0.053856,1.316,3.105050414800644,-0.637895,-1.14317865073243,0
0.330489218235016,0.23517668,0.468,-0.5524,0.4048,0.373,0.1111,0.211848288774,1.696373,15.27,2.7493276874655472,-0.0791707,-0.668063048197264,0
0.0472806328239584,0.13949645,0.173,-0.8796,0.0039,0.257,0.0969,0.42465275526,0.710668,7.479,3.3879266627591687,-0.4846,-0.835500631933723,0
0.529671967029572,0.15594888,0.35,-0.7397,0.2813,0.25,0.0887,0.193388953805,1.779159,15.69,3.858133168581484,-0.2182,-0.773754154195526,0
0.104237966239452,0.12663499,0.543,-0.477,0.6214,0.272,0.0983,0.200016334653,-0.654836,0.085,3.341884195804596,-0.0658169,-1.20589719395037,0
0.0256084600648183,0.065359265,0.072,-0.9078,0.0018,0.228,0.0939,0.214273840189,-1.311614,0.009,2.500207353447445,-0.678513,-2.27004596275,0
0.49852392077446,0.17381981,0.212,-0.8768,0.1431,0.446,0.1447,0.415209650993,2.265114,17.96,8.11103662662208,-0.141257,-0.139539878887586,0
0.0167025074973734,0.035270095,0.057,-1.0081,0.063,0.068,0.125,0.318307697773,0.112782,1.648,2.986941154362375,-0.470994,-1.24511472835389,0
0.635570406913757,0.4209152,0.127,-0.9285,0.0034,0.469,0.1301,0.257608890533,1.236796,12.46,4.329909841445062,-0.290545,-0.456510600778607,0
0.997759938240051,0.8701565,0.791,1.0265,0.9066,0.669,0.4222,0.457844436169,3.773902,23.5,2.9209927022457123,0.262913,0.856513475914414,0
0.0518007579925132,0.07183075,0.104,-0.9424,0.085,0.193,0.103,0.231969058514,0.234069,2.597,0.6150430579001094,-0.458687,-1.75645836958338,0
0.0695656201302176,0.16096339,0.1,-0.9396,0.0032,0.218,0.0926,0.300150811672,0.855446,8.819,5.11582333138187,-0.471366,-0.89605229768556,0
0.443428844213486,0.19507411,0.159,-0.9261,0.0062,0.416,0.083,0.244491249323,1.568831,14.58,3.07529886147313,-0.384787,-0.144219373289952,0
0.976682305335999,0.58325803,0.507,-0.0544,0.8117,0.379,0.1778,0.334776371717,3.202187,21.8,4.440112590789795,0.1083,0.0612885271338144,0
0.0931159072294801,0.16531044,0.128,-0.9598,0.0066,0.313,0.0893,0.306334495544,0.471157,5.163,4.206798636601779,-0.330795,-0.528371064856717,0
0.938014566898346,0.41085076,0.362,0.1072,0.7325,0.457,0.1069,0.377450197935,2.70501,19.87,3.182503727089855,-0.0619094,0.326912282683663,0
0.573239752525658,0.5547073,0.474,-0.0024,0.8796,0.461,0.1433,0.176048278809,3.823035,23.6,7.247666325834928,0.0823853,-0.236900728612103,0
0.112791806459427,0.28303945,0.189,-0.9354,0.0029,0.231,0.1277,0.203800350428,0.391574,4.296,3.082443654636492,-0.457466,-0.928833168968886,0
0.822742782679843,0.6249758,0.534,0.9893,0.9193,0.599,0.1162,0.445445716381,3.455832,22.6,3.268323317170143,0.280276,0.405312261389135,0
0.981033205986023,0.85304546,0.864,0.3901,0.735,0.925,0.9361,0.653346300125,2.216425,17.74,13.312821627532683,0.336014,0.325798925783085,1
0.893560171127319,0.36615402,0.586,-0.9423,0.1366,0.452,0.0978,0.27040964365,2.464958,18.84,2.135266900062561,0.124022,0.0617637755428672,1
0.0377708487212658,0.06516203,0.54,-0.7581,0.2597,0.246,0.0663,0.244345039129,1.077059,11.16,4.601290893088503,-0.237979,-1.31456552935312,0
0.814007818698883,0.7914678,0.738,0.832,0.837,0.744,0.8487,0.654613375664,4.189991,24.5,8.203461197961587,0.349077,0.683663209804885,1
0.949011981487274,0.42476535,0.524,0.3899,0.6609,0.448,0.1823,0.393333137035,3.857222,23.7,6.968494114954657,0.0425203,0.710930011444733,0
0.0252910042616991,0.21122378,0.62,-0.4528,0.4599,0.117,0.0888,0.267162084579,0.855009,8.815,3.6212006211280814,-0.106256,-0.877874694448818,0
0.987122118473053,0.9650012,0.691,0.6635,0.8212,0.677,0.8627,0.504773259163,1.808122,15.84,9.902766588304075,0.34128,0.18782044369452,1
0.945797502994537,0.39361238,0.43,-0.361,0.3998,0.503,0.6394,0.397113323212,2.914861,20.8,5.077624178710767,-0.0589072,0.327104985516251,0
0.0964327678084373,0.13011715,0.215,-0.8658,0.0035,0.361,0.1437,0.43097370863,0.332068,3.627,3.519078880548477,-0.342892,-1.27103656017548,0
0.0372823602884485,0.09242925,0.081,-1.0481,0.0878,0.19,0.0908,0.226750224829,-0.022044,0.984,3.2752588414742805,-0.453271,-1.12923187545103,0
0.0102362178382231,0.046239585,0.174,-0.8788,0.0017,0.141,0.0505,0.261729985476,-2.61198,0.001,2.15451243694517,-0.589149,-1.92816734747559,0
0.0290592518497223,0.095872074,0.125,-0.9044,0.0019,0.183,0.0559,0.248266369104,0.556088,6.029,2.749569742866242,-0.545003,-1.43850699522276,0
0.526676774024963,0.27714252,0.475,-0.5992,0.3072,0.413,0.0816,0.255736261606,2.289322,18.07,4.392430692911148,0.0126478,0.0470236295315485,0
0.992635548114777,0.8733159,0.869,0.9008,0.8556,0.687,0.931,0.573082745075,4.76228,26.6,17.68170829443261,0.405761,0.745934839995988,1
0.141000623429548,0.25478,0.553,-0.5279,0.409,0.46,0.0898,0.268041372299,1.146006,11.77,3.920422494411469,0.0222168,-0.962725961019565,0
0.0526558309793472,0.10318169,0.219,-0.9251,0.0015,0.206,0.1938,0.275675475597,0.079446,1.451,4.575504735247116,-0.42934,-1.06767191064695,0
0.166094434523485,0.27897498,0.488,-0.7525,0.3137,0.438,0.1094,0.265622496605,0.956259,9.829,2.390280395746231,0.0615111,-0.681467486392851,0
0.985466480255127,0.6997497,0.493,0.1857,0.5525,0.613,0.862,0.573281526566,4.377942,25.1,9.277675172931897,0.0801937,0.72081350504585,0
0.948372960090637,0.5960207,0.475,0.2183,0.5967,0.449,0.1139,0.377730309963,3.778145,23.5,4.062859511190508,-0.0214301,0.474277795544446,0
0.0578121056813419,0.1909931,0.156,-0.9104,0.0027,0.356,0.1278,0.241274356842,1.127035,11.61,3.6969667536430935,-0.47616,-1.22090951887933,0
0.888586461544037,0.7754974,0.211,-0.899,0.0056,0.364,0.1589,0.275320976973,1.999375,16.75,3.428404967874777,-0.282263,-0.135209359998053,0
0.471277415752411,0.19450355,0.16,-0.9633,0.0041,0.389,0.1022,0.310870468616,2.001278,16.76,4.162256598472595,-0.389834,-0.396040646486783,0
0.0929870828986168,0.14472955,0.515,-0.6037,0.5137,0.292,0.0851,0.291905283928,0.629758,6.737,3.223686332921397,-0.204036,-0.677687474551472,0
0.0384855522128567,0.0957779,0.21,-0.8959,0.0027,0.233,0.0945,0.220765188336,-2.155736,0.001,2.757575690746308,-0.538192,-1.4998249284333,0
0.917300961957917,0.9135761,0.718,1.0004,0.9069,0.497,0.6037,0.397938907146,3.788275,23.5,3.479612113186593,0.234391,0.68356763538394,0
0.047151293605566,0.13966075,0.288,-0.8215,0.0035,0.231,0.1035,0.187482714653,0.16848,2.035,2.4470615709777377,-0.455221,-0.819680649733565,0
0.0183635987406885,0.11247566,0.227,-0.9016,0.0024,0.238,0.0806,0.277361810207,0.562086,6.088,2.484735831618309,-0.342504,-0.784933223210799,0
0.984209537506104,0.68643606,0.663,0.7806,0.8005,0.507,0.7643,0.629349291325,4.342033,25.0,3.562700720451436,0.0999603,0.718708226532945,0
0.099611796438694,0.13024774,0.126,-0.8911,0.0026,0.262,0.0685,0.229160189629,0.011319,1.119,3.699334952623762,-0.530843,-0.825806759894127,0
0.139058843255043,0.24242261,0.423,-0.3825,0.4367,0.513,0.1075,0.501916587353,3.05554,21.3,2.920035518705845,-0.167015,-0.346125997292502,0
0.0340673456883869,0.12663788,0.56,-0.5555,0.5195,0.192,0.07,0.307549059391,0.102493,1.584,3.8836839348077774,-0.0846985,-1.54439146985542,0
0.972891926765442,0.50633675,0.527,0.2615,0.8179,0.409,0.1321,0.339990735054,3.054306,21.3,4.385658672751216,0.0578205,0.499027446153255,0
0.975480020046234,0.71996176,0.677,0.359,0.8403,0.608,0.2308,0.401192307472,3.662741,23.2,4.171285957098007,0.287839,0.548292057771,0
0.386033415794373,0.30353266,0.172,-1.0006,0.0095,0.434,0.1101,0.306879222393,2.370905,18.43,5.162671267986298,-0.284087,0.0602727161837096,0
0.026289651170373,0.0766238,0.283,-0.855,0.1181,0.353,0.0712,0.342177718878,0.18035,2.128,3.0758962682571847,-0.298171,-1.29283461236045,0
0.457171857357025,0.5305632,0.44,-0.2262,0.6528,0.51,0.106,0.282243728638,2.682077,19.78,5.022784957852374,-0.0501061,-0.285957988110276,0
0.0532898344099522,0.0747959,0.093,-0.9048,0.0016,0.208,0.0518,0.247490763664,0.31671,3.456,3.7143213074770816,-0.551694,-1.12912959536497,0
0.550866961479187,0.37257737,0.214,-1.1165,0.0676,0.589,0.2252,0.363671272993,4.27561,24.8,5.21100577712059,-0.221383,0.508773383947118,0
0.527884662151337,0.38638353,0.186,-1.0309,0.0159,0.488,0.4022,0.351932525635,2.16161,17.5,-0.0344514846801757,-0.315804,-0.389562803704468,0
0.0997182636103839,0.11057231,0.187,-0.9166,0.0035,0.214,0.1071,0.241582810879,0.847932,8.745,3.795267700425184,-0.390168,-0.792407655930428,0
0.528447449207306,0.2886908,0.156,-0.905,0.0037,0.478,0.2785,0.288301289082,1.598624,14.75,3.84433561713694,-0.405112,-0.658620984289555,0
0.132622167468071,0.15165067,0.285,-0.7445,0.336,0.414,0.1147,0.26413294673,0.5291,5.76,2.611185908317566,-0.252851,-0.941775215716079,0
0.0271718866080395,0.087005496,0.197,-0.7834,0.0041,0.299,0.0848,0.249555036426,1.300173,12.91,2.929920010450969,-0.454411,-0.767080206906131,0
0.889088451862335,0.31791425,0.289,-0.6164,0.2997,0.38,0.1107,0.249737426639,1.980003,16.66,3.9944696351911295,-0.176717,-0.197269878637688,0
0.58190530538559,0.29331073,0.512,0.5273,0.6182,0.353,0.0962,0.2387804389,1.921237,16.38,3.533193756353333,-0.0267624,0.0009507693069725,0
0.752137541770935,0.61814594,0.394,-0.9517,0.1774,0.801,0.1334,0.230313882232,2.696329,19.84,3.3107550583636987,-0.047922,-0.338609293934316,0
0.936583340167999,0.7334715,0.428,-0.6078,0.3049,0.667,0.4472,0.463410288095,4.17103,24.5,7.544139357563992,0.0208072,0.245823242292421,0
0.266252271906534,0.17845023,0.234,-0.8836,0.2949,0.196,0.0726,0.271767556667,1.21128,12.28,3.435070635628118,-0.276542,-0.705896257293862,0
0.989159223266626,0.815943,0.71,0.3345,0.6615,0.559,0.1291,0.415436089039,4.338542,25.0,9.016961827257733,0.0888676,0.809020357883409,0
0.0372881855811016,0.03773573,0.438,-0.8817,0.1729,0.225,0.0694,0.223046481609,-0.77064,0.056,2.8057661056518555,-0.269362,-1.65945022464059,0
0.281282186508179,0.12199262,0.491,-0.9328,0.1853,0.437,0.0674,0.24748262763,0.823194,8.506,2.849247843027115,-0.104783,-1.08943880123034,0
0.803238987922668,0.33418328,0.413,-0.2943,0.5085,0.38,0.1396,0.283622086048,2.041268,16.94,4.923758655786514,-0.137077,-0.226144519811428,0
0.0353183087489916,0.1005514,0.357,-0.8978,0.0019,0.265,0.5912,0.365969866514,0.615881,6.606,2.786575585603714,-0.42,-1.45335976643009,0
0.0948863252997398,0.020191222,0.268,-0.9598,0.0396,0.265,0.0708,0.226920098066,1.330325,13.11,3.0418800957560053,-0.362397,-1.53247526270378,0
0.0997890904545784,0.17790097,0.543,-1.0205,0.0507,0.316,0.1223,0.25353962183,0.672847,7.136,3.198989264641831,-0.0234851,-0.83008165603865,0
0.117422461509705,0.30034873,0.095,-0.9238,0.0036,0.721,0.0658,0.387807458639,0.542705,5.896,2.324931502342224,-0.602545,-0.900456893634591,0
0.174283549189568,0.26186574,0.434,-0.9007,0.1924,0.426,0.0766,0.330347597599,1.078057,11.17,4.35410026460886,-0.180904,-0.862672916750993,0
0.509536129390309,0.40816805,0.173,-0.8654,0.0025,0.368,0.1595,0.239616349339,1.041498,10.8,2.56401064991951,-0.285829,-0.252819958551737,0
0.935691227649853,0.36759502,0.313,-0.137,0.3931,0.354,0.4289,0.440506637096,4.130533,24.4,8.443389505147934,-0.0446562,0.7949626267971,0
0.135555118322372,0.090629965,0.095,-0.9943,0.1517,0.178,0.1477,0.250980854034,0.196909,2.264,3.2901473861570656,-0.392273,-0.878001042372495,0
0.283181130886078,0.25743413,0.194,-0.7481,0.248,0.43,0.0693,0.258297801018,0.279678,3.055,3.668681487363049,-0.274748,-0.336670508683822,0
0.605761647224426,0.61490005,0.138,-0.81,0.0025,0.469,0.0889,0.246527925134,2.643966,19.62,4.530372248947523,-0.355898,-0.500006124022757,0
0.905135273933411,0.85615706,0.548,-0.4699,0.5939,0.589,0.1101,0.248492330313,3.24739,21.9,3.679642958993897,-0.00418924,0.0784722850748203,0
0.56453138589859,0.25475276,0.532,0.0984,0.7361,0.4,0.2517,0.276779234409,1.928535,16.42,4.598061949014664,0.0361554,-0.322831372918253,0
0.847281396389008,0.26254147,0.147,-0.8987,0.0033,0.455,0.2193,0.411497116089,3.36523,22.3,5.946456711667815,-0.223502,-0.140678560587435,0
0.388738811016083,0.27927962,0.531,0.727,0.9144,0.252,0.1825,0.275231957436,1.367258,13.36,2.9691010865603165,0.153162,-0.153475549703252,0
0.6845743060112,0.32807523,0.505,-0.2484,0.3976,0.439,0.1036,0.273433923721,3.236695,21.9,2.552664488554001,-0.0482828,0.305528175776863,0
0.374739320965313,0.2043058,0.477,-0.1607,0.5664,0.363,0.0802,0.219807505608,1.757036,15.58,2.405457109212876,-0.151205,-0.514724258203871,0
0.0841378644108772,0.116178215,0.246,-0.8571,0.31,0.272,0.0963,0.357047200203,1.430943,13.77,3.417711871922525,-0.222728,-0.727538246111992,0
0.0317480154335499,0.125372,0.19,-0.8851,0.0024,0.207,0.1816,0.234664991498,0.367005,4.02,3.79451698882046,-0.487537,-1.00009544992429,0
0.33613309264183,0.26730043,0.141,-0.9087,0.0024,0.272,0.0805,0.197976693511,0.69732,7.358,2.358005613088608,-0.469221,-1.1871761571086,0
0.0418678931891918,0.046776086,0.36,-0.8476,0.2752,0.237,0.0747,0.332845777273,0.420832,4.62,3.4535482823848724,-0.223328,-1.03003552820572,0
0.299940228462219,0.8386681,0.379,-0.7373,0.2805,0.361,0.1,0.294131010771,0.382051,4.189,2.3360562618473466,-0.133795,-1.07314673955146,0
0.640834093093872,0.1182169,0.068,-0.9837,0.1377,0.344,0.1623,0.331850737333,2.206506,17.7,6.552408963441849,-0.294287,-0.573950402598563,0
0.0225612241774797,0.06291059,0.078,-0.8956,0.003,0.047,0.0715,0.20802180469,-0.059949,0.849,3.82074511051178,-0.804558,-1.10498691739723,0
0.753704369068146,0.31534398,0.132,-0.9812,0.0092,0.445,0.1138,0.236178949475,1.934295,16.44,3.6741857308036354,-0.251189,0.0812477657818594,0
0.0409983433783054,0.11750668,0.286,-0.8966,0.0025,0.265,0.5912,0.365969866514,1.088796,11.27,2.786575585603714,-0.400011,-0.984642088244366,0
0.131493607613294,0.14041182,0.271,-0.9168,0.2357,0.321,0.1073,0.317694574594,1.888003,16.22,4.520983274474848,-0.226543,-0.248685244778284,0
0.364329695701599,0.18058187,0.171,-0.8431,0.0026,0.209,0.074,0.273269146681,1.849528,16.04,3.9144041526736686,-0.308298,-0.413306916672395,0
0.394626826047897,0.16753435,0.142,-0.7791,0.0024,0.363,0.0696,0.209452047944,1.772815,15.66,2.534644544124604,-0.381912,-0.0307337808960852,0
0.0576569263368,0.046617955,0.102,-0.9988,0.0404,0.245,0.0876,0.27654632926,0.821562,8.49,4.13197663912721,-0.449651,-1.09637637280187,0
0.637877285480499,0.3782735,0.137,-0.9855,0.0069,0.465,0.1336,0.294807642698,3.065351,21.3,1.8721212148666384,-0.25221,-0.0025871897510195,0
0.15471687269543,0.3044731,0.563,-0.2363,0.6684,0.542,0.1106,0.253115147352,2.16533,17.51,1.9875351471366385,0.0130971,-0.322770602359567,0
0.91981166601181,0.61775315,0.484,0.73,0.7497,0.489,0.13,0.318769872189,5.166899,29.0,4.408347225359222,-0.00832697,0.403207069276244,0
0.967867255210876,0.8580967,0.747,0.6851,0.7752,0.676,0.399,0.600474596024,4.246121,24.7,10.12484017425173,0.152306,0.769529899188626,0
0.691626603625854,0.19761014,0.405,-0.5579,0.4271,0.498,0.0924,0.329297184944,3.718278,23.3,4.871717014229664,0.003571,0.0308005847940852,0
0.0736615848847096,0.11199927,0.272,-1.0393,0.1195,0.231,0.2383,0.24266114831,0.539326,5.862,2.579040433812021,-0.322694,-0.866505707066873,0
0.069563589990139,0.021750867,0.176,-0.9813,0.1118,0.198,0.0653,0.236527204514,-0.293137,0.336,4.245306447148323,-0.339088,-1.60563961312615,0
0.942993700504303,0.4108731,0.488,-0.5096,0.2702,0.431,0.102,0.354500085115,3.273961,22.0,5.194713218653064,-0.109443,0.055347121138816,0
0.0804150179306437,0.15723184,0.168,-0.9675,0.006,0.342,0.091,0.32989180088,0.775891,8.064,3.1669430555860743,-0.428762,-0.764713148823593,0
0.117504693579393,0.12886941,0.218,-0.9003,0.0026,0.316,0.1117,0.285823076963,0.507023,5.535,3.530011236667633,-0.377448,-0.77312063177746,0
0.112218908237708,0.25616547,0.514,-0.7696,0.3157,0.38,0.0961,0.301974833012,1.392345,13.52,3.897387321086744,-0.147754,-0.769825011008846,0
0.997593660194871,0.82220435,0.941,0.9171,0.8629,0.614,0.514,0.436432600021,4.057593,24.2,8.889653634142201,0.4209,0.81204450169226,0
0.160914921326132,0.1434029,0.125,-0.9493,0.0048,0.294,0.1169,0.268077492714,1.533073,14.38,4.594977415451732,-0.428206,-0.690847220543757,0
0.103167885329337,0.09978047,0.223,-0.8989,0.0028,0.23,0.1041,0.232793450356,0.859935,8.863,3.916736907479236,-0.397136,-0.762047710250634,0
0.112406544090736,0.17201284,0.138,-1.0027,0.1143,0.415,0.2256,0.386133670807,0.521367,5.682,1.627584143195557,-0.351572,-0.794810183959087,0
0.307425053304005,0.24945304,0.397,-0.6485,0.3677,0.333,0.09,0.258710086346,0.85278,8.793,3.046661085491968,-0.0562584,-0.354187299449119,0
0.252256542444229,0.2310085,0.121,-0.9236,0.0037,0.381,0.1268,0.359075665474,2.007413,16.79,3.776600241661072,-0.248788,-0.380658197821116,0
0.964630246162415,0.6603862,0.746,0.7208,0.9068,0.666,0.2799,0.486432373524,3.018849,21.2,4.618305069032006,0.232935,-0.191045798604042,0
0.993937730789185,0.7150642,0.756,1.0757,0.9715,0.474,0.531,0.350852847099,4.298659,24.9,4.143657624721527,0.339002,0.723397695800241,0
0.186433404684067,0.19321653,0.101,-0.9347,0.0037,0.373,0.1084,0.329304158688,1.499542,14.18,3.962881788611412,-0.433194,-0.522834603319249,0
0.021889504045248,0.17727241,0.238,-0.9256,0.0015,0.189,0.077,0.226611062884,0.407015,4.468,4.656467546955419,-0.458111,-1.0974105494116,0
0.0338129810988903,0.07253176,0.143,-0.8972,0.0026,0.164,0.0875,0.208396360278,-0.238366,0.417,3.821558509633637,-0.536693,-1.24981256078769,0
0.0285186776656449,0.07192361,0.343,-0.9259,0.0017,0.162,0.0982,0.220552295446,-0.017201,1.002,3.25200379066365,-0.434285,-1.189821580975,0
0.0392905324697495,0.06280357,0.538,-0.2627,0.6626,0.09,0.081,0.227314293385,0.780708,8.108,2.570134937763214,0.00637297,-1.33093062060948,0
0.0294020613540282,0.12041986,0.188,-0.9057,0.0024,0.306,0.1115,0.293316841125,1.081968,11.21,4.465705662965775,-0.380161,-0.834147072608026,0
0.944946646690369,0.64577866,0.594,-0.0718,0.5731,0.548,0.3451,0.368006110191,1.66896,15.13,4.936432240788944,0.0988152,0.212338224092992,0
0.834949314594269,0.8831538,0.576,-0.0935,0.6902,0.546,0.2108,0.301718294621,2.239674,17.85,3.06185413498076,0.0852263,0.0360592823871776,0
0.0724163825332148,0.1817025,0.313,-0.9556,0.169,0.233,0.1114,0.285555124283,1.559588,14.53,4.949572844472356,-0.254617,-0.692958253186954,0
0.39009153842926,0.08372253,0.064,-0.9285,0.0023,0.062,0.0713,0.211358547211,-0.483005,0.162,3.969130426645279,-0.730772,-1.34823189210345,0
0.512670348443676,0.27321395,0.293,-0.2866,0.3719,0.271,0.0938,0.25331056118,3.107376,21.4,3.692256501512671,-0.186247,0.359694848494606,0
0.106944493949413,0.1659455,0.536,-0.9915,0.0912,0.342,0.1403,0.229684650898,0.759762,7.919,3.6997132355108353,-0.154779,-0.755548514660966,0
0.879302740097046,0.34725854,0.468,-0.988,0.1364,0.502,0.2193,0.349656373262,3.152092,21.6,5.207274576120718,0.0366956,-0.102866913297772,0
0.0493192701885511,0.17259842,0.082,-0.9118,0.0031,0.374,0.0869,0.218554764986,0.468335,5.133,2.842870444059372,-0.546283,-0.893047300974367,0
0.774596214294434,0.24501461,0.215,-0.8604,0.1607,0.202,0.093,0.407732218504,2.101119,17.22,3.914497196674347,-0.222969,-0.0549017254003637,0
0.0600676387548447,0.11373335,0.18,-0.9119,0.0028,0.239,0.1085,0.208003818989,-0.124016,0.659,4.601145893335342,-0.395509,-1.01837359259749,0
0.431050658226013,0.2653056,0.141,-0.8974,0.0089,0.357,0.1226,0.316965192556,2.017674,16.83,2.027346864343732,-0.322863,-0.0302129341257883,0
0.26087812116016,0.5038814,0.536,0.4644,0.6969,0.647,0.1232,0.388650178909,2.958098,20.9,6.305655801668763,0.144529,0.285972346084761,0
0.974258124828339,0.49506798,0.527,0.2922,0.6186,0.502,0.3709,0.504338979721,3.819759,23.6,6.893803771212844,0.048307,0.416865592149157,0
0.0243010515442407,0.07748762,0.278,-0.7745,0.3066,0.218,0.0836,0.267052620649,0.71116,7.483,3.779546817290265,-0.275685,-0.79579327033045,0
0.0517673492431641,0.09400532,0.092,-0.9888,0.1226,0.171,0.1843,0.296608656645,0.087123,1.494,3.259453310602119,-0.366059,-0.86792948584775,0
0.698826968669891,0.20536092,0.49,-0.5597,0.4502,0.387,0.19,0.253900468349,0.642765,6.858,4.091569244861603,-0.147484,-0.633808418428334,0
0.925043106079102,0.5848709,0.622,-0.6538,0.3454,0.648,0.1143,0.305200517178,2.556017,19.24,3.691579781707463,0.115994,-0.0008535700258625,0
0.0348263400511436,0.1261473,0.217,-1.0087,0.1299,0.154,0.1067,0.209100052714,0.683353,7.231,4.109141974292336,-0.372029,-0.855107419394312,0
0.982546546408625,0.58441603,0.677,0.8924,0.8302,0.582,0.4982,0.469342529774,3.572858,22.9,2.785066828131676,0.102791,0.787351645609307,0
0.967220902442932,0.9036559,0.795,0.9622,0.8748,0.8,0.8994,0.590617060661,4.488728,25.5,12.144518824503995,0.229411,0.963309396419418,1
0.0591641272519373,0.10027254,0.13,-1.0168,0.084,0.245,0.098,0.216601058841,1.334459,13.14,4.267710916891444,-0.375247,-0.8097502537094,0
0.0661111712950286,0.11393267,0.347,-0.5867,0.3478,0.354,0.0885,0.277269005775,1.331799,13.12,3.863015398383141,-0.222105,-0.421441765974035,0
0.465581804513931,0.3755284,0.435,-0.4379,0.4632,0.431,0.1307,0.359828829765,1.849402,16.04,4.391123560006963,-0.0568452,-0.191819513029528,0
0.101802526164682,0.25955808,0.462,-0.3374,0.4955,0.341,0.1121,0.271692723036,1.995434,16.73,3.4400009075476143,-0.0725207,-0.418666683037803,0
0.073206983817603,0.14670977,0.51,-0.2053,0.6303,0.284,0.0826,0.200797021389,1.699646,15.29,3.1650174260139465,0.0270212,-0.953950175866862,0
0.625150561332703,0.22515091,0.553,-0.5046,0.4399,0.425,0.1288,0.284471213818,2.192176,17.64,3.0764509087525407,-0.111586,-0.163774762000137,0
0.906893789768219,0.23839295,0.171,-0.9169,0.0042,0.4,0.145,0.333881139755,2.378418,18.46,3.878878666877848,-0.310603,-0.349825079602596,0
0.175301383748225,0.4399073,0.435,-0.6551,0.4883,0.286,0.0864,0.267865508795,0.97601,10.06,4.489955228337884,-0.203128,-0.508859115373267,0
0.962465524673462,0.7659932,0.566,0.2153,0.5567,0.516,0.1789,0.408673375845,2.737691,20.1,1.9615305364131927,-0.038738,0.422986468164493,0
0.0743457891146656,0.12052962,0.303,-0.7987,0.2727,0.233,0.1147,0.216622233391,0.504725,5.512,3.832600970719879,-0.282656,-1.42858494207775,0
0.127776548266411,0.14630139,0.118,-0.9242,0.0034,0.305,0.0861,0.280909717083,1.931817,16.43,2.6926440733256043,-0.460999,-0.666227756253833,0
0.426125675439835,0.28262484,0.596,-1.0598,0.078,0.379,0.4389,0.447940468788,2.944153,20.9,7.099265575408936,0.0709951,-0.610946898535408,0
0.963699400424957,0.6089761,0.47,0.3953,0.6584,0.424,0.0818,0.269984513521,2.754548,20.2,3.745671547950719,-0.00836294,0.362453545961301,0
0.945161640644073,0.41518474,0.428,-0.0273,0.6687,0.37,0.1587,0.280812203884,2.351815,18.35,4.143482610583305,-0.0235167,0.137622626854436,0
0.0179577069988835,0.004473895,0.155,-1.0248,0.011,0.12,0.1174,0.269957721233,2.212143,17.73,4.510522693395615,-0.327753,-0.411455746076482,0
0.995090961456299,0.39786267,0.217,-1.1987,0.0612,0.411,0.7008,0.629196822643,4.450992,25.3,4.572014379712078,-0.16721,0.809269811431491,0
0.0933446809649467,0.20666546,0.189,-0.8605,0.0054,0.319,0.1434,0.223580211401,1.085416,11.24,4.218775242567062,-0.394873,-0.674523244149023,0
0.994682371616364,0.76688623,0.366,-1.1574,0.0711,0.679,0.9905,0.69371753931,4.410902,25.2,1.8166404962539675,-0.119666,0.734016236005672,1
0.960833191871643,0.7806008,0.625,0.1774,0.6541,0.643,0.2946,0.293554961681,2.098374,17.21,6.942570553445497,-0.0230151,-0.217596765657719,0
0.579562783241272,0.23419401,0.237,-0.8577,0.003,0.278,0.7157,0.405395418406,3.600448,23.0,2.55290039863209,-0.406397,-0.14582339896689,0
0.0637378284954363,0.020680279,0.133,-0.7211,0.3799,0.167,0.0688,0.237198591232,1.986767,16.69,3.6140037795940416,-0.258405,-0.491702456359665,0
0.0101237628790377,0.09563288,0.498,-0.9233,0.2302,0.345,0.0639,0.279509484768,0.498639,5.449,3.0463594794273376,-0.162942,-1.04930501566403,0
0.911171571212868,0.87688637,0.695,1.0004,0.9069,0.472,0.684,0.37902072072,3.857134,23.7,3.099077796578367,0.170978,0.68356763538394,0
0.901801288127899,0.518593,0.39,-0.2597,0.6481,0.474,0.0879,0.331105113029,3.017441,21.2,3.831486083632985,-0.0439981,0.0440882198902945,0
0.0394450019007,0.049425364,0.295,-0.9807,0.0011,0.092,0.0733,0.283804684877,-0.214362,0.459,3.0009047389030457,-0.522021,-1.40733055008603,0
0.145860155325369,0.14139274,0.194,-0.913,0.0033,0.269,0.1629,0.312212526798,0.336363,3.675,3.3353174924850464,-0.471564,-0.79636898382798,0
0.368695884943008,0.43692327,0.393,-0.8775,0.2527,0.268,0.0928,0.430091679096,2.074874,17.1,4.077887870594557,-0.175495,-0.331394527290739,0
0.0913725007375579,0.097869754,0.191,-0.9163,0.003,0.183,0.1139,0.223272204399,-0.010776,1.028,3.0706589520660765,-0.500961,-0.859368325928316,0
0.185746638494046,0.17057076,0.154,-0.9684,0.0042,0.184,0.0965,0.233976125717,1.460749,13.95,3.927430295499941,-0.487715,-0.475792365083649,0
0.780041456222534,0.49300578,0.647,0.4518,0.7094,0.473,0.1077,0.306369423866,4.752644,26.6,2.8020216822624207,0.0367853,0.243003910179556,1
0.0522008358532831,0.13285652,0.208,-0.9089,0.003,0.351,0.2527,0.37101277709,0.68452,7.242,2.311404071188924,-0.40765,-0.748568233081507,0
0.103886716067791,0.061632484,0.138,-0.9913,0.2564,0.147,0.0796,0.239301800728,-0.049821,0.883,3.0841831043746613,-0.355115,-1.00293150206065,0
0.0791034517336733,0.22355035,0.4,-0.9701,0.2018,0.34,0.0743,0.234149217606,0.670221,7.111,3.442728673163886,-0.233705,-0.693130214069039,0
0.829600811004639,0.38172776,0.483,-0.4521,0.4046,0.421,0.114,0.250960826874,3.107609,21.4,3.694874388680822,-0.00354539,0.146948074559605,0
0.0663066208362579,0.07115281,0.068,-0.9234,0.0024,0.111,0.082,0.241267323494,1.2031,12.22,3.4805859689877545,-0.560195,-1.02627787737257,0
0.75167441368103,0.38264844,0.404,-0.2897,0.5498,0.401,0.1326,0.262138724327,2.871681,20.6,4.4025379468595975,-0.12622,0.126907238430374,0
0.683777391910553,0.20409381,0.4,0.3276,0.8239,0.386,0.0846,0.272763192654,1.151074,11.81,3.3448770344257355,-0.107701,-0.376507808018211,0
0.0309627095675238,0.1016438,0.058,-0.9145,0.0022,0.173,0.0787,0.273382306099,1.257559,12.61,1.2386636363152677,-0.520039,-1.10039262960536,0
0.539537847042084,0.25578856,0.419,-0.6115,0.4024,0.31,0.0724,0.197699368,1.899039,16.28,4.152092606356521,-0.107665,-0.378746397860941,0
0.407504856586456,0.32811296,0.503,-0.7437,0.2984,0.438,0.0883,0.243307679892,2.156444,17.47,3.850735228695493,0.0113702,-0.681145702001871,0
0.0703714872111025,0.0911552,0.082,-1.0289,0.0515,0.269,0.11,0.26212143898,-0.118854,0.673,3.294317952332874,-0.501975,-1.25628880257821,0
0.0469768857121221,0.13524494,0.292,-0.9954,0.1357,0.19,0.1105,0.281786590815,-0.527775,0.137,2.916167253214249,-0.341924,-1.33181632449241,0
0.0255404934287071,0.1656206,0.52,-0.7061,0.3489,0.362,0.0928,0.266809403896,0.497609,5.439,3.349451199173928,-0.14294,-0.823189717887513,0
0.0894594416022301,0.10261062,0.205,-0.936,0.0039,0.265,0.0835,0.21603962779,0.248796,2.739,3.3732788717969258,-0.444943,-1.28864221093046,0
0.0231813229620457,0.073355556,0.148,-0.8795,0.0026,0.129,0.085,0.17983277142,0.34324,3.752,2.189771377571981,-0.57064,-1.33534800188623,0
0.231627613306046,0.19954944,0.521,-0.6615,0.4121,0.453,0.0933,0.364173978567,1.759962,15.6,3.5568071007728577,0.233314,-0.755474635097464,0
0.184902509280518,0.21947077,0.521,-0.9874,0.1306,0.383,0.1432,0.239726394415,1.792877,15.76,4.220169226395433,-0.0864359,-0.057150789617412,0
0.898619830608368,0.8282238,0.769,1.0664,0.9424,0.701,0.6856,0.41183757782,3.774791,23.5,10.225332148504094,0.334836,0.593003493702451,0
0.179651655717365,0.21452948,0.121,-0.9165,0.0036,0.415,0.1175,0.39438444376,2.744579,20.1,5.598177182173652,-0.30877,-0.218995943519351,0
0.0158439602980054,0.13077733,0.18,-0.8422,0.1548,0.324,0.0549,0.221872061491,1.35382,13.27,3.867254473687479,-0.353105,-1.28360457269789,0
0.186517596244812,0.12791303,0.13,-1.066,0.05,0.316,0.1193,0.253977805376,1.104006,11.41,4.795418322121052,-0.386316,-0.981956062018594,0
0.987899363040924,0.44159698,0.449,0.4317,0.6592,0.508,0.1583,0.459444135427,4.518265,25.6,7.026609809336727,-0.0217285,0.690514446529267,0
0.196947835227457,0.16759586,0.223,-0.9233,0.0034,0.267,0.1502,0.28328114748,1.665241,15.11,4.3959854855551,-0.318355,-0.675741865432763,0
0.996623158454895,0.65658903,0.358,0.161,0.5439,0.584,0.2988,0.562719583511,4.798653,26.8,5.547139540210894,0.0869819,0.871378727410005,0
0.0226845987242935,0.04227853,0.236,-0.8977,0.0013,0.149,0.0818,0.27753251791,-0.961521,0.028,3.274286895990372,-0.475223,-1.77323522443843,0
0.0247065921633559,0.021558076,0.194,-0.9164,0.0601,0.256,0.052,0.248841390014,0.349667,3.825,3.791034487231671,-0.374272,-1.62963345549795,0
0.860209822654724,0.4514772,0.61,0.7378,0.8219,0.472,0.1518,0.420538604259,3.409435,22.4,3.973840370774269,-0.0236123,0.431384740908794,0
0.843458592891693,0.5598288,0.525,0.7781,0.9425,0.411,0.1075,0.272180706263,1.854922,16.07,3.59208140011376,0.148795,-0.164046761921921,0
0.935460150241852,0.67355335,0.761,0.6988,0.9246,0.466,0.3003,0.328108251095,2.158087,17.48,2.859777878661821,0.226342,-0.146687373735711,0
0.897571086883545,0.40245992,0.184,-1.0743,0.0242,0.439,0.3271,0.314311683178,2.787328,20.3,6.261095941066742,-0.167192,0.235609826590549,0
0.917420327663422,0.32424098,0.399,-0.8857,0.1917,0.409,0.1319,0.360372573137,3.132175,21.5,4.356540481500829,-0.0237394,0.117145793285324,0
0.994294464588165,0.5340228,0.208,-1.2253,0.0358,0.537,0.7836,0.620422720909,4.565495,25.8,6.276549518284238,-0.0978006,0.809294044647261,0
0.932724475860596,0.6681915,0.503,0.0618,0.6284,0.583,0.1737,0.344643473625,4.149533,24.4,4.528026846348239,0.0342994,0.576833913785061,0
0.747066259384155,0.13938934,0.078,-0.9684,0.0049,0.217,0.1068,0.299916446209,2.808817,20.4,4.67002072930336,-0.431423,-0.382237626463485,0
0.0690649529860383,0.069084376,0.08,-0.9128,0.0016,0.18,0.0894,0.255621850491,0.345084,3.773,1.414842954704262,-0.580238,-1.69328965212685,0
0.021724960406699,0.08501506,0.19,-0.9743,0.1754,0.134,0.0796,0.288152068853,0.380317,4.17,0.9821590575587542,-0.346374,-1.16339453805959,0
0.42139658331871,0.13889796,0.27,-0.8791,0.0044,0.353,0.109,0.256748378277,2.256746,17.93,4.379857668600362,-0.29224,-0.758127067887824,0
0.305212557315826,0.13290647,0.218,-1.0597,0.0651,0.339,0.1475,0.299633800983,1.511682,14.25,3.056939244859384,-0.390698,-0.634194822300753,0
0.0634833862405291,0.15765235,0.514,-0.888,0.3069,0.383,0.069,0.320821672678,0.25478,2.799,3.2707856835175044,-0.0568146,-0.923729480352096,0
0.0640796571969986,0.18076247,0.192,-0.912,0.0018,0.258,0.1108,0.225203484297,-0.623263,0.096,3.4453918140519613,-0.544906,-1.60500528498888,0
0.673120737075806,0.3212433,0.154,-0.8533,0.0059,0.317,0.0933,0.289437800646,3.063165,21.3,4.264906499188991,-0.288893,0.100641496866181,0
0.0158736923206488,0.073584706,0.365,-0.9602,0.0007,0.115,0.1157,0.283454239368,0.732256,7.673,2.991581439971924,-0.395931,-1.18415008043661,0
0.405780553817749,0.84700644,0.54,-0.3578,0.5364,0.38,0.096,0.282907962799,1.43733,13.8,6.001714593730867,-0.0350928,-0.593920265993469,0
0.0226694484604922,0.055698216,0.312,-0.904,0.0019,0.186,0.0681,0.327373296022,-0.576845,0.114,3.6470265984535217,-0.427271,-1.58537409147204,0
0.274596929550171,0.3806488,0.636,-0.7356,0.1839,0.411,0.0816,0.358391046524,2.007575,16.79,5.237899914383888,0.0401074,-0.0076887574636351,0
0.185932236622612,0.27120924,0.539,0.1037,0.7473,0.36,0.1574,0.295915424824,1.369009,13.37,3.692791849374771,0.0536302,-0.433015608134995,0
0.0337544873855026,0.0827702,0.078,-0.9045,0.0032,0.053,0.0709,0.286881893873,-0.148682,0.597,4.246516197919846,-0.567604,-1.13549062618668,0
0.955215930938721,0.2501567,0.429,-0.2464,0.5554,0.318,0.1133,0.317257106304,1.33643,13.15,3.588513044490027,-0.192133,-0.150381950437473,0
0.955405652523041,0.5378529,0.363,-0.2934,0.3856,0.396,0.2792,0.45681515336,3.371547,22.3,6.735184252262116,-0.0714347,0.404365434801936,0
0.765862166881561,0.28156784,0.078,-0.9749,0.1397,0.302,0.2299,0.251581937075,2.608359,19.47,3.8653258345554473,-0.310717,-0.392733014879952,0
0.986960649490356,0.7868569,0.585,0.48,0.6956,0.667,0.1133,0.321345329285,3.900572,23.8,5.898714877665043,0.0669662,0.708881494669974,0
0.0596491198911373,0.067685336,0.351,-0.8983,0.0024,0.093,0.0738,0.254029124975,0.157993,1.956,3.33955642580986,-0.390022,-1.58069479396313,0
0.0212287303016261,0.0523223,0.054,-1.0032,0.0427,0.292,0.0819,0.275504022837,0.506154,5.527,3.3462806555743283,-0.466423,-1.1666337853436,0
0.049333706474083,0.09615302,0.304,-0.7306,0.3472,0.213,0.0727,0.232065811753,-0.040971,0.914,3.090614426365425,-0.233604,-0.788623788521137,0
0.0915257483720779,0.13084081,0.432,-0.9236,0.0823,0.379,0.1887,0.290646642447,1.569365,14.59,2.0020161867141724,-0.138804,-1.06479485207576,0
0.840239226818085,0.21819386,0.453,0.0614,0.6556,0.437,0.0835,0.271289110184,3.16034,21.6,4.253522336483002,-0.0777868,0.0785793442463482,0
0.493717044591904,0.23952076,0.536,-0.3073,0.5418,0.37,0.1626,0.325028687716,2.354627,18.36,5.898311122479048,-0.0235397,-0.0235495481656683,0
0.236206611098466,0.46089187,0.386,-0.6278,0.4465,0.373,0.1426,0.318493962288,2.195011,17.65,3.5130124275711747,-0.168672,-0.341842763175093,0
0.0180065465492864,0.049503654,0.36,-0.9175,0.0018,0.102,0.0823,0.263769954443,-0.007388,1.041,4.433447897434235,-0.405946,-1.33944365322252,0
0.961939513683319,0.35112298,0.513,0.187,0.6137,0.429,0.1615,0.325774401426,3.597869,23.0,6.24869264712093,-0.0515387,0.0468979353125122,0
0.192728862166405,0.049423367,0.141,-0.916,0.0021,0.23,0.0758,0.272144913673,-0.020463,0.99,2.2505566844818388,-0.57774,-1.69420257620292,0
0.949104309082031,0.49551293,0.478,0.355,0.6268,0.408,0.0913,0.359696775675,3.268145,22.0,2.659254956048011,-0.139953,0.440043986483388,0
0.0189690005990072,0.10791966,0.46,-0.9679,0.143,0.357,0.0567,0.198969125748,-0.929969,0.031,2.6194839477539062,-0.264632,-1.38887785754521,0
0.984045624732971,0.6681634,0.418,0.1432,0.5201,0.615,0.7861,0.592169046402,4.697775,26.3,11.950548793189228,0.0794539,0.808769019429887,0
0.569305300712585,0.3435244,0.421,-0.0336,0.712,0.504,0.167,0.361412107944,3.022657,21.2,5.071885801378594,-0.0500869,0.0352353390344464,0
0.29385644197464,0.215895,0.201,-0.9386,0.2173,0.422,0.0822,0.293171256781,0.922178,9.478,2.913706855189445,-0.258302,-0.748374295612606,0
0.356102734804153,0.14184716,0.131,-0.9431,0.005,0.27,0.1098,0.279478937387,1.444415,13.85,3.636602876799036,-0.439793,-0.496828700312968,0
0.156183650544652,0.390596,0.609,-0.6111,0.3888,0.379,0.1372,0.295102775097,2.166567,17.52,5.457443356513977,-0.0539175,-0.262885506859913,0
0.0231361780315638,0.048549414,0.26,-0.9012,0.002,0.206,0.0686,0.263041704893,-0.536223,0.132,2.883892059326172,-0.469328,-1.40327919305596,0
0.991025328636169,0.9553915,0.83,0.9869,0.9077,0.668,0.9277,0.546189069748,4.356306,25.0,8.6249324519013,0.299759,0.683825230490599,0
0.0399355552749519,0.103631675,0.119,-0.923,0.002,0.125,0.0933,0.362908661366,-0.165733,0.558,2.8941710646223884,-0.521624,-0.904647311691797,0
0.102671098512527,0.15855783,0.238,-0.9032,0.003,0.246,0.1233,0.217054635286,1.112268,11.48,3.704000413417816,-0.406883,-0.618663732156574,0
0.395149781686859,0.37106976,0.575,0.6434,0.9325,0.418,0.1075,0.354843080044,2.57877,19.34,4.356419317869215,0.252142,0.189858645117892,0
0.125092372298241,0.21237522,0.602,-0.5988,0.436,0.238,0.1427,0.263027429581,1.126954,11.61,3.1416587829589844,-0.0818436,-0.90498878402674,0
0.159248084987519,0.2941229,0.525,-0.5723,0.2915,0.383,0.0831,0.384549677372,1.315422,13.01,2.616691827774048,-0.00458863,-0.301759904155068,0
0.832279145717621,0.6734899,0.434,-0.3459,0.5436,0.582,0.138,0.289509952068,2.192433,17.64,2.878584311403598,-0.0827992,-0.0199306795444821,0
0.646208882331848,0.33925992,0.14,-0.9313,0.0034,0.358,0.0988,0.274418711662,0.726406,7.621,4.1724554693972085,-0.375199,-0.502501987589354,0
0.0635966064834446,0.3959791,0.634,0.9158,0.9066,0.236,0.1242,0.324659883976,0.911228,9.369,4.560126483440399,0.104953,-0.390510968154142,0
0.998686730861664,0.9283991,0.823,0.5202,0.669,0.712,0.8993,0.56227940321,3.736489,23.4,2.581871221868011,0.102074,0.624471467767664,0
0.852323770523071,0.37263125,0.455,0.3295,0.8567,0.53,0.1344,0.228658750653,3.0167,21.2,3.453475808986,0.0207292,-0.289952767003075,0
0.78973925113678,0.56853145,0.177,-0.9679,0.0075,0.454,0.0996,0.322158038616,1.38919,13.5,4.021661413249194,-0.340386,-0.679201626748095,0
0.048956211656332,0.04670492,0.395,-0.8104,0.0473,0.199,0.2605,0.375763118267,0.006174,1.097,-0.3364772796630859,-0.235729,-1.7495824094618,0
0.120116716946512,0.15537965,0.052,-1.0527,0.0698,0.338,0.1053,0.371470779181,0.038388,1.241,3.343931553728764,-0.425515,-0.610643909729042,0
0.0367551319506259,0.1769821,0.198,-0.9378,0.004,0.442,0.0934,0.332560002804,0.848812,8.754,3.0197042528119766,-0.377641,-1.0705433613563,0
0.884576797485352,0.49845392,0.555,-0.7596,0.2277,0.47,0.1165,0.320243686438,2.91941,20.8,3.407595455646515,0.268327,-0.0085377389243818,0
0.67508327960968,0.34520838,0.489,-0.5722,0.4204,0.429,0.1065,0.263521909714,2.277116,18.02,3.9024302247973486,-0.0281682,-0.150041624113779,0
0.0480000790221863,0.12233949,0.16,-1.0387,0.0973,0.137,0.1269,0.20856025815,-0.423018,0.203,2.83901873878383,-0.421504,-1.32045037352479,0
0.072673462331295,0.07298887,0.14,-0.9245,0.0019,0.186,0.0795,0.26337608695,-0.463805,0.174,4.125883142885481,-0.542076,-1.20252486468197,0
0.460666478814069,0.66889054,0.674,0.5502,0.645,0.616,0.1459,0.494113147259,4.116067,24.3,7.687482925131917,0.19448,0.314632308541328,0
0.117609046399593,0.13432416,0.448,-0.8633,0.2753,0.255,0.0613,0.266331791878,0.467609,5.125,3.1789911061341978,-0.224654,-0.902486124031559,0
0.105803303420544,0.20102045,0.15,-0.7063,0.3142,0.371,0.0766,0.26943218708,0.245029,2.702,2.18169704079628,-0.260143,-0.657984034368222,0
0.695688307285309,0.2449522,0.105,-0.9007,0.0036,0.358,0.1627,0.237898737192,1.224549,12.38,4.553714102972838,-0.433749,-0.495273105600972,0
0.989140748977661,0.59976476,0.605,0.971,0.8306,0.463,0.3789,0.380195617676,2.9836,21.0,4.030801035144467,-0.0635512,0.749745700160446,0
0.290684729814529,0.16236657,0.077,-0.8979,0.0019,0.273,0.0917,0.220737725496,-0.519493,0.141,2.2168423182271715,-0.537098,-1.32856246698814,0
0.91865873336792,0.36263454,0.566,0.1578,0.5633,0.39,0.1106,0.233507633209,2.521347,19.09,2.5754150086307543,-0.00304077,0.179267988895286,0
0.193069831970476,0.16604114,0.201,-0.558,0.2684,0.429,0.1025,0.368407785892,3.78307,23.5,5.23807356134057,-0.12896,0.472620094963293,0
0.0431690362046868,0.06546682,0.37,-0.9383,0.1562,0.192,0.1075,0.232102543116,-0.95258,0.029,3.890766187287847,-0.304026,-1.48691515992295,0
0.0742817670106888,0.12971288,0.264,-0.9503,0.2271,0.162,0.0762,0.244357213378,-0.336345,0.284,2.87169801255613,-0.322031,-0.993928042678298,0
0.110820596791182,0.12530929,0.427,-0.7244,0.2922,0.2,0.0951,0.216243803501,0.479309,5.248,3.63198794871153,-0.235976,-0.842664499558378,0
0.989283800125122,0.9861903,0.875,0.9061,0.854,0.884,0.9499,0.581718325615,5.355408,31.0,10.240905384649524,0.265175,0.870824091816863,1
0.917795121669769,0.5090835,0.567,-0.0304,0.6944,0.572,0.1559,0.34909760952,2.708318,19.89,5.131089585897101,0.0225588,0.233677174736822,0
0.0503506523714595,0.113036364,0.251,-0.918,0.0031,0.288,0.088,0.232865154743,0.505337,5.518,4.65283076006684,-0.480245,-1.0738210289855,0
0.0617566166797142,0.09431806,0.247,-0.8191,0.0044,0.251,0.1733,0.271322548389,0.916752,9.424,2.8165614706095545,-0.347081,-0.736431781656258,0
0.142414731780482,0.086835384,0.173,-0.9273,0.0038,0.403,0.0656,0.286382853985,1.811751,15.86,2.9946930408477783,-0.245842,-0.697400335217101,0
0.877468824386597,0.29580528,0.187,-0.9222,0.0022,0.259,0.1142,0.317454755306,0.744699,7.784,2.227218428280436,-0.36873,-0.768819141303355,0
0.884359240531921,0.48421684,0.605,0.8296,0.8247,0.569,0.387,0.706626534462,4.156325,24.5,5.267813586629927,0.264026,0.578462397383678,0
0.271644771099091,0.2530129,0.393,-0.8838,0.2054,0.294,0.2437,0.276743143797,1.161583,11.9,6.416639471240314,-0.252739,-0.974730053368851,0
0.963443279266357,0.91765904,0.731,0.3187,0.6249,0.907,0.9609,0.619298100471,4.16515,24.5,10.726683276472611,0.407069,0.503299361058762,1
0.0409311638514766,0.38432306,0.33,-1.0492,0.1028,0.72,0.1056,0.22359418869,-0.074891,0.801,3.842759297512956,-0.0153296,-1.42032511849857,0
0.28268027305603,0.21427828,0.44,-0.5239,0.4048,0.341,0.1401,0.272640407085,0.860247,8.866,4.368957559133731,-0.0975072,-0.73971018840606,0
0.255951970815659,0.16837552,0.149,-0.9063,0.0033,0.299,0.2786,0.189453661442,1.610708,14.82,1.9780303239822388,-0.30431,-0.492899211917525,0
0.0695878345207076,0.13896129,0.1,-0.9746,0.0867,0.353,0.1317,0.303466647863,0.887904,9.139,4.5157003762428864,-0.394808,-0.566528617618274,0
0.146438449621201,0.15618822,0.393,-0.879,0.2468,0.387,0.0835,0.311521977186,0.541413,5.883,5.939004691496427,-0.190641,-0.916681245282128,0
0.732867777347565,0.20911461,0.551,1.1205,0.9248,0.461,0.1048,0.281637072563,3.416278,22.5,4.046114265918732,0.183883,0.134061320457567,0
0.0825169394147148,0.11971837,0.179,-1.0083,0.1015,0.284,0.0908,0.323554515839,0.514972,5.617,4.26388730108738,-0.279177,-0.716530960935524,0
0.981709122657776,0.5743338,0.551,0.2365,0.5597,0.536,0.6938,0.494377434254,3.882945,23.7,10.914923412067507,0.157556,0.734084866599214,0
0.0700657552570879,0.08149284,0.558,-0.8072,0.3874,0.295,0.1191,0.23021748662,-0.001003,1.067,2.487008661031723,-0.115698,-0.762940448313647,0
0.0236037374131415,0.07159424,0.253,-0.9062,0.0017,0.24,0.081,0.233594298363,0.733202,7.681,3.4283246397972107,-0.355996,-1.01950153329789,0
0.788441956043243,0.3834827,0.574,-0.0229,0.7072,0.571,0.2639,0.484357118607,3.056747,21.3,8.399381198454648,0.0518372,-0.0866081578804625,0
0.530623849142549,0.28990912,0.144,-0.9865,0.0122,0.501,0.1484,0.294129788876,2.301977,18.13,6.272182285785675,-0.241812,0.0325388097681506,0
0.732735991477966,0.5463085,0.649,-0.2609,0.6882,0.376,0.2569,0.241019845009,3.145009,21.6,3.6742772273300943,0.0467869,0.0961730493609202,0
0.487981110811234,0.3889567,0.256,-0.7513,0.2237,0.296,0.1126,0.260197281837,2.196861,17.66,1.9515899419784544,-0.268658,-0.258099209788662,0
0.984723687171936,0.70716435,0.479,0.2333,0.5065,0.495,0.271,0.358909398317,4.023589,24.1,6.168318938934637,0.0256861,0.542049735766851,0
0.978272199630737,0.83859706,0.57,0.6073,0.85,0.717,0.219,0.470277130604,3.465799,22.6,3.8820723593235016,0.0957208,0.59596414543226,0
0.981642663478851,0.95117795,0.754,0.2276,0.803,0.816,0.8344,0.486424535513,3.442877,22.5,8.900822646915913,-0.143995,0.304510876527195,1
0.0312761194627922,0.30873653,0.192,-0.8942,0.0016,0.507,0.0819,0.349656939507,0.354999,3.885,4.2021079807623085,-0.485392,-0.921943759190637,0
0.969069063663483,0.68954223,0.194,-1.0209,0.0107,0.389,0.1436,0.254961550236,0.744361,7.781,2.167765868652923,-0.371828,0.0180218574058479,0
0.024889225140214,0.09532407,0.222,-1.0013,0.2008,0.274,0.0753,0.213022321463,-0.584884,0.11,3.9363715208718526,-0.33697,-1.12411027551792,0
0.1025530397892,0.117996484,0.392,-0.7964,0.3248,0.263,0.111,0.264602005482,0.769362,8.005,2.327724175026894,-0.0771038,-0.877109373767247,0
0.0891426280140877,0.04684487,0.042,-0.9546,0.016,0.176,0.0534,0.450271308422,0.181348,2.136,-0.8349886335140532,-0.551368,-1.06063450483559,0
0.275472945993367,0.23848656,0.378,-0.4884,0.4587,0.42,0.1149,0.207842633128,0.950099,9.763,3.0994881897356032,-0.130777,-0.772490854507044,0
0.140801325440407,0.15027556,0.412,-0.915,0.2229,0.362,0.1095,0.261868625879,0.838617,8.655,4.445251409225135,-0.181137,-0.716051218134601,0
0.772287726402283,0.28152484,0.23,-0.6946,0.0074,0.32,0.4448,0.570524692535,3.302258,22.1,3.420073747634888,-0.360877,0.360050466248313,0
0.220351069464039,0.21123305,0.204,-0.959,0.004,0.362,0.0831,0.323836863041,1.577433,14.63,3.3372514768894224,-0.303689,-0.570910418810875,0
0.276793628931046,0.20313618,0.485,-0.5985,0.4545,0.325,0.0758,0.25985378027,1.341364,13.19,3.8735243177006464,-0.110976,-0.516731175163397,0
0.455425560474396,0.18750197,0.168,-0.8892,0.0029,0.216,0.163,0.291777670383,1.753457,15.57,5.21816742366487,-0.397069,-0.582491487780736,0
0.449432969093323,0.146819,0.389,-0.9361,0.2135,0.302,0.0954,0.328715890646,0.433327,4.757,4.659965385304963,-0.14319,-0.778825878362445,0
0.0319592620018985,0.038272113,0.046,-0.9522,0.0011,0.088,0.2887,0.247056663036,-0.21609,0.456,2.665642470121384,-0.634466,-1.45393413162237,0
0.243705794215202,0.16647413,0.348,-1.0174,0.0715,0.356,0.0768,0.245846673846,-0.071642,0.811,4.11627947326774,-0.294954,-1.21345069025806,0
0.94404125213623,0.38399208,0.21,-1.2069,0.0265,0.496,0.5024,0.667389273643,4.249793,24.7,7.330724638421088,-0.16965,0.782145073941251,0
0.903382837772369,0.13070709,0.269,-0.9504,0.1358,0.447,0.2109,0.335168123245,2.416293,18.63,4.324780692641664,-0.160443,-0.0428693045264947,0
0.0249151012762699,0.13734025,0.151,-0.9176,0.0031,0.397,0.0935,0.200041308999,0.583746,6.299,2.1078031563075497,-0.499535,-1.1921756871513,0
0.905943274497986,0.5516089,0.605,0.5812,0.9194,0.551,0.1684,0.38146725297,3.719755,23.3,5.831130786000927,0.100794,0.276128911416194,0
0.0391905358434051,0.1214582,0.079,-1.0228,0.0632,0.36,0.1069,0.320658624172,-0.303826,0.322,4.011987010505406,-0.506752,-1.09089779749651,0
0.582821075096867,0.5502997,0.573,-0.4715,0.3574,0.46,0.0916,0.345175027847,2.748163,20.1,5.285508466475933,-0.0115748,0.0617823024156701,0
0.351952075958252,0.6405171,0.583,-0.2778,0.4301,0.497,0.0866,0.423966526985,1.531723,14.37,2.9488744452191744,0.00935028,-0.200404639803795,0
0.972555935382843,0.3371094,0.18,-0.7299,0.0049,0.401,0.0951,0.34942650795,3.61388,23.0,5.11389804619032,-0.266668,0.154353552328122,0
0.158179834485054,0.11386001,0.521,-0.5956,0.3996,0.393,0.0666,0.273345261812,0.316474,3.453,3.631350108914832,-0.156533,-1.13702685105978,0
0.112176343798637,0.09521294,0.332,-0.954,0.2893,0.144,0.077,0.21533845365,0.525116,5.719,4.300912847615523,-0.352327,-1.03268890789912,0
0.993014335632324,0.85025287,0.785,0.7912,0.7525,0.87,0.8117,0.47094425559,4.136372,24.4,9.076842054724692,0.360188,0.628734056230849,1
0.10793536901474,0.031941682,0.116,-0.9864,0.0336,0.077,0.0704,0.284645497799,0.075058,1.427,4.722360344912853,-0.553524,-1.54805925933617,0
0.0748302309954428,0.15268636,0.564,-0.6335,0.461,0.214,0.1011,0.285589456558,-0.427256,0.2,3.2644292414188385,-0.153601,-1.44971995405904,0
0.964350461959839,0.80837345,0.59,-0.0472,0.6572,0.427,0.1894,0.42729306221,3.411412,22.4,6.928754862376041,-0.0664235,0.294465299395018,0
0.833568334579468,0.51002365,0.13,-0.8789,0.0058,0.43,0.2531,0.373163163662,2.338255,18.29,4.884676903486252,-0.302302,-0.136033947650577,0
0.647085905075073,0.19802025,0.127,-0.9649,0.0047,0.157,0.0978,0.352574288845,2.569804,19.3,4.234086692333221,-0.369128,0.038954269987974,0
0.588960647583008,0.18584472,0.197,-1.0148,0.1449,0.413,0.0815,0.291973292828,0.870887,8.971,3.170059285259875,-0.208132,-0.729209788031469,0
0.0558744113717754,0.11284685,0.098,-1.0247,0.0679,0.311,0.1495,0.280201673508,-0.584993,0.11,3.401389340127039,-0.432007,-1.45911097843372,0
0.0417767353355885,0.10627404,0.446,-0.8499,0.2008,0.32,0.0617,0.509140014648,1.737427,15.48,1.8989305645227432,-0.175375,-0.944570013950406,0
0.0511018671095371,0.10405818,0.205,-0.9115,0.0028,0.256,0.1014,0.232247918844,2.282329,18.04,3.358019310397285,-0.324681,-0.669622368564591,0
0.577123999595642,0.24180147,0.251,-0.8093,0.2408,0.268,0.1239,0.259981274605,1.997445,16.74,4.267966367460547,-0.214337,-0.411643900009072,0
0.0504457884283418,0.02793637,0.464,-0.445,0.5745,0.49,0.1609,0.223499432206,1.166907,11.94,3.903610811212064,-0.0563852,-0.628653482928824,0
0.268943041563034,0.2034258,0.355,0.6525,0.923,0.278,0.1112,0.299410581589,0.812182,8.401,3.85856295160992,0.00522578,-0.412215029199885,0
0.197490483522415,0.14684603,0.176,-0.8735,0.0034,0.236,0.0791,0.226485654712,1.364446,13.34,2.720457296116316,-0.365245,-0.986456564390155,0
0.0472574830055237,0.11238822,0.065,-0.9133,0.0025,0.249,0.1001,0.312464952469,0.168097,2.032,1.9274959176127533,-0.516781,-1.03664515501081,0
0.740007102489471,0.3339206,0.151,-0.9943,0.0047,0.43,0.1238,0.327012717724,2.633061,19.57,3.896260435838788,-0.271597,0.0475575893132752,0
0.841118693351746,0.35705572,0.576,-0.0267,0.6922,0.322,0.1025,0.32582461834,2.020839,16.85,4.260023787617683,-0.0160432,0.0805558900957864,0
0.0352191291749477,0.08429003,0.331,-0.8639,0.3218,0.25,0.0463,0.210226565599,0.083544,1.474,2.10886272618348,-0.264076,-1.29661146791262,0
0.149445682764053,0.30671978,0.453,-0.7426,0.285,0.357,0.1247,0.334030866623,1.888669,16.23,3.895922081224591,-0.0674505,-0.371945086019721,0
0.112270191311836,0.15340158,0.136,-0.8705,0.0032,0.322,0.0829,0.385267555714,0.09561,1.543,3.620942049861165,-0.511913,-0.89821336854631,0
0.991509959584416,0.8872329,0.889,1.0911,0.9577,0.775,0.7968,0.52468329668,4.270521,24.8,10.347328081610613,0.49154,0.891925619458597,0
0.0188579844813112,0.050396144,0.031,-0.9376,0.0013,0.087,0.0534,0.240245044231,0.380393,4.171,4.278267411262367,-0.596562,-1.38806716184486,0
0.987122535705566,0.9229232,0.912,1.0062,0.8946,0.885,0.8285,0.731844961643,5.12897,28.7,11.253669586287534,0.454162,0.944132119282038,1
0.548609912395477,0.347991,0.622,-0.2268,0.6502,0.314,0.1262,0.292298734188,2.415947,18.63,5.381923690438271,0.034072,-0.456407586914059,0
0.407847285270691,0.24630877,0.141,-0.9671,0.0075,0.329,0.0827,0.267467319965,1.880845,16.19,4.149486601352692,-0.418376,-0.264929692201939,0
0.723212242126465,0.29440653,0.139,-0.9,0.004,0.399,0.1638,0.314256608486,2.071758,17.09,3.7557916939258575,-0.247841,-0.26419926639359,0
0.0153173264116049,0.12227738,0.201,-0.9352,0.18,0.34,0.0902,0.261194884777,1.08607,11.25,3.2691485948182297,-0.336485,-1.37336379797955,0
0.998777449131012,0.9743606,0.826,0.7616,0.7873,0.867,0.9748,0.592332363129,3.894743,23.8,15.509099498328323,0.416123,0.83037928938154,1
0.969635307788849,0.5125874,0.685,0.2805,0.6455,0.431,0.0994,0.307119488716,2.194056,17.64,8.607977082774983,-0.0328391,0.0154450489843292,0
0.0494750160671728,0.09640226,0.132,-1.0435,0.0499,0.207,0.1367,0.294726848602,-0.689094,0.075,3.4101872726882467,-0.44406,-1.09638879490314,0
0.101455740630627,0.10453844,0.257,-1.0175,0.0495,0.189,0.1709,0.394283354282,1.165468,11.93,3.5995156168937683,-0.181311,-0.262801370734472,0
0.0748852310321103,0.03720355,0.314,-1.0413,0.0405,0.089,0.0684,0.209084272385,-0.620261,0.097,2.740882158279419,-0.358427,-1.74593990994201,0
0.373478025197983,0.52803725,0.448,-0.7406,0.3511,0.366,0.084,0.241678208113,1.156062,11.86,2.807625115496444,-0.182396,-0.561000654477205,0
0.0350341498851776,0.08569163,0.096,-1.0289,0.0515,0.272,0.0816,0.255268573761,-0.186957,0.513,4.796132671101901,-0.503125,-1.2568758728601,0
0.895980715751648,0.7829601,0.508,0.7281,0.7838,0.517,0.1869,0.341443032026,4.215469,24.6,4.572909035995649,0.0834611,0.525615993020278,0
0.770954251289368,0.6357131,0.366,-0.9005,0.2077,0.473,0.0759,0.310251295567,1.480958,14.07,2.42690654214722,-0.203744,-0.367954368359855,0
0.0084339399936149,0.004960716,0.581,-0.5996,0.4081,0.043,0.0684,0.256586074829,0.565919,6.125,2.530711591243744,0.0669296,-1.08041028684095,0
0.979380428791046,0.6567094,0.22,-0.991,0.0108,0.637,0.1333,0.420773148537,2.15515,17.47,4.924271063079969,-0.0798509,-0.130464071576597,0
0.894721508026123,0.6699387,0.412,0.1752,0.5718,0.618,0.2465,0.58371680975,5.774042,33.0,8.730192735077132,0.0364493,0.657726463088423,0
0.0849542119892761,0.081662714,0.571,-1.0353,0.0393,0.261,0.0709,0.236540183425,-0.727737,0.065,4.028174351463461,-0.110791,-0.580806158480954,0
0.991820573806763,0.24765906,0.531,-0.9777,0.103,0.459,0.1332,0.260492622852,1.926019,16.41,4.88646081049428,0.112307,-0.314541501811122,0
0.0429126374266865,0.11208594,0.266,-0.9366,0.0037,0.233,0.2031,0.257658243179,0.278141,3.038,2.479746460914612,-0.390292,-0.795522400841696,0
0.060686256736517,0.07977423,0.072,-1.0004,0.063,0.276,0.2383,0.339698433876,-0.07229,0.809,2.6425330937394698,-0.44703,-1.2213877613978,0
0.984963238239288,0.5461347,0.635,0.5987,0.6844,0.425,0.2476,0.422535508871,3.383749,22.4,6.4372862968431015,0.116776,0.725404778802382,0
0.139992609620094,0.1058844,0.133,-0.9892,0.1358,0.146,0.0706,0.282068252563,0.117432,1.677,2.979988366183426,-0.457218,-1.65657475792029,0
0.206591889262199,0.21809292,0.426,-0.8238,0.2866,0.37,0.1263,0.334299385548,2.22561,17.79,0.3813488353751538,-0.0906905,-0.255589683937657,0
0.0617254986197591,0.11991969,0.362,-0.8707,0.368,0.241,0.0692,0.278288066387,0.285193,3.113,3.9008278562259537,-0.267838,-0.913839574169932,0
0.0438471063971519,0.1271477,0.156,-0.9092,0.0025,0.236,0.0733,0.307517290115,0.734828,7.696,3.888166222321105,-0.488899,-0.79129571603585,0
0.205298870801926,0.18898219,0.441,-0.3055,0.5709,0.291,0.0858,0.267300844193,1.509843,14.24,3.245399534702301,-0.185364,-0.257870167754189,0
0.110807448625565,0.24582109,0.389,-0.6023,0.5238,0.29,0.0809,0.279203772545,1.651245,15.04,5.981416792187979,-0.152858,-0.592815831703709,0
0.75162672996521,0.2566596,0.094,-1.0078,0.0079,0.324,0.1194,0.26948595047,2.413437,18.62,3.805963605642319,-0.267503,0.306897008240022,0
0.0231322319163805,0.062299877,0.229,-0.7293,0.3981,0.251,0.0798,0.233402520418,0.655944,6.98,2.323977844308028,-0.242803,-0.942821146867537,0
0.500723769291342,0.28982276,0.151,-0.8672,0.0048,0.316,0.2098,0.246317788959,1.885548,16.21,5.615755565153581,-0.343661,-0.250767432540673,0
0.342733263969421,0.26409405,0.385,-0.5158,0.4267,0.349,0.0713,0.274837881327,2.906297,20.8,3.4321198639889587,-0.0897281,-0.10119963451155,0
0.0614870600402355,0.06257108,0.072,-0.9004,0.0028,0.146,0.076,0.213837236166,-0.814714,0.047,3.766798274134063,-0.583222,-1.20380536858957,0
0.374663770198822,0.21457726,0.469,-0.7465,0.3705,0.377,0.0856,0.295765817165,0.663348,7.048,3.3232386037391684,-0.189708,-1.28147956630956,0
0.0361898156660562,0.016061068,0.087,-0.9772,0.0202,0.185,0.0511,0.275636136532,-0.299367,0.328,2.5354321194799265,-0.504352,-1.76868987729407,0
0.0612169168889523,0.036308557,0.442,-0.6311,0.4327,0.207,0.0842,0.291126668453,0.010123,1.114,4.3904985897634425,-0.13704,-1.11815101529718,0
0.0576085208178654,0.040589124,0.049,-0.9947,0.032,0.08,0.0715,0.250571876764,-0.295049,0.334,3.726637112705205,-0.630295,-1.42519948602621,0
0.208884298801422,0.33966845,0.336,-0.6866,0.3417,0.339,0.1177,0.294905483723,1.762392,15.61,5.210297843441367,-0.175442,-0.707754283358117,0
0.0530595220625401,0.09337559,0.22,-1.0128,0.1286,0.24,0.1076,0.239001393318,-0.476904,0.165,1.721288290209744,-0.401989,-1.4300403291651,0
0.0938785895705223,0.16188952,0.128,-1.016,0.0569,0.312,0.1186,0.255504220724,0.503048,5.495,2.193592604249716,-0.449303,-1.22762404534401,0
0.18079999089241,0.11515397,0.56,-0.6218,0.4872,0.332,0.0741,0.249003484845,0.146079,1.87,4.334744349122047,-0.0544472,-1.11619104834464,0
0.0500631955288189,0.14148101,0.546,-0.6694,0.3297,0.324,0.1112,0.33896329999,0.100525,1.573,3.536781159400711,-0.10046,-1.1507448714719,0
0.763625264167786,0.29525685,0.334,-0.4513,0.4212,0.324,0.2125,0.216546699405,2.313587,18.18,4.718328006927043,-0.096953,0.100610091591322,0
0.199684008955956,0.15909839,0.147,-0.9707,0.2011,0.169,0.0687,0.233274757862,0.502131,5.485,2.592673674313225,-0.292466,-0.788346982374169,0
0.470139563083649,0.098778605,0.088,-1.0105,0.1306,0.211,0.0801,0.254257977009,1.376464,13.42,1.846364676952362,-0.353781,-0.932335591730065,0
0.042965600360663,0.10189754,0.134,-0.9132,0.0029,0.311,0.0953,0.31862398982,0.906798,9.325,3.1920514318528617,-0.443788,-0.757739339441645,0
0.0682398224091389,0.15495688,0.22,-0.9009,0.0064,0.255,0.08,0.234579205513,0.655565,6.977,4.755127593874931,-0.474985,-0.926149528236576,0
0.0286716372303142,0.029722542,0.082,-0.9748,0.0014,0.088,0.0612,0.283769845963,-0.089172,0.757,2.593139723375588,-0.594972,-1.28353729739093,0
0.715480804443359,0.08465433,0.055,-1.0289,0.0775,0.23,0.0605,0.281494855881,-0.613264,0.099,3.5090453765363527,-0.456166,-1.40692290442186,0
0.9897700548172,0.66990244,0.645,0.5093,0.6756,0.508,0.7847,0.400498777628,5.360282,31.0,12.999122332665138,0.108732,0.841122609205106,1
0.189772872481891,0.21496233,0.207,-0.7917,0.177,0.343,0.0939,0.312141239643,0.810647,8.386,3.4471464404502483,-0.227768,-0.54619418816182,0
0.40055313706398,0.14848813,0.126,-0.9164,0.0033,0.239,0.099,0.302655160427,1.832257,15.96,4.150991651467525,-0.456237,-0.588467909481932,0
0.059918999671936,0.09649569,0.196,-0.8819,0.0025,0.197,0.0889,0.223148703575,0.230208,2.56,2.953310006465462,-0.506235,-0.967142115783287,0
0.261391758918762,0.1303109,0.408,-0.852,0.2626,0.332,0.0754,0.287687897682,-0.034244,0.938,3.498317375779152,-0.179695,-0.853491206390185,0
0.0623232000945959,0.15017247,0.077,-0.8902,0.0025,0.288,0.0748,0.279282212257,0.507523,5.541,3.045880988465677,-0.5102,-1.18210904794807,0
0.115231409668922,0.123123646,0.203,-0.9233,0.0034,0.307,0.1447,0.483024656773,2.00592,16.78,2.9584211707115173,-0.286713,-0.972025569347312,0
0.729319891321575,0.55318326,0.566,0.359,0.8783,0.424,0.1455,0.41569685936,2.715263,19.91,5.359241244686491,0.118468,0.2093940275628,0
0.553408616849823,0.33885765,0.595,0.9398,0.9123,0.459,0.1049,0.37670648098,4.30542,24.9,3.919871687889099,0.194763,0.434457376747194,0
0.048725942325007,0.26163694,0.605,-0.2566,0.6292,0.324,0.0539,0.284040868282,0.982063,10.13,2.142010459309229,0.0302905,-0.808171687793778,0
0.465326845645905,0.2948306,0.488,-0.411,0.4551,0.349,0.0837,0.254611194134,1.533225,14.38,4.312455779545978,-0.0909746,-0.252628314109189,0
0.559168396383147,0.5462446,0.122,-0.9709,0.0084,0.496,0.1167,0.342475533485,1.854848,16.07,3.43279034953076,-0.285113,-0.191600207871507,0
0.0287000981712063,0.06830302,0.295,-0.9173,0.0019,0.169,0.0944,0.308837860823,-0.088092,0.76,3.0590093851474105,-0.540483,-1.24068484328435,0
0.0647896673547841,0.1406607,0.097,-0.8982,0.0022,0.207,0.0793,0.190808653831,0.214262,2.415,2.650541017971441,-0.542386,-0.920729081191151,0
0.78387063741684,0.30287367,0.324,-0.3371,0.5024,0.438,0.1515,0.418118536472,3.386137,22.4,4.356622403029008,-0.113439,0.489906423463662,0
0.209375634789467,0.0804728,0.157,-1.002,0.0416,0.137,0.0997,0.289048820734,0.184403,2.16,4.707582384347916,-0.373577,-0.618369239690855,0
0.422860205173492,0.25396156,0.165,-0.8953,0.0038,0.422,0.0912,0.25844925642,1.105941,11.43,4.743024740644836,-0.372694,-0.57730935221042,0
0.939077377319336,0.34605303,0.409,-0.243,0.3549,0.32,0.0777,0.479651033878,2.952319,20.9,2.5813527405262,-0.185662,0.182246979122918,0
0.0470515979321254,0.077296376,0.075,-0.9158,0.002,0.092,0.0606,0.246014073491,-0.6217,0.096,3.591319143772125,-0.623277,-1.36266826557706,0
0.995059370994568,0.6998092,0.722,0.6972,0.8954,0.572,0.561,0.316480308771,2.545459,19.19,5.371021509170532,0.184587,0.393681289402364,0
0.920898973941803,0.8513178,0.691,0.677,0.7938,0.588,0.0964,0.395216673613,3.646883,23.1,5.593682654201984,0.0250703,0.363291215776549,0
0.958567380905151,0.6538726,0.491,0.0087,0.5284,0.443,0.8374,0.335973143578,2.761207,20.2,5.136986881494522,0.255423,0.332106769408661,1
0.21296264231205,0.29102516,0.467,-0.5376,0.3946,0.359,0.1259,0.318022072315,2.069908,17.08,3.4382128715515137,-0.0247663,-0.331893135079624,0
0.936941862106323,0.31359076,0.318,-0.7394,0.3206,0.43,0.1288,0.332821846008,1.198517,12.18,3.534799520138954,-0.212675,-0.0755214027757145,0
0.166353278481343,0.2375913,0.173,-0.9266,0.1366,0.48,0.0817,0.26368033886,0.861078,8.874,3.170359911291217,-0.306107,-0.494652275059539,0
0.122601740062237,0.16485992,0.288,-0.8636,0.2725,0.246,0.063,0.246668577194,0.323676,3.533,3.7474168346565273,-0.258877,-0.986934710996963,0
0.987406432628632,0.826699,0.636,0.1905,0.5699,0.803,0.8715,0.641863644123,4.802046,26.8,11.826707697912656,0.264489,0.649243738525799,0
0.0535209961235523,0.098535836,0.339,-0.977,0.1834,0.295,0.1846,0.21369856596,-0.158184,0.575,1.5356491562484842,-0.284347,-1.32542139166405,0
0.929064393043518,0.27259493,0.475,-0.3704,0.376,0.364,0.0786,0.301886707544,2.308617,18.16,5.293279267690548,-0.0631823,-0.237740666004596,0
0.0409467360106131,0.027042955,0.039,-0.9594,0.0006,0.099,0.0613,0.240367770195,-0.946181,0.03,3.440720353943341,-0.664221,-1.63182990387886,0
0.0864261835813522,0.13228247,0.215,-1.0266,0.1273,0.437,0.0768,0.221904546022,0.248303,2.734,3.171435013430808,-0.380536,-0.947975479058686,0
0.67977846051962,0.41698438,0.52,0.2076,0.7342,0.48,0.1086,0.37530118227,3.658118,23.2,4.027092158794403,0.068257,0.418717508250317,0
0.032176740962733,0.10803765,0.49,-0.9516,0.2418,0.233,0.1003,0.221545770764,0.112198,1.644,4.116818963437908,-0.18453,-1.21335854745562,0
0.410609990358353,0.23792192,0.094,-0.9046,0.0034,0.277,0.0926,0.253744572401,0.94099,9.668,3.6818421622072735,-0.502353,-0.337700198906033,0
0.355121518168374,0.34893274,0.175,-0.9478,0.0119,0.502,0.1095,0.307164609432,2.371798,18.44,4.759721457958221,-0.225514,-0.0068587548727897,0
0.253849326534343,0.087902665,0.553,-0.6431,0.3795,0.124,0.094,0.296681761742,1.021643,10.58,2.447649300098419,0.0794636,-1.37948463870848,0
0.0366804214483748,0.114017904,0.3,-0.8658,0.0031,0.191,0.1218,0.234416902065,1.095096,11.33,3.881919980049133,-0.364768,-1.27747460857366,0
0.0681811694902096,0.22763643,0.568,0.1705,0.8587,0.319,0.0685,0.26784080267,0.355017,3.885,3.5798593646314343,0.123369,-0.819673935723838,0
0.310114768679615,0.23015395,0.518,0.4529,0.8936,0.249,0.1675,0.32898247242,2.550815,19.21,4.145388960838318,0.175475,-0.0500951819822261,0
0.020580941811204,0.0368329,0.301,-0.8393,0.0031,0.081,0.0715,0.254847586155,0.913373,9.39,3.001086592674256,-0.493062,-1.43510653409321,0
0.020387578657735,0.068300635,0.074,-0.9349,0.0016,0.22,0.083,0.193656206131,-0.17275,0.543,3.2825117533637527,-0.61126,-1.13469512287163,0
0.475176483392715,0.27840555,0.146,-0.927,0.0047,0.455,0.1099,0.290547043085,1.556991,14.52,3.1873146295547485,-0.265765,-0.554279067006794,0
0.0356228475265083,0.04245147,0.124,-1.0104,0.1395,0.198,0.064,0.231108874083,-0.600629,0.104,3.523047452377857,-0.374272,-1.27425909568601,0
0.200486600399017,0.14637172,0.303,-0.9665,0.1852,0.26,0.0619,0.224167883396,0.375104,4.111,2.99058720854599,-0.3015,-1.02868132302162,0
0.0965832973663812,0.15419498,0.607,-0.514,0.5328,0.316,0.0914,0.188939422369,-0.878325,0.038,3.899296114262393,-0.129831,-1.15632765559918,0
0.982311844825745,0.84953564,0.704,0.6167,0.7538,0.588,0.1328,0.367246031761,4.132836,24.4,4.669912699551987,0.172375,0.625260015769753,0
0.642997145652771,0.3405941,0.437,-0.6591,0.3941,0.403,0.1927,0.285159558058,-0.279404,0.355,4.390017323488325,-0.118377,-0.542422490047431,0
0.0715569034218788,0.111493856,0.049,-0.9339,0.0019,0.237,0.0988,0.275360196829,-0.019408,0.994,3.56017552989946,-0.550755,-1.39534822225417,0
0.307730346918106,0.162094,0.541,-0.9942,0.128,0.351,0.1643,0.206266090274,1.832301,15.96,4.379679223718616,-0.011676,-0.560280157288439,0
0.743748486042023,0.2255339,0.117,-0.9044,0.0056,0.283,0.1565,0.297624409199,2.460195,18.82,3.1790270060300827,-0.373942,0.0759539990869062,0
0.0276392696122102,0.112609774,0.278,-0.9023,0.0021,0.225,0.0955,0.254723787308,0.531461,5.783,3.095990010217222,-0.484049,-0.984299634036522,0
0.0223114342044873,0.14750022,0.578,0.5215,0.8386,0.392,0.0861,0.23431199789,1.270396,12.7,4.0265510231256485,0.144474,-0.569291104319513,0
0.150903955101967,0.23276404,0.271,-0.7855,0.279,0.28,0.1276,0.30770227313,0.58336,6.295,2.8085756924550767,-0.24718,-0.658533183246117,0
0.0952935384330686,0.50456786,0.239,-0.9308,0.2089,0.413,0.0965,0.289113342762,0.879863,9.06,4.323999387855131,-0.253385,-0.863965985748756,0
0.207950845360756,0.29307577,0.177,-0.9233,0.0035,0.424,0.1513,0.255780220032,0.89996,9.258,3.961072957305312,-0.347295,-0.809359071076454,0
0.167869091033936,0.251674,0.203,-0.8722,0.169,0.386,0.1275,0.271861672401,0.945948,9.719,4.592410241838445,-0.171567,-0.654800643656027,0
0.0307084492048741,0.17928925,0.282,-0.9367,0.1663,0.287,0.1676,0.306644022465,-0.661279,0.083,3.071517658330096,-0.342084,-1.21600825243959,0
0.0792255901794496,0.15236884,0.226,-0.952,0.2239,0.199,0.0845,0.320447951555,0.259945,2.851,3.3303922866236686,-0.306077,-0.697550627349304,0
0.09358861297369,0.14768356,0.447,-0.8725,0.2919,0.387,0.3849,0.357459038496,-0.289255,0.341,2.835468880078324,-0.168372,-1.0710940093635,0
0.0756007615673645,0.08517191,0.202,-1.0692,0.0865,0.243,0.0986,0.242363080382,0.198112,2.274,3.294609322417429,-0.367349,-1.47070789689882,0
0.898363173007965,0.3075227,0.214,-0.8674,0.1875,0.466,0.0937,0.290481895208,2.782501,20.3,4.038188067728527,-0.129268,0.123934969244017,0
0.0387153875587625,0.06450498,0.178,-0.953,0.0013,0.198,0.1101,0.235916301608,0.596129,6.418,2.164173108424176,-0.510143,-1.02438638706896,0
0.0685362952953929,0.090306014,0.259,-0.9141,0.0021,0.358,0.0935,0.325674831867,1.070461,11.1,3.760279991108592,-0.368204,-1.10653430524132,0
0.598143072623932,0.30277932,0.149,-0.8943,0.0036,0.474,0.2029,0.337469190359,1.805098,15.82,4.724586625928416,-0.235983,-0.352209106688316,0
0.30826199054718,0.31730595,0.49,0.1121,0.8043,0.453,0.2715,0.328720390797,2.606352,19.46,2.973130582749169,-0.0691383,-0.445270543532115,0
0.354474753141403,0.21687385,0.154,-0.9491,0.004,0.336,0.0946,0.267550826073,1.692997,15.26,3.05335021018982,-0.357934,-0.510957574444016,0
0.0811356648826729,0.14270991,0.235,-0.816,0.2957,0.305,0.075,0.22609859705,0.828206,8.554,3.1165484197405093,-0.235152,-0.754932124223615,0
0.434862494468689,0.21286294,0.594,-0.4531,0.4145,0.486,0.2306,0.232676416636,-0.48542,0.16,4.091988205909729,-0.100487,-1.16344372868604,0
0.476358383893967,0.27610716,0.139,-0.9848,0.0108,0.448,0.0773,0.350854277611,1.59383,14.72,3.189738752263553,-0.239613,-0.271564089206545,0
0.0465784860197163,0.08395538,0.247,-0.9305,0.0016,0.209,0.119,0.214255779982,0.578362,6.247,4.149265832124303,-0.478103,-1.10611668425685,0
0.144084617495537,0.12042484,0.462,-0.7812,0.2785,0.317,0.0879,0.317214071751,-0.546418,0.127,3.9185708822070113,-0.275796,-1.4700315224897,0
0.122639702671997,0.3556361,0.19,-0.8992,0.0043,0.535,0.1776,0.446000039577,1.633386,14.94,3.409718483686447,-0.270191,-0.3167749574883,0
0.996207118034363,0.68739414,0.47,0.3858,0.8707,0.518,0.118,0.267383396626,3.00232,21.1,3.9575852434993584,0.10167,0.602397735084667,0
0.998926818370819,0.8504355,0.725,0.5972,0.7861,0.551,0.6691,0.526782631874,4.367478,25.1,10.177860272418918,0.169022,0.77561388761536,0
0.109188541769981,0.16648957,0.534,-1.0206,0.1058,0.324,0.14,0.226511865854,1.185166,12.08,3.1557499575359755,-0.0615477,-0.247147950114931,0
0.0528376688124407,0.094248444,0.11,-0.8912,0.0035,0.229,0.0892,0.356756269932,-0.063738,0.836,3.0044341552895792,-0.524517,-1.11325802798825,0
0.968638837337494,0.38836265,0.356,-0.8174,0.2625,0.433,0.1416,0.316244989634,2.754294,20.2,5.396991954234956,-0.114105,0.0494097464584078,0
0.0197191871702671,0.08146894,0.239,-0.9295,0.0017,0.158,0.0824,0.279922544956,0.446382,4.898,3.884475648403168,-0.41783,-0.972528101307487,0
0.219317764043808,0.23228323,0.583,-0.9648,0.1138,0.396,0.1115,0.264063179493,1.122573,11.57,3.852734820617468,-0.043812,-0.461569517144813,0
0.0625374242258985,0.13243416,0.131,-0.961,0.0064,0.271,0.077,0.361130595207,1.099097,11.37,3.872046253145998,-0.490101,-0.810531414751819,0
0.995340463303535,0.5980478,0.313,-1.1886,0.047,0.503,0.4918,0.473429650068,4.382623,25.1,4.35410616095792,-0.161746,0.825058178951959,0
0.577167332172394,0.22103423,0.142,-1.0248,0.011,0.239,0.1192,0.278494417667,2.717838,19.93,5.53197368979454,-0.333082,-0.237590525443727,0
0.415743082761765,0.17585254,0.147,-0.9459,0.0045,0.249,0.1161,0.234992817044,2.423889,18.66,4.7402323947491,-0.469651,-0.469238290622949,0
0.150546967983246,0.18056455,0.335,-0.5727,0.3809,0.376,0.0714,0.30654168129,2.105571,17.24,3.673788847548659,-0.156296,-0.67416755297835,0
0.652273416519165,0.2207905,0.358,-1.0159,0.1039,0.389,0.1013,0.340918749571,2.151086,17.45,4.62142625448585,-0.109785,0.149764789514144,0
0.0615816324227492,0.15503776,0.316,-0.961,0.2035,0.321,0.0878,0.307918161154,0.636632,6.801,3.6037842584536506,-0.265388,-0.789027265151014,0
0.835023045539856,0.5474726,0.181,-0.9144,0.0054,0.6,0.3036,0.231861010194,3.693618,23.3,3.0208006748876897,-0.26179,0.0266456313290613,0
0.0200944095849991,0.09125286,0.112,-1.0234,0.063,0.318,0.0662,0.267575204372,-0.203636,0.479,3.006493619887638,-0.451301,-1.1039817890917,0
0.108815386891365,0.17554745,0.223,-0.8959,0.0032,0.286,0.1228,0.266034066677,-0.029866,0.954,2.7178320726142986,-0.326383,-0.785441705869494,0
0.0740783105606219,0.10104537,0.184,-0.9035,0.0024,0.224,0.0725,0.270739763975,1.055144,10.94,4.157818257808685,-0.437821,-0.858597551829777,0
0.153102576732635,0.18674693,0.239,-0.9138,0.0018,0.444,0.1607,0.184157460928,-0.427926,0.199,3.9451979398727417,-0.379392,-0.976110258656768,0
0.9422647356987,0.85189795,0.527,-0.7753,0.2669,0.522,0.1612,0.297727525234,2.247612,17.89,7.461307846374531,-0.000613209,-0.274038499725037,0
0.49717658782282,0.31733233,0.51,0.4721,0.8915,0.657,0.1112,0.290832638741,2.811041,20.4,4.670410096645355,0.16556,0.0455470566104354,0
0.153319448232651,0.18063456,0.189,-0.9297,0.0027,0.263,0.1666,0.231132850051,2.045189,16.96,3.762728631496429,-0.339344,-0.626433422050561,0
0.964147210121155,0.89968777,0.709,0.75,0.8822,0.83,0.9788,0.399474143982,3.724024,23.3,11.530821388179902,0.338922,0.152188029547072,1
0.0590951330959797,0.15038371,0.117,-1.0075,0.0772,0.466,0.0881,0.364838451147,0.58125,6.275,4.268762165213389,-0.375162,-0.87277838554902,0
0.904491744469266,0.5547842,0.59,0.7604,0.8144,0.453,0.5846,0.395538210869,4.014986,24.1,3.3202389974528104,0.115369,0.862017801437734,0
0.259499758481979,0.21123773,0.503,0.0368,0.784,0.344,0.1075,0.303973436356,2.228669,17.8,3.583416372537613,0.00523029,-0.515449735021699,0
0.377945423126221,0.3275566,0.521,-0.9427,0.1089,0.409,0.1302,0.256685167551,-0.196381,0.494,1.9064289041004527,-0.070814,-0.937063405009801,0
0.0750738456845284,0.3631463,0.203,-0.9677,0.0056,0.529,0.0854,0.279949426651,1.324884,13.08,3.0351252240052617,-0.324135,-0.743871111450229,0
0.990946769714355,0.88544893,0.795,0.8222,0.8355,0.729,0.831,0.496234744787,5.083052,28.4,13.689120020717382,0.4241,0.695521351554912,1
0.550610840320587,0.39777428,0.153,-1.025,0.0923,0.511,0.1202,0.361858457327,1.093761,11.32,3.7784021982009,-0.354079,-0.931996847462571,0
0.891685128211975,0.45528883,0.472,-0.6022,0.3639,0.445,0.1072,0.287686049938,3.312214,22.1,5.994797237217426,-0.0497325,0.237601034541266,0
0.0968350821646747,0.13803911,0.342,-0.3577,0.5742,0.24,0.1114,0.280986905098,1.534855,14.39,4.404028028249741,-0.179964,-0.399705500600103,0
0.0317792225866325,0.0409714,0.025,-0.9276,0.0015,0.019,0.1609,0.234524250031,0.295675,3.225,1.801555871963501,-0.79108,-1.2412889344211,0
0.750842392444611,0.25263456,0.552,-0.0776,0.6208,0.272,0.0997,0.289212495089,1.86069,16.09,4.786480204386217,0.0166528,-0.142987828804281,0
0.429378062486649,0.3778152,0.147,-0.8608,0.0051,0.428,0.0898,0.277500987053,0.771748,8.027,4.887082161461486,-0.330804,-0.256544315507266,0
0.405782073736191,0.21374324,0.112,-0.9693,0.1437,0.284,0.0948,0.25940233469,1.658865,15.08,4.670911567837931,-0.327135,-0.741284910858295,0
0.0919047565034354,0.12060419,0.453,-0.7741,0.3483,0.308,0.0922,0.200847283006,1.01346,10.49,2.5775662118519547,-0.156942,-0.678653170577055,0
0.378437697887421,0.6742585,0.223,-1.001,0.0149,0.78,0.2819,0.331143736839,1.785301,15.73,0.6626429557800293,-0.0649384,-0.710777080736306,0
0.052565280651581,0.18319422,0.175,-1.0494,0.079,0.36,0.081,0.314486086369,0.170275,2.048,3.3510468355362137,-0.373625,-1.01053774158035,0
0.674216449260712,0.30997336,0.607,-0.163,0.5744,0.316,0.0689,0.266685247421,1.665862,15.11,4.155465388776133,-0.0227621,-0.019300957319402,0
0.395549416542053,0.1906617,0.279,-0.5413,0.4485,0.411,0.0805,0.33532756567,3.027108,21.2,2.5512467219913275,-0.213103,-0.496546747961204,0
0.0842648297548294,0.20813069,0.174,-0.9251,0.0029,0.389,0.0936,0.256078720093,0.668898,7.099,4.236114978790283,-0.482015,-1.14263301122684,0
0.379907339811325,0.42326492,0.154,-0.9012,0.0041,0.498,0.0905,0.361098259687,1.685469,15.22,3.440555304288864,-0.251923,-0.378683812885201,0
0.849579930305481,0.6675726,0.577,0.5299,0.6332,0.437,0.894,0.475809544325,4.161119,24.5,9.022208467125893,0.243342,0.710816293554368,0
0.315938323736191,0.21452174,0.223,-0.945,0.2275,0.312,0.121,0.43081215024,1.275389,12.74,3.6358802222279256,-0.246738,-0.619118209538806,0
0.0553846471011639,0.16844708,0.235,-1.0086,0.1936,0.29,0.116,0.233407512307,0.320787,3.501,2.608287289006894,-0.313859,-1.09808208552751,0
0.992426753044128,0.87330186,0.7,0.4905,0.6137,0.727,0.9559,0.338105738163,4.797738,26.8,14.643499491736293,0.381598,0.660293522412658,1
0.93870484828949,0.4724173,0.567,-0.9086,0.1602,0.531,0.1661,0.350979030132,2.953312,20.9,5.555718514252694,0.0639557,-0.0513492140630021,0
0.0871933213917704,0.3393725,0.325,-0.7595,0.343,0.476,0.086,0.267308413982,0.338941,3.704,3.121849433042833,-0.231418,-0.805895223709478,0
0.846511721611023,0.36028463,0.45,-0.7083,0.4044,0.367,0.0946,0.270359039307,0.644612,6.875,3.2641764138357843,-0.115048,-0.485082918071374,0
0.457244217395782,0.28716484,0.11,-0.9302,0.0039,0.409,0.2042,0.407184302807,3.596761,23.0,3.560584783554077,-0.274639,0.10893956678196,1
0.20219930636443,0.1489641,0.453,-0.3394,0.5754,0.29,0.0939,0.223108366132,0.454697,4.988,3.388619595355938,-0.0633017,-1.42598638432144,0
0.107593304497187,0.12258157,0.083,-0.909,0.0029,0.177,0.0807,0.262275099754,1.429544,13.76,4.217347620889847,-0.485788,-0.597739845214631,0
0.0331073975300391,0.18591973,0.209,-0.8878,0.0044,0.346,0.097,0.239008069038,0.197775,2.271,2.8587474307382608,-0.494823,-0.790200088831054,0
0.882356941699982,0.2844513,0.146,-1.0227,0.0098,0.431,0.1172,0.355499953032,1.69188,15.25,4.023812804507553,-0.26388,-0.0487460984554745,0
0.142669727380449,0.19729674,0.507,-0.2002,0.5597,0.301,0.0767,0.257932126522,1.948945,16.51,4.081284014733265,-0.0843325,-0.102115534386239,0
0.162855267524719,0.13778836,0.576,-0.0284,0.7099,0.274,0.088,0.264083713293,1.116812,11.52,2.24342679977417,0.131539,-0.343763103280083,0
0.0232412557192405,0.10767272,0.2,-0.9355,0.0031,0.181,0.1235,0.28481221199,-0.052838,0.873,2.750003278255462,-0.381583,-1.13594309981675,0
0.0278821996258533,0.046686858,0.168,-0.9464,0.0011,0.131,0.0871,0.232697486877,-1.015687,0.023,1.9482848264667647,-0.559008,-1.40760086508898,0
0.511680364608765,0.48443598,0.438,0.3174,0.8738,0.462,0.1242,0.263917863369,2.101933,17.22,4.049226720436547,0.016336,-0.326295467822641,0
0.779473721981049,0.28041482,0.51,-0.9915,0.1298,0.424,0.1551,0.287448525429,2.589115,19.38,5.460589055297602,0.0123611,-0.0568610578666448,0
0.0518857322258869,0.090563595,0.29,-0.9166,0.0016,0.138,0.0724,0.277157098055,0.853311,8.798,4.189026579260826,-0.462985,-1.06587006349907,0
0.957586467266083,0.44910893,0.435,-0.1901,0.5205,0.401,0.1074,0.289419203997,4.354575,25.0,5.57965289032295,-0.0214831,0.563326879346287,0
0.0329574947771766,0.1338515,0.439,0.3502,0.8458,0.412,0.0794,0.288013577461,2.114688,17.28,2.892612874507904,0.0122811,-0.253676491814669,0
0.0239993076695087,0.06923348,0.408,-0.8125,0.3171,0.213,0.125,0.219022899866,0.329882,3.602,2.631390796069107,-0.239937,-1.09816398141428,0
0.957041764448624,0.81606585,0.62,0.366,0.6237,0.667,0.065,0.343287467957,3.678595,23.2,3.379503078437496,0.0150692,0.67299191637187,0
0.625235557556152,0.32532448,0.153,-1.0174,0.1138,0.463,0.1067,0.331316322088,1.578555,14.64,4.824409417324619,-0.208078,-0.187676270840827,0
0.940170466899872,0.8652687,0.814,1.0064,0.901,0.838,0.7996,0.531387329102,4.662904,26.2,11.337279453640804,0.473939,0.806189361730856,1
0.469595491886139,0.4576474,0.463,-0.4511,0.4645,0.319,0.1664,0.260735273361,0.137194,1.808,2.534489043118424,-0.129202,-0.733594697020709,0
0.0807351562967675,0.04500711,0.107,-0.9488,0.0011,0.097,0.0983,0.247970253229,0.368675,4.039,3.0131682402413147,-0.55678,-1.05096782926469,0
0.834554493427277,0.27836308,0.425,-0.7119,0.3137,0.379,0.151,0.2231233567,5.171633,29.0,3.425868801418664,0.157541,-0.0579277435993945,1
0.77151252537304,0.22979924,0.305,-0.5272,0.4035,0.374,0.1227,0.308897674084,2.088476,17.16,4.599228173494339,-0.105641,0.0995918973679228,0
0.0212940024964549,0.06560969,0.031,-0.9459,0.0009,0.105,0.1107,0.247379571199,-0.331832,0.289,2.728237094070643,-0.668672,-1.69136377685263,0
0.684401512145996,0.36365035,0.546,-0.9799,0.1108,0.55,0.1651,0.297600388527,2.048833,16.98,3.874269705912122,0.0269068,-0.235217440562282,0
0.0207004979187428,0.13566312,0.275,-0.9162,0.0019,0.25,0.144,0.174448281527,-0.107368,0.704,3.80092606745328,-0.49776,-1.01985117245795,0
0.141275810721787,0.13694358,0.187,-0.9934,0.0029,0.288,0.0793,0.245967820287,0.98617,10.17,3.9905740626900608,-0.386426,-0.583987475639826,0
0.0543304346501827,0.10846913,0.254,-1.0252,0.1753,0.221,0.0871,0.223418653011,0.604246,6.496,2.979532539844513,-0.336601,-1.25916349554528,0
0.0438127522288627,0.08704099,0.241,-0.9214,0.002,0.195,0.0644,0.261557102203,1.315668,13.01,3.497511248771886,-0.44969,-1.037977010504,0
0.99462354183197,0.4615701,0.297,-1.2091,0.06,0.605,0.5645,0.619454145432,4.607605,25.9,3.754641535013904,-0.0709959,0.882870057859295,0
0.079164132475853,0.09588778,0.194,-0.9352,0.0068,0.222,0.0812,0.276242673397,0.319019,3.481,2.937779984045025,-0.491338,-1.10865847416809,0
0.0612186818879262,0.13629323,0.553,-0.9464,0.123,0.359,0.1073,0.287784844637,0.946024,9.72,3.188008546829224,-0.0280778,-0.439301946295609,0
0.0391688972852172,0.103456974,0.287,-0.9756,0.162,0.336,0.065,0.290466964245,0.154676,1.931,3.3753839760641093,-0.289997,-1.25821357976718,0
0.832598149776459,0.3586564,0.806,0.0796,0.6855,0.298,0.3029,0.259590864182,0.579236,6.255,4.6916177122039056,-0.0102915,-0.453485363534585,0
0.420862078666687,0.47671455,0.194,-0.8767,0.0033,0.453,0.0947,0.374258667231,1.352871,13.26,2.547441747326631,-0.309943,-0.311262597199945,0
0.0317087719712944,0.06575304,0.311,-0.8934,0.0022,0.235,0.1585,0.333309233189,-0.027749,0.962,3.189870296919936,-0.399207,-1.17846297227134,0
0.048799451754744,0.17257729,0.073,-0.9576,0.0047,0.188,0.1379,0.249212116003,0.666942,7.081,3.138806051746964,-0.523863,-0.932767938418525,0
0.0203397507589689,0.044799,0.028,-1.0293,0.0271,0.102,0.0674,0.256712973118,-0.669863,0.081,4.025758169870384,-0.564313,-1.48782952696407,0
0.209076934912885,0.18807718,0.141,-1.0131,0.0693,0.225,0.1173,0.261138796806,1.047373,10.86,3.38610050691367,-0.42421,-0.826342488679467,0
0.0679766982793808,0.2388899,0.3,-0.9082,0.186,0.231,0.1922,0.335466563702,1.962965,16.58,4.285650681028656,-0.237365,-0.608992246672375,0
0.999444901943207,0.9035733,0.867,0.8306,0.846,0.731,0.8677,0.550663888454,4.605097,25.9,12.967876946093654,0.433716,0.764017264409072,0
0.0391857624053955,0.09129566,0.369,-0.9178,0.0017,0.095,0.0866,0.226576790214,-0.448294,0.184,3.783185124397278,-0.403682,-1.13228474825021,0
0.98232227563858,0.8084553,0.601,0.6273,0.7409,0.501,0.3344,0.419101953506,3.519457,22.8,9.96681286110568,0.0681205,0.30428951645779,0
0.044861993157556,0.036034435,0.059,-1.0325,0.0585,0.089,0.1364,0.327048957348,-1.828109,0.002,3.7958430242446495,-0.53453,-1.83543207876026,0
0.141131222248077,0.13250741,0.342,-0.6664,0.3178,0.406,0.1565,0.230537176132,1.255827,12.6,3.591021940112114,-0.224772,-0.9902424463416,0
0.0787599672412729,0.0080349445,0.267,-0.8842,0.0037,0.317,0.098,0.264284729958,0.343861,3.759,3.256880727766706,-0.445071,-0.757804623809441,0
0.901661813259125,0.40299112,0.39,-0.7,0.3969,0.404,0.096,0.262860000134,2.057288,17.02,4.681597322490159,-0.035217,-0.352973533558987,0
0.554117798805237,0.16523063,0.231,-0.8472,0.2175,0.349,0.1412,0.268238425255,1.47213,14.02,6.806957244873047,-0.288951,-0.606929199391484,0
0.403589576482773,0.098983824,0.236,-0.9405,0.1188,0.293,0.0819,0.25266546011,-2.059333,0.002,3.0186781135461,-0.3771,-1.97456138880797,0
0.0994771057291765,0.22443137,0.551,-0.8079,0.287,0.401,0.0732,0.274293541908,0.868992,8.952,4.547592209572672,-0.0507407,-0.783743705853412,0
0.987971603870392,0.8312254,0.704,0.51,0.7271,0.722,0.9818,0.669799566269,4.601194,25.9,9.73357519516312,0.165559,0.795013999444692,0
0.939385056495667,0.62694895,0.299,-0.2545,0.291,0.474,0.1507,0.360827356577,4.030019,24.1,6.898352061254828,-0.0849894,0.614601065865831,0
0.130084127887528,0.15636039,0.147,-0.9883,0.1114,0.362,0.0895,0.266063272953,1.819507,15.89,3.4106219118517886,-0.365715,-0.524686228043673,0
0.0403467395049621,0.03429389,0.149,-0.9962,0.0866,0.171,0.052,0.207543492317,0.130189,1.76,3.022980994205611,-0.390866,-1.45131931947656,0
0.676218569278717,0.48936173,0.311,-0.7773,0.2766,0.479,0.1045,0.302869439125,1.62566,14.9,5.028433145557049,-0.13374,-0.318648150474211,0
0.940342366695404,0.37217036,0.635,0.7008,0.9248,0.481,0.1282,0.310338795185,1.728121,15.44,4.296404274796766,0.203995,-0.0547482947386606,0
0.282992869615555,0.3505919,0.613,0.3723,0.7668,0.442,0.2937,0.554797410965,2.738505,20.1,6.05344370752573,0.12105,-0.081313233130154,0
0.119680275406651,0.17558774,0.141,-0.9463,0.1763,0.231,0.0726,0.263223201036,1.190443,12.12,4.357146203411474,-0.284577,-0.837860237733489,0
0.0484067868842454,0.079499185,0.095,-0.9415,0.0023,0.124,0.1298,0.292464852333,-0.699607,0.072,2.912976562976837,-0.564897,-1.37878955404749,0
0.049802016466856,0.102167904,0.242,-0.9189,0.0041,0.16,0.1068,0.245743244886,0.298656,3.258,4.214924010203106,-0.525208,-1.12567382879932,0
0.170225925401802,0.21560794,0.181,-0.917,0.0038,0.254,0.1821,0.384291350842,1.924027,16.4,3.2170844674110413,-0.285207,-0.333254265875381,0
0.0521814385578235,0.1065588,0.4,-0.8319,0.2232,0.422,0.076,0.223847597837,1.142042,11.74,3.4893231838941574,-0.167453,-0.979111067012479,0
0.381881128027187,0.23249641,0.315,-0.8821,0.1748,0.414,0.1127,0.441282212734,2.218547,17.75,1.7201306811922048,-0.199787,-0.395334826455926,0
0.143231704831123,0.1652773,0.089,-0.914,0.0043,0.15,0.0775,0.281313657761,2.944157,20.9,5.402486011385918,-0.430876,-0.50115683758956,0
0.265697240829468,0.20323801,0.428,0.021,0.6591,0.403,0.1172,0.296197384596,2.547784,19.2,4.606438161415931,-0.150753,-0.0294958028985175,0
0.0831674337387085,0.21597406,0.531,0.2476,0.8122,0.415,0.1169,0.253785312176,0.753987,7.867,2.64282163977623,-0.0660573,-0.430625600541178,0
0.996402621269226,0.6383799,0.705,0.8021,0.8071,0.447,0.7151,0.476612985134,4.242322,24.7,3.639082688920701,0.0843154,0.821190490114075,0
0.968408465385437,0.38833752,0.592,0.2526,0.8099,0.431,0.1463,0.31244930625,3.135549,21.5,4.698832083227559,-0.0301524,0.454844437583507,0
0.0469812804877112,0.08020088,0.213,-0.8888,0.0033,0.205,0.0762,0.290051311255,1.061757,11.01,3.6643345857995913,-0.434587,-0.703014541445672,0
0.130538888424621,0.1672197,0.404,-0.4127,0.5492,0.337,0.1069,0.249311625957,1.46526,13.98,3.93622761964798,-0.174829,-0.338273761468894,0
0.0514472132028541,0.031997412,0.149,-1.0276,0.0601,0.138,0.0697,0.209549844265,-1.828479,0.002,5.059525110742938,-0.454787,-1.62150357664644,0
0.164959147936781,0.14249498,0.177,-0.909,0.0045,0.301,0.1954,0.270334661007,1.678045,15.18,4.885964006185532,-0.360548,-0.562783246381384,0
0.0639273002743721,0.06547639,0.133,-0.9144,0.0013,0.189,0.0975,0.306040585041,1.693719,15.26,3.555098831653595,-0.49124,-0.818626563262259,0
0.0597287379205227,0.14850283,0.151,-0.9511,0.2016,0.408,0.0728,0.303042113781,0.844419,8.711,3.732741252148253,-0.337089,-0.8705211631412,0
0.415535832696646,0.22733039,0.264,-0.8855,0.0021,0.225,0.0761,0.236018776894,2.395258,18.54,4.654804756200885,-0.333177,-0.345930686016722,0
0.833841547868565,0.33189905,0.103,-1.1995,0.0254,0.325,0.1214,0.332287549973,2.862462,20.6,3.241270512342453,-0.256622,0.558895633412487,0
0.924949884414673,0.60432255,0.659,1.0439,0.9398,0.609,0.1835,0.337702989578,2.868283,20.6,5.238213643431664,0.247749,0.461109631867618,0
0.0489824856264687,0.102966905,0.376,-0.8827,0.2331,0.336,0.0734,0.24714037776,-0.454233,0.18,4.209198835842432,-0.317966,-1.54041356726862,0
0.049621969461441,0.104550004,0.464,-0.9414,0.2301,0.272,0.0851,0.221152633429,-0.564718,0.119,3.2058691418511143,-0.220127,-0.974260261346183,0
0.0563822109141549,0.07113746,0.186,-0.8557,0.0013,0.239,0.0757,0.246544077992,-1.36818,0.007,3.638783039097594,-0.586053,-1.81963621903714,0
0.0739661589495091,0.12054148,0.303,-0.7987,0.2727,0.233,0.1147,0.216622233391,0.49828,5.446,3.832600970719879,-0.282676,-1.42858494207775,0
0.071678465630179,0.1295493,0.229,-0.8531,0.0031,0.25,0.1223,0.220495432615,1.494185,14.15,3.529873863573348,-0.428044,-0.935061655967841,0
0.308213442564011,0.20228326,0.272,-0.9087,0.1409,0.218,0.0713,0.31473493576,1.065566,11.05,3.825619578450455,-0.19464,-0.844146129756153,0
0.826177060604095,0.9604801,0.792,0.6007,0.9013,0.817,0.1796,0.433733612299,3.605075,23.0,3.219584598660187,0.40316,0.431443265685881,0
0.926249861717224,0.44309622,0.128,-1.0179,0.0176,0.488,0.4203,0.47320574522,3.728133,23.3,5.06812658905983,-0.225031,0.413998783477327,0
0.0605797235963232,0.12639612,0.275,-0.9187,0.0017,0.213,0.0862,0.192304491997,0.083656,1.475,4.314951330396647,-0.511368,-1.4560986828793,0
0.561648905277252,0.22576079,0.185,-0.9257,0.0021,0.417,0.1464,0.343701183796,0.350149,3.83,3.397476722443287,-0.466066,-0.76684351078623,0
0.19669708609581,0.062077552,0.093,-1.0269,0.0397,0.198,0.0794,0.242916882038,-0.099003,0.728,3.886495557176728,-0.491913,-1.42915028850491,0
0.0505792275071144,0.14770749,0.137,-0.9051,0.0062,0.25,0.1016,0.240655899048,1.849384,16.04,3.127768603032709,-0.354485,-0.258885278394478,0
0.994802951812744,0.60304755,0.407,-1.1911,0.0269,0.566,0.7032,0.562190830708,4.604871,25.9,4.348388688022393,0.0590476,0.823768092236079,0
0.024601509897432,0.074481755,0.251,-0.9846,0.1817,0.16,0.0821,0.248077735305,-0.400976,0.221,4.116754242613945,-0.341598,-1.2836341769573,0
0.0888912936501941,0.13262719,0.37,-0.699,0.3656,0.259,0.211,0.253935813904,2.276075,18.01,4.547079026699066,-0.220641,-0.752976708436626,0
0.0369848554674328,0.06023568,0.329,-0.9075,0.1548,0.18,0.0861,0.242015406489,0.023902,1.174,4.060713357303976,-0.319697,-1.26867183999605,0
0.357855419570306,0.21058086,0.561,-0.24,0.5786,0.46,0.0805,0.314877927303,0.959168,9.86,2.8280805843020884,-0.00787908,-0.406352693427807,0
0.130691265963863,0.15066016,0.119,-0.909,0.0028,0.295,0.0795,0.254047423601,0.874321,9.005,3.448846636741113,-0.45446,-0.739149146396569,0
0.0815539298281611,0.053277135,0.228,-1.0182,0.0634,0.288,0.1264,0.250825017691,0.620456,6.649,3.77747160259106,-0.391983,-1.60975472574156,0
0.0719976631620424,0.046578795,0.043,-0.9578,0.0029,0.02,0.0683,0.192669689655,-0.754557,0.059,2.4330236315727234,-0.79654,-1.63467649617093,0
0.246020197868347,0.070284694,0.24,-0.9046,0.0031,0.094,0.0761,0.192292034626,-0.203111,0.48,2.6418943107128143,-0.50182,-1.53788625185292,0
0.110586151480675,0.18878466,0.077,-0.9084,0.005,0.282,0.0791,0.317068874836,1.279851,12.77,3.603773658727974,-0.459414,-0.742206241670089,0
0.141618895106485,0.18353188,0.434,-0.6845,0.4256,0.332,0.0681,0.24120682478,0.67789,7.182,2.630648258849856,-0.0687936,-0.553662151671948,0
0.0391464536491192,0.10198873,0.161,-0.9346,0.0018,0.25,0.1278,0.234595373273,-0.085526,0.768,3.661218819348576,-0.526992,-1.28832651283729,0
0.504369897621186,0.49983394,0.507,-0.0753,0.4892,0.443,0.1305,0.580296754837,2.446994,18.76,3.2224047762128656,-0.11649,0.001942899130223,0
0.101105608046055,0.25608474,0.488,-0.6302,0.3837,0.415,0.0792,0.271094679832,0.864852,8.912,3.392101526260376,-0.149486,-0.519499564023273,0
0.0795687736064245,0.09072998,0.225,-0.9365,0.0013,0.335,0.1217,0.25222542882,-0.013169,1.018,2.0666827387289444,-0.518901,-1.34588579111704,0
0.100173015006211,0.03540474,0.248,-1.009,0.1249,0.19,0.0841,0.227707460523,1.964314,16.59,5.94984757296992,-0.219815,-0.64401469387616,0
0.336875140666962,0.249163,0.441,-0.6513,0.2684,0.384,0.157,0.386985301971,2.533059,19.14,3.4213953035874,-0.0530269,-0.313630763018332,0
0.0244007408618927,0.039581,0.042,-0.9843,0.0345,0.16,0.081,0.245361208916,-0.287122,0.344,3.4759176977786845,-0.52913,-1.46680441164648,0
0.0650969767035314,0.17096749,0.074,-0.9754,0.0059,0.304,0.0899,0.32456099987,0.219782,2.464,3.526509202348137,-0.528709,-0.637897741029658,0
0.570393914271355,0.62532306,0.595,0.0805,0.7491,0.496,0.1583,0.41926074028,3.258839,22.0,5.965390168130398,0.0617699,0.279078382834957,0
0.142448678612709,0.20026422,0.551,-0.3949,0.5227,0.336,0.0989,0.251075863838,0.396114,4.347,3.511091438864357,-0.106255,-0.960580506573824,0
0.0232106954990706,0.060434014,0.343,-0.9977,0.1681,0.306,0.0694,0.283857226372,0.518778,5.655,4.478806317028635,-0.225732,-1.09873488922627,0
0.993023753166199,0.5274455,0.177,-1.069,0.017,0.578,0.4131,0.365955710411,4.216602,24.6,4.146893701924082,-0.114704,0.679784189053671,0
0.726804614067078,0.46012244,0.357,-0.6588,0.3482,0.364,0.0889,0.317158162594,0.308695,3.367,4.877034203345328,-0.23966,-0.389672655927433,0
0.142428070306778,0.071997136,0.066,-0.9149,0.0013,0.167,0.0919,0.217886060476,-0.960823,0.028,2.818652980387799,-0.582266,-2.09892098253008,0
0.0517693178452717,0.11561754,0.421,-0.9299,0.174,0.246,0.1202,0.290266662836,1.333381,13.13,3.9114794433116913,-0.0148837,-0.338101980034875,0
0.356709092855453,0.21525186,0.218,-1.0026,0.1473,0.178,0.0915,0.240917727351,1.269453,12.7,3.9268793761730194,-0.309329,-0.897062898029876,0
0.845015704631805,0.24802646,0.326,-0.51,0.3199,0.392,0.3568,0.302757501602,3.47644,22.6,3.826624855399132,-0.200266,0.189013976791717,0
0.201256409287453,0.1964722,0.128,-0.9443,0.0042,0.466,0.0918,0.323802232742,1.30347,12.93,3.709155703637681,-0.448308,-0.995062366780822,0
0.684764564037323,0.31815928,0.137,-0.9775,0.006,0.442,0.1601,0.264573782682,0.443489,4.867,4.335362911224365,-0.366235,-0.816419973416543,0
0.0740732997655869,0.22956645,0.187,-0.9875,0.1835,0.268,0.0871,0.247642487288,-0.214581,0.459,4.883675225248707,-0.300403,-1.08233902245791,0
0.841015160083771,0.6841683,0.65,-0.153,0.529,0.455,0.2033,0.271775513887,3.289275,22.1,5.577049409123406,0.00499271,0.0115446308545458,0
0.722595870494843,0.3357506,0.393,-0.4523,0.2771,0.349,0.2539,0.266697764397,3.202738,21.8,5.647226202702702,-0.104017,-0.0270280478509036,0
0.982398211956024,0.9598862,0.824,0.9791,0.8788,0.728,0.8823,0.701254427433,4.975242,27.8,12.571040347105598,0.315358,0.92094016733323,1
0.989591777324677,0.89628947,0.876,0.6488,0.7551,0.748,0.8879,0.419182777405,4.989487,27.9,10.10591108742088,0.413258,0.840097400110455,0
0.0526531711220741,0.1034247,0.125,-0.9039,0.0023,0.225,0.5616,0.331815332174,0.72474,7.606,2.471507567343094,-0.473987,-1.22336440923841,0
0.229584351181984,0.15044832,0.58,-0.1285,0.6605,0.491,0.1971,0.385707676411,2.606718,19.46,1.952738642692566,0.0653142,-0.568355542927499,0
0.997664093971252,0.50628275,0.284,-1.1759,0.0513,0.586,0.7358,0.556769251823,4.63761,26.0,4.131261837748951,-0.0394088,0.846184167475673,0
0.0653806775808334,0.12423667,0.098,-0.8983,0.0027,0.335,0.1047,0.201101541519,-0.322283,0.3,3.204530093409679,-0.493467,-1.13896864561885,0
0.159980550408363,0.1924003,0.126,-0.899,0.0029,0.312,0.1009,0.246730327606,1.172487,11.99,4.649474997653248,-0.446626,-0.815811550529663,0
0.314766615629196,0.17079929,0.549,-0.6037,0.3785,0.218,0.0986,0.268498361111,1.155368,11.85,3.812675205188577,0.00896391,-0.848193762088271,0
0.0455444545875342,0.07656714,0.103,-0.8928,0.0023,0.142,0.1267,0.253876686096,-0.526027,0.138,2.861014187340861,-0.573709,-1.36322308138021,0
0.928041815757751,0.745909,0.697,1.0078,0.9029,0.579,0.1704,0.38236567378,4.206991,24.6,4.475456848426004,0.267371,0.684526681183205,0
0.441198736429214,0.23348454,0.471,-0.3409,0.4733,0.195,0.0801,0.24160939455,1.189079,12.11,2.5955957770347595,-0.0746091,-0.692770200534557,0
0.0100954509976298,0.054553807,0.304,-0.9524,0.1918,0.274,0.1184,0.235233262181,-0.623656,0.096,3.707973007912954,-0.31066,-1.21525273325597,0
0.98091846704483,0.80851626,0.688,0.3749,0.661,0.899,0.9947,0.678713917732,3.655532,23.2,15.774863062048098,0.333424,0.670045961903725,1
0.0926803867966358,0.14112604,0.491,-0.2542,0.5038,0.408,0.0955,0.29476544261,2.043772,16.96,3.5991649627685547,-0.0868957,-0.157898525585847,0
0.0779620036879247,0.19764361,0.344,-0.9238,0.3037,0.323,0.1417,0.202744454145,0.54085,5.877,2.835644704433612,-0.281568,-1.08317746217505,0
0.0759221207944083,0.11851564,0.507,0.2949,0.7995,0.42,0.0916,0.270935356617,1.135204,11.68,3.3609969565553297,0.090952,-0.660516307264856,0
0.0691901670808975,0.13001555,0.516,-0.9457,0.2721,0.259,0.1049,0.226523295045,0.543974,5.909,3.538419257129781,-0.135483,-0.930948897880963,0
0.986498832702637,0.65894973,0.695,0.5214,0.6824,0.627,0.1787,0.448516428471,3.959084,23.9,4.75673704023733,0.0779494,0.45784970901277,0
0.0908602327108383,0.08930045,0.053,-0.9097,0.0024,0.249,0.0738,0.322210937738,-0.434856,0.194,3.5533619076013565,-0.563312,-1.4131890821597,0
0.0695402175188065,0.07107183,0.205,-0.9077,0.0019,0.158,0.0734,0.192550808191,0.12753,1.743,2.642190706202181,-0.530683,-1.16341174413726,0
0.169898584485054,0.12551591,0.285,-0.902,0.0022,0.21,0.1174,0.267248213291,0.082561,1.469,3.2531541000990747,-0.545092,-1.30201942372126,0
0.0241491142660379,0.13442391,0.169,-0.9606,0.0029,0.152,0.0732,0.226339265704,0.711587,7.487,4.314406305458444,-0.542584,-1.19279465603843,0
0.0241061255212221,0.06055981,0.511,-0.9686,0.1443,0.225,0.1086,0.224093645811,0.504014,5.505,3.354092559720562,-0.101035,-1.08639748965007,0
0.796006202697754,0.7420429,0.211,-1.0319,0.0167,0.641,0.1934,0.3722628057,2.062054,17.04,4.650368251563112,-0.118958,-0.0301709394223237,0
0.969947338104248,0.84423,0.603,0.4393,0.7697,0.746,0.8487,0.697242498398,3.227236,21.8,9.397247159045332,0.134297,0.163975467410949,0
0.142400671902153,0.23560622,0.138,-0.9109,0.0029,0.349,0.0807,0.309693098068,1.490242,14.13,4.151841597658227,-0.470417,-0.586893956362168,0
0.891768336296082,0.22459668,0.117,-0.9023,0.0088,0.141,0.64,0.393226414919,3.511338,22.7,5.26385971903801,-0.402787,0.156007359595419,0
0.403998225927353,0.17020318,0.412,-0.6817,0.4203,0.373,0.088,0.239301815629,1.414941,13.66,3.8534693717956543,-0.195124,-0.366534156484026,0
0.820012152194977,0.7814325,0.604,-0.3609,0.4744,0.635,0.1456,0.269024908543,2.382654,18.48,3.925657331943512,-0.0269065,0.102896541127166,0
0.639940559864044,0.53983206,0.574,0.5603,0.9317,0.32,0.1466,0.238852217793,0.977655,10.08,3.89946164328662,0.156397,-0.317311821758501,0
0.0356055005175668,0.14976054,0.17,-1.004,0.2018,0.128,0.0767,0.261168956757,-0.131592,0.64,3.18685725932654,-0.355488,-0.979066782492066,0
0.0682413130998611,0.21064612,0.181,-0.9159,0.2737,0.355,0.0937,0.301549106836,0.737929,7.724,3.055782172270129,-0.272854,-0.745409672082183,0
0.0297949610749414,0.025952816,0.502,-0.4718,0.4926,0.239,0.065,0.267203748226,-0.252876,0.394,3.471184462308884,-0.0330175,-1.46968198798972,0
0.218261644244194,0.12783396,0.035,-1.0094,0.1316,0.191,0.0898,0.331832051277,1.859848,16.09,2.823268617196767,-0.33843,-0.635379448837298,0
0.152870234646828,0.23537341,0.165,-0.9354,0.1701,0.245,0.103,0.246330082417,0.424659,4.662,4.091722673281365,-0.297967,-0.797930217306292,0
0.899969637393951,0.6957126,0.757,0.549,0.8785,0.362,0.1,0.402072846889,3.391418,22.4,3.310607350221599,0.0593032,0.360361485203096,0
0.163172215592768,0.21508068,0.546,0.132,0.6398,0.362,0.1053,0.288256943226,2.065047,17.05,4.770093537488566,-0.00672013,-0.131741578439992,0
0.884627163410187,0.8366929,0.922,0.9777,0.9012,0.774,0.8112,0.749566793442,4.916008,27.4,11.17400207463652,0.467658,0.833499519010186,0
0.779974758625031,0.25316113,0.134,-0.9242,0.0062,0.433,0.1931,0.235595613718,1.889825,16.23,3.825055175973782,-0.305852,-0.368512197006324,0
0.0454711646269621,0.17490187,0.514,-0.0951,0.7156,0.294,0.0823,0.209548220038,1.465689,13.98,5.014464523748885,-0.0538965,-0.723771920928377,0
0.269933432340622,0.17460683,0.234,-0.8758,0.1758,0.296,0.1666,0.259115278721,1.720687,15.4,2.763831441488812,-0.114232,-0.528954636823756,0
0.991982996463776,0.8216685,0.755,0.111,0.5277,0.64,0.5527,0.467287540436,4.768302,26.6,4.359629723517437,0.221904,0.724042808054649,0
0.867045975268905,0.73842573,0.415,-0.039,0.691,0.532,0.1275,0.253459393978,2.590645,19.39,4.765377155591186,0.0120722,0.125472579440215,0
0.722548746079888,0.72951686,0.509,0.2612,0.5385,0.637,0.5661,0.73667049408,4.976117,27.8,3.776222202926874,-0.090638,0.526643236976577,0
0.0271374719757803,0.029450148,0.436,-0.8727,0.1401,0.212,0.0582,0.199034422636,-1.361377,0.007,2.8291395902633667,-0.31,-1.66103791670709,0
0.227317169308662,0.23416978,0.174,-0.9107,0.0043,0.446,0.1396,0.2613889575,1.504825,14.21,4.004541099071503,-0.39083,-0.645656945718056,0
0.0384048968553543,0.09611213,0.312,-0.9177,0.0022,0.27,0.1577,0.258244395256,0.113786,1.654,2.274757504463196,-0.423318,-0.998624758841099,0
0.363009601831436,0.29518202,0.499,-0.3705,0.5158,0.286,0.1089,0.382948756218,2.162,17.5,2.434333891776772,-0.0711968,-0.328317941014699,0
0.102484114836293,0.2908898,0.337,-0.9591,0.1622,0.429,0.0823,0.361556947231,1.545073,14.45,4.592428851403648,-0.273179,-0.879620598330328,0
0.591141790980973,0.4329043,0.141,-0.9771,0.008,0.41,0.3384,0.398111283779,2.97951,21.0,4.332649260759354,-0.282519,0.109196272223853,0
0.0377506986260414,0.14338037,0.275,-0.9134,0.0017,0.226,0.1009,0.228298589587,-0.504149,0.149,3.421464449558474,-0.541073,-1.56158848483073,0
0.984743773937225,0.6048432,0.707,0.5086,0.6911,0.457,0.2886,0.447345197201,4.204225,24.6,9.91191064507084,0.0883485,0.595100002902735,0
0.044749191381345,0.108902425,0.262,-0.5735,0.495,0.325,0.209,0.306650102139,1.106136,11.43,3.755774869982325,-0.226354,-0.90138823658188,0
0.436907857656479,0.34439337,0.332,-0.5166,0.4413,0.263,0.2513,0.19901484251,0.986762,10.18,5.267054453492165,-0.186356,-0.47806808861278,0
0.881761431694031,0.34281063,0.409,0.239,0.7906,0.587,0.1682,0.441427111626,3.12653,21.5,3.387021824840476,-0.0740287,0.367015911511417,0
0.973168790340424,0.4904378,0.377,0.0389,0.7416,0.475,0.2033,0.279842853546,3.482041,22.6,3.8591679213012378,0.0077251,0.482853793562299,0
0.258267738993801,0.18230087,0.609,-0.594,0.2993,0.451,0.1022,0.328363746405,1.558752,14.53,3.4661585688591003,0.0427572,-0.0138303012605669,0
0.992570459842682,0.87747717,0.734,0.5785,0.7085,0.841,0.9521,0.65218770504,4.647666,26.1,11.920211008189495,0.333951,0.837290135647592,1
0.993460774421692,0.9178431,0.856,0.6944,0.7827,0.655,0.5799,0.463105022907,4.842776,27.0,12.15935495091701,0.337268,0.7512784293731,0
0.999494671821594,0.9665339,0.916,1.1014,0.9612,0.87,0.9777,0.671104311943,4.984024,27.8,13.459031085278538,0.583972,0.990502893134813,1
0.982981860637665,0.90820074,0.784,0.8177,0.8292,0.836,0.7092,0.677779555321,4.551798,25.7,13.364271004009604,0.247776,0.907767485624884,1
0.0620485485851374,0.07692313,0.185,-0.514,0.5155,0.249,0.0844,0.256598830223,0.881399,9.075,3.682432055473328,-0.199106,-0.814663237648626,0
0.876150846481323,0.5123209,0.504,0.0367,0.784,0.452,0.0883,0.38722974062,3.425216,22.5,6.461176553870248,-0.105825,0.20011043500344,0
0.19294810295105,0.18601832,0.259,-0.6916,0.3906,0.295,0.095,0.232817769051,-0.475319,0.166,2.649039362647412,-0.27687,-0.62759374803781,0
0.0520211468652626,0.22783911,0.57,-0.9836,0.0763,0.32,0.0757,0.256819784641,0.215263,2.423,2.8406326099442496,-0.0527885,-0.84596581903257,0
0.137957975268364,0.11084089,0.288,-0.9111,0.0022,0.267,0.0996,0.263510882854,0.247725,2.729,4.017148993844115,-0.477621,-0.991029339570827,0
0.800619959831238,0.31352937,0.123,-1.0631,0.0119,0.392,0.2483,0.444385409355,2.808551,20.4,2.847162316801085,-0.351019,0.233477656531295,0
0.0374995127101959,0.11001682,0.135,-1.0355,0.0995,0.145,0.0819,0.201483771205,-0.543924,0.129,3.5975991919899712,-0.462018,-1.2978190233439,0
0.974127233028412,0.43497443,0.486,-0.1144,0.6166,0.308,0.0882,0.228335827589,3.064012,21.3,4.698196336133275,-0.0962668,0.145692702215708,0
0.772934079170227,0.5689559,0.645,-0.2744,0.5811,0.42,0.1646,0.335276067257,2.531402,19.13,2.808317353974249,0.0116798,-0.0726435221455539,0
0.744281589984894,0.35028985,0.497,-0.9168,0.1712,0.373,0.0899,0.318766355515,3.910942,23.8,3.740724540310883,0.047292,0.112894642465971,0
0.0801580633051465,0.18062821,0.161,-0.9223,0.0032,0.293,0.0903,0.26576796174,1.86497,16.11,5.10872636007763,-0.392626,-0.626244087064972,0
0.509494862458857,0.43088537,0.583,-0.2624,0.6856,0.43,0.1081,0.238921046257,2.90884,20.8,3.729799759743048,0.0204374,0.092703050640759,0
0.85895574092865,0.41416162,0.08,-1.044,0.0125,0.43,0.1376,0.451717674732,1.91597,16.36,3.332749944998647,-0.406046,-0.0138878980510981,0
0.394800394773483,0.14566144,0.203,-0.92,0.0024,0.252,0.1042,0.315601825714,0.66143,7.031,3.5274853537404653,-0.472384,-0.802797292970768,0
0.474532971569297,0.7002372,0.422,-0.7359,0.3015,0.584,0.1376,0.343575000763,1.95321,16.53,7.042270644208032,-0.141439,-0.518992257365771,0
0.031447811912951,0.08681655,0.173,-0.9288,0.0029,0.15,0.0548,0.231755584478,0.863504,8.898,3.393140584230423,-0.535713,-1.09738508610837,0
0.153786477168632,0.26955023,0.43,-0.8442,0.2031,0.273,0.0888,0.241371080279,2.203096,17.68,3.760099610721202,-0.140255,-0.695923305891855,0
0.436907857656479,0.34653252,0.332,-0.5166,0.4413,0.263,0.2513,0.19901484251,0.987785,10.19,5.267054453492165,-0.186355,-0.47806808861278,0
0.797625780105591,0.44691586,0.537,-0.0482,0.6296,0.499,0.0879,0.306277126074,2.692203,19.82,2.8658570025178545,-0.0148578,-0.0141426361138437,0
0.127421513199806,0.15325156,0.21,-0.8686,0.0019,0.174,0.0961,0.23806630075,1.050549,10.89,4.380236326735026,-0.456769,-0.772754576092746,0
0.189770549535751,0.37988785,0.304,-0.437,0.4418,0.427,0.1521,0.373295009136,2.04197,16.95,2.670846523769188,-0.172024,-0.469840963634834,0
0.249748204474099,0.24115133,0.129,-0.9531,0.004,0.413,0.101,0.346939980984,1.631187,14.93,3.16333088517222,-0.413013,-0.591537426482524,0
0.99224054813385,0.76367307,0.759,0.5489,0.718,0.527,0.3984,0.477024435997,3.980019,24.0,11.319914413763016,0.15526,0.793460971717702,0
0.0602087534454949,0.1122219,0.598,-0.5935,0.4738,0.279,0.082,0.228928655386,-0.094704,0.741,3.549974739551544,-0.126854,-1.0215387115499,0
0.25451996922493,0.023071438,0.178,-1.0304,0.0678,0.333,0.1608,0.266345381737,1.893537,16.25,3.8574782609939575,-0.148316,-0.40189228952099,0
0.0660520121455193,0.057952255,0.108,-0.8709,0.0031,0.196,0.0825,0.235140234232,-0.148881,0.597,3.674311436240733,-0.551316,-1.12207552914693,0
0.177157258639747,0.58260244,0.514,-0.0312,0.7407,0.387,0.1182,0.297112762928,1.88596,16.21,3.79226165128918,0.0411876,-0.414457230530653,0
0.160162001848221,0.119960934,0.201,-0.9143,0.0022,0.128,0.0893,0.211872726679,1.021744,10.58,2.6529751746260963,-0.409465,-0.819290516064784,0
0.14917000541294,0.19427872,0.183,-0.7454,0.208,0.346,0.1816,0.425195872784,1.721607,15.4,4.343251187354326,-0.267582,-0.296031276765731,0
0.0240158677362645,0.07769349,0.231,-0.8723,0.1226,0.205,0.0538,0.233259916306,1.165126,11.93,3.2663396841787287,-0.274105,-1.35114663597901,0
0.986110806465149,0.5703357,0.733,0.5307,0.8902,0.449,0.1369,0.342433422804,2.952925,20.9,3.0446687042713165,0.138939,0.352014851747215,0
0.994204461574554,0.7049236,0.603,0.2891,0.5853,0.509,0.4415,0.460847258568,4.053818,24.2,8.629724698962077,0.0688513,0.597175484935263,0
0.997198581695557,0.83175135,0.66,0.419,0.725,0.484,0.7203,0.369543671608,4.513368,25.6,9.860949081124913,0.117395,0.57436335820549,0
0.0327379262724173,0.022673875,0.053,-0.9916,0.0213,0.145,0.075,0.223799705505,-0.472181,0.168,3.528178432143682,-0.493599,-1.52375712176891,0
0.0731450543676464,0.123814255,0.432,-0.6685,0.3763,0.308,0.1288,0.273591339588,0.912927,9.386,3.3090018033981323,-0.219307,-0.90428010474821,0
0.841165363788605,0.26501483,0.379,-0.4083,0.5085,0.314,0.149,0.36766692996,2.886773,20.7,4.553778092745672,-0.0911628,0.259838746995119,1
0.538179636001587,0.2907821,0.5,-0.2625,0.6175,0.33,0.1436,0.411996215582,2.412116,18.61,3.3402552604675293,0.0136222,0.160002088480793,0
0.0339632093712011,0.06301746,0.14,-1.0387,0.0804,0.162,0.0983,0.266188263893,0.057664,1.336,3.837393556673735,-0.397878,-1.25101973218606,0
0.040551168699118,0.16803825,0.127,-0.9186,0.0033,0.317,0.0752,0.232519835234,0.122303,1.708,2.9612602269076937,-0.527296,-0.814281120534094,0
0.0976814329624176,0.11605084,0.191,-0.9208,0.0021,0.223,0.073,0.25578981638,0.526203,5.73,4.915628127501912,-0.494788,-1.24758967581532,0
0.0520350398890254,0.057250887,0.045,-0.8985,0.0016,0.374,0.0587,0.276214301586,-0.833158,0.044,3.103702425956726,-0.648661,-1.53784534805302,0
0.975269258022308,0.44514528,0.646,0.6219,0.761,0.362,0.4789,0.461241066456,3.559435,22.9,5.918226059300478,0.0920154,0.792288672949513,0
0.295722424983978,0.13835934,0.245,-0.953,0.1845,0.386,0.0922,0.277947425842,1.864466,16.11,3.241042584180832,-0.285324,-0.82360811329048,0
0.0131244674504726,0.012304097,0.219,-0.9275,0.0013,0.223,0.0584,0.26826569438,0.410321,4.504,2.7452546071898,-0.518101,-1.36572005298641,0
0.924504399299622,0.68015426,0.674,0.6406,0.7807,0.656,0.1947,0.736114144325,4.367818,25.1,10.783497156770816,0.241943,0.780916962556191,0
0.773338735103607,0.7462911,0.646,-0.0703,0.4308,0.691,0.3354,0.558740854263,3.82186,23.6,12.019569817377487,0.129755,0.242487297214678,1
0.335799515247345,0.15178812,0.243,-1.0305,0.0912,0.241,0.2734,0.216479420662,1.266034,12.67,1.4642577996981547,-0.357749,-0.925711039530812,0
0.217963233590126,0.17452985,0.171,-0.9201,0.0079,0.361,0.0943,0.241472825408,2.07813,17.11,2.858913147692276,-0.313777,-0.228139852749418,0
0.0890502780675888,0.12415877,0.066,-0.921,0.0021,0.268,0.0786,0.237837225199,-0.381496,0.238,2.6770768081935303,-0.604754,-1.39170530621712,0
0.0402317346158648,0.07226899,0.153,-1.0452,0.1063,0.163,0.0733,0.218513175845,-0.350064,0.269,3.641151972180883,-0.393246,-1.23032955323828,0
0.657578408718109,0.3385936,0.483,-0.2108,0.501,0.4,0.0987,0.352918893099,1.205905,12.24,3.9493228114314425,-0.0655096,-0.358716218329186,0
0.110067881643772,0.21993423,0.533,-0.3821,0.6246,0.279,0.079,0.256714940071,0.727496,7.63,4.433040348083416,-0.0419754,-0.829503947418871,0
0.0700512006878853,0.14000598,0.169,-0.8718,0.0037,0.374,0.0939,0.228640854359,0.417029,4.579,3.045996288400977,-0.494434,-0.733270460360701,0
0.97460550069809,0.71756417,0.592,0.2522,0.596,0.591,0.2558,0.569565534592,4.278914,24.8,9.208671873579048,0.00111256,0.750076568889419,0
0.033662992732336,0.052119344,0.041,-0.9354,0.0013,0.156,0.089,0.225549250841,-0.308133,0.317,1.932837758088128,-0.561479,-1.39498410167536,0
0.0929784109942518,0.16254902,0.579,-0.3426,0.582,0.284,0.0719,0.235480159521,0.208105,2.36,4.4533046393768565,-0.0606855,-0.888479690190754,0
0.651318192481995,0.47419015,0.444,-0.3863,0.4837,0.493,0.0922,0.288989007473,1.543668,14.44,3.977659318068176,-0.0213548,-0.421516414054063,0
0.283713940677465,0.23600113,0.517,0.1541,0.7948,0.419,0.0821,0.2423350811,0.746958,7.804,4.332292929291725,-0.0766808,-0.494340389516319,0
0.874707639217377,0.46949396,0.315,-0.859,0.205,0.496,0.1074,0.31821218133,1.682153,15.2,5.272472218158335,-0.0948425,-0.504153608886316,0
0.200868099927902,0.14611664,0.249,-0.7929,0.2787,0.257,0.078,0.262830138206,1.154335,11.84,4.981159098329591,-0.210074,-0.65470063247756,0
0.0464194969056536,0.030905038,0.052,-0.9634,0.0009,0.114,0.0761,0.278880119324,-0.726172,0.065,3.5701740351778417,-0.686512,-1.56165185677292,0
0.112662489291111,0.15935591,0.173,-0.9068,0.0057,0.349,0.0938,0.2406899333,1.619031,14.86,3.9568860828876495,-0.366408,-0.781328543152223,0
0.0496417788658637,0.13249558,0.539,-0.741,0.3739,0.313,0.1232,0.312240302563,0.430566,4.727,3.7405000925064087,-0.0752989,-0.788084785583369,0
0.553667068481445,0.38616627,0.183,-0.8913,0.0026,0.496,0.144,0.393165081739,2.851788,20.5,3.55593803524971,-0.315125,-0.153749790756252,0
0.111303743754854,0.17312539,0.344,-0.655,0.3478,0.338,0.1146,0.292038708925,2.030628,16.89,5.083805068398452,-0.182432,-0.151879504608009,0
0.058171670883894,0.1752663,0.172,-0.957,0.004,0.175,0.0865,0.220241874456,0.428056,4.7,1.895726275403113,-0.443095,-0.923071983517693,0
0.822281777858734,0.26922685,0.165,-0.858,0.0024,0.422,0.1119,0.379085242748,0.836328,8.632,5.058172726336154,-0.292588,-0.509351863102899,0
0.384739518165588,0.15135998,0.185,-0.9155,0.0032,0.36,0.089,0.261241734028,1.429806,13.76,4.097495325119708,-0.330324,-0.949899386820639,0
0.0459920056164265,0.14189142,0.392,-0.7747,0.2905,0.367,0.11,0.234695151448,0.381272,4.181,2.677738255449285,-0.194559,-1.06599505813693,0
0.0584245057091864,0.074388415,0.099,-1.0156,0.0646,0.162,0.065,0.27528283,0.091608,1.52,3.356867372551718,-0.474343,-0.858430411187401,0
0.290511876344681,0.6794963,0.167,-0.8922,0.0044,0.492,0.0869,0.352995157242,0.902366,9.282,4.168285602308995,-0.273606,-0.298206536616557,0
0.807417511940002,0.2573399,0.476,-0.4861,0.4397,0.322,0.1102,0.279360532761,1.09511,11.33,2.3430918753147125,-0.136084,-0.635990114948107,0
0.0909095034003258,0.26375145,0.402,-0.8897,0.2423,0.374,0.1179,0.44444578886,1.344825,13.21,7.456202938032586,-0.212015,-0.472443489584941,0
0.986564636230469,0.8135381,0.809,0.4248,0.6629,0.76,0.566,0.553964138031,3.60109,23.0,2.809798099537814,0.303031,0.430715303847218,0
0.0696077977871686,0.12996855,0.258,-0.7276,0.2955,0.249,0.0816,0.260326564312,-0.650238,0.087,2.669136950443176,-0.338745,-1.25897125072782,0
0.0180233632755601,0.06359303,0.022,-1.0744,0.0459,0.17,0.085,0.230211019516,-0.831936,0.045,1.8806075478659472,-0.57347,-1.67805509964987,0
0.0513100326061249,0.17805424,0.132,-0.9144,0.0028,0.284,0.212,0.212545394897,1.037677,10.76,5.07332937385671,-0.479496,-0.820827691721675,0
0.692339599132538,0.29358727,0.414,-0.5723,0.3495,0.447,0.1108,0.302851200104,2.696638,19.84,5.237231553113155,-0.033554,-0.148031810288189,0
0.0309487767517567,0.107960165,0.228,-1.0479,0.1091,0.314,0.089,0.280279040337,0.595108,6.408,3.947600752236012,-0.357771,-1.07412577940554,0
0.9936443567276,0.96885264,0.847,1.0233,0.9137,0.726,0.9812,0.650812506676,4.895332,27.3,9.01317084825132,0.473967,0.927545094829236,1
0.0621142725549632,0.1070829,0.087,-0.8915,0.0028,0.258,0.071,0.370190739632,1.007701,10.42,4.302663006123035,-0.496679,-0.83803448527532,0
0.993402368940542,0.8638731,0.861,0.8265,0.8142,0.739,0.3526,0.516481339931,3.933694,23.9,5.678753577172756,0.335414,0.907213167987082,0
0.608521819114685,0.20109662,0.125,-0.8932,0.0039,0.402,0.0862,0.266344428062,1.648632,15.02,4.523882575333118,-0.294963,-0.393959208264279,0
0.148585885763168,0.16421074,0.508,-0.1586,0.7163,0.343,0.0676,0.359836697578,1.213886,12.3,2.94199612736702,0.0734257,-0.508216461854465,0
0.0323218498473932,0.057393104,0.324,-0.9476,0.1892,0.21,0.0837,0.216073021293,-0.209963,0.468,3.516837105154991,-0.313549,-1.26117872106057,0
0.103077477064098,0.13628557,0.404,-0.7525,0.3203,0.303,0.2162,0.320734292269,0.814228,8.42,3.139925086931437,-0.164803,-1.07539241088363,0
0.0264329197714864,0.08796999,0.359,-0.9339,0.0019,0.203,0.0829,0.258025944233,0.181614,2.138,3.511489570140838,-0.368306,-1.32957781451938,0
0.0738679976936101,0.1226373,0.133,-0.8798,0.138,0.3,0.1067,0.198943525553,0.382415,4.193,3.837432568710369,-0.436436,-1.11208099125136,0
0.869230687618256,0.40692306,0.563,0.508,0.6774,0.367,0.1201,0.260378926992,2.298753,18.11,2.4912343621253967,-0.0146803,0.185190015801491,0
0.99621969461441,0.6813818,0.593,0.3203,0.666,0.484,0.5991,0.526204705238,3.13323,21.5,5.92581254375031,-0.017819,0.108248896009661,0
0.125591123313272,0.2125291,0.389,-0.6274,0.4349,0.359,0.0945,0.250212699175,2.234544,17.83,4.375130847096443,-0.205788,-0.42762902003335,0
0.198640957060978,0.11237863,0.488,-0.6592,0.3791,0.302,0.079,0.2597027421,2.081447,17.13,4.111635320045744,-0.148581,-0.693160367225876,0
0.0803174301981926,0.11092061,0.203,-0.9275,0.0023,0.231,0.0848,0.244332760572,1.239517,12.48,3.7601865381002426,-0.356718,-0.623342247644882,0
0.0327228046953678,0.043020517,0.105,-1.0192,0.0587,0.103,0.0581,0.220560789108,-0.55173,0.125,3.747157291655275,-0.572217,-1.44410423439783,0
0.67498791217804,0.19360176,0.328,-0.6725,0.3281,0.31,0.5954,0.287806749344,0.815496,8.432,2.5537783205509186,-0.138335,-0.518768961307814,0
0.0158125929145252,0.06921792,0.334,-0.9289,0.0016,0.316,0.0687,0.281224370003,0.033495,1.218,3.566858410835266,-0.429227,-1.41090053617632,0
0.984365463256836,0.9448545,0.72,0.4849,0.6958,0.822,0.6902,0.487209945917,5.479479,32.0,11.29250974569004,0.353329,0.97016498987587,1
0.041730459779501,0.11948794,0.206,-0.9164,0.0023,0.256,0.1187,0.247124820948,0.530365,5.772,2.1497709339006272,-0.526542,-0.984507765466683,0
0.0484435074031353,0.10889393,0.374,-0.9073,0.0018,0.196,0.074,0.241577908397,-0.788443,0.052,3.048671096441345,-0.45628,-1.41874488461285,0
0.831901848316193,0.48496422,0.415,-0.1366,0.4965,0.524,0.164,0.292942047119,0.098038,1.558,2.7601245451258114,-0.231315,-0.977139702962964,0
0.0181062970720161,0.07744074,0.203,-1.0252,0.1105,0.195,0.0857,0.225947678089,0.097734,1.556,4.41565662406448,-0.392489,-1.1527601412683,0
0.0341458009707853,0.13256451,0.289,-0.8069,0.2449,0.24,0.0673,0.22910733521,1.737094,15.48,4.112148237444504,-0.283534,-0.981814181774884,0
0.108620071185501,0.079105556,0.223,-1.0031,0.0934,0.236,0.1001,0.250894129276,0.65618,6.982,2.001486639365125,-0.283641,-0.846995236020803,0
0.0288006868213415,0.09162873,0.342,-0.9906,0.1836,0.217,0.4015,0.239420413971,-0.03936,0.92,2.397888717952809,-0.341062,-1.30264259105385,0
0.123087033629417,0.1382576,0.118,-0.8844,0.0016,0.185,0.0768,0.254302054644,1.12435,11.59,3.525258128054377,-0.484948,-0.741310685303921,0
0.184698089916736,0.12262136,0.269,-0.7658,0.3386,0.312,0.0732,0.235460489988,0.165792,2.014,4.195385381579399,-0.294102,-0.7540186907247,0
0.462293267250061,0.24833804,0.433,-0.4632,0.5092,0.325,0.1325,0.270896226168,1.84105,16.0,3.787464380264282,-0.0835818,-0.361892123210316,0
0.0357265009245952,0.047076344,0.538,-0.4418,0.4225,0.298,0.0698,0.424066543579,1.129186,11.63,4.667746514081955,0.00896425,-1.04896996657405,0
0.994104444980621,0.81792986,0.743,0.2232,0.5775,0.538,0.5329,0.51037299633,4.51332,25.6,8.772248837666991,0.170847,0.677239090072959,0
0.904282093048096,0.45840207,0.404,-0.4214,0.5333,0.407,0.1168,0.257655829191,2.029957,16.89,2.4669060253500623,-0.0960695,-0.210003086686121,0
0.405424971577821,0.23356935,0.483,0.0015,0.6505,0.416,0.149,0.417131841183,2.48785,18.94,4.048300102353096,-0.0723226,-0.409302148457638,0
0.280917555093765,0.17009965,0.331,-0.6881,0.3493,0.223,0.1119,0.223627045751,0.619452,6.64,2.5877891329485108,-0.188726,-0.774492545463991,0
0.474803924560547,0.44695807,0.11,-1.1522,0.0178,0.508,0.3964,0.54939353466,4.487082,25.5,2.805910348892212,-0.304464,0.608991643261595,0
0.0157071704639965,0.06732917,0.256,-0.9231,0.0022,0.168,0.1821,0.374336689711,0.913272,9.389,3.5304616096603447,-0.417234,-0.914594795638328,0
0.12251053750515,0.16792312,0.103,-0.8656,0.0046,0.304,0.2729,0.306824654341,1.088504,11.27,3.5068136006593704,-0.452535,-0.722990137544159,0
0.133064940571785,0.12761587,0.154,-0.9052,0.0015,0.289,0.1256,0.283435940742,-0.850777,0.042,3.526564764279045,-0.564375,-1.35850387813669,0
0.313089221715927,0.2002239,0.114,-1.0284,0.0843,0.345,0.1595,0.363188236952,0.132105,1.773,3.4897661020670987,-0.39485,-1.18024298473976,0
0.200000529278441,0.2987368,0.483,-0.167,0.5474,0.395,0.0888,0.263723134995,1.60797,14.8,3.7251125127077103,-0.155638,-0.363195895201082,0
0.880620777606964,0.30337033,0.16,-0.9525,0.0048,0.289,0.1223,0.294126152992,1.220234,12.34,4.135634180461925,-0.349068,-0.372800948474293,0
0.470790445804596,0.37645864,0.253,-0.687,0.2815,0.452,0.1439,0.274409770966,1.979944,16.66,4.111085075046227,-0.147512,0.0374942514795942,0
0.0587550648920955,0.17597824,0.288,-0.8964,0.0025,0.381,0.2638,0.281088143587,0.063252,1.364,5.763080103148054,-0.368871,-0.999999432737674,0
0.979163348674774,0.4252098,0.518,-0.1932,0.7056,0.517,0.1766,0.303863704205,1.479316,14.06,3.061197701693423,-0.0493732,-0.249900247334307,0
0.01238595508039,0.049663007,0.269,-1.0007,0.1071,0.198,0.1,0.208210125566,-0.031268,0.949,3.5628198101167268,-0.340711,-1.21827941879968,0
0.968379855155945,0.92995155,0.936,1.1042,0.9703,0.68,0.9773,0.556240200996,4.400669,25.2,7.033475514045422,0.531135,0.732945719586872,0
0.964957237243652,0.7937522,0.591,0.3443,0.8231,0.672,0.1546,0.30322676897,3.532315,22.8,9.535488926019752,0.181782,0.289801554113165,0
0.0633748322725296,0.11155677,0.162,-0.929,0.0025,0.269,0.0807,0.360773324966,1.198776,12.19,3.5190260737622663,-0.489234,-1.05125987277249,0
0.956481397151947,0.39793372,0.199,-0.7692,0.302,0.451,0.1235,0.324806988239,3.650794,23.1,4.758052728300591,-0.121468,0.240305893843039,0
0.0276939049363136,0.095062435,0.229,-0.9427,0.1516,0.309,0.1316,0.260389328003,-0.083303,0.775,4.406404761633241,-0.350523,-1.13166908426245,0
0.0428360644983329,0.04829648,0.038,-0.9353,0.0013,0.138,0.0676,0.277302622795,-0.569038,0.117,3.9502932253151775,-0.643215,-1.50245228460456,0
0.069940005840474,0.023621976,0.149,-0.933,0.0772,0.194,0.0636,0.232699051499,-0.296461,0.332,3.352133297665278,-0.380251,-1.63243518671589,0
0.963473379611969,0.65160567,0.573,0.406,0.8621,0.554,0.1011,0.324083417654,2.965636,21.0,5.000424570198628,0.19504,0.110348728492296,0
0.0295138210058212,0.083278835,0.3,-0.9156,0.0021,0.179,0.0809,0.310456603765,0.624056,6.683,3.47080796957016,-0.523936,-1.14651133909236,0
0.0718919339790487,0.007881105,0.405,-0.7604,0.3316,0.206,0.1071,0.199390232563,1.350169,13.25,4.007375914308882,-0.238402,-0.361005192343072,0
0.115169256925583,0.2670714,0.566,0.0902,0.7616,0.355,0.0904,0.300323367119,1.663061,15.1,4.872415031497765,0.190577,-0.478246756033598,0
0.0422200937186091,0.06728315,0.263,-1.054,0.0566,0.301,0.0958,0.24955804646,0.460782,5.053,3.67855857905573,-0.415613,-1.19964698594066,0
0.0853550210595131,0.34805205,0.193,-0.9143,0.0048,0.439,0.1062,0.256262034178,0.859726,8.861,4.19277470870768,-0.420038,-0.824319118492864,0
0.973198592662811,0.62459594,0.548,0.4872,0.6945,0.611,0.2916,0.574356615543,4.137991,24.4,4.5703317584293055,0.102355,0.759375209220284,0
0.486428886651993,0.51154983,0.234,-1.0485,0.1084,0.474,0.1431,0.407420128584,0.371088,4.066,2.738680555469202,-0.252249,-0.30321929676397,0
0.0723172151508011,0.17521021,0.19,-0.8852,0.0039,0.309,0.1259,0.257833361626,1.040615,10.79,2.5613103576671103,-0.366046,-0.707984546069861,0
0.0579485726816117,0.15716216,0.207,-0.8889,0.0024,0.247,0.1011,0.278274774551,0.634166,6.778,3.606699049472809,-0.392294,-0.856879986727749,0
0.807813167572021,0.3773194,0.543,0.1345,0.7967,0.408,0.2197,0.41371551156,3.370073,22.3,4.28699142150537,-0.0291003,0.265963764322394,0
0.732926249504089,0.28887993,0.164,-0.8881,0.004,0.358,0.1258,0.230988040566,0.840307,8.671,3.7915479838848114,-0.376125,-0.627644971810856,0
0.95698469877243,0.834869,0.474,-0.1316,0.3984,0.762,0.8168,0.431877017021,4.184451,24.5,9.959057732485237,0.0676183,0.634001864028459,0
0.026378753591379,0.1166628,0.508,-0.6464,0.4533,0.251,0.0645,0.240098103881,0.563522,6.102,3.538012815620404,-0.141134,-0.939839227863308,0
0.0531616372404381,0.16183874,0.626,-0.3234,0.5756,0.278,0.0865,0.260770201683,-0.261347,0.381,3.2228026227938664,-0.10623,-0.969310787848146,0
0.0462777353823185,0.16229078,0.05,-0.8973,0.0026,0.223,0.0685,0.206713780761,0.188936,2.197,3.785771682858467,-0.583929,-1.14292294694045,0
0.0381159335374832,0.10032159,0.342,-0.9312,0.2237,0.291,0.0908,0.219815820456,0.557507,6.043,2.436983090749431,-0.217129,-0.962154135579747,0
0.194599777460098,0.15486604,0.276,-0.9578,0.1758,0.29,0.1004,0.334541141987,1.053646,10.93,4.341515855238496,-0.26374,-0.650568522006112,0
0.951696395874023,0.40258753,0.507,-0.987,0.1173,0.432,0.1668,0.350947737694,2.684842,19.79,3.309513080053532,0.0161862,0.0540327649393952,0
0.0816778466105461,0.16136509,0.468,-0.8698,0.2798,0.437,0.0716,0.255788147449,1.522492,14.32,3.0897719962408186,-0.0707403,-0.628462672443368,0
0.0111830454457917,0.042033434,0.381,-0.9833,0.0009,0.074,0.4879,0.283386409283,0.598782,6.443,2.6317707002162933,-0.494115,-1.11427405491739,0
0.252503845656991,0.2806558,0.47,0.2461,0.6086,0.371,0.0824,0.301644325256,1.473866,14.03,4.736753962857621,-0.0388043,-0.127356115019169,0
0.170358530625896,0.18536526,0.335,-0.6375,0.317,0.211,0.1072,0.327325582504,2.206848,17.7,5.102829180657864,-0.152531,-0.0523376335599065,0
0.0980288907885551,0.11692104,0.385,-0.9167,0.2491,0.295,0.0787,0.27186858654,0.300394,3.277,3.8371528195808873,-0.250014,-0.87606010646729,0
0.0288119439835356,0.09655988,0.144,-0.925,0.0017,0.239,0.2129,0.19550088048,-0.154844,0.583,3.5292751700655622,-0.536429,-1.01907951621817,0
0.939873516559601,0.45797762,0.699,0.4014,0.8468,0.41,0.1802,0.314512789249,2.611616,19.48,5.876161813735962,0.00530442,0.0614399177832296,0
0.133500769734383,0.16580784,0.438,-0.261,0.5339,0.345,0.0986,0.227291986346,1.069011,11.08,3.967932902004716,-0.126297,-0.709443749843831,0
0.154007388710934,0.22577015,0.273,-1.0262,0.1473,0.388,0.0996,0.232440412045,0.280256,3.061,3.599363448540269,-0.317296,-1.17940508892958,0
0.0522989349853833,0.11713067,0.295,-0.9126,0.0024,0.187,0.0942,0.244746178389,-0.379486,0.24,3.24342280626297,-0.506347,-1.29226350023823,0
0.911916613578796,0.36703223,0.635,0.7008,0.9248,0.481,0.1282,0.310338795185,1.712518,15.36,4.296404274796766,0.203994,-0.0547482947386606,0
0.0730999484658241,0.051115632,0.333,-0.9007,0.002,0.057,0.0894,0.25137513876,-0.110237,0.696,3.3821558952331543,-0.394095,-1.06737620550491,0
0.347152888774872,0.23277059,0.201,-0.9078,0.0065,0.475,0.111,0.453591644764,2.730629,19.98,2.2694401144981384,-0.354141,-0.322361547821896,0
0.485734194517136,0.18223083,0.375,-0.6729,0.4066,0.302,0.0905,0.218079298735,0.541409,5.883,3.8061893775285256,-0.220512,-0.528864091091892,0
0.073681462979127,0.13415033,0.213,-0.8801,0.0029,0.238,0.1703,0.299001336098,0.264282,2.895,3.1579829547089435,-0.404356,-1.15851025834084,0
0.213880389928818,0.10958648,0.236,-0.9055,0.0021,0.308,0.0747,0.346205174923,0.659126,7.01,3.720958757947435,-0.476784,-1.08955178149706,0
0.462370987758874,0.3349197,0.58,-0.1385,0.564,0.598,0.2337,0.347149014473,0.960231,9.872,7.295074984431267,-0.0212574,-0.364344677468322,0
0.520019352436066,0.2493703,0.111,-0.8287,0.0032,0.367,0.0885,0.278674244881,0.75177,7.847,4.747879959487833,-0.370211,-0.272924380354062,0
0.997287273406982,0.96341926,0.885,0.9138,0.8651,0.831,0.5453,0.723373889923,5.184359,29.1,11.305350770451389,0.381789,0.912368760369164,0
0.0657438779114825,0.11224842,0.485,-1.0178,0.044,0.346,0.0904,0.264065623283,0.474832,5.201,2.501174977134572,-0.196672,-0.856842488387186,0
0.560510581005353,0.36331862,0.124,-1.099,0.0163,0.426,0.2829,0.454885870218,4.328006,24.9,2.681524223248417,-0.2066,0.667012760390803,0
0.128969386219978,0.055217832,0.077,-0.9333,0.0019,0.053,0.0672,0.191815122962,-2.020686,0.002,3.1953628598815147,-0.633046,-2.1867503783646,0
0.561340630054474,0.24178246,0.243,-0.9526,0.1652,0.265,0.1842,0.290046572685,1.865094,16.11,5.888499175682895,-0.264328,-0.546878456565285,0
0.148589625954628,0.15797698,0.215,-0.7402,0.0045,0.312,0.0799,0.321815609932,1.079448,11.18,3.4364858865737915,-0.401545,-0.720623076551872,0
0.982113778591156,0.7373706,0.587,0.7067,0.7687,0.582,0.6867,0.447287619114,4.338404,25.0,3.664376802838952,0.150417,0.785396665360407,0
0.0662696465076264,0.18219188,0.33,-0.8753,0.2464,0.223,0.0659,0.203847333789,0.721592,7.577,2.897596881073408,-0.206992,-0.851961230766371,0
0.087370043148944,0.19053778,0.145,-0.9087,0.0048,0.265,0.1944,0.251118928194,2.354812,18.36,3.3002345484944167,-0.291177,-0.417224447577758,0
0.951084792613983,0.37830004,0.387,-0.039,0.691,0.36,0.191,0.256814420223,2.53112,19.13,4.297515884302883,-0.0476781,0.123386310039689,0
0.12178804982932,0.16050369,0.631,0.4574,0.8614,0.332,0.3048,0.319881081581,2.020641,16.85,5.141572132706642,0.118553,-0.550764239602647,0
0.871341948633887,0.9184197,0.716,1.0004,0.9069,0.525,0.792,0.404711574316,3.996313,24.0,4.368812477710715,0.186883,0.646855127670355,0
0.17446793615818,0.13572344,0.145,-0.9277,0.0045,0.241,0.189,0.27215474844,1.630158,14.92,2.4441565736665885,-0.405174,-0.58395836481927,0
0.911346673965454,0.7275388,0.585,0.4249,0.6041,0.512,0.1592,0.330394119024,3.451113,22.6,2.7956079961118947,0.0525127,0.571774866066415,0
0.871872782707214,0.77780527,0.614,-0.1926,0.5867,0.72,0.1123,0.263455569744,2.685856,19.79,3.67557293176651,0.039634,0.222666889363236,0
0.0738476371026677,0.036167353,0.516,-0.4926,0.3166,0.175,0.0496,0.210195273161,-0.262447,0.379,4.286996126174927,-0.12126,-1.79821223499458,0
0.322341587818931,0.17610452,0.137,-0.9227,0.0062,0.171,0.0773,0.204553723335,1.414059,13.66,4.027713050561987,-0.479948,-0.174194312344365,0
0.636949479579926,0.2352362,0.219,-0.8683,0.2386,0.405,0.0944,0.314189314842,2.002558,16.76,3.439195460271981,-0.298602,-1.04482961431744,0
0.123061452804042,0.32846707,0.581,-0.2294,0.6687,0.4,0.0718,0.326331198215,0.778382,8.087,2.164403796195984,0.0937378,-0.579800333304348,0
0.508893916084223,0.3450539,0.395,-0.511,0.4652,0.395,0.0836,0.31855481863,1.683794,15.21,4.017424092699838,-0.0564159,0.178474176582666,0
0.897042632102966,0.6594075,0.546,0.3612,0.6643,0.602,0.2548,0.411202013493,2.551345,19.22,5.752653382455767,-0.0174799,0.080408715607026,0
0.0375252890436617,0.1348047,0.141,-0.9804,0.1031,0.229,0.1988,0.29475286603,1.279106,12.76,4.09934709567315,-0.425091,-0.917552448197112,0
0.0377507028994835,0.12431899,0.268,-0.9215,0.1907,0.237,0.0656,0.240378767252,0.731617,7.667,3.6196072104473087,-0.25702,-0.878703622834696,0
0.0470872161817925,0.027892798,0.473,-0.8788,0.3044,0.316,0.0776,0.239323973656,-0.307018,0.318,4.03339096903801,-0.224876,-0.956658608941655,0
0.400359200467976,0.44735765,0.424,-0.7994,0.2921,0.368,0.1287,0.400124758482,1.965071,16.59,6.4521142055305,-0.0418381,-0.393007666672802,0
0.317843347787857,0.09107727,0.262,-0.9022,0.0021,0.262,0.1012,0.341658145189,0.54352,5.904,2.584991710433635,-0.460579,-1.05209277245039,0
0.962886333465576,0.8370079,0.502,0.5696,0.7514,0.48,0.2115,0.360474586487,2.994095,21.1,6.091631486739599,0.0119156,0.385517685638672,0
0.0433714968429365,0.12771061,0.111,-0.9847,0.1552,0.202,0.1406,0.282140672207,0.038229,1.24,3.82125400115859,-0.307643,-0.939180584316156,0
0.0539842007264323,0.17841253,0.587,-0.5217,0.5902,0.382,0.0954,0.224428042769,-0.143048,0.611,3.2091546058654785,-0.06352,-1.10119696717188,0
0.0853109357020561,0.1649484,0.19,-0.9144,0.0049,0.316,0.161,0.320021867752,1.089568,11.28,3.756528988480568,-0.452383,-1.16133224723018,0
0.172667562961578,0.14342207,0.233,-0.8084,0.0032,0.252,0.1191,0.239318042994,0.452733,4.967,3.657809934573884,-0.469711,-0.87432453989157,0
0.86946827173233,0.3674854,0.561,0.5696,0.7719,0.403,0.1162,0.294185608625,3.8216,23.6,4.326292628919767,-0.00426673,0.330969364009033,0
0.378465324640274,0.1409952,0.3,-0.4892,0.4838,0.295,0.0894,0.362019628286,1.827882,15.93,5.628705370663467,-0.225999,-0.127735247725271,0
0.975770711898804,0.8831644,0.757,1.0664,0.9424,0.717,0.9107,0.44054800272,4.14133,24.4,11.886047251653508,0.245782,0.611249255285864,0
0.0366193987429142,0.103128344,0.125,-0.8803,0.0034,0.256,0.1845,0.268343448639,0.111211,1.638,2.2888827274790025,-0.526496,-1.09012304647302,0
0.997056539412537,0.41573387,0.216,-1.0526,0.0438,0.459,0.9824,0.767053842545,3.550001,22.9,2.691613249402461,-0.0578463,0.480483469502873,0
0.106135331094265,0.081462145,0.214,-1.0328,0.0809,0.157,0.0986,0.228888988495,-0.298248,0.329,2.2827124011195967,-0.409895,-1.12345557116787,0
0.942097842693329,0.8061693,0.437,-0.0279,0.4516,0.688,0.3436,0.500801622868,4.098575,24.3,-0.0309683934110314,0.00625767,0.651749871841815,0
0.0520492546795654,0.25825864,0.463,-1.0213,0.0529,0.238,0.0905,0.228024989367,-0.361546,0.257,4.338146363611416,-0.19819,-0.673102158262951,0
0.0325669329559293,0.019757867,0.16,-0.9588,0.0645,0.197,0.07,0.301765620708,0.934417,9.6,3.093201220035553,-0.353393,-1.2964798589213,0
0.0615845347507918,0.2611767,0.417,-0.9466,0.2739,0.4,0.0647,0.248314753175,1.149531,11.8,9.50334286996361,-0.249651,-1.38360757800081,0
0.477625638246536,0.23716319,0.509,-0.316,0.4834,0.417,0.0628,0.231003671885,1.937474,16.46,2.877504404987836,-0.0767742,-0.333608765418278,0
0.98992133140564,0.9617454,0.924,0.9681,0.8751,0.922,0.9637,0.667352080345,5.027694,28.1,16.664436457141154,0.450611,0.958339260912934,1
0.991561710834503,0.8514019,0.586,0.9832,0.8861,0.651,0.3366,0.480361759663,4.939333,27.6,13.122401872678893,0.134789,0.698737661402858,1
0.957472383975983,0.46301824,0.22,-0.1938,0.407,0.469,0.187,0.521073460579,3.953459,23.9,5.900212123990059,-0.0487506,0.613577242867143,0
0.0996029534043234,0.1386368,0.344,-0.8935,0.0032,0.229,0.1148,0.270795196295,-0.559164,0.121,3.1088547538663533,-0.396667,-1.01506385585002,0
0.465938419103622,0.41339043,0.515,-0.5534,0.4156,0.379,0.0806,0.211003795266,1.957574,16.55,4.2835977541008745,-0.087563,-0.314538943509881,0
0.732334852218628,0.4608548,0.481,0.4294,0.6593,0.435,0.1926,0.600193619728,3.809901,23.5,2.2605676651000977,0.0471287,0.312166173401598,0
0.997794151306152,0.86411494,0.718,0.9042,0.8466,0.691,0.4317,0.409879624844,4.323069,24.9,5.089289516210556,0.200812,0.803122027226495,0
0.770502805709839,0.3164512,0.275,-0.7123,0.2029,0.495,0.1168,0.328657150269,2.963218,21.0,5.025924324989319,-0.130661,0.0555721109558887,0
0.0341388729852668,0.109350175,0.256,-0.706,0.359,0.232,0.0701,0.284761041403,0.599944,6.455,3.327834101605499,-0.234321,-0.670564396458478,0
0.0562164075672626,0.1685408,0.154,-0.8976,0.0036,0.333,0.122,0.382072806358,1.369738,13.37,4.096018453081346,-0.491359,-0.711675641984902,0
0.199072277537259,0.1212171,0.174,-0.8989,0.0024,0.189,0.0789,0.23619864881,0.758404,7.907,2.498920202255249,-0.384844,-0.841299197645606,0
0.0721646867704073,0.17054346,0.242,-0.9259,0.0018,0.326,0.1028,0.257350295782,0.516044,5.627,3.0523395196994176,-0.358205,-0.951257099300436,0
0.0248303356024546,0.06976625,0.218,-0.9174,0.2798,0.173,0.063,0.205651193857,-0.239801,0.415,3.654980025729886,-0.334885,-1.15094257250905,0
0.419422924518585,0.31715322,0.465,-0.9179,0.2223,0.383,0.0936,0.223696574569,1.324497,13.07,4.808338209707651,-0.119964,-0.460093638654744,0
0.904420137405396,0.37000442,0.458,0.1148,0.6998,0.436,0.1316,0.307385087013,3.331016,22.2,3.300452641360194,0.0377528,0.344696854430663,0
0.514796197414398,0.29223773,0.582,-0.6297,0.4144,0.454,0.1106,0.256266653538,-0.811233,0.048,1.7076440059491285,-0.0893698,-0.818990247910553,0
0.436586290597916,0.4141538,0.255,-0.9265,0.0026,0.292,0.0853,0.29523152113,0.518135,5.649,5.441186224794138,-0.35519,-0.63780548819274,0
0.535751700401306,0.31735095,0.562,-0.1972,0.7954,0.439,0.0995,0.286060899496,2.208298,17.71,3.837413760791984,0.0323215,-0.171975620940075,0
0.364011138677597,0.22528869,0.158,-0.8257,0.0027,0.323,0.1007,0.2766264081,1.130628,11.64,2.2146151255232773,-0.449466,-0.40445210841592,0
0.0424193350098744,0.054946363,0.452,-0.6459,0.4229,0.256,0.1404,0.261349916458,0.614778,6.596,4.0406493384879685,-0.176732,-1.03056984343873,0
0.997815608978271,0.9204892,0.852,0.9346,0.8779,0.589,0.9572,0.536462545395,4.060811,24.2,6.4709553531754365,0.37194,0.63786141582857,0
0.111503295473657,0.27676195,0.559,0.9734,0.9592,0.319,0.0828,0.308249771595,1.144325,11.76,4.045384321526415,0.0898427,-0.508176591349002,0
0.0771917777283603,0.20723587,0.399,-0.6959,0.3153,0.382,0.1145,0.260514974594,1.346573,13.22,4.36952088397393,-0.140853,-0.741349211749004,0
0.0664595365524292,0.07526347,0.258,-0.9143,0.0021,0.208,0.1087,0.258332341909,1.062856,11.02,4.997849375009537,-0.375901,-1.06552548749518,0
0.961007535457611,0.29482228,0.156,-0.775,0.0075,0.271,0.1156,0.292968988419,2.788267,20.3,4.409981742501259,-0.375479,-0.0766839193004054,0
0.22568879564811,0.21538273,0.469,-0.6557,0.3765,0.284,0.0779,0.226473644376,1.22167,12.35,4.576757717644654,-0.206262,-0.436424708764537,0
0.717673003673553,0.15333748,0.413,-0.6498,0.3106,0.411,0.1861,0.305615991354,2.090014,17.17,3.142827042827612,-0.0482304,-0.107055012400395,0
0.53661972284317,0.36078784,0.119,-1.0038,0.0087,0.378,0.0854,0.322434127331,1.667154,15.12,3.756202474236488,-0.458129,0.0026015719303234,0
0.875598013401031,0.5209978,0.624,0.8127,0.8358,0.461,0.1394,0.326788187027,3.182446,21.7,3.995616607367992,-0.0317113,0.293937864243409,0
0.159541569731659,0.2037758,0.457,-0.7407,0.2651,0.355,0.1184,0.207600802183,1.271584,12.71,3.435507053790081,-0.0280921,-0.588519471183968,0
0.417477935552597,0.30776927,0.447,-0.3485,0.5232,0.471,0.081,0.251122057438,2.065573,17.06,3.455861776464593,-0.0941656,-0.480640161087636,0
0.008104134091439,0.039766192,0.232,-0.9154,0.0021,0.207,0.0954,0.229835450649,-0.16154,0.567,3.3797581791877747,-0.408341,-1.37767693513127,0
0.90274715423584,0.30101287,0.176,-0.8405,0.0059,0.426,0.0987,0.313019812107,2.20769,17.71,3.24528965263272,-0.402595,-0.0028756042167578,0
0.715868771076202,0.30719537,0.469,-0.2285,0.4814,0.437,0.3762,0.293854981661,1.7267,15.43,5.995814069921598,-0.0652784,0.23301072715986,0
0.609755098819733,0.339904,0.409,-0.4259,0.5137,0.379,0.1365,0.309947967529,1.333506,13.14,5.734772378820604,-0.105791,-0.104504967484586,0
0.13866081614359,0.13876498,0.166,-0.8957,0.0022,0.334,0.0817,0.308382034302,0.622672,6.67,4.756696237530544,-0.446468,-0.766616400310472,0
0.15811188519001,0.29203916,0.447,-0.6557,0.3902,0.324,0.1213,0.264842748642,0.507393,5.539,3.501606478901824,-0.0521733,-0.547838931443997,0
0.491624111172359,0.4108684,0.581,-0.0905,0.7019,0.442,0.2312,0.343568980694,2.989508,21.1,4.290648967027664,0.101654,0.0909308030687813,0
0.979735016822815,0.3433088,0.137,-1.0395,0.0095,0.402,0.2902,0.417696177959,3.72849,23.3,5.3253225003741855,-0.314145,0.349840397145475,0
0.997890174388885,0.9851811,0.947,1.0033,0.894,0.899,0.9844,0.791383743286,4.614668,26.0,13.325436110228669,0.475555,0.919234699289363,1
0.0730684101581573,0.17584547,0.13,-0.8985,0.0048,0.212,0.0948,0.23822003603,1.488825,14.12,4.448681488633156,-0.421301,-0.310099482308295,0
0.0423446409404278,0.07890922,0.301,-0.8923,0.0028,0.197,0.1314,0.250630497932,0.348538,3.812,2.411425828933716,-0.487279,-1.34762201845044,0
0.0387284324569926,0.04247552,0.118,-0.929,0.0008,0.177,0.045,0.365656107664,-0.624918,0.095,3.266623335399242,-0.534135,-1.43249904586307,0
0.413770437240601,0.17909142,0.203,-0.9067,0.0026,0.314,0.1911,0.260818958282,1.516923,14.28,4.565367613491731,-0.300143,-0.63150922963904,0
0.0553553886711597,0.07825211,0.293,-0.9105,0.0016,0.22,0.098,0.238371580839,0.699179,7.375,2.494513058014861,-0.492744,-1.115105807349,0
0.979294418198944,0.36095417,0.176,-1.2093,0.0599,0.417,0.4683,0.593309342861,4.215009,24.6,3.863770958521685,-0.185579,0.789132125734093,0
0.968519270420074,0.8642576,0.773,0.5732,0.7091,0.81,0.4778,0.63486546278,4.659542,26.1,12.08225708975806,0.347004,0.827301918701931,1
0.122041069257538,0.3360626,0.529,-0.5342,0.4496,0.472,0.1207,0.249284058809,2.371696,18.44,4.566796503946329,-0.0673092,-0.580191890459535,0
0.0860403254628181,0.14344475,0.18,-0.8919,0.0027,0.176,0.0963,0.268721729517,1.223837,12.37,3.1787663400173187,-0.439996,-0.65514580494069,0
0.0557931869650957,0.09816399,0.526,-0.7008,0.3116,0.302,0.0959,0.304446190596,0.402463,4.417,3.831154122948647,-0.166459,-0.970787428979818,0
0.120956405455343,0.12669903,0.139,-0.9493,0.0044,0.269,0.0931,0.226035997272,0.770456,8.015,4.529421806335449,-0.35996,-0.574427616848696,0
0.497950166463852,0.20976558,0.313,-0.6146,0.3608,0.396,0.0811,0.252741426229,2.476089,18.89,4.3059838480670125,-0.175756,-0.578286628069372,0
0.253526002168655,0.48170543,0.554,-0.3622,0.3854,0.471,0.0737,0.267688214779,1.086186,11.25,3.348772010206062,-0.081392,-0.352889037543184,0
0.0211255386613598,0.07745582,0.266,-1.0067,0.1714,0.382,0.0821,0.294085144997,1.245414,12.53,2.724450034638506,-0.33057,-1.25714168587595,0
0.0294516563982932,0.06468451,0.259,-0.8992,0.0014,0.138,0.0823,0.299753308296,-1.323062,0.008,3.027958631515503,-0.509997,-1.64118233903261,0
0.231238707900047,0.31928375,0.658,-0.4811,0.4693,0.317,0.0877,0.27361291647,0.33599,3.671,3.756333976984024,-0.0312193,-0.855805425609717,0
0.98091846704483,0.8149226,0.678,0.3749,0.661,0.899,0.9947,0.678713917732,3.535746,22.8,15.774863062048098,0.333422,0.670045961903725,1
0.0924876470157179,0.20684853,0.292,-0.7978,0.2958,0.273,0.1868,0.299753516912,0.358049,3.919,2.933576807884388,-0.282163,-0.5638562892219,0
0.240894102715382,0.24414259,0.401,-0.6743,0.4624,0.42,0.0993,0.273662269115,1.17375,12.0,2.171261629533535,-0.126895,-0.479131271838448,0
0.992005050182343,0.6171844,0.534,-0.3329,0.5279,0.449,0.7862,0.472401946783,3.299399,22.1,8.618111211264292,-0.0768689,0.226379133422511,0
0.188299596309662,0.12568739,0.556,-1.0074,0.0261,0.268,0.0873,0.234881997108,1.345402,13.21,5.135338589549065,0.0611636,-0.787719034001928,0
0.412604155950206,0.27146184,0.106,-0.9296,0.0061,0.365,0.0903,0.240678429604,1.047159,10.86,4.70406914812716,-0.432701,-0.453705642214663,0
0.0957816647638108,0.27510455,0.175,-0.9583,0.0042,0.451,0.0977,0.269412219524,1.087545,11.26,4.398041786872811,-0.226243,-0.68891818155231,0
0.183121740818024,0.15101784,0.191,-0.8691,0.0029,0.277,0.1227,0.252986699343,1.16173,11.9,3.9608698641923024,-0.316528,-0.481492356257329,0
0.372300446033478,0.27554792,0.158,-0.8669,0.0038,0.289,0.1191,0.303483814001,2.245597,17.88,3.3984755873680115,-0.28707,-0.347764597112328,0
0.478474050760269,0.30292842,0.468,-0.2824,0.5821,0.395,0.0772,0.244026392698,1.818936,15.89,4.095240823288347,-0.0292578,-0.157698900513313,0
0.0191093062573695,0.06331056,0.131,-1.0089,0.1255,0.07,0.0666,0.231599241495,0.100076,1.57,4.76438245177269,-0.46462,-1.17195330479504,0
0.9570671916008,0.60756665,0.53,0.1093,0.7564,0.502,0.2145,0.371031790972,3.663893,23.2,5.954642057288475,0.1212,0.346688637706733,0
0.505768656730652,0.37171873,0.369,-0.7918,0.2302,0.428,0.0781,0.342631697655,1.958571,16.56,5.281386219102014,-0.116693,0.0962237063984232,0
0.947072684764862,0.8476373,0.713,0.2307,0.6396,0.595,0.9626,0.581643223763,3.445825,22.5,5.107352573217008,0.0699759,0.465696874522447,0
0.270726170751409,0.31023282,0.188,-0.8695,0.007,0.499,0.2164,0.281630218029,2.07702,17.11,4.599102973937988,-0.306194,-0.569213550252318,0
0.05948808590276,0.04269412,0.645,0.0857,0.6407,0.531,0.1583,0.357091963291,2.152165,17.45,3.389718681573868,0.12085,-0.190727786845976,0
0.101138602236644,0.11090499,0.397,-0.7813,0.3178,0.334,0.0878,0.291213959455,1.832725,15.96,3.9724355151205306,-0.166458,-0.657656997234428,1
0.35071861743927,0.22643629,0.117,-0.8369,0.0039,0.353,0.164,0.301855176687,0.603376,6.487,3.599909156560898,-0.435343,-0.561096513122963,0
0.093713744700608,0.19181505,0.144,-0.883,0.0018,0.263,0.1372,0.169194996357,0.010252,1.114,3.9768688678741455,-0.510369,-0.98717062313275,0
0.901918351650238,0.9241526,0.614,-0.0438,0.713,0.492,0.3363,0.266637831926,2.803981,20.4,2.2493043162373367,0.27299,0.0774400858439909,0
0.304367482662201,0.45521003,0.507,-0.4268,0.447,0.466,0.084,0.312868416309,2.573717,19.32,5.303768878917333,-0.108912,0.371779922052955,0
0.406653245352805,0.18695003,0.228,-0.8878,0.1915,0.178,0.0845,0.237764552236,1.793048,15.76,7.094919663264616,-0.27127,-0.59169544996693,0
0.434752553701401,0.2559461,0.137,-0.9185,0.0046,0.324,0.1126,0.290128141642,2.153885,17.46,5.372752297920649,-0.353368,-0.223753872667454,0
0.176086932420731,0.20179865,0.269,-0.7397,0.3674,0.297,0.0929,0.321709394455,0.093252,1.53,3.417336089179918,-0.247354,-0.817917839541881,0
0.0196890623857194,0.07914162,0.162,-0.9675,0.0053,0.461,0.092,0.274076521397,2.060183,17.03,3.9131953801755706,-0.478121,-1.08852373930858,0
0.551426112651825,0.29471052,0.296,-0.9544,0.1817,0.431,0.1499,0.304185330868,0.810311,8.383,3.4567535419119544,-0.172438,-0.636286649234253,0
0.0849599242210388,0.13508424,0.229,-0.9221,0.0026,0.285,0.1373,0.323280215263,0.317538,3.465,3.0363390424293497,-0.329666,-0.917917667731369,0
0.8623908162117,0.53600705,0.501,0.0496,0.6223,0.414,0.1102,0.307420641184,3.815962,23.6,4.90318725027635,-0.0439312,0.644049078367302,0
0.963767170906067,0.80563927,0.716,0.4609,0.6863,0.603,0.3687,0.486461043358,4.564107,25.8,9.156335037201645,0.132163,0.699320862424794,0
0.0247106467947317,0.10873714,0.362,-0.8124,0.3196,0.254,0.0758,0.249692499638,1.167614,11.95,3.8589232563972473,-0.224018,-0.764433157496605,0
0.0255152367900929,0.045586914,0.181,-0.9788,0.1009,0.088,0.0764,0.293055891991,-2.033237,0.002,3.3974945915176806,-0.410564,-1.18382873776285,0
0.947919607162476,0.86958146,0.542,0.3719,0.6643,0.629,0.1156,0.529206156731,3.899885,23.8,5.171717032790184,0.0607854,0.644702932635506,0
0.0283341102893147,0.16421545,0.561,-0.6496,0.4303,0.14,0.0652,0.287025213242,-0.788772,0.052,3.5373694002628326,-0.0314027,-1.23281254039764,0
0.245263010263443,0.32800007,0.195,-0.9629,0.0038,0.425,0.0838,0.288242787123,0.485498,5.313,4.509483632789748,-0.268003,-0.724066987989319,0
0.0599594359673778,0.0882484,0.184,-0.8962,0.005,0.142,0.0833,0.251292049885,1.445883,13.86,3.384314090013504,-0.350707,-0.735505331466946,0
0.632970134777115,0.65168744,0.548,0.8161,0.9344,0.374,0.1079,0.257560670376,3.25197,21.9,4.781872750326611,0.113555,-0.0489138221903609,0
0.898173213005066,0.4793503,0.65,0.1949,0.578,0.375,0.1586,0.263757646084,3.165118,21.6,7.919960080687343,0.0338474,0.468373064742113,0
0.952940106391907,0.38232565,0.101,-1.0468,0.0119,0.404,0.4288,0.518003761768,4.111035,24.3,4.578055411577225,-0.37953,0.534238508210317,0
0.106334067881107,0.2056672,0.427,-0.8248,0.2911,0.471,0.0685,0.272342026234,1.332276,13.13,1.9505907273912035,-0.172901,-0.578184046936437,0
0.77126681804657,0.31298935,0.176,-0.8992,0.0027,0.434,0.0801,0.275847911835,1.078118,11.17,4.011114239692688,-0.331719,-0.622262871514659,0
0.2075326117055,0.17484942,0.497,-0.9964,0.1223,0.404,0.1336,0.311652392149,1.198532,12.18,3.032792042550424,-0.126774,-0.138244346682566,0
0.958179652690887,0.53937525,0.394,-0.3869,0.3563,0.5,0.2506,0.323532223701,2.234255,17.83,0.6677179357334788,-0.107746,-0.0283623330914664,0
0.969614148139954,0.75460374,0.537,0.3394,0.6322,0.562,0.1821,0.447168380022,3.649226,23.1,7.975019884295762,0.0882648,0.759064221581429,0
0.831105607105917,0.7757692,0.505,0.7753,0.7838,0.534,0.109,0.32758295536,4.088457,24.3,5.207724820508055,0.0327007,0.527349058137987,0
0.0282056989516733,0.06162417,0.417,-0.9673,0.0187,0.295,0.0644,0.28185403347,0.090257,1.512,2.6831038296222687,-0.0983069,-0.820275669447435,0
0.110204465687275,0.11939436,0.184,-0.9142,0.0031,0.214,0.0926,0.206826493144,-0.085059,0.769,2.169725521890062,-0.527769,-1.17030362870317,0
0.958677887916565,0.77917576,0.581,-0.1888,0.5613,0.639,0.2388,0.428894937038,3.09145,21.4,6.960011892274971,0.0613515,0.385994225165192,0
0.101685293018818,0.08052176,0.476,-0.9015,0.2551,0.186,0.0693,0.26609364152,0.219718,2.464,3.650912046432495,-0.187158,-0.944371010609656,0
0.29673748681885,0.22995621,0.427,-0.2752,0.5665,0.38,0.1298,0.288945198059,1.581493,14.65,4.142855145786725,-0.120132,-0.212423525242995,0
0.0121907451918076,0.03670767,0.336,-0.9344,0.0008,0.223,0.0786,0.351248085499,0.856954,8.834,2.782713770866394,-0.396335,-0.916859853713351,0
0.970522820949554,0.9019069,0.734,0.8222,0.8338,0.791,0.2554,0.395239531994,3.95378,23.9,10.069919385015965,0.392111,0.621644684895202,0
0.997584819793701,0.90876424,0.752,0.3124,0.6214,0.593,0.8788,0.522643387318,4.425113,25.3,11.784354696214152,0.250433,0.582943825800392,0
0.0732889175415039,0.118259996,0.304,-0.9141,0.002,0.16,0.0533,0.276571244001,-1.317493,0.008,3.175182223320008,-0.391104,-1.34145124036288,0
0.112918488681316,0.101441205,0.305,-0.9007,0.0021,0.271,0.097,0.239069923759,0.358074,3.919,4.083933234186796,-0.476202,-1.12443939770949,0
0.263802111148834,0.09718725,0.241,-0.7552,0.2511,0.341,0.3107,0.317540556192,1.799102,15.79,4.8427179549775365,-0.211428,-0.59899636167485,0
0.930612683296204,0.48163807,0.494,-0.7882,0.1639,0.482,0.1976,0.250291973352,2.67994,19.77,4.4042627460611605,-0.0222057,0.0433499326752085,0
0.997433960437775,0.9908983,0.924,0.9676,0.9922,0.97,0.9966,0.700432300568,4.105219,24.3,12.027328372336342,0.573575,0.874583922064129,1
0.0935836294868167,0.13841602,0.12,-0.9383,0.0027,0.265,0.0884,0.269179224968,-0.017189,1.002,4.33972554691101,-0.477302,-0.753474714207415,0
0.122265863263051,0.7842864,0.146,-0.9402,0.0055,0.792,0.0733,0.33859539032,1.820603,15.9,4.277090525346602,-0.44316,-0.267888757791963,0
0.0908059701323509,0.13549423,0.371,-0.8011,0.3291,0.255,0.1251,0.205377474427,-0.11518,0.683,3.923486880815296,-0.222674,-1.38677449799851,0
0.0607369654417546,0.24523476,0.617,-0.3197,0.5711,0.307,0.0734,0.254923462868,0.430061,4.721,2.7212488102320243,-0.0102353,-0.991896659039474,0
0.0457134324312726,0.12070888,0.502,-0.6117,0.4117,0.302,0.0695,0.235442146659,0.266397,2.916,3.220341102791988,-0.194406,-0.720753259584058,0
0.317976593971252,0.20374426,0.096,-0.9225,0.0039,0.421,0.2026,0.248018234968,1.905645,16.31,3.1460841647027906,-0.454239,-0.591003973300137,0
0.914740324020386,0.51918924,0.642,0.2733,0.7851,0.485,0.436,0.307038605213,2.978594,21.0,5.267074805322546,0.0929524,0.319716836933241,0
0.0284483267114161,0.02597326,0.237,-0.9331,0.0938,0.26,0.0971,0.225286185741,0.425031,4.666,3.882500097155571,-0.304951,-1.42999490082981,0
0.0659756066708545,0.15870968,0.122,-0.9085,0.003,0.341,0.1558,0.274632036686,0.719594,7.559,3.22128450654778,-0.436834,-0.711422345349284,0
0.119769001779082,0.14374828,0.426,-0.7807,0.3059,0.264,0.0867,0.242102831602,1.467495,13.99,3.0386801101412506,-0.201198,-0.455956713098244,0
0.145286336541176,0.19459286,0.178,-1.0207,0.096,0.278,0.1686,0.23119905591,0.463654,5.083,2.426014157341571,-0.387684,-0.838691708593426,0
0.0387592375391491,0.025376976,0.249,-0.8922,0.0798,0.19,0.0584,0.212811589241,-1.094948,0.018,3.855257750889213,-0.375248,-1.70776013459777,0
0.0944066695590108,0.20567301,0.23,-0.892,0.002,0.245,0.1543,0.308366954327,0.705939,7.436,5.3145006205700405,-0.460332,-0.74749761924644,0
0.601051449775696,0.46082565,0.353,-0.9728,0.1832,0.514,0.1506,0.28029692173,1.660492,15.08,6.191279798424964,-0.108668,-1.10546216447452,0
0.72760146856308,0.38003504,0.388,-0.8568,0.2572,0.376,0.0908,0.357752472162,1.85469,16.06,4.852889363727192,-0.107198,-0.31216994569106,0
0.0641673751779828,0.16057277,0.551,-0.4299,0.45,0.312,0.0951,0.250048965216,0.814265,8.42,3.725592574588573,-0.130734,-0.752892667293227,0
0.290566176176071,0.1845867,0.047,-0.9179,0.0038,0.272,0.0795,0.358461797237,1.517774,14.29,2.356404483318329,-0.586112,-0.454383916702172,0
0.192772634642788,0.16868278,0.13,-1.0739,0.0812,0.226,0.1339,0.211702719331,-0.145372,0.605,3.709004413518557,-0.421307,-0.55631021682498,0
0.715372622013092,0.3054881,0.463,0.6285,0.755,0.34,0.184,0.307588756084,3.27549,22.0,3.660011243944993,0.0450596,0.438946311874798,0
0.749261200428009,0.23790607,0.28,-0.5022,0.4366,0.401,0.11,0.298718571663,1.525992,14.34,4.667256844690729,-0.202388,-0.27280025034389,0
0.59786182641983,0.20080999,0.086,-0.9452,0.0073,0.297,0.1051,0.274039775133,1.352372,13.26,5.077051512914741,-0.365322,-0.312694129114037,0
0.119618271724315,0.19848603,0.114,-0.8672,0.0045,0.382,0.1373,0.332428753376,1.795914,15.78,3.823839396238327,-0.322796,-0.221542336451603,0
0.61463737487793,0.19748735,0.229,-0.9433,0.0041,0.316,0.1044,0.27714189887,0.483661,5.294,5.620542371273268,-0.31517,-0.533062987418803,0
0.104883568756233,0.32318407,0.574,-0.4086,0.5844,0.299,0.147,0.29150596261,1.228323,12.4,4.1740998135185885,-0.0454165,-0.626937800843234,0
0.0225396322155041,0.059750825,0.141,-0.9254,0.0015,0.11,0.086,0.195288822055,0.139065,1.82,2.358216943656288,-0.539434,-1.09473769370352,0
0.933495700359344,0.3769464,0.6,0.048,0.7297,0.474,0.4306,0.301862776279,3.027164,21.2,5.304471742243065,0.0377876,0.212698122808885,0
0.922045230865479,0.2825366,0.101,-1.012,0.0093,0.409,0.3136,0.332325577736,3.337175,22.2,4.714364767074585,-0.36711,0.290457216413126,0
0.711182177066803,0.3216442,0.605,-0.8358,0.2118,0.348,0.0867,0.248278915882,0.471877,5.17,3.927417159080506,0.00379189,-0.465460915676579,0
0.241875727469608,0.22045323,0.179,-0.9653,0.1329,0.319,0.0945,0.33084666729,1.949864,16.52,5.0219378645974455,-0.304576,-0.477654343193698,0
0.976476311683655,0.542319,0.409,-0.3967,0.374,0.592,0.2834,0.328402996063,2.510382,19.04,7.003223529085517,-0.0121585,0.348348245452567,0
0.0367029507024705,0.10173595,0.151,-0.9356,0.0038,0.157,0.123,0.225045233965,1.389701,13.5,1.7554304234490763,-0.465054,-0.577024275675092,0
0.135634184680409,0.110091716,0.221,-0.8788,0.2046,0.266,0.1329,0.293594539165,0.847715,8.743,3.248926728963852,-0.226132,-0.786981480155023,0
0.99848997592926,0.78544277,0.652,0.3831,0.8572,0.68,0.1964,0.435610473156,3.531565,22.8,5.918014415635947,0.225605,0.572490209203953,0
0.0473645864840785,0.09624818,0.367,-0.8438,0.3067,0.235,0.0732,0.210827142,-0.337517,0.282,3.376232726229645,-0.282073,-1.08699037770848,0
0.0845577620802404,0.3173406,0.315,-1.0146,0.1554,0.32,0.1629,0.281431019306,1.076631,11.16,1.45407096683977,-0.255599,-0.644549851771601,0
0.846202969551086,0.36026907,0.171,-0.8837,0.0041,0.312,0.13,0.251491069794,2.291112,18.08,4.991867773087391,-0.380624,-0.534534916657138,0
0.747649252414703,0.3063288,0.469,-0.2285,0.4814,0.437,0.3762,0.293854981661,1.7209,15.4,5.995814069921598,-0.0652955,0.23301072715986,0
0.987589836120605,0.8794013,0.795,0.9529,0.8704,0.709,0.4108,0.729031026363,4.802335,26.8,6.899297780784495,0.194542,0.842671913141878,0
0.113447062671185,0.3462901,0.533,-0.7918,0.2964,0.43,0.0963,0.215277269483,2.817159,20.4,4.134321451187134,-0.0653318,-0.496389753257112,0
0.131322696805,0.20066926,0.247,-0.9048,0.0031,0.281,0.1184,0.271141201258,0.946268,9.723,3.345884710550308,-0.370041,-0.748673583159926,0
0.717231571674347,0.25135547,0.113,-0.8913,0.0039,0.404,0.1574,0.397583782673,2.481022,18.91,4.679934561252594,-0.437369,-0.0781137350494912,0
0.994294464588165,0.5893667,0.23,-1.2202,0.0358,0.578,0.7183,0.644464254379,4.425681,25.3,6.614136419268174,-0.108535,0.809294044647261,0
0.869740327788106,0.47751945,0.19,-1.1026,0.0336,0.425,0.2227,0.489170581102,4.132223,24.4,2.498389934432019,-0.278571,0.707275447785599,0
0.03110206914463,0.23473915,0.19,-1.018,0.0877,0.214,0.0905,0.284874349833,-0.228768,0.434,3.2132103729666013,-0.403306,-1.05084099894248,0
0.0343222403774403,0.092166185,0.223,-1.0283,0.1283,0.284,0.0839,0.309056401253,-0.548782,0.126,3.36151473032552,-0.344809,-1.3157871470861,0
0.339164793491364,0.16139305,0.176,-0.8486,0.0022,0.287,0.2595,0.229687079787,0.920902,9.465,2.214688001451803,-0.324005,-0.553124641784393,0
0.979946315288544,0.78380376,0.191,-0.8737,0.0054,0.507,0.1151,0.326535999775,2.345586,18.32,3.722845386364961,-0.251795,-0.0914889296180137,0
0.287169754505157,0.24010229,0.488,-0.4165,0.5484,0.303,0.0926,0.199379116297,1.634786,14.95,3.9278131748083935,-0.126502,-0.460632509214269,0
0.0531256250386666,0.18193337,0.453,-0.9714,0.1918,0.445,0.1602,0.23193782568,0.388279,4.259,5.651758837016109,-0.125596,-1.46637541958431,0
0.11581589281559,0.25015965,0.2,-0.8498,0.2463,0.283,0.0878,0.262641966343,1.342652,13.2,3.308709643548814,-0.243795,-0.595163106788688,0
0.223433285951614,0.19441608,0.471,-0.2554,0.6052,0.366,0.0798,0.209843844175,0.609054,6.541,2.7577526653105267,-0.073648,-0.632980059153164,0
0.0131188281397673,0.10566822,0.17,-0.9093,0.0024,0.313,0.0702,0.332554787397,0.353555,3.868,3.7808709397803497,-0.495187,-0.703783512643313,0
0.0638819986411743,0.19825268,0.394,-0.8063,0.2842,0.324,0.1177,0.233354717493,0.64322,6.862,3.3478326690565945,-0.225148,-1.04387775048079,0
0.26239201426506,0.10872322,0.165,-0.9349,0.0018,0.214,0.1031,0.203719347715,1.049199,10.88,1.949074219301863,-0.40003,-0.643588359630602,0
0.936261177062988,0.801064,0.684,-0.2144,0.5905,0.531,0.1597,0.38885769248,2.35663,18.37,3.674656424910144,0.200328,0.0765292947128091,0
0.985214650630951,0.8955079,0.697,0.7606,0.8116,0.418,0.1665,0.325006812811,3.08185,21.4,8.400686685618398,0.0421275,0.443107401336839,0
0.266386376405555,0.18921,0.164,-0.8768,0.0037,0.289,0.2139,0.292275369167,1.321191,13.05,5.04645074903965,-0.346772,-0.521915976037869,0
0.89083194732666,0.6148739,0.6,0.2295,0.8064,0.462,0.2409,0.224980145693,2.651397,19.65,2.288023591041565,0.168495,0.164091652502997,0
0.802261114120483,0.34430107,0.433,-0.4081,0.364,0.47,0.0883,0.393492221832,2.667055,19.72,2.404910732915945,-0.0216273,0.140302939023472,0
0.926138520240784,0.44672647,0.454,-0.0652,0.3468,0.38,0.0837,0.288704276085,2.106809,17.25,4.544222486647983,-0.0197599,0.0604656042083625,0
0.922937631607056,0.8512636,0.67,0.6143,0.7482,0.837,0.8048,0.725544393063,4.734781,26.5,10.029173992574217,0.30411,0.605964913668617,0
0.905439794063568,0.6803322,0.511,-0.3273,0.5109,0.567,0.1987,0.368292689323,1.679796,15.19,10.022745569866125,0.0160653,-0.214279429347621,0
0.960295438766479,0.5581776,0.723,0.7869,0.8913,0.477,0.1294,0.370831906796,2.967267,21.0,3.57590851187706,0.104446,0.433647595528253,0
0.0535810604905146,0.051854372,0.161,-0.9488,0.0008,0.096,0.0914,0.24510037899,-1.029809,0.022,2.8931068481784408,-0.561509,-1.41467383289745,0
0.0583680051780995,0.119977385,0.551,-0.7066,0.3494,0.257,0.1184,0.231996029615,-0.066255,0.828,3.469412326812744,-0.120743,-1.22920441087531,0
0.147586420178413,0.16822314,0.149,-0.9229,0.0034,0.339,0.1643,0.306414544582,0.244978,2.702,2.6583830542123303,-0.504546,-0.879908006388819,0
0.749932527542114,0.36096233,0.546,-0.1843,0.404,0.591,0.3847,0.315925300121,3.705415,23.3,3.451874703168869,-0.0314452,0.338773098374829,0
0.184981176659722,0.11968088,0.449,-0.2515,0.5744,0.386,0.0784,0.306783050299,1.457075,13.93,3.8378239476169815,-0.0607952,-0.740640334093394,0
0.910726487636566,0.6929486,0.557,0.1575,0.6059,0.643,0.3001,0.671824634075,3.116407,21.5,11.099070654629031,0.0675154,0.448414129004819,0
0.0500992816755414,0.24088848,0.208,-0.9052,0.0044,0.382,0.1468,0.267812818289,0.614631,6.594,3.333981394767761,-0.418101,-1.04824574065607,0
0.0521020069718361,0.0942204,0.461,-0.9987,0.1684,0.372,0.1082,0.258201420307,0.394177,4.325,2.213108134430328,-0.202894,-1.10484930891348,0
0.997424602508545,0.8951005,0.856,1.1144,0.9377,0.598,0.2902,0.399411857128,3.979406,24.0,5.577883169054985,0.259674,0.877057997307343,0
0.0488434773507652,0.040876806,0.045,-0.9281,0.001,0.207,0.0558,0.279169946909,-0.503277,0.15,2.9834815573090867,-0.611826,-1.98551203129347,0
0.14654343435774,0.12586835,0.401,-0.7919,0.2732,0.269,0.0825,0.265190958977,0.460743,5.052,4.266680374741554,-0.141385,-0.668191301667194,0
0.123877666890621,0.057251632,0.253,-0.8876,0.0013,0.151,0.0902,0.249831080437,-0.338509,0.281,2.6720796030105047,-0.552934,-1.40303798887044,0
0.095331868396034,0.16355473,0.446,-0.5744,0.4131,0.231,0.0984,0.359746336937,1.235237,12.45,4.494259834289551,-0.0552862,-0.771006999129391,0
0.114578008651733,0.1161626,0.182,-0.9283,0.1435,0.262,0.1246,0.258891284466,0.204849,2.332,3.91787591857749,-0.390623,-0.86303775174667,0
0.148453190922737,0.20516187,0.346,-0.8964,0.2362,0.391,0.0853,0.285700500011,0.359123,3.931,2.142675028227572,-0.246388,-0.913870645663223,0
0.717803776264191,0.35351354,0.559,-0.4528,0.4425,0.47,0.1122,0.334787458181,2.132996,17.37,5.919513232114824,-0.055943,-0.16561908856615,0
0.234001696109772,0.17887872,0.314,-1.0309,0.1655,0.311,0.0785,0.258319169283,0.325453,3.553,2.527670691680382,-0.292849,-0.842198406403061,0
0.863897562026978,0.38127294,0.574,-0.7588,0.249,0.42,0.0987,0.27414599061,2.188941,17.62,4.143122345209122,0.117544,-0.0359787777300722,0
0.233933910727501,0.24463028,0.32,-0.6959,0.2828,0.18,0.0998,0.25989574194,0.795426,8.243,3.9761521339306016,-0.206192,-0.293965198438859,0
0.68676483631134,0.29958385,0.565,-0.9356,0.1477,0.445,0.1163,0.283545613289,1.721118,15.4,3.2240805625915527,0.0555367,-0.420259983159554,0
0.107288837432861,0.18727118,0.173,-0.906,0.0031,0.327,0.0743,0.278545111418,0.169078,2.039,2.8786221328966013,-0.318427,-0.761582888998552,0
0.838840755588622,0.28689635,0.23,-0.2561,0.329,0.357,0.2697,0.489708960056,3.301291,22.1,7.764596936758608,-0.0809299,0.390423731782897,0
0.0806754007935524,0.115492314,0.318,-0.9296,0.0014,0.171,0.1551,0.216016337276,0.921238,9.468,2.04888724983209,-0.458443,-1.04764221507391,0
0.993419349193573,0.9436873,0.662,0.6864,0.7295,0.557,0.5292,0.468650519848,4.047861,24.2,11.815173783538349,0.1513,0.48241757917042,0
0.805278897285461,0.28277436,0.157,-0.9037,0.0052,0.431,0.1711,0.345302671194,2.148943,17.44,5.050513073801994,-0.304605,-0.410198715792651,0
0.962998628616333,0.45424443,0.414,0.364,0.6364,0.55,0.4857,0.472158104181,3.940166,23.9,2.627334088087082,0.0814831,0.798905081138104,1
0.802020847797394,0.47558534,0.422,-0.1265,0.694,0.487,0.1098,0.246726065874,1.73777,15.49,3.674567431211472,0.0490912,0.0726061327202402,0
0.732041537761688,0.4443807,0.554,-0.1916,0.4787,0.349,0.0871,0.369584143162,3.404505,22.4,5.479754656553268,-0.0753491,-0.0350307838686646,0
0.113289570017049,0.16134685,0.15,-0.9236,0.0033,0.188,0.116,0.208392441273,0.344348,3.765,5.074059158563614,-0.418385,-0.701926824253992,0
0.0670157745480537,0.1307204,0.273,-0.9996,0.1912,0.239,0.1188,0.345189094543,-0.285691,0.346,2.7796978926827465,-0.323367,-0.990947265956624,0
0.215988591313362,0.18740022,0.179,-0.8704,0.0067,0.271,0.0957,0.215015262365,1.719412,15.39,4.81011724629092,-0.440984,-0.0619413536594285,0
0.986607789993286,0.83919704,0.773,0.6595,0.7611,0.572,0.4903,0.432519435883,4.520342,25.6,7.687463125982025,0.228435,0.604349049348528,0
0.0368304662406445,0.050465733,0.262,-0.9974,0.1661,0.159,0.0786,0.253452390432,1.292795,12.86,1.984482614707425,-0.302111,-0.795741733224475,0
0.0968193495649231,0.22093326,0.529,-0.6,0.3894,0.353,0.1128,0.290143549442,0.69576,7.344,3.5545513429637063,-0.0516002,-0.699903728108207,0
0.121399000287056,0.11871067,0.273,-0.9329,0.2322,0.284,0.1082,0.221066787839,0.976318,10.06,2.9890713515534166,-0.239535,-0.751974915864837,0
0.0073798105037031,0.118056536,0.468,-0.9399,0.1882,0.516,0.0741,0.230230659246,-0.194146,0.498,-1.7992771863937378,0.0246429,-1.18444687861172,0
0.98880136013031,0.96462667,0.837,1.0023,0.9069,0.805,0.9811,0.716004729271,4.408638,25.2,10.607882151962258,0.450189,0.844123676946596,1
0.499285995960236,0.17874825,0.642,0.0101,0.6242,0.559,0.7043,0.458764374256,3.025773,21.2,2.27862948782594,0.0665332,-0.0437315076799352,0
0.0500165008453949,0.0745765,0.367,-0.8889,0.0024,0.148,0.0773,0.205377176404,1.01842,10.54,2.7362743616104126,-0.362134,-1.218260964462,0
0.0773381516337395,0.14287183,0.239,-0.9104,0.0021,0.279,0.0826,0.22476759553,1.567367,14.57,3.680766911274003,-0.362981,-0.752179043887961,0
0.144676987399698,0.18728891,0.069,-1.0677,0.0651,0.391,0.1029,0.367762565613,2.03706,16.92,4.050921457457733,-0.414014,-0.725953892130755,0
0.0999011993408203,0.19428423,0.219,-0.9088,0.1851,0.313,0.1016,0.308988064528,1.447479,13.87,3.711784626844855,-0.230128,-0.569316263825529,0
0.95402592420578,0.47354725,0.468,-0.2026,0.475,0.486,0.8212,0.397537767887,3.569152,22.9,6.123278975486755,-0.125978,0.506341387624935,0
0.757128596305847,0.31612098,0.195,-0.8778,0.1421,0.316,0.3596,0.286357492208,1.100876,11.38,4.780831807838533,-0.361446,-0.412485835380518,0
0.650164902210236,0.3005244,0.127,-0.9085,0.0051,0.396,0.1136,0.549558341503,2.435912,18.71,3.7055399944537126,-0.375779,0.0283348769634164,0
0.104122508482398,0.154048,0.423,-0.6429,0.3631,0.325,0.1026,0.270744681358,0.015252,1.136,2.6743487080575465,-0.109543,-0.646353924116581,0
0.0912137809292554,0.23682478,0.447,-0.6726,0.3821,0.469,0.0694,0.284296542406,2.122534,17.32,2.624931125005761,-0.0693426,-0.53679533444971,0
0.486175328493118,0.21037552,0.511,-1.027,0.0972,0.408,0.118,0.256471157074,0.976071,10.06,3.953650957705336,-0.0161036,-0.267154452363146,0
0.253487467765808,0.21493894,0.15,-0.901,0.0028,0.376,0.1432,0.29745092988,1.339949,13.18,6.096431532505394,-0.469981,-0.838261400272572,0
0.614800095558167,0.08152783,0.155,-0.9115,0.0036,0.3,0.0841,0.218511551619,0.789306,8.187,5.200198978185654,-0.460765,-0.962711850685636,0
0.129327803850174,0.14836082,0.104,-0.9043,0.0021,0.235,0.1292,0.281552612782,1.800567,15.8,5.040724147310734,-0.475618,-1.03699952993841,0
0.994982719421387,0.9064843,0.754,0.5725,0.7192,0.766,0.864,0.453723907471,4.956856,27.7,8.393347791426455,0.202456,0.839827967600814,0
0.875010192394257,0.58794236,0.461,-0.0644,0.6485,0.419,0.1471,0.245019704103,2.659884,19.69,5.093168099295544,-0.0684828,-0.0386658486094821,0
0.966183066368103,0.83787334,0.55,-0.2776,0.3895,0.553,0.1688,0.313203662634,3.375186,22.3,6.2283517971248274,0.00237605,0.377202777615303,0
0.0563453262533178,0.1722694,0.139,-0.9262,0.0053,0.401,0.0906,0.276880502701,1.264158,12.66,4.045652042005661,-0.461682,-0.963621590542961,0
0.150375515411407,0.19498691,0.615,0.1737,0.7724,0.28,0.1125,0.218918114901,0.063005,1.363,3.879436492919922,-0.01594,-0.496518126906861,0
0.910536289215088,0.31164598,0.432,-0.9136,0.187,0.441,0.1534,0.29203209281,3.724247,23.3,3.8982478506273632,0.0662463,0.159471051267047,0
0.364058136940002,0.21426874,0.536,-1.0019,0.1065,0.572,0.1031,0.265950143337,2.485177,18.93,3.023274600505829,0.152371,-0.228615886137727,0
0.120733802498151,0.20317939,0.03,-0.8916,0.0029,0.294,0.1774,0.238951951265,1.426759,13.74,3.633214599517893,-0.565038,-0.821436107063079,0
0.104924634099007,0.06773278,0.327,-0.8815,0.1975,0.283,0.0843,0.302215397358,0.968114,9.959,4.0649961062251085,-0.207071,-0.873238663079451,0
0.317426472902298,0.41597793,0.377,-0.3418,0.5171,0.498,0.0887,0.325664430857,2.641514,19.61,4.120013375442014,-0.167187,-0.156214295869577,0
0.0320015379604164,0.12165213,0.602,-0.9858,0.0878,0.161,0.0764,0.234898418188,-0.318332,0.304,4.046369403600693,-0.0731394,-0.832664776995303,0
0.0133345931892143,0.058935612,0.322,-0.9138,0.1533,0.175,0.0557,0.194074571133,-1.908053,0.002,2.9010987550715592,-0.323255,-1.38955684148468,0
0.921745657920837,0.45852968,0.453,-0.3423,0.5611,0.479,0.2966,0.331167072058,2.399468,18.56,4.723804503170773,-0.0673811,-0.0783534704837432,0
0.0319594425523372,0.024283916,0.143,-0.9632,0.0751,0.217,0.0626,0.313684850931,-0.685555,0.076,3.817354977933237,-0.390077,-1.65433117711539,0
0.441118568181992,0.10527077,0.16,-1.014,0.1381,0.232,0.1166,0.248994216323,-1.458942,0.005,2.975230340557029,-0.406212,-1.29845290470205,0
0.83974814414978,0.45261917,0.655,0.9595,0.9111,0.418,0.0994,0.333528727293,3.105481,21.4,4.341928273439407,0.215064,0.420489959210177,0
0.0328637422855476,0.124465406,0.4,-0.9099,0.045,0.488,0.0494,0.424060106277,2.139658,17.4,0.998607099056244,-0.0857021,-0.915591629899216,0
0.0287484020281851,0.040864646,0.078,-0.95,0.0015,0.07,0.0828,0.173572719097,-0.722169,0.066,3.0753755210483247,-0.577747,-1.49614673438943,0
0.919626116752625,0.3479032,0.322,-0.7973,0.291,0.392,0.1138,0.326220721006,2.422634,18.66,6.110457159129713,-0.133957,-0.313133405073874,0
0.197848632931709,0.39787358,0.595,-0.5161,0.5086,0.312,0.3293,0.25999006629,1.456497,13.92,4.608349904699094,0.0320329,-0.637273472275211,0
0.0178227853029966,0.08281964,0.241,-0.8997,0.0026,0.269,0.0763,0.229135483503,0.128811,1.751,3.1590944826602936,-0.390988,-1.22698829461688,0
0.366331398487091,0.07431978,0.114,-0.9011,0.0032,0.138,0.0646,0.242544800043,-0.581984,0.112,4.773743103408649,-0.600329,-1.28051764039804,0
0.958574175834656,0.30572683,0.144,-0.9127,0.0065,0.288,0.104,0.296454668045,1.818759,15.89,3.090430265744919,-0.298621,0.273449919100561,0
0.115512317650987,0.2051225,0.184,-0.8719,0.0016,0.318,0.0801,0.278819918633,0.978061,10.08,4.088626471243252,-0.467932,-0.883067169100443,0
0.365915983915329,0.17805248,0.336,-0.6472,0.3412,0.31,0.5954,0.287806749344,0.80303,8.314,2.5537783205509186,-0.157441,-0.542950984839716,0
0.984652698040009,0.595522,0.564,0.6909,0.7221,0.635,0.2216,0.480312258005,4.048173,24.2,6.997532561421394,0.270895,0.591235864414288,0
0.980266034603119,0.5107867,0.591,0.8524,0.8357,0.244,0.1793,0.452950060368,4.438343,25.3,3.728647582535464,0.105819,0.771152215078436,0
0.995603442192078,0.94823366,0.839,0.5692,0.7059,0.784,0.5241,0.731309771538,4.876253,27.2,11.42801021315002,0.384572,0.856771709742346,0
0.0424942448735237,0.059790432,0.379,-0.8742,0.2922,0.243,0.0658,0.229461938143,-0.258389,0.386,2.873603995109444,-0.25904,-1.15099611435256,0
0.0126528138500318,0.1686388,0.083,-0.9069,0.0025,0.341,0.1548,0.275735229254,0.355554,3.891,2.9099812542490326,-0.531758,-1.18487894337791,0
0.988525867462158,0.4132604,0.155,-0.265,0.3618,0.46,0.327,0.571574926376,7.784792,36.0,3.000579565763473,-0.306053,0.705094693870295,1
0.969735443592072,0.59167063,0.657,0.3062,0.5682,0.43,0.1735,0.486247867346,3.489466,22.7,4.4604491360487,-0.0646027,0.0958749783595253,0
0.076213277115044,0.119906604,0.204,-0.9358,0.0026,0.243,0.0794,0.23220680654,-0.052325,0.875,4.268280059099197,-0.478851,-1.09006139852401,0
0.0837424173951149,0.42514414,0.319,-0.748,0.3372,0.403,0.0771,0.228552490473,1.671426,15.14,4.904422752559185,-0.195897,-0.531921221839243,0
0.01404562682021,0.046022564,0.047,-1.0606,0.0343,0.131,0.0669,0.253540754318,-1.65898,0.003,3.221379948329255,-0.567642,-1.89919542241371,0
0.0530707336917524,0.09470144,0.165,-0.9889,0.0738,0.26,0.1027,0.287376701832,0.025868,1.183,3.625616334907248,-0.370364,-1.56063430576114,0
0.079167905311775,0.15363172,0.235,-0.9265,0.0029,0.232,0.0853,0.214071050286,1.049029,10.88,3.4344913822006538,-0.431769,-0.921439947161745,0
0.0310039330237788,0.05588019,0.183,-0.9204,0.0042,0.151,0.0827,0.230171173811,0.263087,2.883,3.816421975666894,-0.468187,-0.780901142785307,0
0.0151074109598994,0.07863608,0.295,-0.9312,0.0016,0.29,0.0745,0.225872218609,-0.363924,0.255,3.3093156814575195,-0.533932,-1.32651413753187,0
0.577370047569275,0.393985,0.164,-0.8819,0.0034,0.583,0.1266,0.32228064537,1.956609,16.55,3.773086120183982,-0.27578,-0.462123829545632,0
0.0470766797661781,0.23038119,0.311,-0.695,0.3096,0.246,0.2619,0.271733492613,0.492076,5.381,2.375612809548429,-0.257052,-0.659736760143744,0
0.4102623462677,0.20477825,0.165,-0.963,0.0074,0.287,0.0818,0.26093056798,1.182719,12.06,5.216620262137564,-0.432387,-0.540111770384104,0
0.0518193217266959,0.17642063,0.27,-0.7949,0.2982,0.318,0.106,0.310070067644,0.770045,8.011,3.092055617356996,-0.26288,-0.82187225508375,0
0.973164141178131,0.94791615,0.716,0.4721,0.7037,0.566,0.2322,0.338855326176,3.069714,21.3,10.931063461238416,0.15365,0.246270234985851,0
0.311877846717834,0.17718336,0.182,-0.9213,0.004,0.244,0.1688,0.284836322069,0.97863,10.09,3.943358377535701,-0.443818,-0.825590051339851,0
0.761276841163635,0.307934,0.49,-0.3056,0.5328,0.249,0.1175,0.306731939316,2.717645,19.92,4.271421983838081,0.0551492,0.197538506013408,0
0.970171689987183,0.6054004,0.492,-0.385,0.3378,0.557,0.4746,0.65020596981,3.293189,22.1,8.509999628156303,0.0166169,0.256503511068023,0
0.434642966386754,0.35099068,0.404,-0.8461,0.2298,0.333,0.1057,0.283904701471,2.746789,20.1,4.1144059416017855,-0.194483,-0.396933793631627,0
0.952983856201172,0.7335378,0.49,-0.287,0.4199,0.675,0.6402,0.582105517387,2.173069,17.55,7.002053626525437,0.0054292,-0.0078492108680331,0
0.361805379390717,0.11562571,0.559,-0.5723,0.3799,0.397,0.0801,0.267105102539,1.030899,10.68,4.283365906506168,-0.114476,-0.783041469630306,0
0.520700454711914,0.46011573,0.649,0.8044,0.8794,0.371,0.1161,0.259720742702,3.396074,22.4,7.472440630069683,0.121135,0.0310617016765232,0
0.990552067756653,0.89202595,0.849,0.8022,0.8179,0.863,0.9672,0.882389068604,4.839439,27.0,12.683510303688308,0.415402,0.787043057710595,1
0.597824931144714,0.21305075,0.507,-0.475,0.2973,0.291,0.1172,0.2916264534,1.783096,15.71,3.2661245185794394,-0.0259116,0.0325311716963532,0
0.343537211418152,0.27539194,0.538,0.0681,0.7249,0.373,0.0757,0.286650717258,1.377444,13.42,4.34887883067131,0.0812151,-0.669400769122437,0
0.103614196910187,0.13630095,0.179,-0.8969,0.0031,0.304,0.0898,0.323089540005,0.696182,7.348,5.173949115557522,-0.462358,-0.653515856541102,0
0.323926538228989,0.11644131,0.117,-0.9183,0.0039,0.256,0.0953,0.276499837637,1.781884,15.71,4.554906605878236,-0.304739,-0.413157834755348,0
0.0966135039764399,0.06667328,0.364,-0.9185,0.2121,0.245,0.0773,0.283638060093,0.905858,9.316,3.926220193505287,-0.224048,-0.822284558925183,0
0.0280185394926726,0.09666106,0.171,-0.9096,0.0018,0.306,0.0797,0.289415329695,0.197727,2.271,4.015558272608963,-0.564353,-1.26476694878374,0
0.975292980670929,0.38495088,0.153,-0.6985,0.0066,0.393,0.1077,0.35759305954,3.525985,22.8,4.92616702345122,-0.255009,0.490124135042905,0
0.0500272562524003,0.15248933,0.236,-0.8902,0.0039,0.282,0.0798,0.239610105753,1.095427,11.33,4.639051020145416,-0.444288,-0.833608682233604,0
0.73192572593689,0.3195527,0.143,-0.8622,0.0026,0.419,0.0912,0.395371198654,3.857234,23.7,3.409847795963288,-0.471709,0.196696112287688,0
0.0451778553440605,0.099009395,0.078,-0.9049,0.0022,0.227,0.0808,0.259071081877,-0.186898,0.513,3.974920801818371,-0.553408,-1.2001740948238,0
0.0528421885467354,0.0853394,0.223,-0.918,0.0015,0.14,0.0641,0.257927447557,0.981095,10.11,4.431631311774254,-0.48508,-1.08759395925634,0
0.948939800262451,0.6843979,0.637,0.1164,0.7778,0.57,0.2061,0.429300487041,2.972651,21.0,6.189338874809206,0.113795,0.385265625590033,0
0.702907502651215,0.3002109,0.403,0.0414,0.6609,0.339,0.1387,0.332218408585,1.713578,15.36,2.6461893814940645,-0.129284,0.245655565360644,0
0.41235358367575,0.34093267,0.451,-0.8068,0.2166,0.411,0.2276,0.319777101278,2.929078,20.8,3.555264465508344,-0.10509,-0.504077659572906,0
0.0622162707149982,0.060832113,0.047,-0.9156,0.0013,0.156,0.0716,0.232870548964,-0.763109,0.057,3.467001607469711,-0.567283,-1.27857401983332,0
0.84997969865799,0.34262905,0.152,-0.9899,0.0116,0.442,0.4336,0.369707733393,4.245025,24.7,3.073790027832761,-0.195823,0.509837623960851,0
0.988335013389587,0.5379844,0.719,0.504,0.5184,0.539,0.1528,0.45908883214,3.892964,23.8,4.485097765922546,0.160236,0.463680459431327,0
0.0417711131232895,0.083487034,0.507,-0.6754,0.3067,0.324,0.1148,0.223274052143,0.097131,1.552,4.334961948037843,-0.209954,-1.19389997697768,0
0.0406656469713595,0.11953169,0.245,-0.8144,0.0034,0.199,0.0725,0.208149209619,-0.306716,0.319,1.8162133153857047,-0.502871,-0.915346865677422,0
0.872429738074085,0.69478506,0.456,0.0036,0.6818,0.449,0.1286,0.250823557377,2.618235,19.51,5.962591088974746,-0.0152589,0.112256979739177,0
0.0498296469449997,0.10912165,0.398,-0.9702,0.1669,0.311,0.0861,0.281531274319,0.305661,3.334,3.1000326033816874,-0.188591,-1.14210280018446,0
0.0305856943001918,0.023444384,0.255,-0.988,0.0332,0.151,0.0624,0.226900041103,-0.836972,0.044,3.120987210199518,-0.395535,-1.84780048065864,0
0.995008230209351,0.5590942,0.237,-1.0745,0.044,0.513,0.7494,0.516541361809,2.742263,20.1,3.9160461350310696,-0.172496,0.169541257937553,0
0.483447849750519,0.10017568,0.171,-1.0046,0.0012,0.162,0.1418,0.240855202079,0.614404,6.592,2.983629912137985,-0.47085,-0.9735756420661,0
0.0385904425867188,0.055064946,0.366,-0.9296,0.001,0.079,0.076,0.178840070963,-0.741507,0.062,3.357968538999557,-0.479021,-1.54459153522654,0
0.339676797389984,0.28574467,0.487,-0.3693,0.5333,0.38,0.1138,0.295585274696,1.496557,14.16,3.630095895587027,-0.178124,-0.231174844047683,0
0.92291122674942,0.46594146,0.636,-0.2058,0.602,0.425,0.1302,0.315027594566,0.593439,6.392,3.774525865912437,-0.00784285,-0.44093032788721,0
0.968539655208588,0.18631333,0.138,-0.879,0.0028,0.24,0.0906,0.248053178191,0.370679,4.061,4.85087808268137,-0.47049,-0.609870165497057,0
0.0582081518875904,0.1582382,0.2,-0.9356,0.1999,0.36,0.1049,0.374642491341,0.357878,3.917,3.076458093739672,-0.256835,-0.995740279074375,0
0.792772650718689,0.27314186,0.489,-0.6864,0.3793,0.369,0.1638,0.26348093152,1.33899,13.17,4.061230567143381,-0.0808906,-0.312058210145665,0
0.896773993968964,0.77831745,0.554,-0.5315,0.343,0.452,0.0886,0.301068067551,2.900804,20.7,3.94556247571684,-0.0805087,-0.0300783546881144,0
0.996998429298401,0.37375674,0.27,-0.9728,0.0986,0.396,0.1113,0.251388281584,0.613597,6.584,4.298785647388876,-0.2979,-0.953521896918127,0
0.663847804069519,0.4470799,0.161,-0.9918,0.0097,0.46,0.1548,0.323786467314,2.733338,19.99,5.170788884162903,-0.21168,-0.0336161150699102,0
0.0753639746816228,0.13710251,0.064,-1.0196,0.07,0.203,0.1399,0.239043354988,-0.103944,0.714,3.789517933899628,-0.481986,-1.0784898040064,0
0.040321504039565,0.16373205,0.196,-1.0082,0.0726,0.476,0.0562,0.335490763187,-0.576986,0.114,3.0372180705719334,-0.298426,-1.11694447587504,0
0.0213479472672694,0.11391932,0.327,-0.8939,0.0021,0.229,0.0794,0.332990169525,-0.128571,0.647,3.908308021092735,-0.504552,-1.00423936369564,0
0.999357044696808,0.9910325,0.946,1.0833,0.969,0.865,0.9158,0.446192800999,4.385982,25.1,4.88352030761674,0.568645,0.749994811433363,0
0.898653457500553,0.50300455,0.496,0.5562,0.7257,0.515,0.1473,0.445426762104,4.388567,25.1,6.191223508016527,0.0736698,0.801265889090426,0
0.773849129676819,0.98890704,0.947,0.9856,0.9909,0.984,0.9729,0.693307876587,4.830436,27.0,11.909734495129667,0.564009,0.820056931354362,1
0.0358674749732018,0.05290851,0.379,-0.9527,0.0008,0.113,0.0505,0.212100103498,0.778721,8.09,3.4587382197052072,-0.363883,-1.08046207722501,0
0.707119127274406,0.647655,0.604,0.1725,0.5499,0.532,0.2073,0.414496421814,3.348526,22.3,3.3803203403949738,0.0049578,-0.0813743514448107,0
0.965116024017334,0.40088344,0.204,-1.2229,0.0449,0.482,0.6949,0.664088666439,4.527083,25.6,3.539859861135483,-0.175033,0.751854674164897,0
0.941445827484131,0.47036958,0.329,-0.1198,0.4056,0.455,0.2374,0.426116466522,3.588344,23.0,8.74317300136133,-0.00644928,0.676176408491853,0
0.128020164744438,0.2843911,0.406,-0.7924,0.3519,0.277,0.1227,0.237316280603,0.764464,7.961,4.269319171940068,-0.152361,-0.393296245038924,0
0.206533282995224,0.15895855,0.208,-0.9077,0.0048,0.224,0.0769,0.299548089504,0.56082,6.075,4.225428011693155,-0.4004,-0.731856907443686,0
0.996413886547089,0.97685206,0.842,1.0558,0.925,0.744,0.6481,0.629946351051,5.029797,28.1,7.523906458201583,0.454479,0.949440545351263,1
0.0189345548877299,0.108606756,0.156,-0.9238,0.0013,0.274,0.5432,0.306502282619,0.470134,5.152,2.1744844473843647,-0.511347,-1.3655665701118,0
0.962511777877808,0.4056112,0.437,-0.5183,0.367,0.474,0.1401,0.310327351093,2.550842,19.22,4.85257383109757,-0.0144518,0.0565453080203851,0
0.0943710257515112,0.14557657,0.281,-0.8982,0.0018,0.386,0.0737,0.26620593667,0.389712,4.275,1.9555827379226685,-0.452565,-1.68179461193359,0
0.055731788277626,0.025671035,0.114,-0.9331,0.0003,0.116,0.0722,0.207975313067,-0.301895,0.325,3.179200261631408,-0.533796,-1.47152853148358,0
0.0464508160948753,0.08283594,0.052,-1.0292,0.0484,0.152,0.1767,0.224644377828,0.319897,3.491,1.8789776561877083,-0.519635,-1.01264522489282,0
0.0725525056851875,0.1832026,0.259,-0.8937,0.0094,0.395,0.1751,0.334820687771,2.446876,18.76,4.174328833818436,-0.29565,-0.569606949380489,0
0.667005062103271,0.48502892,0.501,-0.7757,0.3592,0.446,0.2254,0.300326764584,2.176469,17.56,6.569081662586794,-0.0228821,-0.32413457400287,0
0.234816625714302,0.477544,0.147,-1.0308,0.0041,0.531,0.1883,0.350442260504,1.769439,15.65,3.74397165324673,-0.307256,-0.543858183362574,0
0.702291011810303,0.37875134,0.419,0.2653,0.8665,0.439,0.0822,0.2498819381,1.900305,16.28,3.764028683304786,0.00467743,-0.130686825253507,0
0.970494031906128,0.49713516,0.477,-0.2579,0.5908,0.452,0.1584,0.417741954327,2.563359,19.27,6.49143340632805,-0.101559,-0.184347044130435,0
0.0786025830547053,0.07593238,0.261,-0.8952,0.0031,0.063,0.0787,0.249152749777,-0.720698,0.067,3.215827137231827,-0.47502,-1.08013448875682,0
0.0433583262945944,0.050789565,0.111,-0.9122,0.0025,0.3,0.079,0.257344275713,1.475116,14.04,3.264120042324066,-0.47418,-0.731773816405585,0
0.942313671112061,0.48189744,0.471,-0.3159,0.412,0.549,0.1423,0.370867043734,4.061168,24.2,8.078623713310561,-0.0382013,0.402632034922994,0
0.103903442621231,0.17366636,0.389,-0.8253,0.3157,0.273,0.0721,0.231653556228,-0.825403,0.046,2.755341915254346,-0.294039,-1.39347766558879,0
0.978750348091125,0.7249539,0.535,0.1451,0.5449,0.52,0.123,0.402953565121,4.559329,25.7,4.956613950872168,0.0817856,0.832910346974357,0
0.076327882707119,0.15694886,0.31,-0.9063,0.0022,0.252,0.1383,0.276483118534,-0.161415,0.568,5.176612034440041,-0.365907,-1.12468118512277,0
0.0637606165040157,0.15383154,0.128,-0.938,0.0023,0.392,0.0944,0.299997389317,0.488502,5.344,4.080675268073317,-0.490735,-0.749177621575402,0
0.994785487651825,0.4298217,0.558,-0.3395,0.5462,0.305,0.1212,0.471799194813,3.616494,23.1,6.617451697587967,0.15392,0.300657715622646,0
0.0711773261427879,0.1659213,0.177,-0.8907,0.0024,0.292,0.1173,0.396392256021,1.143226,11.75,3.324728935956955,-0.303583,-0.602928390346167,0
0.947651982307434,0.55616707,0.542,0.3391,0.5903,0.422,0.1093,0.241875857115,2.639466,19.6,4.267272989077559,-0.0395669,0.375041622193102,0
0.979630589485168,0.9559835,0.906,0.9506,0.8743,0.963,0.9353,0.724199414253,4.219675,24.6,12.862654396725848,0.449277,0.951428143154937,1
0.554930210113525,0.30558878,0.409,-0.4701,0.5327,0.343,0.0964,0.24733376503,2.082433,17.13,4.24884056511922,-0.163654,-0.0270900369697666,0
0.961127996444702,0.31827044,0.15,-0.887,0.0059,0.379,0.1153,0.252771437168,0.997257,10.3,2.819334000349045,-0.429564,-0.349845601092671,0
0.0393474064767361,0.058388233,0.043,-0.9305,0.0012,0.076,0.0871,0.233985126019,1.525965,14.34,3.8019105792045593,-0.701764,-1.14615874699489,0
0.0574743896722794,0.10618588,0.394,-0.8943,0.2644,0.141,0.0915,0.20124925673,0.298471,3.256,2.3241068970858207,-0.279328,-1.02306990795882,0
0.0162936823345787,0.0338583,0.325,-0.9487,0.001,0.072,0.0683,0.270740866661,-0.106698,0.706,2.8944408893585205,-0.412796,-1.37933289544955,0
0.0292501412332058,0.051169574,0.275,-0.8376,0.3323,0.204,0.0934,0.203058987856,-0.403144,0.219,4.894958282871529,-0.277998,-1.42478298866572,0
0.0284788220917333,0.033019543,0.084,-0.9829,0.0364,0.122,0.0579,0.269622445107,0.197825,2.271,4.598041813345105,-0.541071,-1.20955003846123,0
0.0359093509614468,0.15198031,0.571,-0.3549,0.6071,0.265,0.0926,0.290381133556,0.8072,8.353,3.2102714478969574,-0.0172484,-0.759886832609946,0
0.261157076347975,0.16842881,0.52,-0.3924,0.5796,0.291,0.0901,0.243173629045,-0.46797,0.171,3.960480369393746,-0.164938,-0.713751179169149,0
0.22601326878904,0.22369453,0.177,-0.9161,0.1123,0.235,0.0882,0.227081418037,2.198245,17.66,4.569749565507675,-0.31367,-0.19761233848904,0
0.506581902503967,0.32684755,0.12,-0.886,0.0063,0.426,0.2803,0.445163577795,2.126532,17.34,3.775932490825653,-0.379902,-0.0466766442443262,0
0.064053507152467,0.17582324,0.169,-0.8608,0.003,0.336,0.0814,0.409367620945,1.631562,14.93,3.1524345272545164,-0.318378,-0.184723448021785,0
0.320365071296692,0.5089283,0.156,-0.9085,0.0095,0.546,0.0909,0.250665307045,1.540212,14.42,3.310665175491011,-0.275212,-0.118364438862125,0
0.600384116172791,0.25131717,0.416,-0.5487,0.3998,0.379,0.1637,0.220471277833,1.611682,14.82,4.672418438356674,-0.219986,-0.692376770979636,0
0.291674345731735,0.20627439,0.186,-0.8588,0.004,0.362,0.091,0.291106760502,1.761138,15.6,4.548935364806344,-0.31904,-0.590500086346572,0
0.930122077465057,0.6113888,0.554,0.0401,0.6926,0.549,0.1336,0.285661429167,1.93826,16.46,4.995427250862122,0.040619,-0.0597826799967578,0
0.318337848388523,0.32971823,0.447,-0.627,0.5853,0.374,0.1123,0.302591919899,1.598671,14.75,2.7980218429926738,-0.185443,-0.252232444083876,0
0.0424741759695794,0.07727501,0.423,-0.5379,0.4633,0.227,0.0866,0.218021944165,1.221376,12.35,4.248067097477953,-0.158509,-0.711378441168142,0
0.491019457578659,0.2068263,0.188,-0.9588,0.0043,0.451,0.1123,0.307923436165,1.587507,14.69,3.2089607772385857,-0.471143,-1.01743305885972,0
0.757586658000946,0.48689803,0.472,0.7078,0.9528,0.365,0.1506,0.275993913412,2.4093,18.6,4.522398287990837,0.180235,-0.049392569276569,0
0.925927221775055,0.26399857,0.156,-0.9879,0.0087,0.392,0.1293,0.26466318965,2.504262,19.01,3.844487784333244,-0.236178,-0.120285609397074,0
0.896669507026672,0.80305076,0.634,0.5613,0.7061,0.658,0.397,0.459244072437,4.164594,24.5,8.181133915032163,0.121525,0.628797616808723,0
0.500396966934204,0.15367678,0.33,-0.8489,0.1746,0.459,0.0735,0.380594134331,1.897573,16.27,4.859229475259781,-0.122034,-0.315346953141291,0
0.649321556091309,0.29235175,0.487,-0.152,0.6937,0.458,0.1134,0.251701802015,0.834103,8.611,3.86569818854332,-0.0048678,-0.690639385375623,0
0.358435988426208,0.181874,0.272,-1.0173,0.0942,0.291,0.1185,0.218001455069,-0.032105,0.946,2.1688583523424656,-0.321869,-1.13946563970107,0
0.822700023651123,0.36192343,0.262,-1.0356,0.1261,0.421,0.1111,0.24553155899,1.427124,13.74,3.94817784392798,-0.300662,-0.46195584907393,0
0.0377414906045397,0.10471642,0.321,-0.9372,0.0016,0.191,0.0972,0.219374805689,-0.160143,0.571,2.4537549599355204,-0.471437,-1.2944352951468,0
0.0590821904021153,0.07739279,0.25,-0.9546,0.0014,0.319,0.1316,0.284774243832,0.741859,7.759,3.0126710534095764,-0.458859,-0.988734150176613,0
0.46376371383667,0.24268189,0.255,-0.9311,0.2089,0.423,0.086,0.24675065279,0.431862,4.741,3.61669660576361,-0.281397,-0.704415044506888,0
0.224393263459206,0.49384305,0.553,-0.6541,0.385,0.461,0.1194,0.220011651516,2.312445,18.17,4.266921401910677,-0.0954546,-0.560318774342293,0
0.863257944583893,0.34591368,0.124,-0.5424,0.004,0.413,0.0961,0.384425073862,3.975979,24.0,4.106801300261856,-0.172158,0.23425901240333,0
0.0540934167802334,0.12378448,0.337,-0.7374,0.3183,0.314,0.1002,0.239816918969,0.905901,9.316,2.712284177541733,-0.266648,-1.04913313327991,0
0.332874625921249,0.15438011,0.48,-0.8904,0.3753,0.337,0.083,0.301705777645,0.964402,9.918,2.8176469767539376,-0.0733414,-0.77522076783143,0
0.655289173126221,0.33427483,0.575,-0.773,0.2323,0.472,0.0982,0.258253931999,0.305173,3.329,3.428531646728516,0.0694256,-0.490063671624397,0
0.998604476451874,0.9810902,0.931,1.0968,0.9431,0.866,0.9177,0.443379223347,4.543399,25.7,13.5731984330906,0.515946,0.782599567110854,1
0.728145480155945,0.5806533,0.218,-1.1953,0.0337,0.533,0.7596,0.612673640251,4.491776,25.5,3.403491186332808,-0.00613712,0.704948394331857,0
0.919682204723358,0.50568354,0.624,0.543,0.714,0.461,0.9002,0.636011242867,4.435833,25.3,1.114989858142757,0.0855475,0.681525924425141,0
0.0297936549117251,0.08871919,0.344,-0.9749,0.1947,0.164,0.0673,0.244736492634,-0.442304,0.189,2.903092964673144,-0.373373,-1.49236200593502,0
0.893428206443787,0.44630104,0.56,-0.7596,0.2277,0.637,0.1924,0.304772794247,2.124061,17.33,1.978859007358551,0.256427,-0.0085377389243818,0
0.964110851287842,0.7047322,0.672,-0.2284,0.4251,0.367,0.1842,0.398163080215,3.152588,21.6,7.367255945581143,-0.134395,0.190196835485534,0
0.263859560206754,0.16511276,0.283,-0.9577,0.1889,0.415,0.1015,0.244195461273,1.875634,16.17,3.848160212388157,-0.0889695,-0.615075873892237,0
0.931552290916443,0.38518196,0.429,-0.6934,0.2918,0.421,0.1503,0.28811648488,2.931297,20.9,5.156164494430561,-0.0411999,0.0841042042938272,0
0.0238722502706648,0.09771934,0.17,-1.0053,0.1339,0.28,0.0844,0.338562965393,-0.58466,0.11,3.6448374536583614,-0.317038,-1.16300033462616,0
0.878864586353302,0.47492978,0.368,-0.5327,0.4803,0.481,0.0996,0.443740010262,2.363685,18.4,4.366958498954773,-0.149966,0.151140060874039,0
0.350640863180161,0.12660924,0.339,-0.841,0.3055,0.244,0.1194,0.30435398221,1.323159,13.07,4.095111018219379,-0.226498,-0.405997260557106,0
0.583880960941315,0.19039914,0.281,-0.8887,0.1795,0.308,0.115,0.303022295237,0.905849,9.316,4.009956363898194,-0.295538,-1.01086001839503,0
0.0254896244070418,0.05509594,0.079,-0.9075,0.0024,0.179,0.0704,0.180543228984,-0.281264,0.352,3.180894128207914,-0.554533,-1.13209618048966,0
0.147529289126396,0.12124455,0.251,-1.0385,0.1725,0.32,0.0836,0.216694623232,0.171239,2.056,3.134060195913966,-0.327652,-1.34547646196934,0
0.957456946372986,0.49696493,0.631,0.6799,0.8415,0.418,0.334,0.531251072884,3.554066,22.9,4.100243240594864,0.0221605,0.355085415536923,0
0.819719076156616,0.34834394,0.357,-0.4799,0.3113,0.342,0.1654,0.29962259531,1.666119,15.11,4.715585947036743,-0.124511,-0.437324772019374,0
0.171958982944489,0.26202792,0.179,-0.9105,0.0039,0.455,0.2463,0.274296730757,1.093626,11.32,4.093402673379752,-0.348351,-0.607398482406225,0
0.0951415040141152,0.18201244,0.408,-0.8461,0.2681,0.315,0.0729,0.272175163031,0.737159,7.717,2.422024761498951,-0.262292,-0.434912276861502,0
0.0546988949957385,0.093824774,0.334,-0.9322,0.0015,0.304,0.071,0.395074307919,0.907559,9.333,3.3738608360290527,-0.435416,-0.933777869240386,0
0.710849564584773,0.8767909,0.497,0.5007,0.6738,0.657,0.2006,0.458320260048,4.319942,24.9,6.262816209346056,0.0356278,0.651846334023994,0
0.078924149274826,0.09899464,0.334,-0.907,0.0023,0.173,0.074,0.251350015402,-0.596564,0.106,3.355591257995406,-0.48474,-1.10413004703447,0
0.623762393117518,0.3777814,0.387,-0.0165,0.734,0.289,0.1106,0.275033116341,1.627047,14.9,4.606392242014468,-0.0452454,-0.198115695634528,0
0.0347311387699972,0.08433163,0.203,-0.9376,0.0025,0.158,0.1144,0.280423104763,-0.469682,0.17,3.805633611035941,-0.495599,-1.08615312259184,0
0.472625374794006,0.45416823,0.181,-1.1175,0.0122,0.401,0.1065,0.483641028404,3.581577,23.0,3.614639163017273,-0.211382,0.534649278861368,0
0.0521345362067223,0.11076653,0.231,-0.86,0.0029,0.204,0.0973,0.237117916346,0.323414,3.53,2.3772662920964,-0.486429,-1.02532211542925,0
0.14316064119339,0.16892141,0.648,0.485,0.8932,0.158,0.0775,0.246882796288,0.425831,4.675,3.7078388035297394,0.105235,-0.51831371969873,0
0.0313692912459373,0.1315845,0.511,-0.6721,0.3575,0.438,0.0801,0.302032679319,0.226256,2.524,3.8380933608859777,-0.0881745,-1.01496159374501,0
0.0084439024333453,0.036132097,0.303,-0.9474,0.1929,0.165,0.0539,0.207899287343,0.357931,3.918,2.349509913803927,-0.345026,-1.62391162934755,0
0.0500968349940202,0.037497073,0.124,-0.9109,0.0012,0.104,0.0624,0.263709008694,-0.125726,0.655,3.875750927755552,-0.54799,-1.27863312214091,0
0.0662832881868917,0.24319595,0.518,-0.5644,0.4428,0.498,0.0634,0.403263568878,0.969174,9.971,4.527758449316025,0.0302078,-0.574992159064944,0
0.0520941698050831,0.04511389,0.222,-0.5935,0.2119,0.499,0.0908,0.3326382339,2.513208,19.05,4.015766783692552,-0.226677,0.31243587821702,0
0.48693859577179,0.3381446,0.152,-0.9997,0.0066,0.472,0.1185,0.279040366411,1.972498,16.62,3.384987413883209,-0.40818,-0.587094354698713,0
0.132469412941387,0.23166943,0.256,-0.9169,0.2556,0.187,0.0796,0.272128224373,1.145259,11.77,4.589183798676932,-0.254666,-0.430365493656775,0
0.477298557758331,0.2795455,0.567,-0.9889,0.1088,0.372,0.0977,0.311237871647,1.973006,16.63,3.587714191463021,0.0122906,-0.138700346795275,0
0.269219070672989,0.22696796,0.316,-0.8851,0.0032,0.267,0.0825,0.193265169859,0.742278,7.763,3.471380442380905,-0.44983,-1.18179416014134,0
0.837676405906677,0.34527537,0.51,-0.4867,0.421,0.523,0.1206,0.429641127586,1.179236,12.04,3.954723650411181,-0.0279441,-0.538859198412442,0
0.977878212928772,0.7550938,0.546,0.0867,0.7747,0.566,0.18,0.276811182499,3.268426,22.0,5.200583165067539,0.0810204,0.249171759040904,0
0.163450077176094,0.064082116,0.081,-1.0428,0.0823,0.127,0.1037,0.263045221567,-0.224629,0.441,3.460167263370489,-0.503098,-1.19399739454138,0
0.161465898156166,0.20071405,0.185,-1.0648,0.0928,0.412,0.0708,0.29248893261,0.453959,4.98,4.221330850931054,-0.397719,-0.39848035277934,0
0.0408088923352347,0.034792066,0.038,-0.9057,0.0016,0.032,0.0637,0.274024397135,1.049324,10.88,4.297957122325897,-0.713123,-0.965315770555788,0
0.0956387760480896,0.107182264,0.257,-0.8638,0.2604,0.231,0.0735,0.207379937172,0.253802,2.789,1.9694912158703035,-0.25208,-0.951543751007479,0
0.0461848974227905,0.37939116,0.515,-0.9065,0.2595,0.446,0.0982,0.202894315124,0.015773,1.138,4.559584856033325,-0.140427,-1.0217290396152,0
0.953144669532776,0.65527403,0.602,0.625,0.7852,0.503,0.7077,0.572837471962,4.526035,25.6,4.188762121143264,0.149919,0.810006769188292,0
0.0553954986283687,0.18971238,0.228,-0.8747,0.0021,0.263,0.0929,0.319567739964,0.64932,6.919,3.7452280956806896,-0.448477,-1.00246267617838,0
0.865523159503937,0.22683275,0.133,-0.8884,0.1701,0.397,0.1102,0.407469153404,2.378876,18.47,4.18182349359502,-0.341544,-0.0341401734402702,0
0.55557150400562,0.4806685,0.49,0.0557,0.7229,0.341,0.1165,0.276494979858,1.849497,16.04,3.2189938127994537,-0.0571407,0.0812640570140833,0
0.0391017103029851,0.07775238,0.068,-0.8983,0.0019,0.147,0.0709,0.236641377211,-0.106595,0.706,3.009924083948136,-0.624796,-1.29143713192592,0
0.986580073833466,0.90262395,0.816,1.0664,0.9424,0.823,0.9406,0.468769520521,3.972944,24.0,11.779290087652043,0.374281,0.584336611978057,1
0.609226047992706,0.44246286,0.481,-0.3404,0.5068,0.541,0.0849,0.45966219902,3.15118,21.6,5.14918507446926,-0.057508,-0.113175178580669,0
0.0175862790681389,0.041215718,0.261,-0.9362,0.1371,0.146,0.0918,0.240368008614,-0.39696,0.224,4.134099796414375,-0.335922,-1.25663967286798,0
0.979426622390747,0.74324024,0.678,0.2985,0.5989,0.562,0.4352,0.351547688246,3.825131,23.6,9.24750367699362,0.0704574,0.367129124512322,0
0.314840883016586,0.3520319,0.493,-0.7882,0.2935,0.374,0.0866,0.285743057728,1.646935,15.01,4.363294140523016,-0.210533,-0.447634986015258,0
0.566945254802704,0.5187889,0.608,-0.2526,0.6393,0.505,0.1008,0.374296426773,2.501741,19.0,3.549394061816205,0.041946,0.0248212874651176,0
0.592161774635315,0.16225252,0.416,-0.4767,0.4495,0.364,0.0962,0.336697518826,1.486352,14.1,3.223897596600908,-0.147764,-0.390025034400474,0
0.0821544860126546,0.13894394,0.322,-0.2544,0.6052,0.288,0.0836,0.235881865025,0.280514,3.063,2.4167169630527496,-0.150073,-0.866283508299278,0
0.989118158817291,0.65134263,0.695,0.7994,0.8493,0.355,0.3412,0.46362170577,3.913409,23.8,9.143417586673255,0.128226,0.785278157885493,0
0.391053885221481,0.21165654,0.173,-0.8537,0.1362,0.363,0.1168,0.196643516421,0.367705,4.028,3.5619211069871834,-0.404878,-0.889859981108282,0
0.825276553630829,0.36702412,0.27,-0.7803,0.2635,0.446,0.1142,0.23589399457,1.853539,16.06,5.741641278815364,-0.245831,0.106748278292027,0
0.0370149889922539,0.10880545,0.379,-0.8775,0.2419,0.19,0.0928,0.252258837223,1.600443,14.76,4.471773852925807,-0.267335,-0.797304673235074,0
0.626604080200195,0.30726033,0.163,-0.9156,0.003,0.501,0.1662,0.255934089422,0.796841,8.256,3.78241182258986,-0.358572,-0.960609844363956,0
0.116370223462582,0.2222543,0.487,-0.7197,0.3578,0.338,0.0673,0.248567968607,0.067795,1.388,3.3501685599358613,-0.148597,-1.08465378536338,0
0.592574238777161,0.2572317,0.458,-0.3841,0.5634,0.426,0.0808,0.31757581234,2.547482,19.2,4.55035521874133,-0.0878051,0.0594130811935861,0
0.751166343688965,0.5704037,0.564,0.0607,0.5499,0.666,0.2634,0.714261889458,3.545041,22.8,5.004228822886944,0.117782,0.275097265107878,0
0.109786253865267,0.15474826,0.254,-0.8914,0.0029,0.244,0.1143,0.244074955583,1.190563,12.12,3.44846248626709,-0.339555,-0.62245653233421,0
0.099098214470192,0.14642128,0.156,-0.9065,0.0029,0.236,0.0878,0.189464196563,1.431648,13.77,3.022027850151062,-0.499455,-0.730561321729077,0
0.0605935656688779,0.0881643,0.525,-0.8478,0.3415,0.248,0.0861,0.237636059523,-0.196856,0.493,2.902857035398484,-0.164191,-0.847557545446352,0
0.247322842478752,0.24591696,0.109,-0.8901,0.003,0.186,0.0839,0.214381486177,0.625393,6.696,4.474730051159379,-0.521473,-0.893715984396372,0
0.0275444061269923,0.2002407,0.621,-0.6214,0.4325,0.368,0.073,0.25972416997,0.992362,10.24,2.888318066519434,-0.138,-1.14889985617438,0
0.836756348609924,0.20613182,0.139,-0.9863,0.0991,0.379,0.0852,0.30256062746,2.572626,19.31,3.640226969655436,-0.179741,-0.312490801232099,0
0.0510189463419891,0.07194582,0.331,-0.7996,0.2416,0.298,0.0729,0.226507335901,0.302192,3.296,3.632599905133248,-0.270201,-1.19033613124,0
0.16706370196786,0.36053205,0.403,-0.5223,0.4512,0.33,0.1248,0.285693794489,1.771049,15.65,9.46660696901381,-0.19158,-0.538113680078595,0
0.872571349143982,0.27934456,0.475,-0.9919,0.1101,0.41,0.2819,0.298312902451,0.460918,5.054,3.2885858976816054,-0.103887,-0.402542366572292,0
0.994280219078064,0.91244805,0.755,0.4788,0.7236,0.749,0.6074,0.763483166695,4.888749,27.3,8.08634145744581,0.21891,0.891886500389883,0
0.0827122279143703,0.1478064,0.548,-0.0627,0.748,0.339,0.1005,0.276943325996,1.144994,11.76,2.4606083631515503,0.0535389,-0.584814202829607,0
0.0708468481898308,0.12889954,0.51,-0.5485,0.3559,0.345,0.0753,0.34881746769,1.178405,12.03,3.952075362205506,-0.101598,-0.656570809953494,0
0.0187302957525929,0.08557078,0.122,-0.9196,0.0028,0.361,0.0902,0.292072117329,1.789303,15.74,3.4324680268764496,-0.486585,-0.812119475728199,0
0.0422371863656147,0.11881313,0.108,-0.96,0.003,0.141,0.0911,0.291431546211,0.735081,7.698,3.680678482468639,-0.525008,-0.867468329988557,0
0.0892195255224071,0.08152902,0.11,-1.0806,0.0756,0.232,0.0741,0.239984199405,-0.293957,0.335,3.751322037254921,-0.477475,-1.05348776259817,0
0.0655726159178259,0.10839149,0.109,-0.9902,0.1289,0.278,0.0794,0.237082406878,0.457209,5.015,2.732709998214788,-0.382834,-0.755211788706835,0
0.0327963625106202,0.08681837,0.032,-1.0216,0.0843,0.127,0.1046,0.248368740082,-0.153232,0.587,2.717469377146504,-0.430867,-1.21922758474536,0
0.559807777404785,0.3401129,0.511,-0.0471,0.5848,0.41,0.2152,0.346283584833,2.379402,18.47,1.6502893962225942,0.0495139,0.0203385549201401,0
0.97340852022171,0.7419281,0.609,1.0019,0.9007,0.526,0.1598,0.352371990681,4.194186,24.6,4.416164535878687,0.298056,0.470517179052713,0
0.343299627304077,0.14134514,0.329,-0.7456,0.297,0.274,0.0986,0.235800206661,1.068668,11.08,4.3545163577288655,-0.232624,-0.483700681659485,0
0.0573990239088877,0.10314244,0.071,-0.9077,0.0021,0.197,0.1006,0.312715619802,1.728275,15.44,3.5137790124825217,-0.494334,-1.01275350492528,0
0.15097077190876,0.15929091,0.52,-0.7018,0.3107,0.389,0.087,0.228170961142,-0.361936,0.257,2.1806685626506805,-0.160504,-1.18167539076183,0
0.845196545124054,0.29775298,0.205,-0.8415,0.0048,0.212,0.1006,0.251865923405,1.285734,12.81,4.1894519243423805,-0.327741,-0.130624140354801,0
0.553689897060394,0.37617987,0.456,-0.7445,0.3047,0.405,0.1252,0.375097721815,-0.644217,0.089,3.619167346104735,-0.23697,-1.1255803437294,0
0.75290584564209,0.593064,0.426,-0.8693,0.21,0.456,0.1267,0.237960487604,2.801809,20.4,4.569734211643949,-0.163424,0.0714721206958447,0
0.858863234519958,0.23751739,0.113,-0.9919,0.0081,0.24,0.2014,0.333240479231,2.343591,18.31,4.624464467167854,-0.392597,-0.255307685359805,0
0.0508416544181666,0.077017725,0.31,-0.9019,0.0028,0.176,0.0871,0.260068446398,0.524725,5.716,3.847965717315674,-0.425824,-1.01323638235423,0
0.591355979442596,0.45720875,0.483,-0.6755,0.3313,0.49,0.1033,0.259090304375,2.198531,17.66,4.125595322718291,-0.0480451,-0.283954335313271,0
0.0815402359736164,0.085850805,0.129,-0.9046,0.0021,0.167,0.0726,0.246626988053,0.553867,6.007,2.8567675054073334,-0.529284,-1.06567208651678,0
0.118646704217707,0.1684703,0.237,-0.976,0.0038,0.22,0.1163,0.269704699516,-0.327152,0.294,3.148372650036091,-0.46198,-0.686036166237676,0
0.906539976596832,0.23878258,0.491,-0.7674,0.3445,0.341,0.1194,0.321185618639,3.651117,23.2,5.2813340702273495,-0.0569625,-0.159795296809509,0
0.879570421984513,0.42340308,0.386,0.0968,0.6693,0.47,0.1457,0.361709237099,4.111251,24.3,4.191575653713026,0.0346896,0.701860526934084,0
0.901022136211395,0.52419007,0.679,0.8793,0.7993,0.236,0.7563,0.363109171391,3.598871,23.0,10.876764704240486,0.111037,0.382461510915018,0
0.936532437801361,0.55205756,0.475,0.2063,0.4703,0.525,0.1728,0.434156537056,2.520009,19.08,3.3054548922698124,-0.148986,0.351933338291617,0
0.199486970901489,0.118239045,0.195,-0.894,0.0024,0.179,0.0814,0.260021299124,0.463802,5.085,4.686956225509051,-0.418652,-0.756025551972687,0
0.850072920322418,0.55099624,0.202,-1.0287,0.011,0.456,0.2159,0.38596740365,3.985435,24.0,4.459683722722316,-0.167714,0.256066824865205,0
0.103016692567021,0.15660635,0.518,-0.5592,0.4053,0.31,0.1946,0.32125544548,1.703725,15.31,4.375673544338211,-0.113393,-0.483143132805546,0
0.996580898761749,0.66487414,0.683,0.5705,0.5781,0.553,0.1806,0.37671983242,4.223276,24.6,3.708243310451508,0.142179,0.553120157382556,0
0.122829394893864,0.08748537,0.319,-0.8961,0.1869,0.237,0.1372,0.251527458429,-0.779818,0.054,2.8780703395605087,-0.325792,-1.25562387812885,0
0.0966066792838334,0.13829294,0.287,-0.9091,0.0017,0.392,0.1279,0.271464109421,0.98694,10.18,4.15198633845386,-0.368368,-0.931070192365017,0
0.213253923423918,0.19135648,0.186,-1.0027,0.0839,0.283,0.0948,0.30250748992,2.063237,17.05,3.598532997244395,-0.4027,-0.504038860486008,0
0.0452427960879767,0.06317377,0.314,-0.9195,0.0017,0.136,0.0763,0.3675801754,0.215174,2.423,1.4372726678848269,-0.373672,-1.1495515202047,0
0.940163314342499,0.26769215,0.155,-0.9391,0.004,0.431,0.2706,0.332589447498,1.246813,12.54,3.066912527169693,-0.439094,-0.782353243681663,0
0.996614515781403,0.97413707,0.753,0.9454,0.922,0.744,0.9652,0.528747439384,2.71399,19.91,16.06565945571759,0.422084,0.327179145215701,1
0.99332994222641,0.9330229,0.825,0.943,0.8745,0.824,0.3799,0.534599006176,4.805057,26.8,6.899387435987592,0.4001,0.712071644135005,0
0.935369610786438,0.6840752,0.74,0.1614,0.7325,0.481,0.2168,0.284936487675,2.87624,20.6,3.765906891444223,0.087983,0.363647293164619,0
0.764195263385773,0.30714273,0.282,-0.658,0.2089,0.362,0.0973,0.478011488914,2.502076,19.0,1.784852460026741,-0.19565,0.0926256001390865,0
0.352873282289953,0.3023641,0.184,-0.9134,0.1618,0.394,0.1358,0.294855356216,2.719228,19.93,2.8980983112624923,-0.214057,-0.592279012192263,0
0.0566095808733632,0.14416343,0.5,-0.8898,0.226,0.309,0.0659,0.2575519979,0.973841,10.03,3.484566271305084,-0.192038,-1.04152288046193,0
0.961809158325195,0.87157404,0.891,0.7059,0.916,0.679,0.2834,0.360842734575,3.797011,23.5,4.623729174827639,0.259603,0.535455504708765,0
0.992640912532806,0.7978257,0.686,0.5299,0.7237,0.69,0.7474,0.530964255333,4.011385,24.1,9.590081718284637,0.157863,0.565542809171897,0
0.932015240192413,0.43636554,0.414,-0.2626,0.5728,0.53,0.1648,0.268829166889,3.437491,22.5,3.71206535457177,-0.0724709,-0.0083006002710825,0
0.0261318174681909,0.053682983,0.359,-0.9068,0.0025,0.181,0.0613,0.201901867986,-1.530206,0.004,1.928903304821512,-0.465436,-1.57793089604397,0
0.0150794486060005,0.0825873,0.317,-0.9377,0.2405,0.235,0.0746,0.203209355474,1.079266,11.18,4.139112887844262,-0.270903,-1.10227982502938,0
0.0561192560359766,0.08268893,0.145,-1.0165,0.1232,0.159,0.0867,0.253809452057,0.048662,1.291,4.812832314193736,-0.40021,-1.20007299501843,0
0.0526952599175647,0.1425573,0.081,-0.9464,0.0051,0.338,0.0793,0.266660302877,1.257341,12.61,3.2726606726646423,-0.504349,-0.788064710884032,0
0.749078631401062,0.19663242,0.189,-0.9986,0.1267,0.369,0.0971,0.250088661909,2.079657,17.12,4.648296301451165,-0.342598,-0.485731342056761,0
0.121729165315628,0.16572636,0.558,-0.5177,0.4682,0.409,0.0815,0.226105868816,2.052645,17.0,3.2488338693792507,-0.0230888,-0.644643379993251,0
0.992028892040253,0.9237214,0.788,1.1004,0.9506,0.815,0.9493,0.537599802017,3.15423,21.6,12.110376000498036,0.389462,0.610266478814226,1
0.105657917639318,0.24654561,0.169,-0.8123,0.0048,0.329,0.1111,0.260596841574,1.986109,16.69,4.419987663626671,-0.370597,-0.58476325324393,0
0.771785915264496,0.64079213,0.555,0.3724,0.6051,0.554,0.5749,0.67591637373,4.571315,25.8,9.17176985507831,0.136369,0.559944798416797,0
0.763997316360474,0.27715647,0.114,-0.9051,0.0059,0.371,0.3867,0.229398787022,1.712594,15.36,1.620533466339111,-0.269469,0.0160777923423395,0
0.980502963066101,0.9823736,0.819,0.7858,0.8145,0.916,0.7888,0.614259123802,4.832807,27.0,5.366643655007904,0.412497,0.875869020139483,0
0.175349950790405,0.20516843,0.098,-0.9064,0.0057,0.377,0.0902,0.323923557997,2.969101,21.0,3.206996935259377,-0.451613,-0.0921442314749506,0
0.0360380432970108,0.11114046,0.382,-1.0085,0.1579,0.249,0.156,0.243106156588,1.010052,10.45,3.2210082236634427,-0.211403,-0.922049268574576,0
0.438646525144577,0.25383046,0.5,-0.8036,0.3166,0.351,0.0844,0.30612963438,0.445618,4.89,3.043733702080848,-0.0346097,-0.754692981290801,0
0.290101104383882,0.2646839,0.583,-1.0226,0.1042,0.402,0.0894,0.267130434513,2.017656,16.83,4.144375324249268,0.0330382,-0.048565487164982,0
0.985522747039795,0.9281138,0.932,0.9684,0.9041,0.696,0.8646,0.77997648716,4.772574,26.7,11.844302539466913,0.383277,0.983877065311443,1
0.842467486858368,0.48704052,0.455,-0.8504,0.2239,0.44,0.0936,0.341652989388,2.642526,19.61,4.917129175311471,-0.109957,-0.0978218153843468,0
0.269890124570536,0.277143,0.222,-0.9196,0.0028,0.387,0.0772,0.244838893414,0.694531,7.333,2.990777082677277,-0.267293,-0.409859027236339,0
0.511052548885345,0.24876863,0.596,-0.037,0.7283,0.324,0.1233,0.243599042296,1.083662,11.22,4.196427688002586,-0.024829,-0.560773548798424,0
0.072838582098484,0.10705429,0.16,-0.9079,0.2574,0.158,0.1151,0.246250003576,0.493882,5.4,2.7124292258145863,-0.351541,-0.981546306427254,0
0.679542720317841,0.26540545,0.132,-1.084,0.0154,0.25,0.1298,0.393412351608,2.624302,19.54,3.4094138919971653,-0.336339,0.167906455696859,0
0.501886378459673,0.18515152,0.569,-0.3784,0.4921,0.321,0.0948,0.310085117817,2.266993,17.97,3.900128801318339,-0.0465172,-0.572675831023803,0
0.913750290870667,0.8357022,0.554,0.0082,0.6916,0.524,0.1468,0.322227329016,2.53544,19.15,5.760948608880163,0.251835,-0.0313542595081367,0
0.137673318386078,0.15019453,0.34,0.2695,0.8089,0.303,0.1049,0.278260827065,0.241337,2.666,3.0173946266238194,-0.0360302,-0.669450012503743,0
0.0832763122701775,0.2073299,0.092,-0.9818,0.1023,0.277,0.0863,0.253186225891,0.339342,3.708,2.956422151545555,-0.375164,-0.918308346873666,0
0.0440845552110173,0.08233684,0.157,-1.024,0.1016,0.156,0.0734,0.272702693939,-0.149986,0.594,3.2920701290957624,-0.422751,-1.08623469411772,0
0.999969005584717,0.9229127,0.823,1.0916,0.9496,0.771,0.4567,0.463116824627,4.564104,25.8,1.4875491655997806,0.410821,0.859218133246534,0
0.995520949363708,0.96052945,0.914,0.9021,0.8477,0.854,0.9767,0.750134885311,4.594712,25.9,16.687743605819815,0.413439,0.911957837237248,1
0.979695439338684,0.9353193,0.866,1.0732,0.9484,0.8,0.6502,0.505387425423,3.946441,23.9,10.099741286365315,0.528378,0.640270805241149,1
0.0311609383438378,0.112508416,0.258,-0.9015,0.0021,0.722,0.0783,0.35126516223,0.656512,6.985,3.904237873875647,-0.530986,-1.11145461314503,0
0.750279068946838,0.36214793,0.452,-0.1511,0.6194,0.374,0.0889,0.269380688667,2.12978,17.35,5.925188674954066,-0.0303393,0.128546495824702,0
0.32167449593544,0.24654755,0.209,-0.8392,0.3051,0.438,0.0784,0.224779576063,1.642963,14.99,3.58669806626801,-0.207464,-0.615782799036302,0
0.866764313188322,0.45974422,0.541,-0.4873,0.3339,0.458,0.8281,0.414809644222,2.988676,21.1,2.4191424641798136,-0.0611576,0.0937682830825736,0
0.892443776130676,0.70327497,0.748,0.109,0.5205,0.681,0.0936,0.424857378006,3.525483,22.8,7.433697220999472,0.233375,0.572853640334494,0
0.932504177093506,0.35605022,0.074,-0.9885,0.008,0.472,0.089,0.302447885275,1.98631,16.69,4.744116149842739,-0.308439,-0.0749294368841076,0
0.781711637973785,0.51579565,0.57,0.6603,0.8401,0.696,0.9725,0.661095142365,3.249996,21.9,11.43458263296634,0.242836,0.37124722714044,0
0.0154096623882651,0.0982461,0.347,-0.9121,0.2178,0.237,0.0656,0.240819618106,0.161114,1.979,3.7321564696073466,-0.29356,-1.42379701096743,0
0.383786399825333,0.2058219,0.434,-0.5085,0.5664,0.373,0.1247,0.31845754385,1.989716,16.7,4.47024433935427,-0.140079,-0.290663858010733,0
0.0787747474841053,0.112906665,0.183,-0.9177,0.0025,0.215,0.143,0.2507173419,-0.008139,1.038,3.1262955425412047,-0.453133,-0.962258557128431,0
0.326052930402882,0.24518448,0.217,-0.9253,0.0034,0.467,0.0859,0.319466948509,0.291493,3.18,3.7660544994896745,-0.371119,-0.798847093843502,0
0.57279634475708,0.23225126,0.527,-0.9441,0.1295,0.399,0.0876,0.238892525434,2.715249,19.91,4.02880176881918,0.0278653,-0.141280648589594,0
0.378649788249967,0.20464632,0.141,-0.9385,0.0036,0.368,0.1316,0.273024022579,0.595144,6.409,2.974145106884198,-0.394146,-0.620527998194621,0
0.0474204048514366,0.16966945,0.192,-0.9731,0.004,0.211,0.2659,0.29431283474,0.836889,8.638,5.33327446565984,-0.477011,-0.720352256397168,0
0.440938234329224,0.20577511,0.138,-0.9673,0.0928,0.288,0.0855,0.28145429492,1.622124,14.88,4.612459975730833,-0.351927,-0.343018884209923,0
0.0532992594217412,0.1074076,0.235,-0.8997,0.0025,0.274,0.1508,0.206807613373,0.662805,7.043,1.805139041884616,-0.399103,-0.836363991419676,0
0.0194618611991772,0.067111194,0.292,-0.9331,0.0012,0.166,0.0716,0.264280676842,-1.478079,0.005,3.470206622118653,-0.496563,-1.46754355704643,0
0.852746307849884,0.3268785,0.377,-0.5613,0.4564,0.307,0.1275,0.255450189114,2.552925,19.22,4.196419291828547,-0.16579,-0.0317970895735897,0
0.389516443014145,0.29970652,0.575,-0.5468,0.4275,0.282,0.141,0.218413740396,1.097345,11.35,3.6807075250800665,-0.0565834,-0.449556624889698,0
0.997186839580536,0.740986,0.762,1.2083,0.9101,0.46,0.1224,0.353459298611,4.301117,24.9,3.9935241639614105,0.168327,0.705868115786593,0
0.355220511615844,0.2816301,0.585,0.5992,0.927,0.303,0.1105,0.287353873253,1.527608,14.35,3.754169098609237,0.129058,-0.290956200424084,0
0.0451907070850998,0.084884465,0.506,-0.5219,0.4879,0.316,0.1198,0.26528441906,0.131395,1.768,2.812556068967564,-0.184031,-1.25387746160644,0
0.0410782139647913,0.08733255,0.122,-0.9824,0.1494,0.16,0.0678,0.312769949436,-0.352645,0.266,3.443643672632044,-0.417139,-1.34205559494648,0
0.315443158149719,0.20534343,0.138,-0.9508,0.0038,0.193,0.1125,0.290068745613,0.38178,4.186,3.5326177219034216,-0.482246,-0.334024840261309,0
0.0430970512004892,0.06593469,0.24,-0.9016,0.0023,0.063,0.0594,0.207585349679,0.05094,1.302,3.661931618491928,-0.518604,-1.17540608715137,0
0.993937730789185,0.71626896,0.756,1.0757,0.9715,0.474,0.531,0.350852847099,4.268238,24.8,4.143657624721527,0.339012,0.723397695800241,0
0.239815339446068,0.27933973,0.413,-0.8226,0.3043,0.314,0.12,0.216532170773,1.192791,12.14,3.950227946043016,-0.140615,-0.638072359781056,0
0.590394139289856,0.2917865,0.608,-0.761,0.2251,0.373,0.118,0.305243432522,2.737533,20.1,5.192097008228302,0.128842,-0.113732525959792,0
0.972249567508698,0.5899665,0.627,0.1319,0.6441,0.503,0.4425,0.425997436047,3.09888,21.4,7.964402258396149,-0.0429036,-0.031676160652698,0
0.0270676110411182,0.051038653,0.15,-0.928,0.2189,0.278,0.2017,0.280941903591,1.829808,15.94,3.6069809454132473,-0.290672,-0.763819133241985,0
0.982189120727045,0.46505687,0.253,-1.2116,0.0513,0.467,0.232,0.50958186388,4.261854,24.7,4.095835075492051,-0.189374,0.901357501107403,0
0.217587638819678,0.20822102,0.256,-0.5809,0.3971,0.421,0.1968,0.362506389618,2.029302,16.89,3.481922687786592,-0.235807,-0.238753959222386,0
0.864603757858276,0.25481233,0.545,-0.6388,0.2679,0.438,0.2051,0.301639974117,2.656479,19.67,3.397945284843445,0.0808185,0.198733718792889,0
0.740870535373688,0.7939912,0.595,-0.2389,0.6201,0.763,0.2667,0.298065960407,2.904695,20.8,6.335584469139576,0.00728706,0.136728818405456,0
0.480025472821909,0.37096584,0.465,-0.034,0.7283,0.379,0.1468,0.281901836395,2.724974,19.95,6.964086517691612,0.00321377,0.0953513693439067,0
0.0467601966806098,0.031486213,0.061,-0.9399,0.0007,0.11,0.0684,0.266669809818,0.066866,1.383,2.623732694242777,-0.621432,-1.48599722734425,0
0.0364676242022069,0.12346429,0.276,-0.9101,0.0026,0.21,0.0779,0.251029103994,-0.312247,0.312,4.065719406320273,-0.506262,-1.14903506932283,0
0.993307530879974,0.4621907,0.186,-1.0479,0.0469,0.545,0.4748,0.495869636536,4.319308,24.9,4.424372194433207,-0.159706,0.770238782632763,0
0.830083668231964,0.507064,0.577,-0.261,0.5838,0.457,0.0959,0.279538691044,2.689852,19.81,6.520174942330174,-0.0194107,0.197416742930709,0
0.814927577972412,0.35993838,0.126,-0.9181,0.003,0.337,0.1344,0.234341949224,1.331494,13.12,4.856513187289238,-0.390531,-0.612502638963454,0
0.996438264846802,0.88178253,0.844,0.7387,0.7998,0.854,0.982,0.586480677128,4.94906,27.6,15.673534096684309,0.423132,0.694333805672579,1
0.865368068218231,0.3957129,0.407,-0.8438,0.2809,0.323,0.336,0.254564344883,1.791362,15.76,5.799097866367041,-0.190629,-0.808132334139845,0
0.877013087272644,0.5624053,0.754,0.1485,0.6109,0.501,0.0972,0.315890073776,3.921668,23.8,3.611895854848372,0.0579142,0.536660368572542,0
0.117026982858284,0.2369282,0.557,0.0843,0.7304,0.321,0.0833,0.229155942798,1.323139,13.07,3.826507018117367,-0.039904,-0.267363893325834,0
0.123344865903099,0.20726058,0.101,-0.9488,0.005,0.232,0.0814,0.23930850625,1.164365,11.92,4.625930323556686,-0.46225,-0.606021407447794,0
0.980732262134552,0.70029527,0.647,0.4876,0.7031,0.55,0.7807,0.444015592337,3.045725,21.2,7.606617187257412,0.0729898,0.005897033247387,0
0.811905682086945,0.58834344,0.596,-0.7676,0.2262,0.373,0.0713,0.378636211157,2.300115,18.12,7.044827029109001,0.0818903,-0.0513858206721911,0
0.952099740505219,0.30428523,0.485,-0.0336,0.4562,0.422,0.1149,0.460407555103,3.25111,21.9,5.859789304124813,0.0532287,0.332071376329627,0
0.0230632599716057,0.097760856,0.078,-0.8963,0.0023,0.344,0.1073,0.234293103218,2.441482,18.74,3.226496856809192,-0.556131,-1.00791782721824,0
0.0316182933747768,0.0861817,0.219,-0.8846,0.0029,0.161,0.0753,0.246081054211,-0.066423,0.828,3.91970893740654,-0.369644,-0.997452567317952,0
0.112596873077399,0.107263565,0.207,-0.9515,0.003,0.183,0.1065,0.30556511879,-0.479354,0.164,2.7327344715595245,-0.536425,-1.57872332381511,0
0.987349689006805,0.44635156,0.156,-1.0853,0.0158,0.415,0.1864,0.346738040447,3.278364,22.0,6.295474910495233,-0.160994,0.503652012614242,0
0.0742242820707427,0.1310988,0.378,-0.9368,0.2613,0.308,0.115,0.229138672352,0.018317,1.149,3.36904546170462,-0.271225,-1.1644268707526,0
0.0524974327312488,0.07307026,0.054,-1.0134,0.0285,0.085,0.0881,0.240423262119,-0.559349,0.121,2.854800449259355,-0.576947,-1.30626754967551,0
0.609159648418427,0.1990793,0.176,-0.9182,0.004,0.325,0.0919,0.246621280909,1.821813,15.9,4.600212924263858,-0.402549,-0.330957810608677,0
0.974125981330872,0.5718275,0.456,-0.6484,0.286,0.353,0.1935,0.233041733503,3.92051,23.8,7.159299250692129,-0.137559,0.0479280051865643,0
0.809924244880676,0.6613975,0.543,-0.8089,0.2771,0.594,0.102,0.265810966492,2.097158,17.2,4.362915635108948,-0.0171191,-0.0339566710082575,0
0.0342921959196066,0.08071938,0.067,-0.9048,0.0024,0.272,0.0778,0.217912107706,1.67302,15.15,4.42524150645308,-0.504164,-1.27959879627634,0
0.115977339054989,0.18066421,0.179,-0.9155,0.0028,0.261,0.0997,0.352306783199,1.967328,16.6,3.552739511698796,-0.305773,-0.262540095210069,0
0.0353401675820351,0.018663496,0.089,-0.9931,0.0493,0.17,0.065,0.334009110928,0.743399,7.773,6.856209941208363,-0.452205,-1.61145365565123,0
0.577593266963959,0.33420748,0.176,-0.8747,0.0029,0.425,0.2691,0.263797968626,1.583195,14.66,5.358331618920748,-0.271373,-0.448619563639485,0
0.0948449596762657,0.053490877,0.128,-1.0408,0.0858,0.122,0.0799,0.226221948862,-0.587928,0.109,2.944299111050582,-0.500455,-1.59945667630075,0
0.972204029560089,0.5548294,0.475,-0.5693,0.4755,0.391,0.2685,0.253195106983,2.085679,17.15,6.787082701515662,-0.0808534,-0.0045654491921275,0
0.986533761024475,0.9153373,0.805,0.8473,0.837,0.589,0.456,0.432679206133,4.023132,24.1,10.23212791316462,0.214526,0.832082355967882,0
0.0665485709905624,0.06280604,0.286,-0.9071,0.0022,0.244,0.1005,0.227494180202,0.684807,7.245,2.172050356864929,-0.401713,-1.22888924218849,0
0.98321920633316,0.51885194,0.562,0.346,0.6035,0.402,0.2318,0.362177193165,3.069751,21.3,4.359000314769574,-0.0137169,0.356174096149818,0
0.88128000497818,0.80198276,0.703,0.2999,0.6786,0.722,0.9818,0.669799566269,3.941861,23.9,9.73357519516312,0.115342,0.528249354979736,0
0.992620170116425,0.61744595,0.562,0.2746,0.6257,0.493,0.5282,0.482944726944,4.36273,25.1,7.672573952812002,0.037368,0.794551301329406,0
0.0159138049930334,0.056901425,0.255,-0.9743,0.0453,0.277,0.1098,0.217417776585,-0.085865,0.767,3.648248739540577,-0.402148,-1.50466712695155,0
0.0233888765186947,0.08520165,0.16,-1.0171,0.0619,0.326,0.1007,0.321518003941,-0.185138,0.516,3.41923762612066,-0.394429,-0.945030598156126,0
0.0117843054239713,0.047061533,0.159,-0.9208,0.0012,0.163,0.0719,0.176598459482,-0.863928,0.04,3.018621921539306,-0.554826,-1.31015795246494,0
0.965344905853271,0.45812866,0.506,-0.0448,0.6047,0.432,0.1852,0.383836656809,2.387048,18.5,8.667249379350215,-0.115744,-0.0019747653759793,0
0.0237015392631292,0.10251635,0.288,-0.9823,0.1356,0.277,0.0942,0.30792966485,0.124055,1.72,3.462699982825693,-0.311436,-1.10087002709629,0
0.706723690032959,0.29233348,0.326,-0.704,0.3221,0.404,0.0853,0.267528951168,1.032721,10.7,3.978310594854397,-0.120812,-0.212373204945455,0
0.0360147468745708,0.14035538,0.131,-0.9571,0.2151,0.263,0.0902,0.231057524681,0.286484,3.127,4.276140258545239,-0.31594,-0.989597842758679,0
0.904323816299438,0.54336095,0.596,0.2017,0.6092,0.527,0.1348,0.34647834301,4.25961,24.7,3.941929574017922,0.141464,0.390093795943851,0
0.498742938041687,0.2905036,0.174,-0.8843,0.0028,0.403,0.0738,0.181489616632,1.811032,15.85,2.9783589839935303,-0.338212,-0.398777362309126,0
0.154575824737549,0.10228357,0.08,-0.9693,0.0032,0.266,0.0761,0.24436531961,-0.620291,0.097,4.803229179585718,-0.588527,-1.75071444435272,0
0.362566125323785,0.32132122,0.608,-0.2961,0.6106,0.457,0.1038,0.256255149841,2.171204,17.54,3.989107527904001,-0.0294343,-0.142951695104192,0
0.0972287147021316,0.20691481,0.183,-0.903,0.0029,0.35,0.1774,0.350592494011,2.062659,17.04,4.2112173438072205,-0.293444,-0.366691172691287,0
0.172715917229652,0.18580815,0.637,-0.4614,0.6397,0.233,0.0886,0.282179713249,0.350668,3.836,4.48160408437252,-0.051697,-1.08197698326631,0
0.848402082920074,0.31530455,0.29,-0.9219,0.1888,0.481,0.1429,0.428457975388,1.925119,16.4,5.149424024747733,-0.226853,-0.502717826221043,0
0.0288148670564153,0.14124152,0.087,-0.8945,0.0022,0.25,0.1143,0.186412006617,0.105463,1.602,3.713948468740466,-0.53673,-1.11876068163794,0
0.0700590192861908,0.10807693,0.368,-0.7894,0.2727,0.315,0.0886,0.222685456276,0.10753,1.615,3.7322189288490897,-0.281528,-1.21112957771206,0
0.0376599990699705,0.09163141,0.169,-0.9101,0.0035,0.331,0.1783,0.313933998346,0.921781,9.474,2.768287611950364,-0.492677,-0.888512120706269,0
0.0511725336264744,0.084601164,0.048,-0.9819,0.1354,0.204,0.0638,0.258766710758,1.54063,14.42,4.241964370012283,-0.390158,-0.976119700268172,0
0.0624723398642012,0.14289933,0.137,-0.856,0.0052,0.276,0.0918,0.269977033138,1.032671,10.7,3.875920264480018,-0.480462,-0.44824016926718,0
0.15758337758134,0.32771504,0.17,-0.9153,0.0038,0.322,0.1411,0.220825448632,1.518539,14.29,5.660259395837784,-0.351441,-0.582191204255446,0
0.434759825468063,0.24118456,0.162,-0.8975,0.0035,0.431,0.1084,0.380382627249,0.981121,10.11,4.68058518320322,-0.43222,-0.819030905576498,0
0.974446475505829,0.7508049,0.528,-0.6398,0.2788,0.609,0.1746,0.395974606276,3.031167,21.2,4.090181303937001,0.0677285,0.102579485221837,0
0.209167912602425,0.4377556,0.193,-0.8962,0.0033,0.595,0.084,0.352987825871,0.965569,9.931,3.73827239600858,-0.414851,-0.943742782125026,0
0.106063298881054,0.2324774,0.219,-0.9101,0.003,0.399,0.4707,0.358407795429,0.991613,10.24,2.857033781730602,-0.364373,-0.943821708378986,0
0.867921352386475,0.31359053,0.458,-0.1903,0.6324,0.423,0.0996,0.273628890514,1.943718,16.49,3.723202030211422,-0.110434,-0.0673123603010894,0
0.942756831645966,0.7223641,0.633,0.1485,0.7451,0.503,0.2671,0.398548185825,1.863262,16.11,3.974351309936159,0.051235,0.0725823230217167,0
0.126353337742355,0.33754838,0.53,0.1838,0.7837,0.339,0.1068,0.249508798122,2.939306,20.9,3.298742563015495,0.106586,-0.513379307949475,0
0.352874594158257,0.45822814,0.147,-0.9654,0.133,0.501,0.1433,0.290890872478,1.167536,11.95,4.285764230025991,-0.178867,-0.329322343233443,0
0.476184338331223,0.2391147,0.46,-0.578,0.4267,0.298,0.1511,0.253294110298,1.451789,13.89,3.85543630663023,-0.112539,-0.4233421570869,0
0.0145247545799818,0.027253747,0.042,-0.9402,0.0016,0.106,0.0673,0.227816700935,-0.928986,0.031,3.253589922748568,-0.60844,-1.64286037001786,0
0.982976913452148,0.7610643,0.577,0.1493,0.5349,0.37,0.0908,0.297146618366,2.620153,19.52,6.286559669800321,-0.114042,0.29149143147422,0
0.815268576145172,0.49525097,0.575,-0.4388,0.4912,0.525,0.0865,0.327695161104,1.889362,16.23,5.187599271535873,0.0386483,-0.329051937519407,0
0.037308492586001,0.08473429,0.271,-0.9015,0.2678,0.16,0.066,0.276271402836,0.588856,6.348,3.896702588932184,-0.360086,-1.07852088770453,0
0.235086753964424,0.20694962,0.2,-0.8915,0.0037,0.406,0.1599,0.261507451534,1.078459,11.17,4.432462126016617,-0.288124,-0.934727586475484,0
0.970713257789612,0.6518917,0.675,0.5522,0.7046,0.385,0.1723,0.543636679649,3.968073,24.0,6.088591934006647,0.0477868,0.793193907552621,0
0.837583482265472,0.5666432,0.437,-0.2114,0.3232,0.432,0.0913,0.305429667234,2.505168,19.01,4.224345775718948,-0.185554,0.0973660925144487,0
0.269156962633133,0.17314446,0.187,-0.8434,0.0037,0.379,0.1004,0.2634986341,0.909329,9.35,4.56647652669878,-0.447435,-0.534316411755142,0
0.368245573285473,0.41815025,0.17,-0.9128,0.0033,0.432,0.1041,0.229437097907,0.98146,10.12,3.3772735709119925,-0.335886,-0.647890569435032,0
0.0361266295381512,0.092488796,0.058,-0.9,0.0025,0.129,0.1248,0.253316283226,-0.459786,0.176,3.268787890672684,-0.64374,-1.41215517421257,0
0.902157843112946,0.632718,0.572,0.2739,0.5394,0.623,0.1062,0.491623073816,3.955766,23.9,6.395528692752123,-0.0832511,0.211524396956361,0
0.710626065731049,0.24493101,0.318,-0.3281,0.5013,0.423,0.1508,0.328713804483,2.211115,17.72,4.146019719541073,-0.0981914,-0.527283948197883,0
0.994594395160675,0.92700994,0.778,0.6196,0.7289,0.685,0.9225,0.467486441135,4.848585,27.1,14.073586241383769,0.202595,0.732198833678457,1
0.756367564201355,0.60978085,0.466,-0.8621,0.2581,0.411,0.2297,0.229106143117,2.634044,19.58,6.296349048614502,-0.15667,-0.160334543809914,0
0.991647601127625,0.29879546,0.107,-1.1323,0.042,0.44,0.5893,0.613965630531,2.849326,20.5,4.787661588958956,-0.238835,0.21654893004219,0
0.0457752397253465,0.045354515,0.521,-0.9756,0.1998,0.241,0.0562,0.238161221147,-0.384182,0.236,3.955821615564988,-0.246311,-1.4384629841036,0
0.995785653591156,0.85349345,0.832,0.9539,0.9064,0.569,0.8514,0.474387258291,3.734078,23.4,8.948047563433647,0.426172,0.720466251284024,0
0.664843559265137,0.28699285,0.429,-0.2662,0.5615,0.354,0.1233,0.266737252474,1.685197,15.22,4.5028438525931005,-0.0413913,-0.0738337905880954,0
0.134462162852287,0.13799816,0.168,-0.9144,0.0028,0.322,0.1105,0.416919231415,1.675227,15.16,2.766460376174488,-0.31334,-0.377916525061761,0
0.170793498525466,0.18627816,0.32,-0.9436,0.1967,0.491,0.0888,0.23677046597,1.283844,12.8,3.399963566835455,-0.0500423,-0.778681190102559,0
0.129259809851646,0.114807576,0.339,-0.8674,0.2641,0.169,0.0938,0.218467921019,-0.124045,0.659,4.904164751482738,-0.288376,-1.40960589030567,0
0.0426002093492973,0.0972597,0.345,-0.8309,0.2254,0.214,0.0899,0.284878849983,1.148569,11.79,3.946378069101969,-0.276574,-0.929912552720164,0
0.0245453383700282,0.028704435,0.244,-0.8876,0.0923,0.166,0.0968,0.250574022532,-0.717043,0.068,3.2040056169133067,-0.337945,-1.71104421880961,0
0.0211105409254434,0.14765316,0.56,-0.9792,0.1142,0.339,0.0797,0.226676523685,0.570386,6.169,2.989219158887863,-0.0343285,-0.708322586613437,0
0.12017840567873,0.096704245,0.276,-0.9265,0.1856,0.233,0.0658,0.243555516005,-0.387566,0.233,3.5856292610671447,-0.380044,-1.98615198576734,0
0.97864693403244,0.4422134,0.659,0.5731,0.8007,0.459,0.8121,0.451274305582,2.132703,17.37,8.084022044425396,0.159908,-0.157703327361646,0
0.118623793125153,0.15469557,0.349,-0.7251,0.3466,0.344,0.0953,0.247387230396,1.283353,12.79,3.1955922010054625,-0.155131,-0.615112907754509,0
0.0805052893154667,0.064841926,0.353,-0.8627,0.2938,0.089,0.071,0.201546937227,1.397667,13.56,3.0405604732990126,-0.274519,-0.521104485279259,0
0.498017817735672,0.21374857,0.191,-0.9356,0.0038,0.193,0.1103,0.257809311152,2.556449,19.24,5.421468839049339,-0.273162,-0.373422837494043,0
0.0434988526716485,0.1787957,0.63,0.2542,0.7924,0.19,0.1086,0.249351993203,1.862274,16.1,2.7854838625133533,0.0952495,-1.11436944390408,0
0.53409081697464,0.25829858,0.466,-0.4311,0.332,0.407,0.0898,0.279625177383,1.726547,15.43,4.9682450356344985,-0.0284948,-0.53204344072531,0
0.253163275323704,0.18751425,0.177,-0.9397,0.0062,0.297,0.1474,0.261970281601,1.198982,12.19,4.360450446605682,-0.326833,-0.285642583880658,0
0.946756064891815,0.46746027,0.446,-0.2326,0.631,0.498,0.331,0.296298265457,2.482881,18.92,3.84329957062859,-0.00455218,0.0352190200718375,0
0.991603553295135,0.48051792,0.163,-0.9357,0.2037,0.458,0.1209,0.261903584003,1.22111,12.35,5.409633356063304,-0.220923,-0.40033241120291,0
0.0681393945650151,0.17532173,0.56,-0.5932,0.3996,0.273,0.0926,0.300550550222,1.786836,15.73,7.643286630511284,0.00783843,-0.954019492133749,0
0.0951240435242653,0.13534498,0.112,-0.9106,0.004,0.184,0.0816,0.323770612478,0.983555,10.14,2.87020480632782,-0.455833,-0.41694447125212,0
0.938162982463837,0.41973513,0.501,0.269,0.6111,0.411,0.091,0.347812473774,3.681657,23.2,7.693272703870182,-0.0860833,0.367183550565875,0
0.401034533977509,0.24693534,0.137,-0.8963,0.1769,0.415,0.1211,0.41624045372,2.273092,18.0,4.419446608437053,-0.338519,-0.161800446955045,0
0.571242809295654,0.1813735,0.358,-0.6925,0.3748,0.24,0.0662,0.209303617477,0.926365,9.519,3.26741385538272,-0.187386,-0.634050181394964,0
0.0785029340718219,0.0790883,0.219,-0.9898,0.1397,0.253,0.073,0.272031277418,0.282678,3.086,3.810109174710728,-0.30362,-1.1190908739327,0
0.116092197518136,0.0988698,0.195,-0.9248,0.0037,0.156,0.099,0.253061443567,0.968104,9.959,2.4427297115325928,-0.372395,-0.835838816305882,0
0.260802924633026,0.51290077,0.574,-0.3778,0.3696,0.478,0.1333,0.248926609755,2.140372,17.4,3.605421163346968,-0.0179418,-0.373558819863339,0
0.117050584120179,0.10389447,0.197,-0.9229,0.0017,0.17,0.0765,0.21019744873,-0.588249,0.109,3.4111695963481723,-0.514335,-1.53781711410698,0
0.0515707575136864,0.022998959,0.254,-0.9604,0.079,0.206,0.0702,0.207849293947,-0.937608,0.031,2.0924931168556213,-0.355571,-1.68108702171299,0
0.0280452490964093,0.020865947,0.1,-0.9373,0.0006,0.086,0.0574,0.252986937761,-0.248432,0.401,2.52673892665444,-0.567677,-1.73609916451246,0
0.995314478874207,0.45310912,0.306,-0.8997,0.1962,0.51,0.1729,0.353768050671,2.008889,16.79,3.3464197828861506,-0.0534404,-0.383618356717486,0
0.558636837398235,0.29515594,0.476,-0.2926,0.615,0.432,0.1087,0.276781797409,1.66786,15.12,2.48708789501341,-0.130319,-0.0733202087401601,0
0.996550679206848,0.84919965,0.801,0.9183,0.7981,0.771,0.1075,0.429804563522,4.343911,25.0,2.782265060002164,0.2035,0.834791845044177,0
0.170519918203354,0.055653542,0.32,-0.9207,0.0386,0.303,0.0605,0.350337684155,1.701927,15.3,3.0083736826424854,-0.289216,-1.13058296867406,0
0.0867575268222738,0.20016634,0.513,-0.3156,0.5467,0.427,0.0787,0.321547806263,1.898332,16.27,2.9496510935251354,-0.0606921,-0.243143987850898,0
0.974931180477142,0.34844357,0.603,-0.0797,0.5413,0.4,0.099,0.334277808666,3.711276,23.3,6.582083281021421,0.0120798,0.050331913785129,0
0.0289009408445645,0.076336116,0.246,-0.92,0.0014,0.196,0.0864,0.247061550617,1.541553,14.43,3.659971058368683,-0.368001,-1.21051418991634,0
0.803201794624329,0.33007842,0.621,-0.6924,0.2463,0.529,0.1575,0.291071563959,2.592317,19.4,2.9238319993019104,0.2468,0.0118312649221795,0
0.0274457968771458,0.07495764,0.125,-0.8974,0.0017,0.194,0.0731,0.230196252465,-0.070555,0.814,2.6301094591617584,-0.550692,-1.61138328112431,0
0.965254068374634,0.7804595,0.662,0.5798,0.734,0.268,0.1057,0.311526864767,2.976502,21.0,9.944817812475751,-0.0192828,0.308247909077527,0
0.051144537816374,0.12710026,0.479,-0.7055,0.328,0.346,0.0629,0.215803384781,-0.366274,0.253,1.822397530078888,-0.173101,-0.825261866939449,0
0.994180977344513,0.9285654,0.727,0.7642,0.808,0.734,0.4713,0.566403865814,4.418323,25.2,8.331443648659638,0.126672,0.83001747788574,0
0.94572776556015,0.91547805,0.508,0.8208,0.788,0.622,0.2054,0.462932527065,4.303054,24.9,9.05479039696987,0.101258,0.774615231849905,0
0.27867928147316,0.047436446,0.117,-1.0329,0.0575,0.134,0.1026,0.192824304104,-0.836553,0.044,2.638829502278225,-0.430546,-1.91205797633066,0
0.966595411300659,0.7473656,0.532,0.2092,0.7762,0.612,0.1341,0.388434112072,3.937824,23.9,2.846034796141841,0.0492826,0.471701792630354,0
0.0530018620193005,0.112499505,0.229,-1.0577,0.0445,0.244,0.1069,0.255073487759,-1.377163,0.007,1.5385243554278776,-0.507077,-1.64130898018137,0
0.026651371024768,0.12696272,0.306,-0.9366,0.0026,0.279,0.0808,0.23838326335,0.549309,5.962,1.592454433441162,-0.417889,-0.748369851764978,0
0.96891975402832,0.85928243,0.691,0.5397,0.7221,0.75,0.7724,0.523271918297,3.917713,23.8,8.414893156499602,0.329848,0.621202187396007,1
0.883225739002228,0.14976236,0.329,-0.8791,0.23,0.379,0.0747,0.231487929821,0.4195,4.606,3.3197847499744646,-0.179896,-0.818508180937093,0
0.574835062026978,0.22897923,0.16,-0.963,0.1114,0.429,0.1248,0.349862664938,1.247799,12.54,4.4902159826574,-0.171537,-0.47508453205332,0
0.0347159802913666,0.13413131,0.244,-0.9226,0.0018,0.276,0.1387,0.242814958096,-0.357799,0.261,2.1314183037166936,-0.423208,-1.20472043942634,0
0.0899477675557137,0.34742624,0.277,-0.889,0.0029,0.477,0.1,0.225488930941,-0.090251,0.754,3.64559657202451,-0.303002,-0.984259786344377,0
0.851024150848389,0.2891332,0.421,-0.4599,0.5288,0.415,0.1858,0.339581161737,1.810675,15.85,3.760238796472549,-0.0194939,-0.291018862621085,0
0.487076669931412,0.25955728,0.505,-0.5795,0.3977,0.38,0.1178,0.258029639721,0.905219,9.31,3.809288686043064,-0.145583,-0.513931670914706,0
0.921415901496598,0.9124143,0.705,1.0004,0.9069,0.482,0.3716,0.372849583626,3.722123,23.3,3.858219378161345,0.137374,0.683269801595643,0
0.769423328359948,0.5191442,0.676,0.5545,0.7493,0.597,0.8123,0.775692224503,3.967577,24.0,8.949851590907201,-0.0116374,0.301091476381635,0
0.058730641148291,0.21631333,0.184,-0.7777,0.2589,0.466,0.1256,0.302881479263,1.985922,16.69,4.145425177737137,-0.296149,-0.908385839383789,0
0.987909018993378,0.8966913,0.867,1.0524,0.9183,0.696,0.7938,0.592286467552,4.75337,26.6,9.122693195775003,0.32497,0.855036444373514,0
0.191035549580326,0.1384176,0.284,-0.73,0.3455,0.287,0.0762,0.272664755583,0.414954,4.556,2.3910412145408344,-0.263272,-0.762869413880941,0
0.483230888843536,0.32922715,0.605,-0.9707,0.13,0.314,0.1197,0.274930715561,1.721945,15.41,3.4076613926670247,0.207493,-0.367553202722875,0
0.353856146335602,0.30658758,0.167,-0.8949,0.0033,0.285,0.1245,0.224056780338,1.770686,15.65,4.519219166277881,-0.359244,-0.433462504905842,0
0.882457077503204,0.39041027,0.09,-0.9703,0.0078,0.356,0.3068,0.438436448574,3.540585,22.8,2.9623393416404724,-0.254839,0.48245035767487,1
0.761610746383667,0.17940149,0.236,-0.9749,0.0032,0.323,0.1048,0.246575117111,0.183117,2.15,3.392669305218657,-0.487984,-1.19751638053093,0
0.0801078272881753,0.17560506,0.151,-0.8846,0.0044,0.265,0.105,0.21835078299,0.794208,8.232,3.4097057306145384,-0.506381,-0.895740543942316,0
0.923545777797699,0.66929066,0.225,-0.9539,0.1344,0.588,0.1008,0.368182361126,3.09199,21.4,5.786746249723555,-0.114894,0.0280431133774547,0
0.0204642060236593,0.12961939,0.193,-0.9051,0.0024,0.253,0.1055,0.250808238983,0.480073,5.256,2.800374060869217,-0.351162,-0.999871721174308,0
0.960771262645721,0.24717507,0.203,-0.4204,0.3267,0.232,0.0839,0.358725786209,6.982138,35.0,3.8733008292599855,-0.122905,0.570106569937862,1
0.99677437543869,0.94999593,0.96,0.9637,0.8692,0.786,0.9762,0.767667770386,4.788107,26.7,16.726221037401768,0.431409,0.814425076287187,1
0.0432140118070899,0.22461754,0.167,-0.9181,0.0041,0.452,0.1151,0.270830452442,1.870992,16.14,4.91529818520003,-0.368358,-0.708312116415968,0
0.123547613502538,0.15111122,0.15,-0.9217,0.0028,0.188,0.1231,0.248031333089,1.172687,11.99,4.018535830080509,-0.458577,-0.685882735331136,0
0.979058444499969,0.89095575,0.809,0.5527,0.7182,0.635,0.7825,0.474387288094,4.98986,27.9,7.380794745053011,0.358559,0.835934475928403,0
0.0438093451247709,0.073412,0.066,-0.9078,0.0029,0.191,0.1105,0.201288849115,0.442142,4.853,4.835929615679474,-0.527974,-1.11780392501617,0
0.0266968961805105,0.14541861,0.542,-0.3486,0.5842,0.236,0.0779,0.264124333858,0.330421,3.608,3.6411048926805214,-0.170447,-0.873748042910516,0
0.0916299000382423,0.087341726,0.152,-0.9899,0.1548,0.141,0.1372,0.252349466085,0.462585,5.072,2.429839679948688,-0.331282,-1.30754550234781,0
0.946996867656708,0.8451092,0.66,0.6768,0.7379,0.613,0.4009,0.522748172283,3.989935,24.0,2.848698381186249,0.154277,0.570012054039654,0
0.0336753504546736,0.052500874,0.435,-0.8671,0.1872,0.257,0.0674,0.247456088662,-0.609359,0.101,3.668093234300613,-0.268196,-1.94547280665973,0
0.0320889504020731,0.10126302,0.557,-0.5792,0.4272,0.24,0.0816,0.280425339937,0.891949,9.179,3.1849527657032013,-0.144825,-0.927076364080337,0
0.064669024235668,0.04771951,0.498,-0.9617,0.018,0.249,0.0484,0.218722105026,-0.544044,0.129,3.983150685990888,-0.195581,-1.12772104157902,0
0.53895950191686,0.42763036,0.454,0.3508,0.6642,0.367,0.1448,0.463673055172,3.988684,24.0,1.7324624410658656,-0.0959263,0.634514416880036,0
0.995432138442993,0.41906303,0.18,-1.083,0.0453,0.529,0.9442,0.569078028202,3.519322,22.8,4.619935870445058,-0.105408,0.592556683712501,0
0.0150490560251531,0.015827537,0.194,-0.9524,0.0534,0.282,0.0588,0.291755706072,0.15338,1.922,1.047933869187991,-0.377164,-1.3501434180355,0
0.408340334892273,0.16666105,0.177,-0.9104,0.0028,0.387,0.0884,0.253229022026,0.707899,7.454,3.205467134176605,-0.427856,-0.919165500766861,0
0.993666708469391,0.8585905,0.77,0.9797,0.8969,0.814,0.9371,0.692603707314,4.930205,27.5,4.933463633060455,0.493958,0.46003444138872,1
0.254005253314972,0.19300416,0.195,-0.8829,0.0033,0.373,0.1848,0.284828484058,0.555114,6.019,1.7892725865046182,-0.330992,-0.59807451312535,0
0.201597109436989,0.15438181,0.614,-0.9236,0.1094,0.382,0.1584,0.308254897594,1.520152,14.3,3.3716205188415667,-0.030327,-0.520343072077599,0
0.882006824016571,0.45867375,0.583,0.8497,0.8932,0.503,0.1624,0.447924494743,2.824333,20.4,2.703810840845108,-0.00328909,0.520156666667769,0
0.0158902064207952,0.04845333,0.383,-0.9991,0.1333,0.118,0.2248,0.261980772018,0.3529,3.861,0.4054059982299804,-0.237818,-1.10299556784553,0
0.876797258853912,0.3805658,0.038,-1.0348,0.0074,0.429,0.155,0.423960417509,3.384145,22.4,2.520191967487335,-0.457301,-0.243786285705171,0
0.0680980357864315,0.049046457,0.047,-1.0016,0.0398,0.127,0.0934,0.226272702217,-0.549411,0.126,3.008113428553592,-0.586647,-1.6465112499474,0
0.242914825677872,0.2619291,0.116,-0.9092,0.0034,0.334,0.108,0.237926989794,0.203479,2.32,5.098270734343718,-0.483403,-0.748769540610156,0
0.0199914053082466,0.09452027,0.208,-0.9331,0.0017,0.258,0.0782,0.253663063049,0.565039,6.117,1.855697700650944,-0.507871,-1.10342895998854,0
0.193954393267632,0.15889132,0.176,-1.0203,0.0979,0.203,0.0778,0.237940639257,1.890828,16.24,4.9331767135365565,-0.310966,-0.669904237267216,0
0.973054349422455,0.39386308,0.17,-0.8384,0.0076,0.437,0.1094,0.269501686096,3.425163,22.5,3.430152207612992,-0.233851,0.0719138260685557,0
0.0344475443931762,0.039192677,0.06,-0.9427,0.0006,0.091,0.0889,0.258822649717,-0.3865,0.234,2.8879975245981977,-0.599487,-1.67239958457113,0
0.747400809769431,0.59603024,0.72,0.7828,0.8213,0.643,0.8581,0.446182608604,4.44386,25.3,8.806638617083015,0.430345,0.722274302648077,0
0.0834792760152876,0.22404224,0.545,0.2521,0.8178,0.323,0.1044,0.24881772697,0.134226,1.787,2.273741262367285,0.0528572,-0.616616669846318,0
0.0539927594363689,0.07677472,0.241,-0.9596,0.1816,0.251,0.1412,0.212153077126,0.808778,8.368,3.1185180467797395,-0.367491,-1.57006951280348,0
0.0855526425079156,0.10779807,0.204,-0.9046,0.0023,0.162,0.0695,0.221919640899,0.537197,5.841,3.566007077693939,-0.336696,-0.792183938613485,0
0.16357809305191,0.16191992,0.153,-0.9269,0.0024,0.328,0.1443,0.32454714179,1.255527,12.6,4.259241506850806,-0.449128,-0.99579390665505,0
0.0324500054121017,0.06887096,0.043,-0.9305,0.0012,0.199,0.2218,0.291976749897,-0.178432,0.53,2.2121461200137307,-0.619823,-1.55238317822789,0
0.974770843982697,0.84057695,0.7,0.9421,0.8557,0.806,0.2983,0.48448908329,3.882252,23.7,10.064577601398923,0.372497,0.672363373884222,1
0.992532312870026,0.45477626,0.235,-1.1134,0.0513,0.513,0.8326,0.583823680878,4.482283,25.4,3.9809160371674657,-0.28439,0.846184167475673,0
0.911267757415771,0.5656536,0.172,-0.9177,0.0053,0.516,0.1412,0.249451369047,2.271697,17.99,5.144851816224678,-0.219363,-0.170232528243985,0
0.985004425048828,0.58762455,0.377,0.0643,0.5374,0.48,0.1104,0.429557323456,3.466555,22.6,3.065987794236964,-0.191294,0.682555455435526,0
0.269323885440826,0.33224884,0.368,-0.2662,0.5169,0.359,0.107,0.289434015751,2.153636,17.46,4.573949411511421,-0.160311,-0.403886419042318,0
0.319589583187926,0.37379783,0.295,-1.0961,0.0203,0.593,0.7724,0.51887178421,3.625064,23.1,2.7413654923439026,0.0268138,0.604905056364089,0
0.119609981775284,0.18280691,0.243,-0.985,0.0763,0.415,0.1391,0.286314487457,0.45541,4.995,3.597823488856632,-0.234539,-0.97209442010458,0
0.954635918140411,0.39499122,0.441,-0.1511,0.3778,0.412,0.1237,0.448064565659,2.230914,17.81,3.195924217928237,-0.189595,0.0339118395598267,0
0.152268677949905,0.14740202,0.343,-0.8142,0.3278,0.254,0.0813,0.219357162714,1.696256,15.27,3.0215871658032736,-0.225094,-0.948482531467818,0
0.014590522274375,0.18348813,0.41,-0.7184,0.3863,0.305,0.0908,0.220654428005,0.983768,10.15,2.770141906801144,-0.152733,-0.675759025588675,0
0.129120007157326,0.13405767,0.322,-0.9043,0.2275,0.236,0.0965,0.214506492019,1.286293,12.81,6.969535052776337,-0.247485,-1.17625102648729,0
0.0604455813002378,0.16960701,0.12,-0.9995,0.0894,0.39,0.1068,0.264885306358,0.179038,2.117,2.69728808723469,-0.403916,-1.1829194532409,0
0.0952617193248481,0.21420804,0.412,-0.5838,0.3652,0.353,0.0693,0.222055643797,0.543788,5.907,4.291908045079776,-0.217296,-1.03064289604423,0
0.061626709997654,0.1338203,0.112,-0.9276,0.0034,0.312,0.0875,0.294392228127,0.038504,1.241,3.967685500058553,-0.467012,-0.867872777093212,0
0.980303287506104,0.5309131,0.715,0.5471,0.7097,0.503,0.1696,0.42351436615,4.474338,25.4,8.450576931252826,0.130022,0.742609601009233,0
0.87178111076355,0.6461501,0.597,0.4511,0.7489,0.404,0.1095,0.30027037859,2.785787,20.3,4.466762080788612,0.172837,0.34141811923039,0
0.982546210289001,0.9513968,0.751,0.6258,0.9122,0.771,0.1631,0.374130725861,3.5967,23.0,3.418718653355352,0.300298,0.528531872642364,0
0.016918302558134,0.058985263,0.258,-0.949,0.2469,0.226,0.0769,0.265836149454,0.701895,7.4,4.013443210289366,-0.293606,-0.926213146247848,0
0.0312333883116126,0.12550387,0.223,-0.9146,0.2307,0.189,0.0826,0.238232061267,-0.142078,0.613,2.8860644793126364,-0.310171,-0.854085295976902,0
0.93677419424057,0.61922765,0.554,0.1283,0.5313,0.36,0.135,0.319982469082,2.499814,18.99,5.382220699557885,0.0057692,0.204856694269284,0
0.0084523935718947,0.053176194,0.181,-0.9649,0.0015,0.177,0.0726,0.351541310549,0.902652,9.284,2.3108707070350647,-0.51186,-0.993991720685013,0
0.265144169330597,0.17127421,0.144,-0.9006,0.0016,0.164,0.0816,0.224933519959,0.962311,9.895,4.0816417072385685,-0.505514,-0.802597692294358,0
0.0287735283197902,0.1266563,0.511,-0.6579,0.4671,0.296,0.0805,0.310238927603,0.210589,2.382,3.822724746730138,-0.177317,-1.12366658929825,0
0.911519348621368,0.452382,0.157,-0.8883,0.0038,0.433,0.1158,0.266547352076,0.405798,4.454,3.3340877593299503,-0.297667,-0.375554816496468,0
0.0301869365787545,0.050130397,0.045,-0.9618,0.0013,0.11,0.075,0.258155226707,0.02157,1.164,2.9154139906167984,-0.667267,-1.47724667468558,0
0.151376456022263,0.19913521,0.476,-0.706,0.3715,0.263,0.6377,0.33688557148,1.011537,10.46,2.214851687309648,-0.0727106,-0.760877346645835,0
0.966095924377441,0.7914038,0.573,0.0563,0.7211,0.594,0.2177,0.285571873188,3.049894,21.3,3.888501971960068,0.0802012,0.238795911110612,0
0.98736971616745,0.782176,0.561,0.1238,0.5436,0.55,0.1196,0.429035544395,4.327395,24.9,7.423220392709654,0.113141,0.771387841101274,0
0.0839366838335991,0.07624507,0.229,-0.9193,0.0014,0.274,0.0998,0.292297035456,-0.320017,0.302,3.815421837341101,-0.474724,-0.969740714733428,0
0.935950328250157,0.54110277,0.723,0.5843,0.7803,0.496,0.335,0.465198636055,2.805524,20.4,3.8821133375167847,0.0801851,0.460263193668409,0
0.99633777141571,0.98808265,0.947,1.0185,0.9908,0.96,0.9929,0.715922296047,4.971287,27.7,14.819707411385023,0.561294,0.705912609270383,1
0.951723396778107,0.5489001,0.11,-1.0054,0.0089,0.576,0.1163,0.384798884392,4.394405,25.2,1.9980595111846924,-0.169814,0.0459557112416802,0
0.416167825460434,0.12020445,0.317,-0.9101,0.0016,0.13,0.1132,0.205359712243,-1.743935,0.003,3.1178886669025774,-0.435985,-1.8546166868506,0
0.10221179574728,0.08582565,0.349,-0.9746,0.219,0.267,0.1139,0.271008849144,0.167177,2.025,3.9512514046889753,-0.195401,-1.13779068747496,0
0.152686670422554,0.12678057,0.292,-0.9379,0.2229,0.208,0.0814,0.19827015698,0.402435,4.417,4.626803790434866,-0.274953,-1.02294028794844,0
0.310580939054489,0.095000714,0.28,-0.9774,0.1323,0.164,0.1327,0.260752558708,-0.252619,0.394,3.545113785653384,-0.332803,-1.39871431647531,0
0.527697861194611,0.29324752,0.229,-0.8838,0.0029,0.359,0.3145,0.372914522886,3.50801,22.7,2.118480824464519,-0.314718,-0.396526008172605,0
0.0679450598683735,0.08465856,0.283,-0.8605,0.3054,0.374,0.0696,0.264395475388,1.013572,10.49,3.658136659210287,-0.243275,-0.952004230024496,0
0.123553082346916,0.24900085,0.235,-0.861,0.2086,0.504,0.1101,0.289395928383,0.715153,7.519,3.763103774269589,-0.24537,-0.926715489022329,0
0.930099070072174,0.39692512,0.371,-0.8205,0.2206,0.289,0.1658,0.278420835733,1.697061,15.28,6.59382099221391,-0.234997,-0.751184788918754,0
0.239146817041373,0.54336125,0.161,-0.9045,0.0089,0.487,0.1426,0.264954805374,1.728657,15.44,6.83908674120903,-0.372291,-0.176226990601825,0
0.0710281779312961,0.107678205,0.466,-0.5457,0.4156,0.324,0.1287,0.321536362171,2.540631,19.17,5.563412953410946,-0.157329,-0.484905776578155,0
0.29914925258801,0.7131756,0.574,0.1589,0.7895,0.454,0.1428,0.265686184168,1.329934,13.11,4.908316516966577,0.0588835,-0.365650685380729,0
0.906157910823822,0.39900273,0.437,-0.746,0.2781,0.444,0.3099,0.331563174725,2.612647,19.49,3.3211828861157784,0.019707,-0.705524851463465,0
0.872589791977646,0.45813626,0.541,-0.4873,0.3339,0.458,0.8281,0.414809644222,2.975384,21.0,2.4191424641798136,-0.0611599,0.0937682830825736,0
0.830389142036438,0.21450308,0.298,-0.4289,0.5136,0.382,0.1385,0.415245741606,2.209136,17.71,6.174235584429663,-0.17448,-0.0771809175730513,0
0.0147263603476628,0.094239414,0.031,-0.9371,0.0023,0.116,0.0655,0.211225569248,-0.241628,0.412,3.533571414409052,-0.61943,-1.28741696524989,0
0.973111987113953,0.4249404,0.557,-0.7481,0.2753,0.544,0.1164,0.293536126614,3.161972,21.6,4.753102242946625,0.196784,-0.161373047401547,0
0.0821481205606133,0.28594816,0.59,-0.9441,0.1012,0.35,0.078,0.250093311071,0.54759,5.945,2.88429279466122,-0.0204459,-0.787103941505993,0
0.818906009197235,0.33763292,0.427,-0.7214,0.3543,0.422,0.0801,0.245102912188,-0.859008,0.04,3.904060222036732,-0.203143,-1.10875796584799,0
0.881418585777283,0.4010132,0.455,0.0374,0.4624,0.408,0.0965,0.275388836861,3.561401,22.9,4.37503289791562,0.00848694,0.277804959872263,0
0.970348656177521,0.6023474,0.701,0.4122,0.8651,0.553,0.3488,0.429077923298,3.824752,23.6,2.7855229675769806,0.141019,0.569387836847039,0
0.977096974849701,0.74143976,0.674,0.9961,0.9,0.512,0.2218,0.383431822062,5.368289,31.0,6.381657152346898,0.251401,0.409970630972169,0
0.656252205371857,0.16644195,0.358,-0.7076,0.3597,0.499,0.0759,0.230707675219,0.942063,9.679,2.7068980038166046,-0.0983713,-0.612215515112688,0
0.0625518968479316,0.21022147,0.555,-0.9284,0.2416,0.254,0.0633,0.250141918659,0.790497,8.198,2.788113930956841,-0.221772,-0.872824672625605,0
0.132584497332573,0.15070444,0.208,-0.9177,0.0032,0.2,0.1007,0.272901684046,1.70354,15.31,4.341828790384808,-0.463219,-0.746387816832627,0
0.947615504264832,0.29123673,0.236,-0.8828,0.0034,0.383,0.1241,0.191965773702,1.361221,13.32,2.089399669723195,-0.321403,-0.831487840634669,0
0.221031695604324,0.18569586,0.182,-0.8789,0.0039,0.454,0.138,0.2505633533,1.439789,13.82,4.414816477785875,-0.337849,-0.853161773941131,0
0.680361535259948,0.41576132,0.507,-0.2224,0.6217,0.718,0.0874,0.302550017834,2.265533,17.97,4.2357843816280365,0.0781442,-0.16553105345048,0
0.984422326087952,0.92747605,0.507,0.1628,0.4333,0.537,0.1827,0.489322334528,2.874297,20.6,4.093473596454087,-0.125277,0.361164795536182,0
0.158418223261833,0.18853346,0.598,-0.1623,0.6199,0.429,0.0922,0.290516674519,1.701577,15.3,3.0131534110648177,-0.0616733,-0.209713877959277,0
0.042463383082155,0.11290875,0.025,-1.0255,0.073,0.239,0.1023,0.285863518715,1.439203,13.82,3.2427703929632363,-0.478888,-1.06019417844021,0
0.0626298493128608,0.12083712,0.186,-0.9244,0.0027,0.248,0.079,0.33139538765,-0.328506,0.293,3.7412196415167553,-0.431702,-0.588508296456115,0
0.971373558044434,0.41336063,0.42,-0.1895,0.459,0.386,0.1126,0.311782091856,3.7232,23.3,8.710425110401047,-0.13643,0.45672928291519,0
0.629873275756836,0.33341944,0.218,-0.8837,0.1577,0.489,0.1561,0.336943387985,2.469011,18.86,4.645364593007765,-0.105879,-0.413488820682577,0
0.601892292499542,0.5777192,0.503,0.4375,0.6007,0.353,0.4786,0.305082559586,4.649293,26.1,3.300921112298965,0.146114,0.738498813657931,0
0.596848487854004,0.17129225,0.444,-0.5822,0.3733,0.398,0.0889,0.210593193769,1.756058,15.58,3.3433257043361664,-0.0655499,-0.395989483228605,0
0.664192080497742,0.46041042,0.454,-0.6022,0.3701,0.437,0.1098,0.341956913471,3.28392,22.0,5.680827178009247,-0.138974,-0.265823432379732,0
0.037941059544892,0.07781777,0.209,-0.8757,0.0029,0.109,0.0913,0.250508189201,-0.385595,0.234,4.1170229613780975,-0.512556,-1.00542051221222,0
0.992958188056946,0.52743536,0.151,-1.1145,0.0169,0.462,0.2356,0.392474114895,4.432767,25.3,2.878678110637512,-0.3759,0.729515558400897,0
0.0340239183570341,0.090088755,0.295,-0.7563,0.3111,0.213,0.093,0.253713339567,0.414433,4.55,4.296431005001068,-0.292221,-0.931872713469003,0
0.73705393075943,0.2257376,0.157,-0.782,0.0023,0.347,0.1269,0.33500495553,1.520467,14.31,2.1276621907826163,-0.409699,-0.100161297930715,0
0.0525774210691452,0.14843175,0.143,-0.9409,0.0039,0.419,0.1306,0.235482245684,0.107934,1.618,2.2925708889961243,-0.379469,-0.995236599113676,0
0.370408147573471,0.18274751,0.412,-0.323,0.6298,0.353,0.1202,0.306363672018,1.727389,15.43,4.55959700592961,-0.143188,-0.261419743358917,0
0.645030617713928,0.25640148,0.218,-0.875,0.1603,0.37,0.1138,0.362403452396,0.665756,7.071,3.5381799615826304,-0.318241,-0.1610319408261,0
0.885165750980377,0.66070217,0.151,-1.0094,0.0076,0.482,0.2403,0.327620446682,3.177095,21.7,3.5946598973366943,-0.216878,0.411894402408906,0
0.50896692276001,0.23285255,0.53,-0.8654,0.2052,0.454,0.1448,0.284393757582,5.239561,29.4,3.079441487789154,0.0373892,-0.0973355823446792,0
0.156956002116203,0.19213423,0.171,-0.9371,0.003,0.451,0.0775,0.224239423871,1.163494,11.91,3.1941497733156585,-0.395413,-0.974404496715555,0
0.983020544052124,0.50927824,0.48,-0.3181,0.4284,0.514,0.8934,0.572092533112,3.061567,21.3,2.978187216886826,-0.0543139,0.370311856821674,0
0.0788615867495537,0.104394734,0.364,-0.5994,0.4187,0.329,0.1121,0.266793012619,1.707363,15.33,2.727141898394736,-0.164095,-0.560852142435629,0
0.520262181758881,0.2049765,0.17,-0.9296,0.0028,0.423,0.1749,0.314001321793,0.303576,3.311,3.1669812119128635,-0.437437,-0.780824913844995,0
0.592798485277977,0.32317895,0.484,-0.3596,0.4563,0.208,0.0766,0.40075802803,2.379271,18.47,3.5141941905021667,-0.223994,-0.0393858083170052,0
0.987019658088684,0.86367095,0.691,0.6766,0.782,0.721,0.657,0.565619826317,4.368194,25.1,9.414769003924448,0.158963,0.682498404239843,1
0.994234383106232,0.8634221,0.627,0.8572,0.8241,0.572,0.564,0.583579778671,4.426214,25.3,7.370019163936377,0.232314,0.667276412050087,0
0.121627561748028,0.14884701,0.047,-0.9954,0.1318,0.3,0.0837,0.303544819355,0.551227,5.981,2.9145283236557136,-0.358449,-0.717762573536342,0
0.0133564649277335,0.051490307,0.183,-1.0358,0.112,0.127,0.0801,0.234150454402,-0.836308,0.044,4.013948107541164,-0.446073,-1.44001781823645,0
0.884592950344086,0.22476715,0.114,-0.854,0.0053,0.283,0.1231,0.222543388605,2.797129,20.3,3.9362758242263625,-0.324726,-0.116466523751332,0
0.266039460897446,0.25019944,0.19,-0.8482,0.185,0.4,0.0965,0.259622097015,1.117144,11.53,2.4687656623251515,-0.283129,-0.421040788054467,0
0.0326989889144897,0.06976932,0.072,-0.9384,0.0015,0.216,0.0698,0.263544797897,1.32752,13.09,3.55044903142754,-0.557289,-1.18092610614665,0
0.200108975172043,0.28432322,0.173,-0.9145,0.0024,0.276,0.1336,0.276475310326,-0.368604,0.25,3.167096201148348,-0.452623,-0.925002763781961,0
0.0585245080292225,0.119573206,0.12,-0.8627,0.0036,0.227,0.1022,0.288637459278,1.55826,14.52,3.499979264532686,-0.470336,-0.500540008737726,0
0.180111050605774,0.12091273,0.179,-0.9704,0.0031,0.237,0.142,0.296645283699,-0.521013,0.14,2.0622223019599915,-0.385599,-1.18976556129075,0
0.126143291592598,0.0940851,0.07,-0.9205,0.0041,0.242,0.1015,0.268325090408,1.266373,12.67,3.407319883928095,-0.492294,-1.01877143310902,0
0.364748418331146,0.38781193,0.639,0.3946,0.8656,0.346,0.0943,0.308884382248,3.024583,21.2,4.479788609083339,0.087337,-0.0198670067551727,0
0.583432674407959,0.36063424,0.567,-0.1337,0.6631,0.354,0.1839,0.301930725574,1.785502,15.73,3.7540097365164495,0.173458,-0.304567125517689,0
0.401847443881866,0.2863382,0.555,-0.1489,0.5149,0.388,0.1026,0.345433831215,2.344381,18.32,2.512780226436033,0.0603826,-0.253469067835236,0
0.0861042606061463,0.1563724,0.478,-0.4466,0.3893,0.258,0.0914,0.295879930258,1.687387,15.23,4.565198928117752,-0.0463447,-0.343222088648887,0
0.115440041274539,0.25384712,0.4,-0.647,0.3595,0.283,0.0834,0.266295552254,1.431182,13.77,3.83725969267932,-0.209486,-0.658405573886655,0
0.0240041673107345,0.08078781,0.186,-0.9096,0.0021,0.227,0.0884,0.215960279107,0.666864,7.081,2.982822331037492,-0.407704,-1.12185504253661,0
0.0283126633675742,0.12217459,0.501,-0.797,0.3261,0.252,0.0764,0.290901482105,-0.315621,0.308,3.932188883423805,-0.223175,-1.44332448036841,0
0.0479525913002552,0.22032109,0.63,-0.5064,0.4138,0.188,0.0905,0.24040953815,0.871194,8.974,3.5845232605934143,-0.0332766,-0.766411183620689,0
0.299138695001602,0.12127787,0.552,-0.9953,0.0881,0.217,0.0776,0.281543135643,0.069481,1.397,4.063324153423309,-0.0115189,-0.412440480027033,0
0.129666298627853,0.15257192,0.052,-0.9165,0.0023,0.27,0.0975,0.26045525074,-0.320061,0.302,4.359127747463644,-0.526047,-0.971997565672312,0
0.214992951629911,0.23369965,0.149,-0.9008,0.0046,0.351,0.0966,0.307462751865,1.444084,13.85,6.803442433476448,-0.322638,-0.439008677907192,0
0.890134692192078,0.41199958,0.423,-0.6287,0.3833,0.412,0.1184,0.312002032995,2.343462,18.31,8.458112273880984,-0.13469,-0.388707843711273,0
0.162585645914078,0.16564178,0.144,-0.9782,0.2044,0.317,0.0935,0.35754609108,0.632974,6.767,3.750045953756325,-0.250726,-0.601797070768315,0
0.0287871602922678,0.03564301,0.415,-0.7646,0.1497,0.33,0.0615,0.345966041088,0.711912,7.49,0.1822467067431423,-0.247103,-1.10695690107807,0
0.119376744308499,0.1952101,0.173,-0.9403,0.0065,0.251,0.1777,0.26419210434,1.632099,14.93,4.612069009727952,-0.308207,-0.669089277872487,0
0.510420680046082,0.22494039,0.206,-0.9931,0.1282,0.24,0.1538,0.331309080124,1.85683,16.07,4.385072873803387,-0.263951,-0.275934362201004,0
0.0172446199075256,0.009822488,0.319,-0.9221,0.0019,0.138,0.072,0.258917987347,0.609871,6.549,3.4241475650096698,-0.344571,-1.39264252152721,0
0.978183150291443,0.52608836,0.36,0.0571,0.474,0.501,0.8451,0.478171467781,4.645767,26.1,11.899950668215752,0.0106471,0.829739528441335,0
0.152117222547531,0.10105947,0.163,-0.969,0.1402,0.13,0.1159,0.243248790503,0.594389,6.401,3.0628353606697294,-0.367568,-0.902523971252391,0
0.0609262648521357,0.1020219,0.314,-0.8471,0.2314,0.316,0.09,0.255349159241,-0.661719,0.083,2.21075838069404,-0.315879,-1.46101318141696,0
0.902594029903412,0.58669186,0.389,-0.0618,0.4265,0.59,0.2004,0.328659236431,3.364297,22.3,7.106277619255707,0.00500399,0.70638251458552,0
0.935324430465698,0.46770868,0.582,0.0617,0.6758,0.493,0.3529,0.444340765476,4.028134,24.1,6.095763118620896,0.0708871,0.403482268150304,0
0.0621727779507637,0.061163813,0.041,-0.9503,0.0009,0.077,0.0526,0.22576469183,0.022816,1.169,1.939769834280014,-0.65019,-1.32082754088006,0
0.0220322851713395,0.06962657,0.074,-1.0107,0.0372,0.189,0.0832,0.250597238541,-0.170932,0.546,1.8094717557572884,-0.503954,-1.38346896422729,0
0.934706002663275,0.69915175,0.642,-0.0365,0.4718,0.469,0.2844,0.31077760458,2.489147,18.94,6.314157807602077,-0.0472721,0.181744528467901,0
0.669514358043671,0.21411732,0.391,-0.5527,0.4043,0.337,0.0844,0.244591355324,2.187744,17.62,4.497869815840662,-0.126871,-0.512359463621023,0
0.0346458015006997,0.032781214,0.237,-0.9393,0.001,0.19,0.0601,0.267270386219,-1.47891,0.005,3.0501483976840973,-0.503001,-1.311305089776,0
0.0389476234826865,0.11307964,0.251,-0.8909,0.0025,0.303,0.0859,0.271611511707,1.67987,15.19,3.623467799015504,-0.323431,-0.914118943138803,0
0.0528794749070003,0.046438873,0.562,-0.9591,0.0095,0.189,0.0437,0.212951540947,0.300418,3.277,4.158747524023056,-0.0896962,-1.19253843356119,0
0.19398558139801,0.10252139,0.163,-0.969,0.1402,0.13,0.1159,0.243248790503,0.601254,6.467,3.0628353606697294,-0.367521,-0.902523971252391,0
0.132890213410991,0.1322402,0.105,-0.9215,0.0027,0.246,0.0833,0.298583447933,1.027056,10.64,3.307330585530539,-0.507749,-0.541412197786883,0
0.823453187942505,0.39389196,0.565,-0.9902,0.1062,0.493,0.1226,0.335864782333,2.692989,19.82,5.870892755287972,0.0216171,-0.149044018344706,0
0.0513394698500633,0.1368981,0.478,-0.8693,0.2556,0.313,0.0907,0.223753541708,-0.123216,0.661,3.72636539240542,-0.250803,-0.964779180173109,0
0.0271905290639493,0.13166794,0.633,-0.6374,0.4294,0.197,0.0823,0.29525962472,1.259884,12.63,3.696877747774124,-0.0524141,-0.961208729642743,0
0.64988674459739,0.27609372,0.507,-0.4895,0.4284,0.454,0.13,0.234827727079,3.934835,23.9,3.995572441449925,-0.083852,-0.145464741660484,0
0.679883420467377,0.21764901,0.153,-0.8881,0.004,0.32,0.0986,0.251189053059,1.603287,14.78,4.156349620751231,-0.310065,-0.187994835882946,0
0.886039018630981,0.34787834,0.333,-0.9754,0.1759,0.527,0.1179,0.345587015152,2.133636,17.37,4.027540303286645,-0.122983,-0.50885270303158,0
0.690431237220764,0.25403088,0.158,-0.8453,0.0046,0.224,0.1415,0.250437200069,2.326319,18.24,4.683448382934304,-0.408212,-0.500959770367176,0
0.0599600903832922,0.14551109,0.107,-1.005,0.1273,0.375,0.1637,0.34030687809,1.021826,10.58,2.968846534759373,-0.321912,-0.880456759514518,0
0.992372274398804,0.8191025,0.611,-0.254,0.5579,0.468,0.2924,0.420358598232,3.148068,21.6,8.677991657963975,0.0430986,0.263932115196969,0
0.904927349225783,0.5378618,0.459,0.0808,0.7167,0.477,0.1271,0.314776599407,2.624599,19.54,5.412149347064151,0.0212164,-0.0381771945441171,0
0.177178218960762,0.31150457,0.275,-0.9055,0.0024,0.152,0.0651,0.216928482056,1.846508,16.02,2.733117470450347,-0.456681,-0.572453747212387,0
0.898485481739044,0.2790443,0.196,-0.9875,0.0879,0.354,0.1328,0.276245027781,0.571978,6.185,4.513673063473639,-0.335459,-1.15107239650116,0
0.0704080834984779,0.08757603,0.285,-0.9251,0.0017,0.219,0.1061,0.1918797791,0.1834,2.152,3.5503636260752613,-0.506751,-1.12455104685928,0
0.0731214210391045,0.13297758,0.051,-1.0183,0.0856,0.335,0.1714,0.408736556768,1.128193,11.62,3.4193974702370893,-0.363347,-0.659867283113674,0
0.640977382659912,0.23247415,0.145,-1.0178,0.0085,0.39,0.0888,0.336845517159,1.57018,14.59,4.092005731962894,-0.312729,0.0692712764319766,0
0.201642170548439,0.24123418,0.482,-0.2528,0.4163,0.393,0.0737,0.304270386696,2.285749,18.06,2.02037862306324,-0.0893033,-0.11229604711109,0
0.0929459258913994,0.14785501,0.136,-1.0569,0.0765,0.496,0.1625,0.264526128769,0.983158,10.14,2.9978417725770727,-0.385002,-0.951340128786991,0
0.172503992915154,0.18061668,0.157,-0.9096,0.0042,0.219,0.0796,0.29890614748,1.826053,15.93,2.086501014074225,-0.29744,-0.230825241248609,0
0.925654649734497,0.48722148,0.261,-0.2097,0.4149,0.459,0.0881,0.321051776409,2.698162,19.84,-2.879484975647973,-0.0626761,0.614270519231201,0
0.582837283611298,0.26483667,0.506,0.6018,0.7024,0.476,0.1664,0.310888588428,3.360398,22.3,3.7225883835062334,0.0855364,0.269720998218429,0
0.0901065617799759,0.12933457,0.266,-0.9929,0.1501,0.239,0.0719,0.233889356256,1.191671,12.13,5.290166486705537,-0.304591,-1.35693982390397,0
0.685048878192902,0.24526033,0.286,-0.3519,0.486,0.32,0.0859,0.231614798307,2.235072,17.83,4.672251192146229,-0.16692,-0.582488404518889,0
0.646580744643462,0.7322525,0.589,0.7879,0.9527,0.483,0.123,0.233307600021,3.270404,22.0,2.699435689848327,0.290597,0.288945542333027,0
0.125735267996788,0.22363433,0.5,-0.3482,0.5547,0.156,0.1233,0.261955082417,0.557717,6.045,2.587919235229492,-0.111518,-0.687937993408237,0
0.0521045630926055,0.109261006,0.263,-0.8678,0.0029,0.32,0.0871,0.244107186794,-0.297931,0.33,3.223253234317967,-0.506493,-1.31436886226943,0
0.890417456626892,0.28074068,0.275,-0.8472,0.2488,0.462,0.2561,0.39265409112,1.805207,15.82,3.248435875231296,-0.221227,-0.583499058287139,0
0.787416517734528,0.32508117,0.373,-0.6301,0.345,0.467,0.1213,0.370704174042,2.930077,20.8,2.7579372112019804,-0.170171,0.124043642621426,0
0.977668941020966,0.557604,0.335,0.112,0.5271,0.618,0.3083,0.526843965054,4.622319,26.0,7.196388529205251,0.0657527,0.883748820929281,0
0.166390075059252,0.15766248,0.245,-0.8735,0.0021,0.252,0.0731,0.204266369343,1.273975,12.73,3.5945390821880925,-0.427628,-0.629253186152845,0
0.0321797488679197,0.09948957,0.321,-0.8849,0.3384,0.123,0.0832,0.246632039547,0.13741,1.809,3.148747384144704,-0.295709,-0.969613919520191,0
0.992870151996613,0.97047067,0.672,0.2573,0.5531,0.708,0.839,0.428531706333,4.027745,24.1,9.745906715096762,0.263525,0.534759722449323,0
0.135566473007202,0.17679322,0.054,-0.9097,0.0031,0.306,0.2313,0.296834826469,1.133298,11.67,3.6295971784791097,-0.504042,-0.559135168275683,0
0.645677983760834,0.5400869,0.219,-0.9386,0.0066,0.479,0.1338,0.306836783886,2.17848,17.57,4.5832410007715225,-0.219772,-0.260992523501831,0
0.691008687019348,0.2338196,0.439,-0.3953,0.4233,0.332,0.1585,0.330666422844,3.031738,21.2,3.5526167255133645,-0.100571,-0.111116657374726,0
0.658333303431493,0.311707,0.37,-0.5315,0.4274,0.435,0.0919,0.213350608945,1.954952,16.54,4.995499644467488,-0.166797,0.163189340005178,0
0.490103751420975,0.115739584,0.2,-0.9748,0.1275,0.32,0.1016,0.258121013641,0.762649,7.945,4.86773604087212,-0.279682,-1.3371130798499,0
0.108096696436405,0.15929481,0.307,-1.0243,0.116,0.397,0.1342,0.239682212472,1.441038,13.83,3.362706870807864,-0.139022,-1.0207038357782,0
0.0525424844711885,0.05552587,0.061,-0.8902,0.0011,0.104,0.0531,0.218763008714,-1.875707,0.002,3.7559054493904114,-0.58625,-1.93612323861313,0
0.140419314981443,0.13039929,0.233,-0.606,0.3945,0.205,0.0715,0.237451121211,-0.062377,0.841,4.613646557110441,-0.234677,-0.522420148005661,0
0.0577033148098655,0.14236838,0.181,-0.8314,0.3366,0.287,0.0735,0.28395447135,-0.907466,0.034,3.256406505351508,-0.336247,-1.03991720388259,0
0.255126565694809,0.11052564,0.034,-0.9179,0.0046,0.168,0.1093,0.23606339097,2.372113,18.44,4.700073853135109,-0.589657,-0.822400345296862,0
0.019323730841279,0.052343577,0.388,-0.9515,0.2001,0.225,0.0809,0.215086579323,0.28019,3.06,2.089899390935898,-0.263869,-1.10232104962628,0
0.218866929411888,0.16690043,0.25,-1.0436,0.0879,0.303,0.1798,0.258351951838,-0.602037,0.104,2.686544432218863,-0.38029,-1.54330257588316,0
0.680158257484436,0.54841745,0.192,-0.9455,0.006,0.496,0.1188,0.259489417076,2.122781,17.32,4.334131260187892,-0.0669119,-0.203959535244431,0
0.032903356007507,0.084285975,0.093,-1.0601,0.1025,0.16,0.068,0.309481471777,0.63586,6.794,2.765635337397523,-0.439295,-1.34497113961868,0
0.819508373737335,0.26677674,0.195,-0.8898,0.0039,0.295,0.1059,0.242755651474,2.209453,17.71,3.6226717703497626,-0.38517,-0.0736283431083263,0
0.410172560484234,0.23910701,0.125,-0.8893,0.0045,0.306,0.0887,0.237697824836,2.331518,18.26,3.891042921845625,-0.320655,-0.412462684973822,0
0.0166227165609598,0.03984621,0.206,-0.918,0.2238,0.1,0.0615,0.204147994518,-0.663092,0.083,2.7375430698939054,-0.475052,-1.52731108784587,0
0.0478940270841122,0.12117991,0.236,-0.861,0.3058,0.105,0.0633,0.202419415116,0.83258,8.596,4.146183710597176,-0.298315,-0.657059384165966,0
0.134538263082504,0.12321544,0.134,-1.0015,0.1685,0.261,0.0624,0.222618415952,0.171391,2.057,2.2965921232174686,-0.339685,-1.06324941525133,0
0.986065864562988,0.6984023,0.676,0.5833,0.7442,0.553,0.2167,0.583305001259,2.617289,19.51,4.142393596470356,0.17194,0.460315545961804,0
0.993191815766549,0.52470696,0.399,-1.1889,0.0469,0.62,0.6595,0.607831776142,4.233762,24.7,4.072060609162906,0.0377303,0.808541663404027,0
0.194763153791428,0.12720013,0.302,-1.0382,0.1892,0.412,0.1638,0.244731277227,1.204509,12.23,4.687402650713921,-0.284694,-1.161293296188,0
0.124334901313268,0.12664658,0.275,-0.8879,0.2455,0.169,0.0824,0.222239255905,-0.044112,0.903,2.762215460060537,-0.284983,-1.54949608311718,0
0.379257962871305,0.2826354,0.163,-0.8919,0.0069,0.357,0.2478,0.249544501305,1.867821,16.13,2.842467963695526,-0.315155,-0.268084623326291,0
0.0555285885930061,0.11991489,0.103,-0.8946,0.0013,0.158,0.0637,0.219134300947,0.174498,2.081,3.203478187322617,-0.588468,-1.44199945026739,0
0.149587988853455,0.091353,0.054,-0.9257,0.0043,0.179,0.0715,0.281663954258,0.758903,7.911,2.7012456579234128,-0.502975,-0.62958090475868,0
0.143703654408455,0.22845596,0.435,-0.1345,0.6519,0.379,0.0991,0.392271876335,1.997421,16.74,3.378867447376251,-0.125956,-0.333865277721124,0
0.985721349716187,0.65189224,0.66,0.7194,0.8008,0.495,0.1894,0.453589946032,3.158211,21.6,3.578332841396332,0.0771279,0.271903309152754,0
0.569710314273834,0.3663707,0.423,-0.1607,0.5468,0.405,0.0775,0.228960931301,3.029335,21.2,4.511776265075338,-0.0882697,0.203675615080962,0
0.0238370302336288,0.11071843,0.204,-0.9152,0.0021,0.215,0.143,0.2507173419,-0.070401,0.815,3.1262955425412047,-0.481451,-1.0362675892361,0
0.959853291511536,0.43571514,0.533,0.6007,0.755,0.421,0.3748,0.487030893564,4.503662,25.5,4.508300880678719,0.0615374,0.825139931329297,0
0.978465378284454,0.87896377,0.702,0.885,0.875,0.712,0.582,0.617345035076,5.41483,31.0,6.565404957975688,0.238185,0.996384203999606,0
0.0496161624987665,0.06831592,0.488,-0.779,0.2631,0.133,0.0603,0.228942677379,0.069371,1.397,2.7195258140563965,-0.0677481,-1.42888280195571,0
0.226013973355293,0.11505297,0.513,-0.8477,0.3424,0.329,0.0742,0.311459839344,0.15543,1.937,3.6540466845035553,-0.145373,-1.19801512121111,0
0.184223398566246,0.14362574,0.406,-0.9601,0.0971,0.38,0.0801,0.263995349407,-0.137315,0.625,2.567846694651815,-0.210906,-0.785480537894832,0
0.735849857330322,0.35246128,0.134,-1.0795,0.0138,0.465,0.0828,0.319963693619,2.877679,20.6,3.847536936643185,-0.265533,0.0149288401989236,0
0.147146716713905,0.06347141,0.063,-0.9194,0.0015,0.17,0.0631,0.21046666801,-0.981901,0.026,4.388306222734807,-0.57698,-1.4357853937949,0
0.763069868087769,0.26706907,0.31,-0.6754,0.4274,0.399,0.0996,0.239016324282,2.270341,17.99,3.658839317156493,-0.174603,-0.425475372252431,0
0.0705754682421684,0.0945169,0.05,-1.04,0.1061,0.095,0.0726,0.27643224597,-0.59487,0.106,3.70783859327894,-0.464225,-1.01882256072789,0
0.997868537902832,0.9890677,0.946,0.9652,0.9923,0.942,0.9956,0.806558668613,5.02836,28.1,9.455717581367937,0.554777,0.766713791684702,1
0.313523709774017,0.10604259,0.256,-0.9371,0.0021,0.259,0.0887,0.271098732948,2.098978,17.21,3.683766543865204,-0.30738,-0.572919691429282,0
0.859255038816109,0.38917452,0.603,-0.3397,0.3665,0.46,0.1346,0.487050890923,3.319965,22.2,3.9279687106609344,-0.0202462,0.326546289269786,0
0.80035001039505,0.27409303,0.133,-0.7731,0.162,0.358,0.1376,0.352961599827,4.109106,24.3,7.696084911003709,-0.123555,0.220213568459645,0
0.629434943199158,0.38105685,0.529,-0.7373,0.2957,0.389,0.0842,0.258082747459,1.657031,15.07,4.450346298515797,-0.115904,-0.434869573231589,0
0.765795648097992,0.49425435,0.445,-0.0362,0.4333,0.437,0.1219,0.334324538708,2.695798,19.84,6.26368060708046,-0.0417082,0.406453477840494,0
0.96826297044754,0.74487716,0.7,0.3231,0.572,0.706,0.5421,0.619868040085,4.60905,25.9,9.769300401210783,0.209353,0.618677282821237,0
0.144823881862372,0.17013106,0.517,-0.1211,0.6161,0.301,0.0774,0.243467882276,1.583643,14.67,4.487969088409762,-0.0456767,-0.312196411351297,0
0.0551992420038526,0.17266086,0.192,-0.9731,0.004,0.211,0.2659,0.29431283474,0.822343,8.497,5.33327446565984,-0.477019,-0.720352256397168,0
0.214910596024982,0.22365177,0.119,-0.8833,0.0044,0.319,0.1182,0.255990326405,1.123834,11.59,5.126576566528348,-0.420215,-0.339009703007631,0
0.647760391235352,0.4353285,0.123,-0.9843,0.1035,0.465,0.1508,0.274937927723,1.305331,12.94,3.491696535511193,-0.378018,-0.592390890327422,0
0.0368533301972519,0.14951009,0.338,-0.737,0.3731,0.284,0.0842,0.227739542723,0.12449,1.723,3.5056839216121314,-0.293777,-1.14915188256121,0
0.101566448807716,0.122805506,0.136,-1.0292,0.273,0.249,0.0717,0.243650585413,0.186893,2.18,3.9501025833865246,-0.334187,-0.90957466049042,0
0.315355837345123,0.7106151,0.551,-0.0752,0.7153,0.371,0.1347,0.264109045267,1.344786,13.21,2.405226042051529,0.0829713,-0.41584307596886,0
0.225845828652382,0.29996565,0.487,-0.5085,0.5166,0.386,0.265,0.2267293185,2.415361,18.62,1.6428974964920802,-0.0528969,-0.499254451384512,0
0.917059481143951,0.39030766,0.435,-0.5775,0.3411,0.473,0.1283,0.592434465885,2.068221,17.07,8.73230465748633,-0.0478565,-0.0364147821656521,0
0.0721783009324986,0.095380396,0.392,-0.7226,0.3153,0.351,0.086,0.25642234087,1.424036,13.72,4.43402377518889,-0.162845,-0.755134274017026,0
0.138919442892075,0.16988036,0.327,-0.6244,0.4274,0.326,0.0834,0.237445518374,0.337058,3.683,4.243463086798061,-0.291568,-0.834466329947164,0
0.0311010048629802,0.077762485,0.041,-0.8621,0.0031,0.163,0.0756,0.250007659197,-0.499622,0.152,4.644802534086584,-0.578403,-1.32718081071045,0
0.0930013388657298,0.07393217,0.21,-0.9195,0.0027,0.172,0.0971,0.237981945276,0.083133,1.472,3.910724852720323,-0.494116,-1.22387713991631,0
0.4619160592556,0.15069464,0.143,-1.0316,0.1081,0.249,0.1022,0.237052470446,0.772334,8.032,3.402320392526137,-0.313324,-0.815095269527912,0
0.88098818063736,0.75299084,0.598,-0.2147,0.3618,0.435,0.22,0.392606705427,3.418211,22.5,9.998183648021678,-0.0162579,0.184836066943057,0
0.0861623287200928,0.21986437,0.173,-0.9036,0.0029,0.471,0.136,0.240770339966,0.910127,9.358,1.8543864488601685,-0.342541,-0.761150464295281,0
0.474277555942535,0.2967993,0.546,0.191,0.811,0.586,0.0858,0.254324674606,1.368047,13.36,4.299514263868332,0.10607,-0.440535386488819,0
0.922781527042389,0.38287023,0.366,-0.7286,0.3268,0.463,0.0954,0.360774457455,2.064794,17.05,4.372598033293566,-0.209141,-0.157839158098583,0
0.989302933216095,0.8335177,0.769,0.7398,0.7874,0.687,0.2926,0.436370253563,2.439884,18.73,14.09929131064564,0.288204,0.426154532412747,0
0.845699787139893,0.25012875,0.152,-0.9188,0.0074,0.352,0.152,0.263759255409,2.641821,19.61,4.469113841004678,-0.288877,-0.188764634176941,0
0.0533314247997965,0.48772672,0.482,-0.4746,0.5317,0.454,0.1002,0.247204214334,1.982273,16.67,2.9317353916505806,-0.137878,-0.889354716275908,0
0.891127362012786,0.71620554,0.671,0.7758,0.7908,0.364,0.2182,0.269072175026,2.781118,20.3,4.682887658417764,0.102734,0.482249803702987,0
0.680190456675549,0.45443243,0.574,-0.316,0.5324,0.342,0.2357,0.269243299961,1.309981,12.98,6.281996398679181,-0.0676715,-0.20983755852148,0
0.635548055171967,0.24355882,0.158,-0.8959,0.0048,0.422,0.097,0.303754985332,3.473064,22.6,4.81890894472599,-0.321294,0.312907693881695,0
0.919968247413635,0.38620162,0.298,-0.4647,0.4014,0.309,0.1001,0.467033684254,3.647589,23.1,5.17082042386138,-0.172752,0.512408727714375,0
0.374891370534897,0.34121376,0.159,-0.9201,0.006,0.402,0.1219,0.393282175064,1.167799,11.95,3.152753981453733,-0.322359,-0.344656071689817,0
0.980033457279205,0.7779673,0.904,0.7316,0.8734,0.489,0.2181,0.417155653238,3.697917,23.3,3.934411321826955,0.179465,0.511706507691435,0
0.486175328493118,0.20987627,0.512,-1.027,0.0972,0.408,0.118,0.256471157074,1.011684,10.47,3.953650957705336,-0.0161045,-0.267154452363146,0
0.0477147959172726,0.15822175,0.243,-0.9135,0.0024,0.325,0.2821,0.239755123854,0.047463,1.285,5.556012346531487,-0.457384,-1.31596522983194,0
0.0693848498963556,0.08958778,0.177,-0.9768,0.0033,0.178,0.0877,0.21589910984,0.057432,1.335,4.816512497434145,-0.54731,-1.22042076883406,0
0.476878374814987,0.3548687,0.219,-0.886,0.0029,0.422,0.1074,0.227148473263,2.780428,20.3,2.575415790081024,-0.331793,-0.307594208578546,0
0.278806090354919,0.13281155,0.179,-0.9516,0.0021,0.243,0.0935,0.245268374681,0.214586,2.417,4.082134067612205,-0.371022,-0.833747419020583,0
0.0833717695743932,0.24830925,0.258,-0.834,0.2132,0.61,0.1453,0.282524287701,1.904547,16.3,5.0267391123678,-0.307151,-1.16434509261473,0
0.914532721042633,0.3109339,0.238,-0.7833,0.2242,0.395,0.2775,0.27972343564,2.789216,20.3,6.809695309081728,-0.21906,-0.006253791728311,0
0.234462946653366,0.14626756,0.081,-0.8989,0.0025,0.151,0.075,0.256096094847,0.053686,1.316,4.827219963693197,-0.549439,-1.05159054477222,0
0.136395052075386,0.13270926,0.177,-0.9074,0.0026,0.168,0.0686,0.305362164974,0.769998,8.011,3.558956027030945,-0.447398,-0.848849187331423,0
0.055987632497289,0.15682998,0.242,-0.9182,0.002,0.387,0.1284,0.226771920919,-0.115963,0.681,3.077765464782715,-0.351637,-0.898477478856956,0
0.984807014465332,0.94321275,0.812,0.2705,0.5985,0.912,0.6238,0.58111679554,4.113423,24.3,9.36343636046513,0.396759,0.532225608157622,1
0.927584826946259,0.47313556,0.167,-0.8123,0.0023,0.442,0.1299,0.257789224386,1.040807,10.79,2.464101731777191,-0.306087,-0.458502762867303,0
0.143140584230423,0.13731232,0.243,-0.8205,0.2765,0.198,0.0457,0.254096776247,2.406657,18.59,2.073610242349697,-0.231636,-0.728252288279562,0
0.918654501438141,0.6670767,0.645,0.3721,0.7173,0.53,0.4603,0.515724897385,2.701708,19.86,8.88686130261245,-0.00434716,0.397642401935844,0
0.98689329624176,0.67793036,0.594,0.9755,0.8963,0.718,0.8502,0.672170817852,4.820036,26.9,2.831268608570099,0.0770286,0.71497968284576,1
0.0210850655776989,0.05366257,0.416,-0.927,0.0013,0.101,0.0708,0.242362767458,-0.721528,0.067,3.700896769762039,-0.434209,-1.50630204666553,0
0.606007874011993,0.29182082,0.4,-0.3642,0.5189,0.401,0.1909,0.271475970745,2.016002,16.83,3.4330859389565624,-0.20392,-0.449458176526275,0
0.716158747673035,0.61114156,0.199,-0.9074,0.0034,0.546,0.1677,0.33475446701,1.908246,16.32,2.0871689134701845,-0.231256,-0.613296770694618,0
0.104152463376522,0.17722833,0.112,-0.9097,0.0028,0.16,0.0924,0.271079927683,-0.416043,0.208,4.147428890626634,-0.535118,-1.03816345599164,0
0.227018505334854,0.11822152,0.082,-0.9041,0.0023,0.181,0.0923,0.277018427849,1.08246,11.21,4.048890721612184,-0.496261,-0.861845092586487,0
0.989616870880127,0.72293407,0.647,0.4876,0.7031,0.55,0.7807,0.444015592337,3.034257,21.2,7.606617187257412,0.0729787,0.005897033247387,0
0.978324286477169,0.55629224,0.704,0.2705,0.63,0.549,0.1494,0.373519003391,3.584094,23.0,7.938370210303746,0.0596168,0.572924008400283,0
0.99724268913269,0.9258368,0.799,0.8514,0.8387,0.621,0.7321,0.443340361118,4.794304,26.8,12.215369244302195,0.253616,0.834167192485956,0
0.143986240029335,0.18734881,0.164,-0.9324,0.0068,0.287,0.1841,0.226851522923,1.559158,14.53,3.881181657314301,-0.300625,-0.450071658153108,0
0.483111172914505,0.33594394,0.492,-0.296,0.6217,0.365,0.1246,0.264391809702,2.609176,19.47,3.9667399126856457,-0.0631352,-0.13110466304607,0
0.993753135204315,0.7984023,0.836,1.0252,0.885,0.617,0.7695,0.489609897137,3.964503,23.9,4.531793014091714,0.177436,0.643702945900649,0
0.876768529415131,0.43923593,0.476,-0.5202,0.3103,0.398,0.1387,0.25062456727,3.212965,21.8,7.234862706097013,-0.113022,-0.0113597054722553,0
0.0131891992109888,0.017645061,0.225,-0.9254,0.0035,0.207,0.0992,0.274896383286,0.560283,6.07,4.589483439922333,-0.377084,-1.09401812812209,0
0.601595163345337,0.14252031,0.064,-0.9142,0.0034,0.334,0.1573,0.426879912615,0.656389,6.984,3.67586702720534,-0.506137,-0.861338194937479,0
0.221782892942429,0.1750372,0.078,-0.9672,0.0072,0.353,0.1198,0.284933894873,1.691526,15.25,5.42694774160666,-0.444044,-0.725266075875933,0
0.182019677309085,0.42654842,0.508,-0.7681,0.3805,0.433,0.0909,0.355394810438,2.555912,19.24,6.23627376035876,-0.0593575,-0.465663881931505,0
0.382191341339809,0.32669818,0.532,0.2125,0.476,0.335,0.142,0.313473463058,3.981981,24.0,7.355920279231999,0.153883,0.295198012327035,0
0.0177679913640416,0.10559413,0.237,-0.881,0.0025,0.256,0.1079,0.28207051754,4.754795,26.6,3.872894763946533,-0.30294,-0.473679198639196,0
0.226845875382423,0.24088702,0.539,0.6314,0.9203,0.459,0.1294,0.241565793753,0.983287,10.14,3.692336946725845,0.00759655,-0.606979603228886,0
0.929593622684479,0.17844802,0.157,-0.9116,0.0043,0.222,0.1145,0.327453672886,1.692646,15.25,4.99641977250576,-0.266086,-0.201788653589908,0
0.194190338253975,0.1555802,0.344,-0.6089,0.443,0.334,0.0839,0.248761057854,1.564481,14.56,4.028754100203514,-0.237354,-0.63720557487353,0
0.0743541902214035,0.115766585,0.053,-0.8943,0.0018,0.1,0.0928,0.273806810379,-0.400209,0.222,2.882911056280136,-0.60181,-1.14540027331174,0
0.987980544567108,0.5790518,0.691,0.7488,0.8015,0.48,0.2426,0.650851845741,4.156058,24.5,5.503449637377668,-0.0103475,0.656728846248468,0
0.0387244578379234,0.116827935,0.248,-1.0055,0.0662,0.323,0.6415,0.385995447636,0.026651,1.186,3.517363652567852,-0.426211,-1.23822118696412,0
0.555339276790619,0.2300221,0.145,-0.8003,0.0046,0.422,0.0894,0.255472719669,0.796187,8.25,4.7768986923748535,-0.435655,-0.997948077880201,0
0.0265884014678503,0.09799382,0.266,-0.934,0.0021,0.393,0.0841,0.256766498089,-0.411713,0.212,3.740009286082758,-0.483963,-1.16421456180004,0
0.987380862236023,0.5044123,0.629,0.2827,0.5307,0.386,0.1535,0.519446969032,3.335294,22.2,4.39664020077622,-0.0872059,0.219708223713045,0
0.0748741453961524,0.20471743,0.353,-0.7444,0.4361,0.254,0.1033,0.230396956205,0.480526,5.261,3.4067052006721497,-0.232052,-0.951657228918906,0
0.699676334857941,0.20993644,0.189,-0.8948,0.0022,0.459,0.0821,0.268718242645,1.601667,14.77,3.9357760460285935,-0.243181,-0.792156046971622,0
0.505735218524933,0.28866673,0.464,-0.7928,0.2542,0.384,0.1188,0.219195812941,0.323772,3.534,3.792083293199539,0.0138628,-0.463805377826565,0
0.648252367973328,0.50964415,0.575,-0.9087,0.1855,0.551,0.1367,0.304888904095,2.38941,18.51,4.406907700972287,0.0805677,-0.138700346795275,0
0.0873179152702139,0.14753306,0.514,-0.9443,0.2509,0.384,0.0719,0.263381183147,1.144246,11.76,2.9021462314347497,-0.124363,-1.0281809022048,0
0.979919970035553,0.93399423,0.828,0.8768,0.8418,0.826,0.483,0.687241077423,4.347248,25.0,7.480614869617912,0.213889,0.895123558136555,0
0.0689114706988739,0.14892718,0.445,-0.4883,0.4984,0.264,0.0779,0.22855386138,1.62122,14.87,3.340054132044316,-0.128043,-0.338806659441072,0
0.557548725767231,0.26847702,0.554,-0.3696,0.5469,0.361,0.0808,0.367409169674,3.186931,21.7,5.216691953528636,0.0331023,-0.133392298034314,0
0.0806338298711506,0.31786585,0.312,-0.9044,0.1743,0.337,0.1164,0.386370718479,1.689656,15.24,2.2482943534851074,-0.196076,-0.860217567214346,0
0.252263993024826,0.39769295,0.577,-0.384,0.476,0.529,0.0542,0.412000894547,2.313263,18.18,5.561427772045136,0.00618608,-0.41586639795821,0
0.991541683673859,0.47674158,0.549,0.6765,0.9302,0.386,0.2615,0.378275871277,2.263109,17.95,3.53631771054275,0.0364115,-0.292756677281492,0
0.120274155824392,0.19827873,0.55,0.2872,0.83,0.391,0.0763,0.243495106697,0.934062,9.597,3.203253984451294,0.0652814,-0.51662583040954,0
0.889292180538177,0.6831439,0.493,0.1609,0.743,0.526,0.1366,0.309030413628,3.259303,22.0,4.597955994776066,0.108801,0.231413171507866,0
0.188200578093529,0.075439155,0.045,-0.9329,0.0015,0.093,0.0602,0.248497709632,-1.12325,0.016,2.8056713638610926,-0.675201,-1.35798667264069,0
0.118607733199905,0.13318384,0.231,-0.8969,0.003,0.411,0.1174,0.336612761021,1.721184,15.4,3.183534260657308,-0.399817,-0.954352487746238,0
0.596769869327545,0.43961713,0.548,0.2734,0.738,0.256,0.1583,0.226080685854,2.886342,20.7,2.545244097709656,0.028678,0.197480965515935,0
0.544616520404816,0.26802248,0.182,-0.8546,0.0043,0.452,0.0964,0.323289394379,2.134391,17.37,4.4887896329164505,-0.295506,-0.362736759028986,0
0.974906146526337,0.69062614,0.601,0.4373,0.6163,0.432,0.1309,0.456615924835,3.878504,23.7,4.072775908748949,-0.00783235,0.3976354014079,0
0.689723312854767,0.15281293,0.095,-0.9996,0.0036,0.169,0.0689,0.352842211723,2.74885,20.1,5.87705335021019,-0.439549,-0.0814372419392954,0
0.935393095016479,0.38148823,0.593,-0.4564,0.4504,0.407,0.0884,0.330169916153,1.160227,11.89,3.2239424692098404,-0.0399462,-0.081796711530157,0
0.972207546234131,0.5769376,0.632,0.6155,0.7404,0.471,0.346,0.454953670502,4.395464,25.2,4.846369738913364,0.0746067,0.758267378625308,0
0.120501436293125,0.19389299,0.409,-0.7978,0.2984,0.42,0.0767,0.223799064755,0.452348,4.963,3.453899707782737,-0.236475,-0.904792071873423,0
0.432372868061066,0.2784815,0.131,-0.87,0.0045,0.378,0.1275,0.325264275074,1.124144,11.59,4.7493345422542586,-0.326979,-0.475013892134946,0
0.693427205085754,0.39159572,0.217,-0.862,0.0052,0.463,0.1417,0.27365064621,2.166678,17.52,4.813834573453899,-0.237132,-0.323563880751406,0
0.232063218951225,0.19363004,0.375,-0.9307,0.2061,0.364,0.0876,0.323077559471,0.73002,7.653,5.249978095262499,-0.218139,-0.624980457312727,0
0.0199209790743183,0.06301826,0.183,-0.9927,0.1013,0.207,0.0617,0.203276902437,-1.510109,0.005,4.300240962896264,-0.389051,-1.44151519194084,0
0.975323677062988,0.80993485,0.557,0.3288,0.825,0.727,0.239,0.470928370953,4.182587,24.5,3.8264582380627656,0.185588,0.658773982097733,0
0.0535398272410341,0.038696736,0.113,-0.9235,0.0008,0.101,0.1185,0.18854123354,-0.880901,0.037,2.09891923222007,-0.613575,-2.11717607728253,0
0.946378827095032,0.957603,0.566,0.7148,0.7947,0.653,0.1164,0.503273546696,3.926962,23.8,4.252423379570246,0.0183968,0.648372879398769,0
0.0349710687543194,0.049423933,0.283,-0.9331,0.0008,0.114,0.1116,0.270623981953,-0.431787,0.196,3.6737546920776367,-0.520631,-1.69980921275178,0
0.0629664374460992,0.30286357,0.369,-0.9488,0.1797,0.291,0.0794,0.24315468967,0.922218,9.478,4.0140172360025295,-0.209128,-0.91950074949764,0
0.789731442928314,0.30254933,0.438,-0.2237,0.6515,0.398,0.1206,0.248346596956,2.739159,20.1,3.657927234967549,-0.0469267,-0.0774917653765819,0
0.515872120857239,0.25194165,0.149,-0.7504,0.2191,0.266,0.0947,0.316919803619,1.940937,16.48,3.97300940596546,-0.327699,-0.369650951856771,0
0.924735307693481,0.24471375,0.13,-0.93,0.007,0.339,0.1002,0.348111540079,2.013979,16.82,5.676799510713245,-0.325771,-0.191267641408974,0
0.992535352706909,0.9739419,0.882,0.819,0.816,0.834,0.9224,0.711948752403,5.404395,31.0,10.758131509359693,0.338622,0.911106078229392,1
0.0759839490056038,0.14104593,0.107,-0.9366,0.0047,0.181,0.0956,0.287737965584,1.592169,14.71,2.629199355840683,-0.496637,-0.81950243630277,0
0.496854841709137,0.2029908,0.434,-0.1532,0.6236,0.241,0.1087,0.228031218052,1.946484,16.5,3.898197442293167,-0.142401,-0.0804006647809675,0
0.995738744735718,0.7665249,0.551,0.2257,0.5952,0.65,0.3064,0.415502339602,4.532774,25.6,8.173789726964804,0.139837,0.554231933701853,0
0.0118511029577933,0.035883576,0.087,-0.9744,0.0447,0.137,0.0653,0.283893942833,-1.801605,0.002,3.4628640385346223,-0.539388,-1.94281770600478,0
0.309458404779434,0.27534282,0.536,-0.7467,0.2827,0.371,0.1213,0.292280972004,0.390381,4.283,1.7896345853805542,-0.368628,-0.943308801089789,0
0.0226892673946583,0.1073105,0.545,-0.0732,0.6903,0.322,0.0825,0.272597908974,1.877172,16.17,4.5159085392951965,-0.00315962,-0.739331467871454,0
0.059638840098215,0.12142667,0.253,-0.8951,0.0025,0.164,0.1448,0.21402862668,0.534635,5.815,2.3244284987449646,-0.41752,-0.803485005294201,0
0.843546867370605,0.2854002,0.527,-0.2658,0.5954,0.384,0.1149,0.251717448235,1.847979,16.03,2.616098165512085,-0.0303259,-0.214640298041826,0
0.124811142683029,0.15402603,0.415,-0.9331,0.2181,0.249,0.1921,0.347258120775,0.464747,5.095,3.1870337761743777,-0.227085,-1.06084172307255,0
0.939688980579376,0.4454914,0.528,-0.2247,0.6329,0.343,0.1967,0.349941790104,3.313312,22.1,4.536081902521152,-0.00229144,0.134141821616141,0
0.0468849685361725,0.2201556,0.233,-0.9288,0.0023,0.246,0.0795,0.195221871138,-0.046018,0.896,4.482531294226646,-0.513232,-1.10956210552142,0
0.124544113874435,0.26071134,0.231,-1.0103,0.2242,0.26,0.3824,0.285494804382,-0.246197,0.405,2.655676160046569,-0.346131,-1.45320426038856,0
0.0267565251972401,0.08157134,0.247,-1.0177,0.1295,0.311,0.0731,0.250411093235,-0.660442,0.083,3.008204325828909,-0.302146,-1.10408876709296,0
0.418402969837189,0.3024178,0.513,-0.676,0.3872,0.392,0.1076,0.241440191865,1.164044,11.92,2.7230110652670096,-0.160127,-0.774047552678621,0
0.042707491527241,0.123389095,0.171,-1.0289,0.0626,0.352,0.0774,0.313394904137,0.923933,9.495,1.1441067259140507,-0.411333,-0.917849161047912,0
0.0256117507384414,0.031434655,0.283,-0.9331,0.0008,0.114,0.1116,0.270623981953,-0.431201,0.197,3.6737546920776367,-0.520731,-1.69980921275178,0
0.11163891851902,0.24125165,0.163,-0.9272,0.0048,0.281,0.1769,0.242192104459,-0.199456,0.488,3.5626232293223885,-0.473234,-0.528199138559929,0
0.807637705032379,0.7815121,0.574,0.5875,0.7435,0.479,0.1091,0.523834764957,4.49447,25.5,6.782970452681184,0.0296796,0.714157484633597,0
0.0490824567216044,0.08995795,0.392,-0.9517,0.0011,0.128,0.4254,0.233288764954,0.250371,2.755,2.775150716304779,-0.466733,-1.42809025020845,0
0.219181010826166,0.17472076,0.247,-0.9475,0.1387,0.304,0.1333,0.214216202497,1.388101,13.49,2.6322072547711794,-0.232662,-0.536640769998479,0
0.270371705293655,0.21779272,0.177,-0.8799,0.0066,0.318,0.1413,0.327128142118,2.489623,18.95,4.850219122168431,-0.407877,-0.605566840174222,0
0.814152956008911,0.58853775,0.412,-0.5767,0.3866,0.43,0.1824,0.298939019442,2.733038,19.99,6.193523904308677,-0.147653,-0.513267115932429,0
0.0434600540237868,0.09854159,0.177,-0.8905,0.0027,0.228,0.0707,0.276832699776,0.734998,7.697,4.4293009521250415,-0.511205,-0.976125966457728,0
0.0414162465596425,0.112892,0.231,-0.902,0.0024,0.255,0.0827,0.198181837797,1.409125,13.63,3.909683061281484,-0.462703,-0.983619384330705,0
0.0248849559575319,0.055072397,0.043,-1.0512,0.042,0.106,0.0829,0.222232982516,-0.453755,0.181,4.956216924335438,-0.525047,-1.4407142132436,0
0.445043116807938,0.16494456,0.19,-0.9021,0.0034,0.263,0.0996,0.288358271122,0.773124,8.039,3.0719983913801103,-0.321358,-0.750045103866849,0
0.963900804519653,0.8827259,0.8,0.7431,0.7948,0.675,0.8445,0.62321805954,4.290548,24.8,9.527811314113904,0.195907,0.775441596396697,1
0.792795360088348,0.35016453,0.369,-0.9047,0.1954,0.572,0.1314,0.291312098503,3.053897,21.3,6.825967818498612,-0.0617907,-0.0115618792486246,0
0.156571537689983,0.1475639,0.066,-0.9327,0.0032,0.251,0.0725,0.271025180817,2.167165,17.52,2.947238475084305,-0.51429,-0.389450801138241,0
0.20339447259903,0.13433132,0.472,-0.3702,0.5475,0.376,0.0865,0.205670967698,0.988895,10.2,3.321983298058483,-0.0344192,-0.909755097706521,0
0.999668002128601,0.97265184,0.853,0.8496,0.8234,0.719,0.9267,0.542351365089,4.867713,27.2,14.60585325735456,0.290306,0.877129511770205,1
0.0207437606435133,0.13301179,0.242,-0.9323,0.0023,0.273,0.0778,0.236021667719,0.937117,9.628,2.684596313047628,-0.438658,-0.984366859245654,0
0.875759184360504,0.7267248,0.444,-0.0267,0.6963,0.458,0.4498,0.283835232258,3.097448,21.4,4.1569813837051095,-0.106557,0.113390222780102,0
0.0141074938638813,0.13905486,0.311,-0.8655,0.2859,0.248,0.0835,0.173963785172,0.780622,8.107,4.661378495513136,-0.240565,-0.812508677592683,0
0.0405676403046829,0.0764564,0.526,-0.807,0.3062,0.368,0.0823,0.226245880127,-0.272479,0.365,3.288913827202608,-0.220096,-1.24523153713477,0
0.525350630283356,0.26281285,0.544,0.9743,0.923,0.156,0.0909,0.274110853672,2.629595,19.56,4.099980413913727,0.160789,0.100217663048241,0
0.497190624475479,0.32640284,0.18,-0.9103,0.0046,0.482,0.1135,0.260436564684,1.770632,15.65,3.1950803373584025,-0.258636,-0.427021915270136,0
0.0957971066236496,0.08944696,0.133,-0.8538,0.0028,0.27,0.0906,0.207084417343,0.553613,6.004,2.555728732893164,-0.515152,-1.05830136122615,0
0.21664771437645,0.12870392,0.293,-0.8837,0.2194,0.235,0.062,0.262785077095,1.26885,12.69,4.631678515326676,-0.288401,-0.621599172509033,0
0.0117544606533237,0.02526787,0.306,-0.9295,0.0014,0.086,0.1184,0.316120326519,-0.322699,0.299,3.118249475955963,-0.555,-1.25287468371263,0
0.513683676719666,0.29154596,0.595,-0.6879,0.2357,0.432,0.1399,0.37154686451,3.330119,22.2,3.3494781255722046,0.16857,0.304858089350675,0
0.0666758418083191,0.12666446,0.432,-0.9236,0.0823,0.379,0.1887,0.290646642447,1.497967,14.17,2.0020161867141724,-0.138879,-1.06479485207576,0
0.979599595069885,0.4464353,0.585,0.2897,0.6476,0.359,0.1424,0.381364047527,3.559096,22.9,5.860231944355919,0.0483373,0.448791841480345,0
0.0545277010391284,0.03283018,0.28,-0.9293,0.0772,0.249,0.0541,0.276728272438,-0.98414,0.026,3.730361438243641,-0.360577,-1.89886432124988,0
0.91936981678009,0.7212038,0.509,0.102,0.564,0.531,0.7717,0.521483540535,2.691122,19.82,3.5906666927039623,-0.0239307,0.471129656726199,0
0.999287545681,0.9318416,0.933,1.0466,0.9171,0.765,0.9128,0.618290424347,4.142628,24.4,12.163841596055148,0.501603,0.779852740447198,0
0.287308816146784,0.17072147,0.135,-0.9702,0.0035,0.272,0.0914,0.305013597012,2.773039,20.2,3.927649525767946,-0.288489,-0.0784567052152792,0
0.991609275341034,0.5544135,0.662,0.6926,0.7886,0.486,0.8757,0.546391367912,4.669489,26.2,6.659929420062289,0.173244,0.868742840959223,0
0.0464501230537608,0.07591462,0.328,-0.6577,0.3875,0.268,0.0886,0.302516222,1.225428,12.38,4.229957728901862,-0.188866,-0.696589045696746,0
0.87774121761322,0.4028299,0.532,0.1875,0.3122,0.529,0.744,0.610884189606,3.783523,23.5,8.579456749750534,0.0607839,0.0671600470931701,0
0.346040934324265,0.20583016,0.309,-0.9222,0.1631,0.306,0.0928,0.236878037453,-0.035735,0.933,5.439126095806987,-0.287665,-0.81448780875114,0
0.0619783513247967,0.12525395,0.628,-0.3537,0.5511,0.29,0.085,0.271576017141,0.724911,7.607,3.197648674249649,-0.0724797,-0.783011890650818,0
0.118940584361553,0.16146901,0.135,-0.9683,0.1313,0.271,0.166,0.32110324502,0.699461,7.378,4.570765644410592,-0.30506,-0.760684201745317,0
0.0331885885265494,0.07724866,0.257,-0.921,0.0495,0.198,0.0605,0.286309838295,0.925588,9.512,0.8660792609382939,-0.351203,-1.49856654807006,0
0.989038348197937,0.9668758,0.617,0.5322,0.7502,0.526,0.3773,0.365869730711,3.873795,23.7,11.145830009382452,0.114332,0.579407242919272,0
0.979433834552765,0.98447466,0.957,0.9815,0.9913,0.875,0.9898,0.693673968315,6.16838,34.0,11.223604089405852,0.536897,0.712192301733177,1
0.942037045955658,0.5249389,0.611,0.1546,0.8073,0.419,0.1337,0.390430957079,3.97983,24.0,7.850530949553771,-0.026511,0.377590966932679,0
0.310890729790501,0.16576383,0.405,-0.8704,0.1981,0.357,0.0715,0.377252817154,1.896106,16.26,2.317636728286743,-0.189003,-0.823177912665996,0
0.997140169143677,0.7192396,0.253,-1.1422,0.0214,0.601,0.6214,0.684539020061,4.790904,26.8,4.138406991958618,-0.114316,0.68971772710737,0
0.967286884784698,0.46728048,0.417,0.5717,0.6583,0.45,0.5461,0.524567008018,3.431367,22.5,6.965094657925268,-0.0696107,0.603988183179989,0
0.457856208086014,0.24648786,0.176,-0.82,0.0062,0.395,0.1201,0.44947719574,2.738479,20.1,3.688424229621887,-0.252572,-0.161497795856427,0
0.0253224081128604,0.06986338,0.041,-0.9568,0.0011,0.146,0.0733,0.256174385548,-0.480389,0.163,3.204941432108991,-0.61626,-1.50165981301593,0
0.358627962936743,0.71983314,0.666,0.5313,0.7279,0.635,0.3542,0.450417637825,4.570153,25.8,8.304088536649942,0.111507,0.849829433439433,0
0.258279946358415,0.25639158,0.331,-0.6587,0.4016,0.311,0.1343,0.247980356216,1.566348,14.57,3.4062244874470418,-0.213676,-0.404147179094352,0
0.204383939504623,0.17451593,0.519,-0.2489,0.5809,0.329,0.1307,0.254532545805,1.403663,13.59,4.787561297416687,-0.0746967,-0.624179554024049,0
0.0495128451498953,0.14706558,0.186,-0.9411,0.0041,0.246,0.116,0.250075489283,1.893053,16.25,3.8427746444940567,-0.313395,-0.54042609558516,0
0.460336863994598,0.39792287,0.197,-0.9181,0.0031,0.363,0.1232,0.322231709957,0.812392,8.403,3.8258440124426616,-0.420138,-1.00411503204524,0
0.43980485200882,0.20390078,0.108,-0.9265,0.0045,0.289,0.1241,0.231434956193,2.29249,18.09,4.943765167432179,-0.39403,-0.22593467085579,0
0.994382262229919,0.9192313,0.797,0.3708,0.6569,0.777,0.8649,0.755464792252,4.833084,27.0,11.92464703099552,0.372116,0.785218372253883,0
0.0499469991691086,0.0871315,0.156,-1.0491,0.0658,0.15,0.088,0.29911339283,-0.954586,0.029,2.256819493290465,-0.468411,-1.48609600852086,0
0.375248312950134,0.24559054,0.209,-1.0408,0.0841,0.354,0.0863,0.230742871761,2.858252,20.6,4.058486086138129,-0.311968,-0.201932764838558,0
0.0797767117619514,0.12476373,0.195,-0.8705,0.0031,0.325,0.1595,0.210506036878,0.647687,6.904,3.9457241478513847,-0.378899,-0.829663478970027,0
0.646013498306274,0.15395132,0.123,-1.0073,0.0028,0.268,0.0964,0.31429669261,0.718532,7.55,4.256823591887951,-0.502945,-0.579109319856723,0
0.0536090148776045,0.12849408,0.263,-0.9012,0.0019,0.197,0.131,0.280089497566,0.636917,6.804,3.614479631185532,-0.470996,-1.06132489690837,0
0.970258891582489,0.7220124,0.724,0.8105,0.8176,0.67,0.3812,0.504847764969,4.72447,26.4,7.088774604112405,0.170081,1.01806289506604,0
0.0736181167701115,0.073173195,0.239,-0.9216,0.0028,0.111,0.074,0.185648426414,-1.249179,0.01,3.851008117198944,-0.396645,-1.19245585972566,0
0.459729350127776,0.2929893,0.13,-0.9202,0.0033,0.389,0.144,0.3087669909,1.586223,14.68,4.874887519017092,-0.360059,-0.522842563627232,0
0.132589729479169,0.2356725,0.571,-0.5525,0.4141,0.311,0.0824,0.257476747036,0.302746,3.302,4.123924568295479,-0.130497,-0.695983325513771,0
0.9626624584198,0.57554346,0.483,-0.027,0.3958,0.454,0.1258,0.285981178284,2.982552,21.0,4.389764275411402,-0.00848804,0.177270408750748,0
0.174283042550087,0.18713373,0.35,-0.7657,0.3279,0.364,0.0736,0.232662528753,-0.113251,0.688,3.4366167303863784,-0.158592,-0.655825444550809,0
0.0664243470054221,0.14400169,0.221,-0.8601,0.0032,0.403,0.0852,0.247843027115,0.628425,6.724,3.836462693748688,-0.426339,-0.8901565513522,0
0.993371486663818,0.5852681,0.732,-0.4864,0.4064,0.524,0.2297,0.351456403732,3.751914,23.4,3.642875462770462,0.164442,0.386704738386361,0
0.948418259620667,0.26452476,0.15,-0.9645,0.0041,0.301,0.1262,0.289973914623,2.783148,20.3,3.648034542798996,-0.407736,-0.0154396396371869,0
0.0540756898007171,0.117549986,0.079,-0.9027,0.0023,0.17,0.1147,0.243639111519,0.206207,2.343,4.861009523678755,-0.540672,-1.14992345549123,0
0.638784348964691,0.33342797,0.419,-0.6245,0.3967,0.468,0.1052,0.229482203722,1.16132,11.9,4.487142413613894,-0.129413,-0.523976556363459,0
0.044902377355932,0.16089776,0.472,-0.8516,0.3807,0.308,0.1343,0.283601492643,1.599244,14.75,5.115329309471401,-0.207769,-0.801542551283008,0
0.0644211881201781,0.11898878,0.189,-0.9975,0.0539,0.162,0.0554,0.265660315752,-0.333309,0.287,2.384014930419821,-0.438542,-1.63633372996306,0
0.394828468561172,0.35697618,0.164,-0.9957,0.1173,0.534,0.1923,0.30908292532,1.447471,13.87,5.938690677770703,-0.172869,-0.577005614558861,0
0.27478414773941,0.08474085,0.121,-0.9505,0.127,0.302,0.1009,0.287989556789,1.129995,11.64,3.2315071972477822,-0.338814,-0.640908640764915,1
0.020403803900849,0.04934168,0.276,-1.0105,0.0859,0.138,0.0696,0.262545913458,-0.320146,0.302,2.752936363220215,-0.302711,-1.46286084934877,0
0.182390958070755,0.42716667,0.396,-0.8701,0.2059,0.286,0.0866,0.23496620357,0.452694,4.966,4.737203061580658,-0.257017,-1.02823440287645,0
0.458512097597122,0.23790127,0.132,-0.9269,0.0049,0.37,0.1266,0.256654620171,1.762327,15.61,4.894653007388115,-0.439439,-0.325351796785222,0
0.826328456401825,0.2763986,0.277,-0.8202,0.2712,0.39,0.4851,0.391071081161,3.18428,21.7,8.914356112480164,-0.102251,0.0822092649860077,0
0.0819655106510287,0.10493997,0.145,-0.951,0.0028,0.19,0.0874,0.261894464493,1.096173,11.34,4.006081220157468,-0.482337,-0.829383699276845,0
0.0257681220911834,0.030980796,0.391,-0.2954,0.4934,0.123,0.0914,0.274048507214,1.375134,13.41,2.9398290812969208,-0.0919098,-1.22021199129466,0
0.906489133834839,0.53761363,0.27,-0.5541,0.3541,0.534,0.1968,0.425114631653,4.27248,24.8,7.542663630830416,-0.0848533,0.537321691191916,0
0.0413263298494096,0.043008476,0.021,-0.9578,0.0011,0.109,0.0703,0.210097402334,-0.636531,0.091,3.2179848313610395,-0.635609,-1.28897606443009,0
0.0349633824660716,0.099163115,0.325,-0.9297,0.2134,0.184,0.1332,0.250237673521,0.52557,5.724,1.9673370718956,-0.272323,-1.11452073568412,0
0.0587130335344999,0.15128395,0.229,-0.9723,0.0513,0.294,0.0668,0.238205567002,-1.237816,0.011,2.1426003026062657,-0.488811,-1.6567234486109,0
0.983704626560211,0.9113549,0.758,0.709,0.791,0.877,0.9817,0.57986998558,4.474285,25.4,14.23411238287008,0.364624,0.58457906238512,1
0.218963608145714,0.24780124,0.147,-0.925,0.006,0.253,0.142,0.236564189196,0.783448,8.133,4.652402517376692,-0.479812,-0.413194315026996,0
0.991662979125977,0.95781773,0.903,0.8886,0.847,0.893,0.6242,0.758250296116,4.77798,26.7,9.724192946352147,0.442291,0.943076366974235,1
0.0586748435315476,0.11408475,0.307,-0.9188,0.0022,0.271,0.2199,0.243129223585,0.466214,5.11,5.194283288881615,-0.477262,-0.980300291253687,0
0.0253670060498511,0.35171595,0.193,-0.8475,0.0038,0.432,0.1496,0.211803942919,1.063479,11.03,1.931413531303405,-0.350333,-0.653916072196184,0
0.899447560310364,0.4928088,0.513,-0.1894,0.7243,0.354,0.1074,0.313023328781,1.483195,14.08,4.744509339604123,-0.0482127,-0.244361050468135,0
0.488958269357681,0.4640519,0.694,0.4466,0.7565,0.476,0.3283,0.369593679905,3.272523,22.0,2.4191272854805,0.108018,0.201234537377496,0
0.0173262860783684,0.083548605,0.193,-0.9213,0.2857,0.153,0.0657,0.270315527916,-0.314268,0.309,3.815758450776184,-0.413715,-1.44629838911498,0
0.984033465385437,0.71380806,0.568,-0.0989,0.4172,0.452,0.1361,0.303932905197,3.495955,22.7,7.8505001567687875,-0.0166459,0.283928576440037,0
0.610635280609131,0.31003606,0.18,-0.9021,0.1834,0.362,0.1607,0.217049956322,1.116413,11.52,3.788084555552257,-0.321907,-0.425015822039461,0
0.109973044254876,0.16457313,0.465,-0.7708,0.3418,0.345,0.0924,0.277065247297,0.230579,2.564,0.6117069613231095,-0.0644849,-0.784200989243924,0
0.988284707069397,0.7296105,0.361,-1.1574,0.0711,0.639,0.8725,0.627219796181,3.935702,23.9,1.4685388803482056,-0.118801,0.734016236005672,1
0.9765465259552,0.40755793,0.136,-1.1715,0.0228,0.48,0.4152,0.505255222321,3.562809,22.9,3.298215847117904,-0.2221,0.695171486516598,0
0.388696346917314,0.34419328,0.301,-0.5379,0.4226,0.462,0.0936,0.319379836321,2.213794,17.73,7.794172082096338,0.000976507,-0.0308679976324697,0
0.239493265748024,0.33336914,0.245,-0.772,0.2287,0.487,0.1389,0.363228440285,2.336584,18.28,4.64232219122249,-0.00941777,-0.11365074589246,0
0.360181361436844,0.1764994,0.186,-0.891,0.0065,0.204,0.0989,0.218626827002,0.808263,8.363,4.555236786603928,-0.367241,-0.434895109031175,0
0.983737587928772,0.81514215,0.809,-0.4324,0.3408,0.795,0.9201,0.633972108364,4.582205,25.8,3.469496786594391,0.49339,0.351256531399055,1
0.277438968420029,0.4398958,0.165,-0.9138,0.0028,0.517,0.1444,0.193331003189,1.266587,12.68,4.588888354599476,-0.293831,-0.626667205564989,0
0.15553642809391,0.14714369,0.57,-1.0163,0.0975,0.295,0.1446,0.285817146301,1.515623,14.28,4.415176630020142,0.122965,-0.256023184032929,0
0.0376876317273896,0.03353542,0.401,-0.9382,0.0006,0.054,0.0737,0.295595496893,-0.461219,0.176,2.52898246049881,-0.451602,-1.70557819197135,0
0.993372559547424,0.35909855,0.149,-1.075,0.0094,0.417,0.6426,0.481820553541,3.516728,22.8,3.7714679718269046,-0.308727,0.53045640368589,0
0.282715678215027,0.1657489,0.125,-0.9402,0.0048,0.345,0.0929,0.335898578167,1.576262,14.62,4.710025950744247,-0.403344,-0.585083102445534,0
0.0260410306707271,0.060810894,0.029,-1.0254,0.0287,0.156,0.0983,0.344784080982,-0.321209,0.301,3.4241429254673648,-0.540006,-1.45842171111233,0
0.841154038906097,0.43571997,0.575,-0.8401,0.2218,0.583,0.1405,0.304049342871,2.599791,19.43,4.236222127148283,0.0778762,-0.145382723415704,0
0.304682791233063,0.27837455,0.167,-0.9857,0.0113,0.455,0.0955,0.299231678247,2.006236,16.78,4.761995875718627,-0.245651,-0.467333714702728,0
0.868565917015076,0.34984574,0.52,-0.365,0.4573,0.337,0.1188,0.273852527142,2.755035,20.2,4.576099307581405,0.000979629,-0.0040640397836319,0
0.985999524593353,0.9510262,0.849,0.5548,0.7419,0.959,0.9664,0.63173687458,4.790127,26.8,11.977110759150776,0.216875,0.681287191553416,1
0.0191371934700826,0.069554836,0.186,-0.9261,0.1955,0.221,0.0732,0.231035977602,-0.273553,0.363,3.2827247524564083,-0.314383,-1.18208251708354,0
0.99797922372818,0.9889122,0.933,1.0501,0.9804,0.91,0.9971,0.688123583794,5.920281,33.0,11.615928888535564,0.575114,1.04406564941477,1
0.976312041282654,0.9297778,0.846,0.6811,0.7806,0.92,0.9773,0.453595995903,4.032063,24.1,13.549055936317018,0.370714,0.484681651149456,1
0.957328498363495,0.34430683,0.487,-0.2478,0.6464,0.417,0.1416,0.287524759769,2.805882,20.4,4.728041234198728,-0.0720375,-0.117036447072651,0
0.0345441563602582,0.10359314,0.126,-0.9019,0.0026,0.302,0.0823,0.267243027687,0.568393,6.15,3.454237856180288,-0.498232,-0.948670435630465,0
0.996741831302643,0.17043129,0.199,-0.9288,0.004,0.211,0.0891,0.280304402113,0.141551,1.838,4.771492106256989,-0.480914,-1.20701373058517,0
0.800151944160461,0.375448,0.44,-0.6269,0.3717,0.412,0.2395,0.410873651505,3.79457,23.5,5.840724584776594,-0.0479547,0.0648159743702574,0
0.0252246744930744,0.07591665,0.284,-0.9087,0.0018,0.203,0.1135,0.345968008041,0.613617,6.585,4.580985203385353,-0.385135,-1.16224532604908,0
0.852353162263358,0.34668857,0.208,0.0133,0.3758,0.41,0.1284,0.316691040993,3.670889,23.2,4.978919342160225,-0.112981,0.624140220720922,0
0.0861664339900017,0.064573586,0.218,-1.016,0.0344,0.222,0.0536,0.294669419527,0.733589,7.685,3.498426719146442,-0.397051,-1.15723036986328,0
0.974532961845398,0.9460809,0.663,0.5428,0.7103,0.668,0.4504,0.489686369896,4.097417,24.3,6.080264642834663,0.212001,0.413004021712561,0
0.167129468653326,0.23459539,0.568,0.5314,0.8994,0.337,0.1331,0.228717297316,1.112709,11.49,2.8741916716098785,0.128946,-0.273663181613187,0
0.996054953003692,0.67602146,0.359,-1.1796,0.0548,0.633,0.937,0.539068102837,4.403626,25.2,3.898351021832884,0.0374762,0.822545695001478,0
0.377404153347015,0.16796538,0.147,-0.8794,0.0025,0.147,0.0902,0.26210474968,1.649711,15.03,4.645473778247833,-0.334114,-0.376544970184957,0
0.0210152449984409,0.14139059,0.569,-0.9313,0.1205,0.379,0.1037,0.215123206377,-0.878729,0.038,3.651198625564575,-0.0102536,-0.829896738605295,0
0.968123912811279,0.51161444,0.459,-0.3076,0.453,0.469,0.3116,0.41530162096,3.793217,23.5,8.28452592861621,-0.119125,0.340112562160792,0
0.910635948181152,0.27671912,0.212,-1.0497,0.0122,0.415,0.2707,0.571177005768,2.552639,19.22,4.4660060018675445,-0.17696,0.24662712368156,0
0.54685378074646,0.34653586,0.147,-0.9371,0.006,0.435,0.0953,0.29211089015,0.402709,4.42,4.063231066538066,-0.289163,-0.282869982670164,0
0.0676442781583544,0.10941845,0.143,-0.9744,0.1118,0.323,0.0777,0.265756368637,-0.116286,0.68,3.2501352017288214,-0.365562,-0.761097044237683,0
0.265050768852234,0.25595772,0.5,-0.618,0.4008,0.38,0.0721,0.303372263908,1.698462,15.28,3.6748215895958896,-0.022038,-0.72923976411597,0
0.164985300510945,0.2284545,0.518,-0.4877,0.4609,0.268,0.0995,0.27320972085,0.826019,8.533,2.406820985171829,-0.116847,-0.643844151267962,0
0.0511261481542057,0.25916934,0.532,-0.8135,0.3737,0.32,0.0854,0.249429509044,1.10969,11.46,5.313577472113585,-0.121993,-0.750285698795765,0
0.16467006568209,0.21066254,0.335,-0.5827,0.3848,0.383,0.1158,0.277388036251,0.861664,8.88,3.328897460956063,-0.128722,-0.966273735652108,0
0.0205531865358353,0.06764701,0.56,-0.7592,0.3078,0.239,0.0836,0.218175798655,0.429704,4.718,1.958493564824828,-0.218089,-1.22940698870267,0
0.0453360417896081,0.20169553,0.259,-0.9068,0.0038,0.31,0.1201,0.280018091202,1.435262,13.79,4.471398651599884,-0.358343,-0.783606380378535,0
0.38928633928299,0.19274181,0.164,-0.9625,0.005,0.366,0.0828,0.266826272011,2.272855,18.0,4.1825781713991885,-0.343501,-0.569182332972766,0
0.0429191801203416,0.052872628,0.517,-0.9806,0.0166,0.217,0.0458,0.226133525372,0.51651,5.632,3.926593109965325,-0.00267919,-0.923101352313053,0
0.0431988095494891,0.07107511,0.207,-0.9472,0.0038,0.296,0.0713,0.261178314686,0.906003,9.317,3.4578104236943457,-0.31122,-0.625126238176077,0
0.974768042564392,0.65757257,0.596,0.5636,0.7181,0.619,0.6248,0.638747572899,4.865847,27.2,9.97067755344387,0.0300772,0.957222301410122,0
0.0727335438132286,0.16162434,0.175,-0.9013,0.0022,0.409,0.0912,0.206548020244,1.385032,13.47,2.714922757547934,-0.297111,-0.637982341422451,0
0.760565936565399,0.2991472,0.441,-0.5917,0.4504,0.361,0.0987,0.294460296631,0.890699,9.167,3.8497405677792624,-0.116156,-0.320556276004275,0
0.060095888061417,0.23763528,0.497,-0.8457,0.2593,0.371,0.0803,0.217600047588,0.652297,6.947,2.551437133522127,-0.167293,-0.81721931071693,0
0.0425912253558636,0.08288014,0.127,-0.9347,0.001,0.165,0.0888,0.185169100761,-0.550388,0.126,2.2669158577919006,-0.580966,-1.1156070279543,0
0.0907483785124533,0.17639735,0.404,-0.5971,0.4063,0.359,0.0921,0.279906064272,2.019243,16.84,3.721461011618212,-0.0545266,-0.386981466581791,0
0.943066775798798,0.6220071,0.473,0.1348,0.5456,0.657,0.2827,0.490758538246,4.313308,24.9,6.622996606864035,0.0522081,0.724394274635607,0
0.987767002009636,0.9298464,0.9,1.1651,0.937,0.51,0.2603,0.304039716721,4.434227,25.3,4.978431582450867,0.326797,0.853191717366081,0
0.707602739334106,0.45282942,0.494,-0.4015,0.3571,0.429,0.0929,0.313580006361,1.953074,16.53,5.149797738912514,-0.135537,0.156317366555869,0
0.497894078493118,0.23025471,0.538,-0.248,0.5944,0.448,0.153,0.296767890453,0.251041,2.761,2.0466029113984607,0.00132558,-0.529403408433932,0
0.428178387075446,0.30549157,0.129,-0.8362,0.0047,0.377,0.1403,0.258387595415,2.018813,16.84,3.975739411070126,-0.320394,-0.253524898081393,0
0.452628523111343,0.21263805,0.457,-1.0236,0.1059,0.336,0.1477,0.247925728559,2.417816,18.63,3.2002942323307937,-0.0702411,0.0143587775385604,0
0.569246530532837,0.49789503,0.551,0.3488,0.8606,0.522,0.1209,0.247065126896,1.983317,16.67,2.863215982913971,0.129123,-0.103444856526329,0
0.101885368891585,0.096365094,0.266,-0.886,0.2531,0.204,0.109,0.1925265342,0.748596,7.819,3.9025140979802657,-0.307397,-1.16415256111144,0
0.0621497037574184,0.17442748,0.596,-0.4166,0.5237,0.328,0.081,0.263516902924,1.254535,12.59,4.10208472572727,0.00296485,-0.558898526848723,0
0.206137031316757,0.19747075,0.288,-0.9578,0.1442,0.233,0.0936,0.201324492693,0.867676,8.939,3.8648987135703576,-0.307487,-1.01000144232074,0
0.941073179244995,0.4150505,0.253,-0.2467,0.3599,0.441,0.1092,0.351937025785,4.745857,26.5,4.925661780420803,-0.110884,0.688027699586016,0
0.0451940489182394,0.05243364,0.159,-1.0548,0.0553,0.088,0.0631,0.218376427889,-0.678533,0.078,3.592333244825447,-0.437962,-1.81190755073953,0
0.0919655412435532,0.14581433,0.274,-0.9008,0.2488,0.393,0.0755,0.276920884848,1.615819,14.84,4.383236931941771,-0.212802,-0.692346664883953,0
0.428030729293823,0.34251624,0.465,0.3272,0.8195,0.366,0.2225,0.337843626738,1.823429,15.91,4.012139743600347,-0.051799,-0.204376769333455,0
0.01489278187569,0.057430208,0.35,-0.8564,0.0009,0.102,0.0716,0.266636878252,-0.540205,0.13,3.51880340127032,-0.451624,-1.66686121490503,0
0.109514203679934,0.13884935,0.193,-0.9465,0.0024,0.286,0.1043,0.302155375481,0.150721,1.903,3.2834935188293457,-0.341488,-1.10186700588858,0
0.697223648989365,0.7139697,0.319,-0.6587,0.3217,0.538,0.1089,0.297897607088,2.631805,19.57,3.6044400538936,-0.0761693,0.156606257557713,0
0.860720813274384,0.9348825,0.703,0.5774,0.7267,0.616,0.2537,0.479712069035,3.976501,24.0,11.712734605794669,0.07904,0.499809720531004,0
0.0382086921360218,0.12985286,0.077,-1.0141,0.079,0.18,0.09,0.235910713673,0.671027,7.119,2.359286754250036,-0.427167,-0.984591964681294,0
0.0289971194724148,0.12742794,0.587,-1.0114,0.0519,0.175,0.0842,0.231735050678,-0.606619,0.102,3.114550918340683,-0.146297,-0.865744907862592,0
0.109451883533604,0.21850622,0.152,-0.9058,0.0057,0.412,0.1034,0.25856539607,1.802782,15.81,5.444396180464833,-0.327761,-0.399430026039751,0
0.0801372142603795,0.31617832,0.345,-0.5682,0.4228,0.353,0.0658,0.261854827404,1.971998,16.62,4.461943251300538,-0.193994,-0.730046931406269,0
0.737296164035797,0.38375944,0.625,0.8086,0.8594,0.421,0.1237,0.388287067413,2.435946,18.71,3.763027280569077,-0.019198,0.121222564317577,0
0.015797326142653,0.026020765,0.37,-0.888,0.001,0.045,0.0634,0.200858339667,-1.844018,0.002,2.95492285490036,-0.601982,-2.28461085179246,0
0.0598925681786108,0.1369932,0.339,-0.976,0.161,0.288,0.0938,0.295593798161,0.074272,1.423,3.676220447405389,-0.218037,-1.10416783113678,0
0.214641898870468,0.0695827,0.128,-0.869,0.0019,0.195,0.1324,0.23666511476,-1.142447,0.015,3.433781648926184,-0.581385,-1.80038490041448,0
0.758075952529907,0.39448348,0.182,-0.9343,0.1839,0.466,0.0751,0.238023668528,1.887054,16.22,2.801696941537525,-0.16578,-0.191768472024192,0
0.144597604870796,0.0909234,0.233,-0.9153,0.0023,0.119,0.1169,0.29848742485,0.598737,6.443,2.431420743465424,-0.408168,-1.0280058354499,0
0.0392505042254925,0.06804946,0.098,-1.0133,0.1201,0.222,0.0885,0.267192691565,0.452084,4.96,3.094393330588415,-0.443003,-0.893987015085248,0
0.607896327972412,0.44332165,0.683,-0.9093,0.1282,0.368,0.3058,0.384537100792,2.250252,17.9,4.531023658812046,0.0377351,-0.0510115520530194,0
0.093972176451215,0.16925162,0.07,-0.9051,0.0025,0.293,0.0939,0.25883102417,1.804341,15.82,4.584832638502121,-0.626548,-0.758576816274023,0
0.0360859693530977,0.11586434,0.214,-0.8821,0.003,0.181,0.0987,0.209929734468,-0.411857,0.212,3.1686894865173203,-0.518237,-0.997785931588671,0
0.983175098896027,0.9734249,0.672,0.3484,0.7262,0.625,0.3804,0.450472891331,3.626942,23.1,7.197483129465122,0.0883199,0.390109089731223,0
0.0265360178615053,0.08696255,0.257,-0.9216,0.0019,0.233,0.0992,0.26503777504,0.495795,5.42,3.001212775707245,-0.354669,-1.15857579560727,0
0.974082231521606,0.84869134,0.784,0.5101,0.6882,0.723,0.7891,0.59673589468,4.218895,24.6,13.0382504403824,0.510924,0.711259475296747,1
0.833095371723175,0.42727745,0.6,0.5933,0.8402,0.45,0.1228,0.393594771624,3.158959,21.6,4.125096634030342,0.0777589,0.0800903318060368,0
0.781159460544586,0.22429541,0.226,-0.9433,0.0036,0.529,0.1082,0.256332308054,1.364513,13.34,3.2309407058760504,-0.0988724,-0.520264036824461,0
0.0715796628703585,0.10328364,0.514,0.2062,0.8003,0.314,0.0967,0.214093282819,1.71172,15.35,3.76424901371324,0.0735874,-0.817635052120123,0
0.0639480753892699,0.10079664,0.256,-0.8332,0.2402,0.298,0.1443,0.233546227217,1.027086,10.64,3.225081195738745,-0.285273,-0.729318675841468,0
0.910040557384491,0.33719957,0.322,-0.6031,0.6765,0.37,0.1022,0.239295333624,3.158439,21.6,5.115137090777898,-0.127203,0.0786324501149609,0
0.999308705329895,0.96371204,0.967,0.9518,0.8582,0.955,0.9715,0.591396570206,4.802545,26.8,15.377140623254872,0.45473,0.857267298867134,1
0.0332344882190228,0.103232384,0.194,-0.9142,0.0025,0.283,0.075,0.222134709358,0.311323,3.396,3.8640555738436606,-0.379203,-1.0472870026362,0
0.0581496357917786,0.035277992,0.164,-0.9715,0.194,0.132,0.0654,0.185518324375,-0.138111,0.623,3.2713513630387165,-0.446957,-1.4265527276431,0
0.0293851444252732,0.05363813,0.086,-0.978,0.0619,0.083,0.0836,0.195712834597,-0.863113,0.04,2.7352755560391264,-0.49549,-1.66308881490721,0
0.0269573404467737,0.051662862,0.382,-0.9237,0.0012,0.169,0.2433,0.237030521035,-1.128551,0.016,2.197406860454889,-0.472024,-1.65557752168241,0
0.960970997810364,0.91242754,0.726,0.7556,0.8115,0.706,0.3486,0.450835376978,4.02008,24.1,4.334801629185677,0.236237,0.877841654437084,0
0.0915628909084676,0.2892185,0.145,-0.9105,0.0065,0.348,0.0874,0.22623193264,0.7711,8.021,3.844940483570099,-0.326512,-0.477071004016107,0
0.0431058135040372,0.073197246,0.077,-1.087,0.0461,0.248,0.1095,0.349974513054,-0.102227,0.719,3.478324389118705,-0.538575,-1.73079895176891,0
0.161466720612933,0.22667706,0.162,-0.8889,0.0016,0.335,0.1945,0.239457532763,1.368851,13.37,5.750125101255453,-0.430386,-0.870922742526587,0
0.0387124753292847,0.11871776,0.109,-0.9287,0.0028,0.225,0.1366,0.227790385485,1.1562,11.86,3.8148630298722495,-0.508358,-1.10529973184511,0
0.906212389469147,0.6088137,0.537,-0.6654,0.2272,0.447,0.184,0.347244858742,1.130307,11.64,2.897143979095195,-0.0957911,-0.345430045174242,0
0.0479185204763226,0.116181195,0.095,-0.9067,0.002,0.325,0.0944,0.255787789822,0.916643,9.423,4.778476772966695,-0.559185,-1.28419190139898,0
0.0110456291491255,0.049298674,0.316,-0.9415,0.0005,0.214,0.0574,0.239339441061,0.640717,6.839,2.585778917351408,-0.492024,-1.23220597825259,0
0.870045781135559,0.7293988,0.55,0.0876,0.5961,0.581,0.0916,0.393480181694,3.266325,22.0,3.732440324377136,0.0353885,0.266641125944732,0
0.902832806110382,0.49342448,0.201,-1.0128,0.0093,0.61,0.3233,0.333947747946,2.379879,18.47,2.368723064661026,-0.0876575,0.0499592888792927,0
0.884675741195679,0.5017877,0.649,0.2411,0.6568,0.435,0.1444,0.327252089977,3.768268,23.4,5.418008431488683,0.00815331,0.309269269763409,0
0.100878273008369,0.115837365,0.24,-0.8709,0.0017,0.261,0.0705,0.216402292252,0.703801,7.417,2.2938237035414044,-0.37103,-0.675926149598441,0
0.27899506688118,0.3447714,0.421,-0.6794,0.3745,0.337,0.074,0.248158991337,1.933732,16.44,5.741130768467253,-0.200339,-0.051410697758956,0
0.750971078872681,0.35998178,0.604,-0.1616,0.6163,0.43,0.0841,0.304231256247,3.207192,21.8,4.255632908875082,-0.0545097,0.292656270069133,0
0.218724623938963,0.18982163,0.173,-1.032,0.1142,0.265,0.0735,0.280020684004,0.990003,10.22,4.64336408660675,-0.307206,-0.674460361024716,0
0.751363754272461,0.2108244,0.201,-0.7832,0.1751,0.368,0.1904,0.397560834885,2.68862,19.81,8.796129552647471,-0.132153,0.0344453826887319,0
0.0486105629397195,0.10865739,0.157,-0.8972,0.0037,0.196,0.1146,0.268802911043,0.115999,1.668,2.6992147653486147,-0.458422,-0.806688589340809,0
0.13005512283054,0.10284677,0.384,-0.7253,0.363,0.238,0.1384,0.270363360643,-0.031108,0.95,4.486216202378273,-0.260757,-1.17664866945642,0
0.427101910114288,0.1759406,0.48,-0.6202,0.3519,0.374,0.0764,0.248646512628,2.192891,17.64,4.50602010955947,-0.125129,-0.439826165071369,0
0.0118531244636189,0.06747472,0.064,-0.9096,0.0021,0.045,0.0581,0.222208797932,-1.01428,0.023,2.7410382628440857,-0.808388,-1.15162114390178,0
0.0104775810614228,0.0814133,0.075,-0.9429,0.0024,0.186,0.0768,0.239956885576,0.519221,5.66,4.703610017608214,-0.54106,-0.983216230821458,0
0.939344763755798,0.727983,0.737,0.5773,0.8253,0.475,0.1049,0.324456930161,2.415906,18.63,1.9785455465316768,0.130919,0.339566202301388,0
0.992885887622833,0.7270765,0.84,0.8453,0.8512,0.655,0.6623,0.555174827576,4.023502,24.1,6.513001736464748,0.442796,0.844021847348149,0
0.981498420238495,0.4790649,0.46,0.1993,0.5433,0.495,0.4918,0.467711210251,4.8148,26.9,8.281628405675292,0.0354909,0.862699464011215,0
0.0459404517846403,0.04275015,0.035,-0.9073,0.0006,0.077,0.09,0.297381162643,-1.9019,0.002,3.020665521702841,-0.65335,-1.81693643340648,0
0.978566527366638,0.97442853,0.915,1.0254,0.9186,0.827,0.9827,0.67984688282,5.230629,29.4,15.036375547235366,0.450733,0.944215638549403,1
0.850360333919525,0.47767028,0.131,-1.0105,0.0103,0.486,0.196,0.364496946335,4.030463,24.1,2.6943065538020043,-0.222343,0.599833506563259,0
0.588735044002533,0.059194088,0.097,-0.947,0.0012,0.198,0.0703,0.25464963913,-0.483666,0.161,2.9112636865460995,-0.594988,-1.25786539049934,0
0.0852969065308571,0.2627731,0.255,-0.929,0.0021,0.222,0.0966,0.232909277081,0.3573,3.911,3.140216357265216,-0.38136,-0.879715581697385,0
0.0236671225696148,0.21194607,0.815,-0.6545,0.4479,0.298,0.0757,0.239596709609,-0.062001,0.842,3.965923028320116,-0.196348,-0.89069510282499,0
0.0270747919467444,0.07281816,0.363,-0.693,0.334,0.206,0.0784,0.300134658813,0.053608,1.315,3.968846544623375,-0.246327,-1.23312447629914,0
0.0583397759642702,0.15789828,0.508,-0.7766,0.3096,0.399,0.094,0.363638877869,1.215782,12.31,6.0739922822499,0.128023,-0.710559773690183,0
0.0144179105760734,0.08070424,0.31,-0.9118,0.0014,0.294,0.094,0.248021021485,-0.721608,0.067,4.6969203650951385,-0.411868,-1.29381430087519,0
0.047601406878396,0.04414949,0.329,-0.9476,0.0853,0.267,0.083,0.238538131118,-0.604728,0.103,2.651862967092353,-0.291152,-1.53227896919914,0
0.955936551094055,0.76782805,0.479,-0.3642,0.3684,0.715,0.6632,0.378673642874,3.611394,23.0,6.076565046265904,0.0603361,0.526963175402301,0
0.335013389587402,0.17652828,0.089,-0.9997,0.088,0.297,0.1155,0.285575449467,1.151434,11.82,4.331739534474575,-0.420772,-0.866886266940194,0
0.916545331478119,0.7291706,0.651,0.7282,0.8138,0.544,0.1515,0.367822527885,3.461214,22.6,6.605695100370565,0.0804278,0.481994604504817,0
0.358678489923477,0.22611165,0.128,-0.9013,0.0023,0.258,0.1046,0.195091992617,0.874792,9.01,3.326627552509308,-0.473365,-0.708167110549327,0
0.0236407177403968,0.075022966,0.197,-0.8991,0.0018,0.204,0.0815,0.18183195591,0.069293,1.396,4.065089345944928,-0.491502,-1.5552256540789,0
0.139768861721882,0.2381016,0.399,-0.8283,0.2206,0.469,0.1265,0.281225293875,2.521552,19.09,3.4121422840834894,-0.0978435,-0.805051678350332,0
0.757080793380737,0.15174213,0.178,-0.9225,0.0032,0.346,0.0895,0.239906013012,1.363319,13.33,3.997131712082585,-0.339449,-0.489339715086427,0
0.0357865114470114,0.023853213,0.041,-0.9356,0.0007,0.124,0.0733,0.227421715856,-0.713029,0.069,3.134851351380348,-0.681847,-1.76111660558897,0
0.241331070661545,0.16589981,0.532,-0.9979,0.097,0.337,0.1223,0.263898432255,1.036275,10.74,3.846123676081863,-0.0633434,-0.131131888553958,0
0.0372174952324569,0.14330211,0.488,-0.6295,0.3986,0.376,0.078,0.278636217117,-0.393432,0.227,3.5321059077978134,-0.117837,-0.976345634115804,0
0.550942957401276,0.15941933,0.169,-0.9023,0.0022,0.309,0.0818,0.352346211672,1.127097,11.61,3.875350874160593,-0.431219,-0.552605615291479,0
0.950636863708496,0.68113726,0.316,-0.165,0.3546,0.496,0.1457,0.310259878635,3.589799,23.0,8.215515128473415,-0.104081,0.552751767116716,0
0.202706053853035,0.19590133,0.197,-1.0262,0.0823,0.364,0.1035,0.300465911627,1.53627,14.4,3.7266862508807614,-0.398915,-0.523716134449757,0
0.0935507125486118,0.28427643,0.427,-0.4972,0.4643,0.434,0.0826,0.244790166616,1.006308,10.4,4.1659966040481065,-0.23004,-0.831440954125827,0
0.559836094019676,0.53121483,0.511,-0.4694,0.6572,0.538,0.1822,0.295212626457,2.183323,17.6,3.616873463704342,-0.0116595,-0.348516450309816,0
0.872260689735413,0.2734232,0.135,-0.9804,0.0088,0.349,0.1997,0.431993991137,3.661854,23.2,3.462983809803985,-0.369359,0.152519270004829,0
0.112356811761856,0.16561136,0.148,-0.9302,0.0047,0.409,0.0895,0.329713284969,0.996693,10.29,3.104505629604533,-0.346085,-0.623600575308859,0
0.0590706578054503,0.09514892,0.369,-0.9278,0.0017,0.149,0.1025,0.194730132818,-0.416785,0.208,2.680013030767441,-0.497759,-1.30453627500987,0
0.0039378502071758,0.005956024,0.168,-1.0068,0.0465,0.194,0.0833,0.320954054594,0.227792,2.538,4.128519830604495,-0.425739,-1.13447529503026,0
0.0640032589435577,0.11004573,0.575,0.1634,0.8148,0.311,0.0921,0.257867515087,0.804545,8.328,4.143499344587326,0.064827,-0.62467478400445,0
0.0565650090894338,0.23818463,0.572,-0.3468,0.4934,0.158,0.0991,0.265619516373,0.461288,5.058,3.830431580543518,-0.0703942,-1.06086376750089,0
0.0286259595304728,0.0850153,0.342,-0.9765,0.1547,0.163,0.0549,0.234575241804,0.673833,7.145,4.635777262180181,-0.309501,-1.13593509364156,0
0.195068866014481,0.31179065,0.3,-1.0505,0.1323,0.436,0.1233,0.338492155075,1.475477,14.04,3.158368382847148,-0.269917,-0.825434689066179,0
0.19942569732666,0.19666466,0.53,-0.5145,0.4221,0.283,0.1996,0.262264788151,0.331087,3.616,3.9961923360824585,-0.145515,-0.704654371717503,0
0.656739950180054,0.23570016,0.112,-0.8896,0.1534,0.265,0.1063,0.299886673689,0.307933,3.359,4.198467812967232,-0.419946,-0.449457984215898,0
0.0501441733667555,0.12762246,0.289,-0.8276,0.2206,0.276,0.0971,0.287446022034,1.36897,13.37,3.050947683777513,-0.264406,-0.829408409146489,0
0.748416841030121,0.5426239,0.239,-0.8544,0.0053,0.349,0.0847,0.330350935459,1.143151,11.75,3.828118894704273,-0.258618,-0.289633376860301,0
0.0511936238588093,0.23215541,0.42,-0.6242,0.4284,0.422,0.0727,0.225953757763,2.018498,16.84,2.5597452540501817,-0.162139,-0.358916968082408,0
0.660276830196381,0.7324624,0.497,-0.6549,0.3044,0.369,0.0947,0.234232738614,0.777751,8.081,3.297939643263817,-0.121773,-0.959791089629006,0
0.7117720246315,0.22776034,0.47,-0.8486,0.1994,0.34,0.1356,0.301960736513,1.545145,14.45,4.563474919795498,-0.208988,-0.983987040123442,0
0.25366148352623,0.030003518,0.241,-0.9699,0.1075,0.245,0.0851,0.226373583078,-0.761234,0.058,2.775587931275368,-0.327733,-1.50209167004,0
0.5651895403862,0.387947,0.492,0.0209,0.7222,0.32,0.1066,0.24743424356,0.327928,3.581,3.68474805355072,-0.062804,-0.801987990140038,0
0.537718951702118,0.30230707,0.143,-0.8389,0.0026,0.493,0.1609,0.361549139023,1.664659,15.11,3.536719590425492,-0.452902,-0.491193734075614,0
0.825069690893051,0.6972606,0.572,-0.8484,0.1733,0.55,0.282,0.338730424643,2.816708,20.4,3.8612267242743017,0.0485123,0.112894642465971,0
0.478511929512024,0.25348273,0.227,-0.8014,0.0037,0.437,0.1355,0.495174914598,2.583043,19.36,4.05770868062973,-0.28792,-0.610009642222434,0
0.721939086914062,0.40044042,0.18,-0.8806,0.0032,0.431,0.1855,0.502152919769,2.49023,18.95,3.787259657518821,-0.307971,-0.140402781934403,0
0.0417788899071798,0.13956678,0.178,-0.921,0.0038,0.236,0.1107,0.237124919891,1.265243,12.67,3.5536305578595293,-0.367869,-0.740068009951152,0
0.612582921981812,0.21004638,0.435,-0.2498,0.6243,0.289,0.1182,0.320557117462,1.12004,11.55,3.670898295789269,-0.104402,-0.333526174333188,0
0.204292502558047,0.14520347,0.113,-0.9838,0.0092,0.37,0.1102,0.385257005692,3.193546,21.7,3.370237797498703,-0.415811,0.281868941643843,0
0.0259438529610634,0.058086038,0.107,-0.9874,0.0303,0.183,0.3396,0.339411109686,0.529612,5.765,1.2770661229151286,-0.516403,-1.07256165251133,0
0.971467912197113,0.6483715,0.666,0.4987,0.7561,0.476,0.2153,0.375470221043,2.594896,19.41,3.3865164759846094,0.00139872,0.480394404455555,0
0.0927153465562044,0.3005094,0.451,-0.765,0.282,0.33,0.1162,0.27273952961,0.236944,2.624,3.989593840990632,-0.160145,-0.825321423838049,0
0.971193134784698,0.6572765,0.639,0.3616,0.8515,0.44,0.2862,0.423236787319,4.086642,24.3,7.640605860423174,0.0450962,0.42061986494892,0
0.0214857060091389,0.12808543,0.556,-0.6276,0.4609,0.063,0.1411,0.268376290798,-0.452378,0.182,2.6522795855999,-0.139162,-1.39604346825688,0
0.996324956417084,0.9788051,0.92,1.1014,0.9612,0.925,0.9629,0.684625446796,5.059228,28.3,12.78161845216527,0.608354,0.98950145075526,1
0.929144680500031,0.5375447,0.592,0.6399,0.7826,0.477,0.149,0.315108090639,2.964839,21.0,4.152786930027112,0.0468928,0.553702021610292,0
0.0511378366835183,0.195438,0.563,-0.0002,0.8162,0.327,0.0683,0.292575269938,0.691505,7.306,5.208168573012086,-0.0437142,-0.569914629056988,0
0.939005792140961,0.2540688,0.495,-0.2737,0.3752,0.363,0.1251,0.310235232115,2.385426,18.49,4.794426027318728,-0.0334298,-0.300493933577215,0
0.0788469016551971,0.10788289,0.513,-1.001,0.0946,0.235,0.1225,0.252598106861,0.450332,4.941,2.9742331470869945,-0.178917,-0.488149794632705,0
0.0272165930908207,0.0926815,0.34,-0.9283,0.3108,0.137,0.0658,0.222313821316,0.261439,2.866,3.2313878470354247,-0.303314,-1.51176681797617,0
0.0238073203598093,0.077644795,0.26,-0.9499,0.225,0.191,0.0616,0.245384156704,-0.638689,0.09,2.449614317163407,-0.357596,-1.45716176601546,0
0.136112257838249,0.30229163,0.306,-0.8506,0.2485,0.348,0.1883,0.296470522881,0.963705,9.91,2.310836483285282,-0.237546,-0.467193753581121,0
0.155482664704323,0.1863443,0.166,-0.925,0.0051,0.327,0.1192,0.265764266253,1.182513,12.06,3.6454144333141,-0.318855,-0.454849856225068,0
0.032944129289849,0.10965219,0.088,-1.0292,0.0728,0.193,0.1195,0.245700985193,-0.326666,0.295,2.332469779190105,-0.43063,-1.1366272057182,0
0.0372809693217278,0.13632837,0.082,-0.9664,0.1439,0.336,0.0789,0.327967524529,0.299659,3.269,3.5072803420807883,-0.359425,-0.929066027280793,0
0.975900113582611,0.38849363,0.547,0.0327,0.6714,0.53,0.1941,0.291658818722,1.112604,11.49,4.691948675538151,-0.0954875,-0.557569569764146,0
0.444436279049006,0.36098906,0.356,-0.5331,0.6328,0.439,0.1357,0.295685768127,1.946697,16.5,3.931638479232788,-0.0519974,-0.0866626927514717,0
0.125279943600993,0.1325036,0.102,-0.9002,0.003,0.253,0.0807,0.228867560625,1.136385,11.69,3.1695968428884305,-0.488824,-0.595591257896997,0
0.968669235706329,0.35350883,0.194,-0.1505,0.4228,0.389,0.1712,0.370081722736,4.58372,25.8,6.190725456923246,-0.0392611,0.738206406014452,0
0.054312976422216,0.13692999,0.534,-0.3895,0.5464,0.254,0.0864,0.25845643878,0.994484,10.27,3.250970482826233,-0.138045,-0.864404404952473,0
0.96037769317627,0.3603375,0.182,-0.8732,0.0033,0.505,0.2404,0.454683661461,1.649642,15.03,3.2858525771335647,-0.448937,-0.832426837971866,0
0.118287199243474,0.17301482,0.164,-0.9445,0.0041,0.395,0.0917,0.270321369171,1.165327,11.93,3.3092351356611696,-0.324443,-0.663130730407943,0
0.0510354976366264,0.07479626,0.02,-0.9379,0.0016,0.147,0.0588,0.239069074392,0.198289,2.275,3.988453609851558,-0.633308,-1.0649414954716,0
0.816192203868585,0.9308252,0.727,1.0004,0.9069,0.543,0.4076,0.40832695365,4.022716,24.1,3.072192658702145,0.212502,0.646855127670355,0
0.431967198848724,0.21572736,0.186,-0.9176,0.0032,0.433,0.1241,0.346956878901,1.624835,14.89,4.24927015350609,-0.277812,-0.473909835143215,0
0.141751751303673,0.13211203,0.256,-0.9147,0.0026,0.213,0.1101,0.250100493431,0.23161,2.574,3.8920071181353246,-0.484256,-0.878597353832337,0
0.555880069732666,0.2930331,0.251,-0.6561,0.307,0.172,0.0946,0.308186262846,2.888303,20.7,3.690422341227531,-0.227882,-0.212925281931678,0
0.984092712402344,0.5443638,0.429,-0.4895,0.4742,0.49,0.2306,0.279088050127,3.281967,22.0,5.101213648380571,0.00290257,0.477727656159031,0
0.148674964904785,0.1546151,0.196,-0.9072,0.0019,0.373,0.102,0.27571862936,1.65432,15.05,4.327551513117387,-0.363967,-0.654015398722612,0
0.203580543398857,0.38334018,0.403,-0.9976,0.1393,0.451,0.1484,0.301246285439,0.410161,4.503,2.8447782642401926,-0.169831,-1.21002303773536,0
0.0264788643156618,0.10999018,0.217,-0.91,0.0021,0.112,0.0818,0.211936846375,-0.578611,0.113,3.876590979864152,-0.503696,-1.06149352934149,0
0.208105492623289,0.26497877,0.609,0.5609,0.8875,0.434,0.1757,0.30548453331,2.313351,18.18,3.045961781211799,0.204823,-0.472981590361919,0
0.0952926509854077,0.103688926,0.454,-1.0192,0.0437,0.293,0.1028,0.257229149342,0.457403,5.017,2.946630815212345,-0.219838,-0.742874791387732,0
0.169769138097763,0.27861667,0.487,-0.8972,0.2166,0.373,0.1456,0.364910751581,1.327189,13.09,2.964939744458494,-0.107079,-0.786112026612258,0
0.0619572526366506,0.028745681,0.09,-0.9454,0.0011,0.15,0.0654,0.347145527601,-0.628467,0.094,2.3453805733335,-0.599193,-1.35358184762162,0
0.049515353682003,0.059471816,0.049,-0.8929,0.0024,0.165,0.0638,0.276102185249,-0.707959,0.07,3.3958111776421585,-0.623724,-1.13506352578541,0
0.0982302203774452,0.09643158,0.238,-0.9181,0.0038,0.262,0.1266,0.254633933306,0.348436,3.811,4.12021341919899,-0.319229,-1.19321980360233,0
0.282118827104568,0.16386542,0.143,-0.9269,0.0038,0.315,0.0911,0.276181280613,0.947685,9.737,3.517653676301447,-0.489613,-0.62058478731869,0
0.144811153411865,0.2577127,0.182,-0.9381,0.0041,0.434,0.1122,0.250489532948,0.822279,8.497,3.2207102992653107,-0.334012,-0.58769280553506,0
0.177720695734024,0.23893729,0.339,-0.72,0.2821,0.325,0.086,0.229932799935,1.237285,12.47,4.899608387274002,-0.209729,-0.562888786688199,0
0.998159110546112,0.9855629,0.916,1.0091,0.9917,0.964,0.9969,0.626881718636,4.471831,25.4,12.205258969457644,0.564124,0.876368469413134,1
0.355199366807938,0.3606759,0.232,-1.006,0.1234,0.519,0.1006,0.212422519922,1.636958,14.96,2.581497307051177,-0.27623,-0.78550165106189,0
0.0551843260526717,0.1171191,0.443,-0.8893,0.2143,0.238,0.0726,0.243520393968,1.208643,12.26,4.60001310984893,-0.256038,-0.901523741203156,0
0.711593806743622,0.40796065,0.514,-0.3217,0.5401,0.417,0.0893,0.302385002375,2.131805,17.36,2.4726532848019307,-0.0139695,-0.263212319301438,0
0.0513837639640836,0.11648345,0.092,-1.0419,0.0871,0.316,0.0816,0.383792936802,0.20634,2.345,3.083611011541251,-0.423569,-0.986321098019848,0
0.0331921095381746,0.06809363,0.412,-0.9901,0.1235,0.132,0.0591,0.269029438496,-0.289866,0.34,3.476259812755202,-0.323338,-1.55997283658525,0
0.963568866252899,0.36571088,0.442,0.1471,0.5036,0.439,0.2773,0.402107059956,2.505131,19.01,6.272336952388287,-0.0136449,0.257540153966226,0
0.991057753562927,0.76424885,0.529,0.0169,0.4932,0.712,0.9032,0.518797516823,4.878301,27.2,9.549723861319803,0.174821,0.655266668311191,1
0.341958529221546,0.8377081,0.808,0.7649,0.7984,0.949,0.2936,0.567759752274,4.303872,24.9,8.243421647697687,0.387246,0.668212731307871,0
0.230978776317042,0.106483966,0.208,-0.5832,0.3787,0.28,0.0761,0.243110254407,2.028224,16.88,4.480605995926868,-0.218814,-0.527525941802291,0
0.989813268184662,0.906136,0.58,-0.0318,0.4631,0.783,0.5542,0.483501195908,4.518556,25.6,11.771186303971644,-0.0464618,0.708574031251417,0
0.0621434021900747,0.21053514,0.182,-0.9083,0.0023,0.365,0.1939,0.31370434165,0.268468,2.938,4.226199140668715,-0.404545,-0.830404662398701,0
0.99493283033371,0.44708574,0.246,-1.0585,0.021,0.538,0.7966,0.698531329632,4.247933,24.7,3.731025126264375,-0.0830017,0.708904216074934,0
0.605416476726532,0.29852185,0.541,-0.2969,0.4841,0.377,0.1326,0.303758740425,2.198272,17.66,4.689219564274082,0.0147085,-0.253636942577797,0
0.587759326882489,0.3318724,0.498,-0.2335,0.6872,0.266,0.1358,0.30865842104,2.538472,19.16,4.888745427131653,-0.0644825,0.136626511516278,0
0.967840433120728,0.7715064,0.734,0.113,0.7003,0.44,0.0967,0.367890834808,3.902777,23.8,2.8672625864893293,0.0700606,0.660838983408482,0
0.0828940594633867,0.22547686,0.173,-0.9108,0.0044,0.463,0.0835,0.256691634655,0.532674,5.796,4.622606472870346,-0.371954,-0.688476819220535,0
0.0535171957840082,0.10128701,0.215,-0.901,0.0026,0.383,0.0952,0.341155171394,1.463244,13.96,3.162103136093554,-0.477474,-1.1411244522438,0
0.0633363135019469,0.08596465,0.206,-0.9326,0.0028,0.191,0.089,0.232072174549,0.530402,5.773,3.958384960889816,-0.350266,-0.889588209640565,0
0.598911166191101,0.30163205,0.505,-0.4808,0.5111,0.313,0.1232,0.244795948267,1.879053,16.18,4.075996402262672,-0.0865362,-0.0536694331741773,0
0.106979221105576,0.08561608,0.052,-1.0162,0.0702,0.182,0.097,0.276359051466,0.337118,3.683,4.223046929632074,-0.47018,-0.900724357829842,0
0.972112894058228,0.58142364,0.419,-0.1977,0.4914,0.448,0.1229,0.26286393404,2.181992,17.59,3.793842569534955,0.0333231,-0.130740462812551,0
0.965404808521271,0.38746616,0.229,-0.6827,0.3343,0.416,0.0992,0.330545812845,2.586756,19.37,3.513955630864557,-0.134067,0.384246828368355,0
0.062262731286754,0.10216206,0.081,-1.0125,0.0736,0.266,0.0922,0.308620035648,0.566618,6.132,4.290429256999864,-0.418361,-0.936346711674968,0
0.968300640583038,0.8246904,0.77,0.7745,0.7194,0.716,0.5694,0.605357050896,4.145466,24.4,9.156130163930357,0.0975968,0.610561888144009,0
0.076848331696774,0.1209296,0.216,-0.9711,0.1573,0.285,0.106,0.236933171749,1.152106,11.82,4.004216794067751,-0.322993,-1.06395512809677,0
0.22309210896492,0.35216475,0.508,-0.652,0.3377,0.376,0.1349,0.263865947723,1.723602,15.41,7.667476358561934,-0.088361,-0.609437991786756,0
0.990547716617584,0.7464983,0.522,0.2952,0.5919,0.6,0.2162,0.4210973382,3.761105,23.4,8.393821996171027,0.115186,0.772580898151764,0
0.0303511373281299,0.08609554,0.456,-0.8694,0.2429,0.253,0.1142,0.253431409597,0.373127,4.089,4.155543848872185,-0.268862,-1.32799047542905,0
0.101998039478933,0.09938824,0.176,-0.9369,0.0032,0.166,0.1027,0.353234767914,-1.888116,0.002,3.739781439304352,-0.42038,-1.42278699322449,0
0.977622270584106,0.89317,0.652,0.7088,0.8038,0.621,0.1589,0.516160905361,3.886406,23.7,4.031019359827042,0.127109,0.771254691491842,0
0.047151293605566,0.13883224,0.288,-0.8215,0.0035,0.231,0.1035,0.187482714653,0.182391,2.144,2.4470615709777377,-0.455226,-0.819680649733565,0
0.0544261583061906,0.08597195,0.201,-0.9161,0.0016,0.221,0.0609,0.200738564134,-0.872622,0.038,3.043489394151853,-0.552472,-1.67347416780869,0
0.0355404383322478,0.06335667,0.544,-0.7589,0.1638,0.196,0.0614,0.275835245848,-0.066084,0.829,3.344533352715177,-0.0805071,-1.75227043721729,0
0.110108010089586,0.1772848,0.171,-0.8902,0.0033,0.348,0.1851,0.313585519791,2.683603,19.78,6.017639592289925,-0.295456,-0.903620760562902,0
0.95315545797348,0.3466943,0.419,-0.3039,0.6151,0.368,0.1115,0.315566897392,2.469988,18.86,5.282878794341359,-0.0547977,0.0084709808157474,0
0.954447996058561,0.6280097,0.767,0.5247,0.7354,0.553,0.2413,0.390619397163,2.831566,20.5,3.312646719988698,0.0491777,0.26461561111088,0
0.615994036197662,0.5420351,0.432,-0.2501,0.6374,0.482,0.1493,0.284494251013,2.112268,17.27,3.217888222532731,-0.114057,-0.458819104651147,0
0.0707106611737865,0.14380968,0.416,-0.4473,0.4553,0.346,0.0944,0.302141427994,1.806642,15.83,3.4592654407024384,-0.148708,-0.287173155353202,0
0.0306206215173006,0.03577569,0.024,-0.9047,0.0015,0.096,0.0929,0.205972492695,-0.248434,0.401,1.87713729575918,-0.687851,-1.55943712320173,0
0.77319324016571,0.2679048,0.539,-0.9915,0.1298,0.436,0.1368,0.282353073359,1.846869,16.03,5.308764889277735,0.0382482,-0.0568610578666448,0
0.0515437580547788,0.0785332,0.014,-1.0407,0.0606,0.287,0.1284,0.232511043549,0.167982,2.031,3.8072101821665743,-0.541314,-1.08958849203516,0
0.802273511886597,0.45698658,0.492,-0.1893,0.6046,0.313,0.1381,0.275479972363,2.097013,17.2,4.936658133989025,0.00480007,0.160683131470278,0
0.576045334339142,0.31390274,0.155,-0.8615,0.004,0.315,0.096,0.22618830204,1.110524,11.47,3.3457883808397835,-0.431958,-0.563164426568656,0
0.960349082946777,0.66213423,0.699,0.6114,0.7515,0.474,0.1826,0.370852768421,4.06169,24.2,3.637019736710638,0.0903124,0.623473013039975,0
0.0390583425760269,0.13813955,0.508,-0.7227,0.33,0.203,0.0752,0.351915717125,0.58031,6.266,5.89628666639328,-0.0521384,-0.829251168170634,0
0.947520971298218,0.52730775,0.54,0.1697,0.5207,0.501,0.1249,0.323210895061,4.08211,24.3,4.220047531258672,0.0411514,0.222050491540394,0
0.0525424405932426,0.064620376,0.115,-0.8988,0.0023,0.206,0.0896,0.224502339959,-0.322355,0.3,3.415596598570485,-0.58376,-1.22364522049867,0
0.140668759148262,0.3413316,0.419,-0.5287,0.3854,0.43,0.1085,0.311980336905,2.418131,18.64,5.713353402912617,-0.135243,-0.486677391278728,0
0.0162814711548499,0.07553053,0.308,-0.9816,0.0404,0.195,0.0616,0.202700689435,-0.293275,0.336,4.830982990562916,-0.240819,-1.47459622738983,0
0.333953201770782,0.12423819,0.209,-0.9187,0.0023,0.284,0.105,0.253925263882,0.83624,8.632,4.01310122013092,-0.297755,-1.05667118423161,0
0.0259390491992235,0.06823629,0.222,-0.9054,0.002,0.233,0.2347,0.280809402466,0.106318,1.608,2.5450745201275176,-0.506407,-1.17745877735297,0
0.0295105643819274,0.1712468,0.325,-0.9217,0.2557,0.444,0.074,0.320590645075,0.24898,2.741,2.2453377356690933,-0.260952,-0.864766793200109,0
0.196098971496934,0.29733306,0.471,-0.3008,0.6169,0.402,0.0897,0.242063954473,1.958311,16.56,2.2992591054690568,-0.0793515,-0.0845097682262675,0
0.220084711909294,0.20723495,0.608,-0.9956,0.1292,0.382,0.0902,0.23190972209,0.839858,8.667,3.5331887977625045,0.17729,-0.296398249257282,0
0.0715341046452522,0.06967834,0.336,-0.9019,0.0024,0.274,0.075,0.187824904919,0.109488,1.627,4.017047400572573,-0.380436,-1.5632257218684,0
0.994004786014557,0.8367568,0.771,0.8054,0.8405,0.496,0.6925,0.472665518522,4.176548,24.5,9.174749394584676,0.220913,0.793964313313337,0
0.130522757768631,0.10623464,0.451,-0.8018,0.2662,0.271,0.1049,0.227971971035,-0.11618,0.68,2.4909630879276947,-0.222731,-0.83193731370259,0
0.987141251564026,0.76736045,0.776,0.812,0.8367,0.666,0.5157,0.732707440853,4.287939,24.8,6.679978278741213,0.144465,0.662767686971908,0
0.893575608730316,0.8001021,0.503,-0.3071,0.6069,0.529,0.1803,0.274496972561,1.872016,16.15,4.245679518990626,-0.0290397,-0.361110561071811,0
0.0635110931246638,0.12680367,0.108,-1.0314,0.0736,0.273,0.0906,0.361369997263,1.878908,16.18,3.163892444688841,-0.420054,-0.467745943314361,0
0.0325052711807389,0.026573628,0.196,-0.9323,0.1188,0.144,0.07,0.222862496972,-0.277141,0.358,3.935921851570409,-0.390546,-1.62204463378491,0
0.359307527542114,0.13674605,0.118,-0.8966,0.1356,0.212,0.079,0.367006242275,1.85467,16.06,3.093548759818077,-0.328167,-0.41646072907364,0
0.0338305077776642,0.06474686,0.03,-0.8934,0.0025,0.08,0.0663,0.269636303186,0.196849,2.263,4.0278714299201965,-0.584567,-0.912215569108896,0
0.864607095718384,0.5590093,0.566,-0.2473,0.5208,0.467,0.1591,0.334827035666,3.174195,21.7,4.419526502490044,0.0297175,-0.142755563148959,0
0.0198355540713019,0.085222006,0.381,-0.7024,0.4233,0.332,0.1172,0.256363272667,0.37463,4.106,1.7222791454579718,-0.219988,-0.936602152706624,0
0.925176024436951,0.5412121,0.297,-0.5455,0.3524,0.536,0.1883,0.402248263359,4.25496,24.7,5.675931384349032,-0.0861503,0.546165954599877,0
0.111938565969467,0.11050159,0.109,-0.9021,0.0028,0.292,0.0683,0.298815757036,1.031353,10.69,3.9206292629241934,-0.485617,-0.79560947678772,0
0.976635336875916,0.42552376,0.44,-0.6858,0.351,0.471,0.1688,0.326391160488,2.729455,19.97,4.562041459583326,-0.0881128,0.0845892959687588,0
0.988495171070099,0.86503506,0.833,1.1289,0.9727,0.512,0.1284,0.347815096378,3.974973,24.0,4.582682956402088,0.425888,0.728343323064447,0
0.995266373526654,0.6082846,0.372,-1.1768,0.0562,0.631,0.4428,0.537891507149,4.37001,25.1,3.655768892501024,0.0654743,0.826112753824656,0
0.104879006250473,0.18054616,0.33,-0.9495,0.2295,0.344,0.1349,0.27111440897,1.629631,14.92,4.218435353133455,-0.255627,-0.782515577623188,0
0.0867388959861361,0.14651287,0.075,-1.0227,0.1056,0.259,0.0915,0.235178232193,0.282622,3.086,4.870899199233829,-0.380031,-1.06275311664697,0
0.80525529384613,0.31917042,0.505,-0.2225,0.6241,0.367,0.0956,0.327839612961,0.518504,5.652,3.344971537590027,-0.0685356,-0.508928966799835,0
0.285417973995209,0.2666421,0.055,-0.9558,0.0049,0.418,0.1137,0.325604885817,0.555621,6.024,5.02883244530738,-0.466144,-0.683853226453711,0
0.938621520996094,0.36943126,0.128,-0.9111,0.0063,0.411,0.1598,0.322163522243,2.035003,16.92,4.867726400494576,-0.312997,0.111181349752767,0
0.0639520287513733,0.16965696,0.208,-0.8927,0.214,0.295,0.2236,0.311361759901,0.109178,1.625,3.275320152039142,-0.353683,-0.973247776132823,0
0.422144621610641,0.13705567,0.369,-0.6515,0.4037,0.265,0.0915,0.282785207033,-0.190318,0.506,2.674671640146947,-0.189685,-0.705672274082847,0
0.0587329417467117,0.20959595,0.382,-0.6936,0.3412,0.39,0.1248,0.284714818001,0.924709,9.503,2.2538349330425262,-0.179808,-0.775033543756136,0
0.570189476013184,0.20256948,0.461,-0.5071,0.4551,0.221,0.1936,0.223625510931,2.64922,19.64,4.127793073654175,-0.186619,-0.226303763370699,0
0.734858156023711,0.46826684,0.47,-0.441,0.392,0.472,0.2421,0.400923281908,4.561102,25.7,7.801551818847656,0.0704666,0.297031057391227,0
0.658319115638733,0.0870187,0.595,0.1781,0.7787,0.308,0.1112,0.190718412399,-0.479762,0.164,3.066283792257309,0.0285749,-0.975908366215255,0
0.798799812793732,0.3852218,0.517,-0.5,0.5349,0.295,0.1797,0.316145092249,1.683216,15.2,4.056567690733385,-0.0631388,-0.33298599368095,0
0.983474791049957,0.83851147,0.728,0.3759,0.6479,0.84,0.8983,0.788803935051,5.428065,31.0,10.160307500511408,0.301786,0.752734109764028,1
0.899190723896027,0.60466576,0.463,0.2172,0.5836,0.7,0.2943,0.647525131702,5.479163,32.0,6.702496045851149,-0.100257,0.582521756492887,1
0.350668221712112,0.39354748,0.433,-0.8278,0.2701,0.46,0.1058,0.310250222683,2.716595,19.92,3.2830923162400723,-0.1985,-0.449925642735479,0
0.0357064737900368,0.012247235,0.162,-0.9132,0.0932,0.201,0.067,0.252602726221,0.270994,2.964,4.272895480000281,-0.341421,-1.23875438815308,0
0.644762456417084,0.21132708,0.105,-0.9914,0.0971,0.377,0.1523,0.392325252295,0.937726,9.634,4.297991428219141,-0.345473,-0.418485945504034,0
0.156591549515724,0.141191,0.199,-1.0254,0.1394,0.222,0.137,0.305284708738,1.083893,11.23,3.8959269439114745,-0.31634,-0.630297264162007,0
0.814276576042175,0.44148877,0.282,-0.7638,0.3119,0.436,0.1241,0.186943560839,1.602936,14.77,4.273885788136908,-0.219578,-0.270444039373091,0
0.050018594670724,0.29287744,0.181,-0.9234,0.0067,0.411,0.1038,0.341283082962,0.612866,6.577,3.6129483023273794,-0.350832,-0.763990760426573,0
0.609017789363861,0.20341572,0.124,-0.8382,0.004,0.286,0.1321,0.282258868217,2.5273,19.11,3.2825014889240265,-0.367213,-0.130798409799763,0
0.905135452747345,0.5557061,0.5,-0.436,0.4196,0.546,0.4078,0.487777769566,1.508322,14.23,7.773480653741117,-0.0487729,0.0999708454541927,0
0.988555490970612,0.88545966,0.629,0.3167,0.526,0.591,0.671,0.43303591013,4.379589,25.1,8.874486242014042,0.0798685,0.673722321829234,0
0.999751269817352,0.80768806,0.694,0.499,0.6212,0.654,0.2104,0.392122596502,3.562878,22.9,3.642377436161041,0.38088,0.422914748959472,0
0.996744751930237,0.98855925,0.893,0.9713,0.8804,0.922,0.8523,0.549271345139,5.005911,28.0,4.436907708067334,0.445343,0.843937430935087,1
0.175848124532194,0.24467462,0.408,-0.6856,0.3264,0.317,0.2174,0.262627124786,1.685603,15.22,5.835283045029162,-0.204264,-0.568373302971005,0
0.0341642705822411,0.11326796,0.133,-0.9093,0.0016,0.175,0.0972,0.205312401056,-0.238043,0.418,2.320892022005436,-0.549013,-1.25681174042491,0
0.0156058164985035,0.007734239,0.151,-0.9436,0.0029,0.336,0.0946,0.267550826073,1.658672,15.08,3.05335021018982,-0.357931,-0.510957574444016,0
0.751227021217346,0.504029,0.488,-0.3033,0.3728,0.371,0.09,0.326304197311,2.282931,18.04,3.887915188287628,-0.0510364,0.0619836679456133,0
0.752241432666779,0.53500324,0.549,0.5661,0.7082,0.405,0.433,0.390367925167,3.803151,23.5,4.799615619704127,-0.0531922,0.472528775488824,0
0.0312888658458004,0.072336376,0.25,-0.8898,0.0013,0.206,0.0975,0.262349009514,-1.472567,0.005,2.933409738709689,-0.55296,-1.760824143058,0
0.0499462015944898,0.11020082,0.531,-0.5558,0.4746,0.074,0.079,0.29888728261,-0.571682,0.116,2.9364776611328125,-0.194141,-1.30273296368375,0
0.175120413303375,0.32807344,0.53,0.3879,0.8864,0.375,0.1473,0.242517262697,1.459049,13.94,1.3564421683648558,0.123637,-0.169798428910376,0
0.425199449062347,0.2981306,0.503,0.9009,0.9488,0.323,0.0992,0.277962386608,0.824337,8.517,4.55701035414396,0.0519157,-0.733965938283027,0
0.651581525802612,0.27844644,0.227,-0.2381,0.4223,0.271,0.0942,0.319053798914,3.001175,21.1,5.233469218015671,-0.18496,0.534805303737276,0
0.950140714645386,0.72323084,0.356,-0.6644,0.3134,0.595,0.1049,0.333576321602,2.564565,19.28,5.137630773676837,-0.0203356,0.106611969802116,0
0.120588334115429,0.26224282,0.322,-0.9555,0.1951,0.371,0.0858,0.298263520002,2.236718,17.84,4.503890484162598,-0.253236,-0.495143635072012,0
0.0261360689469532,0.083491504,0.167,-0.8882,0.0033,0.103,0.087,0.316254675388,0.526596,5.734,2.7607394456863403,-0.489346,-0.624556423775157,0
0.187754109501839,0.090126365,0.227,-0.9758,0.0025,0.158,0.1184,0.191926181316,-1.217987,0.012,3.6830634221102905,-0.538803,-2.01574848752233,0
0.0718906298279762,0.10582018,0.185,-0.8949,0.0022,0.278,0.0726,0.320687532425,-0.604887,0.102,1.9326684176921844,-0.435786,-1.11360463510973,0
0.0450782512117333,0.079829484,0.29,-0.9525,0.1732,0.284,0.0824,0.29436314106,0.555529,6.023,5.304221838712692,-0.264271,-1.09464428654503,0
0.86576521396637,0.36084023,0.54,-0.854,0.1802,0.537,0.2092,0.284998774529,3.444265,22.5,4.216777120354074,0.100906,0.110914067386291,0
0.105180665850639,0.15828043,0.109,-0.9984,0.111,0.193,0.091,0.318957716227,0.932253,9.579,4.089057905505252,-0.3898,-0.895204727801687,0
0.0340349151316591,0.16327864,0.39,-0.7973,0.3957,0.261,0.0708,0.233088493347,0.538656,5.856,4.772336600143828,-0.261557,-0.851060547330314,0
0.275160390509232,0.21831647,0.573,-1.0243,0.1067,0.368,0.1968,0.229203760624,0.987573,10.19,5.706652174022958,-0.080688,-0.477035813812832,0
0.97174859046936,0.90862554,0.778,0.6811,0.7806,0.855,0.9767,0.467323601246,4.194387,24.6,13.69726455448108,0.353632,0.484259858863907,1
0.275235384702682,0.19037539,0.182,-0.8458,0.003,0.373,0.1727,0.274877727032,1.242838,12.51,4.124301373958588,-0.308254,-0.41905344586965,0
0.0318101484018886,0.061491042,0.373,-0.9188,0.001,0.061,0.0813,0.301865935326,-0.674947,0.079,1.9991154074668884,-0.496257,-1.31227079695773,0
0.0531833394778089,0.15681559,0.181,-0.9253,0.0028,0.27,0.1262,0.214166387916,1.301087,12.92,4.368528664434497,-0.466302,-0.947772868588588,0
0.0166737616689871,0.05884525,0.367,-0.9209,0.0014,0.138,0.08,0.221466064453,0.176368,2.096,4.37579161537548,-0.437496,-1.38255634962479,0
0.0493958964943886,0.10646686,0.208,-0.9062,0.0024,0.218,0.0671,0.246112152934,-0.273941,0.363,2.0390634536743164,-0.418627,-1.18214542236928,0
0.0293280277401209,0.08222604,0.021,-0.9066,0.0024,0.257,0.0608,0.234089970589,0.255162,2.802,3.617529320915017,-0.595311,-1.00882567893049,0
0.928967297077179,0.32128537,0.298,-0.2898,0.4862,0.313,0.0806,0.292232394218,2.686598,19.8,3.536248294236123,-0.192826,0.478834178559805,0
0.970103800296783,0.87548316,0.787,0.4525,0.6698,0.892,0.9765,0.799226403236,4.105416,24.3,16.525293455837527,0.338873,0.721699816438386,1
0.996806025505066,0.845322,0.682,0.9042,0.8466,0.596,0.2265,0.389770209789,4.243162,24.7,5.245744079351425,0.165357,0.803122027226495,0
0.415849924087524,0.23360366,0.324,-0.93,0.1907,0.335,0.1002,0.275962650776,0.723557,7.595,3.381962064676328,-0.155835,-0.756003374485758,0
0.821211900844925,0.27644974,0.123,-0.9697,0.0128,0.317,0.1178,0.386475265026,3.897865,23.8,3.613744333386421,-0.240607,0.562249300980069,0
0.121997378766537,0.16995361,0.452,-0.8396,0.2832,0.443,0.0689,0.448685228825,0.663221,7.047,2.245568871498108,-0.0687376,-0.627348503689514,0
0.869366347789764,0.64595,0.168,-0.9381,0.007,0.546,0.1352,0.27258464694,1.724157,15.42,6.000938201749104,-0.212489,-0.285328648566782,0
0.693873643875122,0.41341254,0.265,-0.6762,0.2226,0.491,0.1309,0.386302411556,2.658511,19.68,4.226462728069186,-0.234063,-0.0888530651092166,0
0.898722023050588,0.8079765,0.729,0.6874,0.7738,0.714,0.615,0.813401222229,3.965645,23.9,10.965631085215136,0.195005,0.764636203317163,1
0.991053640842438,0.79563135,0.367,0.017,0.4746,0.508,0.2534,0.359483003616,3.512333,22.7,4.582357838196565,-0.00450701,0.528410297565857,0
0.963090300559998,0.7698177,0.781,-0.458,0.3562,0.818,0.6437,0.546880304813,3.492366,22.7,5.821983113884926,0.51847,0.429453209545607,0
0.372219532728195,0.49870238,0.558,-0.9546,0.1324,0.374,0.115,0.22800680995,1.858561,16.08,2.966444689497602,0.0501158,-0.530303689999132,0
0.0277969119131035,0.09874004,0.285,-0.9804,0.112,0.287,0.0799,0.244412213564,0.42148,4.628,2.415876776613592,-0.19756,-0.522185687820393,0
0.0371263436973095,0.12358016,0.338,-0.9392,0.0014,0.267,0.0688,0.272489070892,-0.887695,0.036,1.4705745986574077,-0.499262,-1.50222507314141,0
0.225626927049026,0.30647743,0.173,-0.8775,0.0026,0.273,0.1619,0.228088498116,1.853001,16.06,3.1953483345157747,-0.444036,-0.513357095681279,0
0.814625978469849,0.30843252,0.113,-0.9825,0.0122,0.491,0.1274,0.28009057045,3.439734,22.5,3.3645927045121344,-0.330063,0.550500178077404,0
0.995790660381317,0.89442,0.917,1.0839,0.9231,0.785,0.7598,0.602596879005,4.303881,24.9,3.784094306743585,0.464997,0.792752555542596,0
0.0439152565291683,0.14655748,0.161,-0.9069,0.0026,0.299,0.1117,0.246820628643,0.335316,3.663,3.274210665313457,-0.445617,-0.822974758631164,0
0.302673091582082,0.46027726,0.343,-0.8801,0.2416,0.424,0.2241,0.233602136374,1.885609,16.21,5.4622798692999375,-0.155144,-0.908927484970153,0
0.210799539911152,0.21760207,0.441,-0.5652,0.4962,0.399,0.083,0.286376595497,1.321988,13.06,3.6723648662245294,-0.114038,-0.569413205686374,0
0.122286178785257,0.1790236,0.537,-0.3989,0.5232,0.332,0.0931,0.321181178093,0.753736,7.865,2.8315455122503166,-0.044662,-0.661301167322357,0
0.984152495861053,0.6933084,0.704,0.8948,0.8774,0.429,0.1324,0.354848712683,3.764243,23.4,6.433181349904631,-0.00268723,0.691557962156524,0
0.0239952676180798,0.044369876,0.155,-1.0065,0.0815,0.084,0.0594,0.293505311012,-0.006124,1.046,2.144407822128566,-0.418534,-1.38058907243078,0
0.152157858014107,0.08807579,0.465,-0.7805,0.4135,0.231,0.0767,0.23448844254,-1.053931,0.02,3.323919356502971,-0.212675,-1.5249330593913,0
0.980345785617828,0.9545306,0.594,-0.0672,0.6835,0.721,0.1712,0.338494986296,2.39104,18.52,3.253732845187187,0.202752,0.241773746014029,0
0.526653403603869,0.3913424,0.474,-0.4607,0.4194,0.599,0.1337,0.276104986668,1.835535,15.97,5.041653424501419,0.171414,-0.207776775901671,0
0.26116105796242,0.22094533,0.361,-0.6399,0.3764,0.397,0.0704,0.290061950684,2.501822,19.0,3.9116065278475647,-0.222559,-0.537574904460136,0
0.44470077753067,0.5397852,0.499,-0.6856,0.3933,0.441,0.1585,0.354528546333,2.900024,20.7,6.990309722664992,-0.135391,-0.0205697900388557,0
0.10624922856756,0.18997017,0.145,-0.9087,0.0048,0.265,0.1944,0.251118928194,2.291341,18.08,3.3002345484944167,-0.291172,-0.417224447577758,0
0.24728025496006,0.18681696,0.49,-0.7583,0.2915,0.191,0.1019,0.225765943527,1.007939,10.42,3.214807035054756,-0.200685,-0.700284132631923,0
0.917296528816223,0.2966704,0.144,-0.8687,0.0098,0.37,0.1767,0.241285592318,2.29192,18.08,3.7201049026936817,-0.314528,0.249152421986363,0
0.991457760334015,0.9676393,0.735,0.9119,0.8986,0.618,0.1467,0.36343306303,3.461114,22.6,6.665027582406639,0.44965,0.651104637851118,0
0.411256432533264,0.19546753,0.473,0.7151,0.9254,0.289,0.1175,0.250235676765,1.236417,12.46,3.011527582442977,0.15077,-0.530825095681458,0
0.525777995586395,0.24972284,0.417,-0.6103,0.3663,0.26,0.0709,0.275019109249,1.742296,15.51,3.4386093568183824,-0.0690167,0.050409525514468,0
0.172756070233318,0.4543973,0.113,-0.902,0.0034,0.309,0.0948,0.294164597988,0.868704,8.95,4.269388670425822,-0.425141,-0.749664513120373,0
0.551129281520844,0.27929145,0.331,-0.5251,0.4922,0.391,0.0746,0.264346301556,1.068927,11.08,4.263814061880112,-0.213686,-0.605380632383165,0
0.382818646320111,0.184823,0.438,-0.5798,0.4159,0.378,0.1303,0.244777470827,0.273348,2.988,2.9852416956267223,-0.0716507,-0.612473196002623,0
0.211122165790875,0.021735221,0.482,-0.5995,0.4008,0.434,0.1279,0.459115296602,2.22945,17.8,3.467114832918467,-0.11553,-0.211710795048872,0
0.271872222423553,0.1840876,0.061,-0.9302,0.0055,0.314,0.2297,0.297514915466,1.415025,13.67,3.863743100914919,-0.48567,-0.410319207648875,0
0.836232006549835,0.24497926,0.134,-0.9675,0.0047,0.383,0.0907,0.243077039719,1.838445,15.99,3.518483465601137,-0.308033,-0.324127081346426,0
0.0207467768341303,0.06533146,0.258,-0.9043,0.2573,0.198,0.0659,0.187866330147,-0.403014,0.219,3.916154063056674,-0.340389,-1.24759505358454,0
0.387990832328796,0.37641853,0.136,-0.8588,0.0026,0.349,0.1579,0.261357426643,2.437177,18.72,3.571205526590348,-0.277019,-0.278149894918677,0
0.023835638538003,0.10931882,0.197,-0.9224,0.0018,0.261,0.0711,0.254390716553,1.355494,13.28,3.538037967354107,-0.50935,-0.944641770458721,0
0.0832759830119617,0.20939487,0.436,-0.9803,0.1083,0.285,0.1125,0.220649346709,-0.200266,0.486,3.649892739743211,-0.118204,-0.466620944970305,0
0.172061607241631,0.20895356,0.541,-0.4985,0.4351,0.34,0.21,0.300704658031,1.567616,14.58,6.644151389598846,-0.0984671,-0.835516737396286,0
0.919061005115509,0.2642557,0.477,-0.8148,0.1827,0.373,0.1663,0.278773665428,3.350522,22.3,4.400971358612089,0.054911,0.0904723931376485,0
0.969594657421112,0.46958515,0.449,0.1437,0.5357,0.488,0.1236,0.522314310074,3.711879,23.3,7.585241263473068,0.0307312,0.543598901833725,0
0.829818427562714,0.34167388,0.234,-0.9696,0.1288,0.405,0.1147,0.292288899422,2.772459,20.2,5.0511147858068215,-0.213549,-0.386564194933652,0
0.158962622284889,0.24255803,0.564,-0.8455,0.212,0.397,0.1298,0.256946355104,1.490064,14.13,4.33442674416139,0.0811401,-0.138910061496441,0
0.0834998524648706,0.1720871,0.487,-0.7335,0.337,0.256,0.0711,0.274477303028,1.515603,14.28,2.933318828770655,-0.154511,-0.790079734169483,0
0.0140183623880148,0.097378224,0.214,-0.9432,0.0014,0.262,0.0904,0.258346170187,0.666188,7.075,3.504701289347354,-0.507335,-0.980617749832545,0
0.080686055123806,0.15650725,0.336,-1.004,0.148,0.23,0.1292,0.270088374615,0.797151,8.259,3.1017617966895226,-0.223004,-0.932267472544403,0
0.990552067756653,0.8917095,0.891,1.0377,0.9154,0.815,0.9742,0.776181161404,4.973709,27.8,15.918834090531163,0.465864,0.799500606616508,1
0.997046172618866,0.6010881,0.176,-1.0513,0.0459,0.577,0.3321,0.41037517786,4.44947,25.3,6.946925661311972,-0.1643,0.631495774779394,0
0.834628889832737,0.61249524,0.558,-0.3007,0.392,0.464,0.2256,0.313871830702,4.055316,24.2,5.48485999073972,0.0541951,0.255446639314521,0
0.0281265363796586,0.06661093,0.194,-0.9169,0.0011,0.203,0.1015,0.295421630144,-0.004963,1.051,2.317125188723135,-0.560468,-1.4551595926859,0
0.960652649402618,0.65084684,0.634,0.8012,0.8388,0.291,0.17,0.405256986618,3.88508,23.7,8.510156401518476,0.00878514,0.790688141642077,0
0.87047153711319,0.27937752,0.474,0.1031,0.7875,0.429,0.1262,0.376655578613,1.61829,14.86,7.306600455184914,-0.0666245,-0.397903329968579,0
0.0100055523216724,0.07654798,0.138,-1.0095,0.1809,0.17,0.0851,0.203187793493,-0.752036,0.06,2.622922942255389,-0.356126,-1.28235127555831,0
0.95020991563797,0.52683306,0.251,-0.7005,0.3915,0.482,0.3229,0.257485538721,2.920543,20.8,7.494007398201934,-0.0955621,-0.0087218510102927,0
0.997890174388885,0.98504305,0.947,1.0033,0.894,0.899,0.9844,0.791383743286,4.671444,26.2,13.325436110228669,0.475551,0.919234699289363,1
0.900581121444702,0.34189096,0.348,-0.5109,0.3817,0.41,0.0799,0.253179818392,0.495683,5.419,3.650394126772881,-0.123062,-0.369114077657958,0
0.0380353698659464,0.11602801,0.11,-0.95,0.0029,0.112,0.091,0.22112801671,-0.069857,0.817,3.9038199016019712,-0.491502,-0.916537157937727,0
0.193302482366562,0.24309108,0.353,-0.6527,0.3095,0.273,0.0847,0.240113705397,1.544453,14.44,3.328465632150282,-0.135481,-0.510618981979894,0
0.0215329357634136,0.03497541,0.086,-1.0077,0.0498,0.182,0.08,0.216623276472,-0.404687,0.218,2.576316356871602,-0.465966,-1.28013462386582,0
0.682418644428253,0.33947328,0.117,-0.941,0.0073,0.472,0.1713,0.386950135231,3.923456,23.8,4.700892239809036,-0.407554,0.23100579633141,0
0.665839672088623,0.5039104,0.41,-0.9259,0.1947,0.559,0.2085,0.282240778208,1.688836,15.23,4.159047521977738,-0.0506144,-0.720602317830697,0
0.0277778782524235,0.15227032,0.208,-0.897,0.0041,0.282,0.0908,0.254040181637,0.957668,9.844,4.551201924681664,-0.344749,-0.824691223989717,0
0.0331641849597878,0.097340226,0.208,-1.0145,0.1595,0.174,0.075,0.261617720127,-0.545624,0.128,4.146136299766157,-0.332663,-1.15245719877408,0
0.309355616569519,0.42797458,0.552,-0.7037,0.3432,0.493,0.0635,0.316732943058,3.29987,22.1,1.8542333841323853,0.156098,-0.0111008944372731,0
0.0325180533367602,0.09919381,0.219,-0.9174,0.0024,0.188,0.0843,0.214403659105,0.284228,3.103,4.399417665602743,-0.490774,-1.02267391164665,0
0.0457563988069412,0.15791386,0.388,-0.8817,0.2945,0.27,0.0984,0.186565667391,0.625829,6.7,4.089781817224032,-0.205379,-0.857145008012933,0
0.411270965715023,0.85800505,0.506,-0.2359,0.6244,0.445,0.0797,0.242745295167,1.870104,16.14,3.8425347332958064,-0.0317947,-0.128058318139756,0
0.0184285420875236,0.060123503,0.241,-0.9333,0.0011,0.191,0.0753,0.242703646421,0.040771,1.252,3.0946774957650325,-0.530608,-1.49260279775468,0
0.0584899946229851,0.1372084,0.593,-0.6814,0.3973,0.214,0.0813,0.292124718428,-0.200881,0.485,5.002845913171768,-0.185348,-1.52401740894198,0
0.122652453980448,0.13529184,0.604,-0.8814,0.2752,0.303,0.0769,0.224998623133,0.230739,2.565,3.727598442293057,-0.0993615,-1.03390868763164,0
0.108567893505096,0.078739315,0.253,-0.9149,0.0016,0.132,0.1192,0.482038885355,1.14883,11.8,3.445502399480155,-0.476071,-1.014590878901,0
0.0638597419078872,0.16273949,0.549,-0.7661,0.3595,0.353,0.1024,0.207714572549,0.799287,8.279,3.6474800103454186,-0.199358,-1.18024570568356,0
0.117858290672302,0.13785875,0.354,-0.7679,0.2596,0.379,0.124,0.265379309654,1.057101,10.96,4.272900400504492,-0.142095,-0.841237625577675,0
0.099712065462134,0.096631825,0.275,-0.9138,0.0022,0.176,0.0841,0.216705843806,-0.626563,0.095,3.9902730707451615,-0.505441,-1.4570080660845,0
0.872618675231934,0.4720542,0.52,-0.3438,0.5216,0.53,0.1655,0.336739659309,2.400363,18.56,2.2934971623328617,0.0179701,-0.206381085620945,0
0.992998600006104,0.5894119,0.656,0.624,0.7406,0.454,0.411,0.455436706543,4.278548,24.8,9.27630699587776,0.103187,0.634416955867027,0
0.968636810779572,0.9024183,0.512,0.8098,0.7947,0.689,0.4188,0.525560855865,4.456344,25.4,8.591447480022907,-0.012115,0.826990099132075,0
0.990360856056213,0.63463664,0.371,0.0809,0.504,0.632,0.4636,0.502396464348,4.685452,26.3,9.307442949233732,0.0544428,0.806323842509353,0
0.0990976906603763,0.103791386,0.249,-0.9388,0.0033,0.216,0.147,0.218427285552,0.888675,9.147,4.878600299358368,-0.300547,-0.839066301046965,0
0.030519336455177,0.08932477,0.365,-0.8986,0.143,0.28,0.0726,0.212721139193,0.035132,1.226,2.995870841899918,-0.261758,-1.26368743723098,0
0.980702579021454,0.5772064,0.768,0.143,0.6592,0.424,0.1109,0.451352566481,3.351311,22.3,3.9625187486171134,0.035716,0.441107456408789,0
0.0973579318201575,0.1667291,0.165,-0.9,0.004,0.346,0.0882,0.218254998326,1.954251,16.54,4.789139211177826,-0.415518,-0.701043558613552,0
0.417325794696808,0.12512758,0.084,-0.8875,0.004,0.132,0.0836,0.261255562305,2.066742,17.06,4.683229848538123,-0.465307,-0.449944640463409,0
0.0569841340184212,0.071772635,0.286,-0.9018,0.0023,0.092,0.1209,0.260584026575,-0.687603,0.075,2.8739332258701324,-0.413197,-1.19384160316338,0
0.0241176709532738,0.0768106,0.188,-0.8964,0.0031,0.194,0.116,0.270484298468,-0.246068,0.405,3.2213109981220582,-0.506871,-1.06072547675884,0
0.0173777072382617,0.07118878,0.059,-0.9122,0.0008,0.123,0.0698,0.23837313056,-0.831421,0.045,3.6370532590358464,-0.603907,-1.78660521076912,0
0.227326699657768,0.13323957,0.247,-0.956,0.1867,0.377,0.1168,0.321071684361,1.028394,10.65,3.7849991407137287,-0.247392,-0.530634559048731,0
0.0392576486044867,0.05087331,0.115,-0.913,0.0019,0.237,0.0791,0.319794923067,0.171206,2.056,3.066468985518601,-0.527183,-0.940885285687336,0
0.0281601401329692,0.12619102,0.459,-0.8064,0.312,0.318,0.0784,0.238068118691,-0.239702,0.415,3.787728248604415,-0.150937,-1.12772261748921,0
0.137913070369634,0.1871059,0.394,-0.5871,0.3944,0.354,0.0857,0.260557681322,0.789509,8.189,3.908163894759522,-0.204676,-0.714366986783221,0
0.0103736514381372,0.035226762,0.445,-1.0052,0.0317,0.284,0.0493,0.310839146376,0.338842,3.703,3.693449326524954,-0.197702,-0.768556693109645,0
0.101504189018841,0.12853175,0.165,-0.9448,0.0042,0.287,0.1067,0.310919165611,1.081835,11.21,4.394542153496166,-0.380393,-0.763529003324476,0
0.657067656517029,0.32687625,0.468,0.4813,0.8663,0.403,0.0892,0.281027853489,3.256197,22.0,4.648106860182596,0.0479646,0.294530899081169,0
0.046915203332901,0.036964744,0.096,-1.0029,0.038,0.144,0.0936,0.19185321033,-0.565354,0.119,4.00870220612844,-0.475673,-1.95019416966578,0
0.0252799538727805,0.07370189,0.537,-0.8725,0.2082,0.184,0.0999,0.1983769238,0.746751,7.803,3.652082830858,-0.19253,-1.5927874544177,0
0.0184788144379833,0.032830536,0.025,-0.95,0.0009,0.129,0.0646,0.239648282528,-0.115907,0.681,3.338418545733171,-0.627279,-1.51598287971339,0
0.960461258888245,0.97343403,0.535,0.5247,0.7314,0.699,0.1405,0.27597284317,2.65262,19.66,4.135144010186195,0.107201,0.0687342196906608,0
0.453563749790192,0.5170041,0.158,-0.9459,0.0082,0.462,0.1,0.231648549438,1.622163,14.88,5.346242743696826,-0.280488,-0.125037416557855,0
0.238906925531059,0.14544997,0.271,-0.8932,0.0029,0.31,0.099,0.33735948801,1.43381,13.78,2.5869373041997497,-0.426183,-0.564517830644362,0
0.0470910962229963,0.11066225,0.179,-0.7381,0.3186,0.213,0.1009,0.282605051994,0.447072,4.906,3.724905669269509,-0.264918,-0.606078597414015,0
0.335015863180161,0.671406,0.44,-0.5394,0.4464,0.236,0.1093,0.257193684578,0.82123,8.487,5.766596593894064,-0.154171,-0.621440574648536,0
0.145820736272184,0.5360042,0.257,-0.8978,0.0037,0.276,0.078,0.300215899944,0.943469,9.693,4.318484559060271,-0.403585,-0.761730243022619,0
0.035299614071846,0.06223339,0.189,-0.9334,0.0009,0.159,0.0568,0.295100420713,-1.013186,0.023,3.613425639894821,-0.605523,-1.88049375037242,0
0.263313293457031,0.106218904,0.065,-0.8889,0.0013,0.285,0.0589,0.221087828279,-1.349274,0.008,4.241066141885073,-0.608345,-1.80636630148682,0
0.0465239942118984,0.098911256,0.072,-0.9103,0.0026,0.225,0.0963,0.215159982443,-0.281777,0.351,2.0400870646254097,-0.531482,-1.1418266478635,0
0.0987304400801254,0.09550649,0.234,-0.9947,0.1268,0.249,0.1013,0.233724504709,0.057735,1.336,3.915468720621121,-0.330387,-1.90192277450595,0
0.980841100215912,0.8855159,0.789,0.8022,0.8179,0.847,0.9913,0.883370399475,4.787497,26.7,14.289930820656082,0.367334,0.808646099453749,1
0.826391696929932,0.33190826,0.439,-0.0723,0.5798,0.492,0.466,0.302909731865,2.565205,19.28,2.693279336976784,-0.0276332,0.190184853248655,0
0.0404014543158741,0.18373728,0.239,-0.9103,0.0025,0.324,0.1016,0.221796810627,0.176346,2.096,4.338605344295502,-0.451789,-0.975527011075564,0
0.0313017964363098,0.13901934,0.403,-0.8161,0.3197,0.284,0.1145,0.247980073094,1.583571,14.67,3.7484789733861583,-0.223177,-0.713401508693748,0
0.364381618673778,0.18416113,0.108,-0.8486,0.0067,0.323,0.1138,0.251522541046,1.05862,10.98,4.816508457064629,-0.34909,-0.34285798503291,0
0.915508270263672,0.39010254,0.144,-0.9139,0.0062,0.355,0.1234,0.351779699326,2.640122,19.6,3.7528216688225697,-0.304175,0.188630828107216,0
0.734715223312378,0.59773886,0.46,-0.4125,0.4869,0.306,0.0801,0.29154086113,1.474308,14.03,7.369040296306946,-0.138721,-0.21541405177322,0
0.0330896861851215,0.05373168,0.188,-0.9442,0.0013,0.229,0.0709,0.235263079405,-0.413227,0.211,1.898719072341919,-0.535608,-1.61014813183063,0
0.971640110015869,0.70841664,0.215,-0.9667,0.0155,0.582,0.3941,0.43836915493,4.372365,25.1,3.236603377177224,-0.15291,0.652230408464484,0
0.0193402415100363,0.040851176,0.026,-0.914,0.0012,0.058,0.0591,0.212704464793,-0.616299,0.098,4.634544521570206,-0.625457,-1.51113903456807,0
0.943237364292145,0.2972619,0.492,-0.1883,0.6089,0.363,0.1204,0.310544371605,2.432084,18.7,4.10024404475142,-0.0370892,0.0828736151943794,0
0.395956248044968,0.24501309,0.59,0.2202,0.7526,0.383,0.1011,0.272139251232,1.173984,12.0,3.831051707267761,0.0173795,-0.645084997125895,0
0.800240039825439,0.34455103,0.116,-1.08,0.0178,0.424,0.1642,0.447923481464,3.382118,22.4,5.115976399418637,-0.407321,0.348705235706359,0
0.488769084215164,0.1994246,0.128,-1.029,0.1329,0.329,0.0915,0.235935494304,1.261971,12.64,5.136460652741694,-0.327587,-0.331896761530963,0
0.0653794608322073,0.18009403,0.115,-0.9017,0.0042,0.312,0.1801,0.244134232402,1.336113,13.15,4.599427357316017,-0.353406,-0.367208352809639,0
0.0439731049118518,0.14826185,0.335,-0.6624,0.3258,0.404,0.2116,0.230392217636,0.805146,8.334,2.322429120540619,-0.216437,-0.876351762752773,0
0.996265470981598,0.85854363,0.6,0.2087,0.5422,0.47,0.2184,0.428983747959,4.45389,25.3,8.98520926838989,0.0389934,0.737767639177503,0
0.858784139156342,0.33552313,0.568,-0.1717,0.6016,0.406,0.0906,0.250495135784,1.747587,15.54,4.049093455076218,-0.0355048,-0.0558776234319273,0
0.051224796708387,0.14085391,0.411,-0.7079,0.3137,0.397,0.1015,0.308493673801,1.012872,10.48,3.4664285331964493,-0.211884,-0.607619413711889,0
0.455774078793143,0.19074783,0.159,-0.7679,0.0049,0.269,0.1091,0.297001987696,2.376452,18.46,4.287749504165565,-0.330715,0.0974091126106966,0
0.458921469442676,0.75704783,0.604,0.2817,0.8343,0.526,0.1472,0.315958350897,2.511133,19.04,3.444165906725116,0.230496,-0.234418010690014,0
0.885289013385773,0.5249283,0.652,-0.8533,0.1942,0.51,0.2426,0.527011394501,4.389789,25.1,4.25015489620531,0.221854,0.555343234361598,0
0.875244975090027,0.34654117,0.36,-0.6289,0.3304,0.453,0.0921,0.274529278278,3.249816,21.9,4.241898770178283,-0.0477235,0.069896925313539,0
0.229325793921691,0.1949369,0.402,-0.9771,0.1216,0.279,0.0933,0.267137408257,2.281557,18.04,4.329119734062831,-0.139397,0.0352013081598594,0
0.220391992180262,0.18468368,0.128,-0.9963,0.0035,0.341,0.0978,0.209774419665,0.90031,9.261,2.286170238068289,-0.44213,-0.728242782568731,0
0.149836599826813,0.21952957,0.507,-0.2965,0.5668,0.402,0.1361,0.35585641861,1.910519,16.33,3.315551998058716,-0.00949633,-0.398350092268603,0
0.240413174033165,0.06769782,0.133,-1.0426,0.0679,0.118,0.1152,0.23648160696,0.030438,1.204,3.9788749714316594,-0.476664,-1.43072198557751,0
0.0911032035946846,0.118029416,0.241,-0.912,0.0025,0.173,0.079,0.298337519169,0.009568,1.111,4.125895649194717,-0.498398,-1.47192697801001,0
0.671352326869965,0.23588729,0.264,-0.4243,0.5354,0.419,0.0953,0.299615859985,1.59562,14.73,2.4697442948818207,-0.176694,-0.401343028170234,0
0.921429216861725,0.27739573,0.209,-0.863,0.0044,0.242,0.1381,0.230099022388,2.728365,19.97,4.128208333382897,-0.379952,0.036550199184684,0
0.0134297953918576,0.05709389,0.278,-0.9099,0.2131,0.148,0.0782,0.268036782742,-0.565834,0.118,3.1556722541576825,-0.372883,-1.41609713910159,0
0.96037745475769,0.883613,0.584,0.3459,0.633,0.609,0.1207,0.372521877289,3.569231,22.9,5.599207172271021,-0.0472378,0.0162339017898137,0
0.599562108516693,0.29387778,0.411,-0.6243,0.3959,0.419,0.1172,0.281518131495,1.267261,12.68,2.8811925167806294,-0.234209,-0.859571908319005,0
0.21119236946106,0.17774335,0.522,-0.9959,0.1235,0.414,0.0933,0.294814288616,2.530026,19.12,3.667958557605744,0.0230207,-0.0446810722255877,0
0.809196770191193,0.23878348,0.421,-0.1957,0.5919,0.24,0.124,0.259190261364,1.71957,15.39,2.707180198941394,-0.0506653,-0.0857881000743468,0
0.856392749810683,0.29752982,0.525,-0.1773,0.7031,0.427,0.1815,0.364586889744,2.941108,20.9,6.982504312990359,0.0202733,-0.0841219636607871,0
0.112672448158264,0.10210171,0.196,-0.9405,0.0037,0.259,0.248,0.268839210272,0.802084,8.305,5.2631455081799245,-0.36939,-0.799775048261849,0
0.166124388575554,0.09689543,0.398,-0.8956,0.0022,0.134,0.1344,0.237450629473,0.643688,6.867,2.74774169921875,-0.409634,-0.988656886094492,0
0.0346705460037825,0.09594518,0.218,-0.8954,0.0032,0.144,0.0806,0.267167329788,0.887265,9.133,4.420574277639389,-0.40841,-0.671778191666599,0
0.263005793094635,0.31137526,0.19,-0.8864,0.2149,0.278,0.3368,0.330905199051,2.223875,17.78,4.452875349800169,-0.286341,-0.56324195354653,0
0.0142543902620673,0.026098907,0.055,-0.9506,0.0012,0.083,0.0576,0.251043707132,-0.042537,0.909,3.692894502119849,-0.6719,-1.4019527519442,0
0.0204908341996855,0.06296602,0.615,-0.6991,0.4309,0.231,0.1016,0.26316934824,-0.769708,0.056,2.838937371969223,-0.113491,-1.45311240917874,0
0.977290272712708,0.80333483,0.628,-0.1075,0.6436,0.535,0.2219,0.352479815483,2.099629,17.21,4.181081727071726,-0.00419858,0.130391308524904,0
0.547496497631073,0.18522018,0.1,-0.9417,0.006,0.289,0.1212,0.236743330956,1.749512,15.55,4.067232996225357,-0.293004,-0.341931652131376,0
0.799295663833618,0.24626172,0.454,-0.9213,0.1769,0.357,0.1195,0.242648899555,3.238075,21.9,4.506914674470119,-0.0641391,0.0320498867532158,0
0.889496386051178,0.3974024,0.389,-0.6583,0.3011,0.5,0.0912,0.346910774708,3.651063,23.2,3.703101746737957,-0.0567954,0.0508682845039257,0
0.889626801013947,0.32459188,0.187,-0.7695,0.2105,0.419,0.1069,0.258349955082,3.254393,21.9,4.768937835835751,-0.282389,0.14172946720156,0
0.0713619813323021,0.12181145,0.471,-0.726,0.4138,0.247,0.0646,0.230280980468,-0.405085,0.217,2.55806631988023,-0.158134,-1.20015717718417,0
0.959831774234772,0.33806777,0.459,-0.9095,0.1547,0.485,0.12,0.283078193665,3.542507,22.8,4.185394493483927,0.00612166,0.110914067386291,0
0.135781810253735,0.1696333,0.497,-0.4233,0.5235,0.243,0.1014,0.247303128242,1.383851,13.47,3.045666068792343,-0.138961,-0.460300800530506,0
0.0859016442733724,0.20236471,0.167,-0.8404,0.2122,0.326,0.1007,0.268455862999,0.818104,8.457,3.630223083978516,-0.343799,-0.512218109899457,0
0.0099189995654589,0.022827744,0.263,-0.8943,0.089,0.141,0.058,0.254854351282,-1.016778,0.023,3.8547112480380585,-0.379639,-2.68113323955423,0
0.0473999161423806,0.06052962,0.093,-0.9311,0.0007,0.108,0.0964,0.225670143962,0.014512,1.133,2.89092708526427,-0.625976,-1.33624147519307,0
0.890787124633789,0.6102636,0.421,-0.3367,0.322,0.507,0.134,0.279295384884,2.807406,20.4,4.5384837935650415,-0.048293,-0.0845984871258984,0
0.379861384630203,0.23557785,0.183,-0.887,0.006,0.271,0.095,0.223258659244,2.10174,17.22,3.9376510977745056,-0.303127,-0.106982362677254,0
0.0600151985292078,0.14379168,0.367,-0.7423,0.3314,0.293,0.0881,0.280129283667,0.440955,4.84,4.5291505182923055,-0.201069,-0.881961837652642,0
0.554720461368561,0.2915109,0.156,-0.9054,0.0032,0.412,0.156,0.397485911846,0.375439,4.115,3.792156256735325,-0.467428,-0.774492000442025,0
0.556704163551331,0.44802508,0.224,-0.8706,0.004,0.571,0.1348,0.25189858675,2.127856,17.34,3.7022767431843695,-0.335773,-0.702173353439636,0
0.765821099281311,0.3698451,0.496,-0.3592,0.5182,0.434,0.0802,0.250012218952,1.476028,14.04,2.836575664159576,-0.0808688,-0.229652605755032,0
0.297416210174561,0.29901913,0.172,-0.945,0.0053,0.408,0.0871,0.336454302073,1.709819,15.34,3.220310853424436,-0.342903,-0.518386039124653,0
0.550379931926727,0.53142434,0.172,-0.888,0.1523,0.528,0.1367,0.225693956017,2.687421,19.8,2.8556447247875583,-0.172138,-0.0798490900818443,0
0.0520137395532235,0.026239693,0.235,-0.939,0.07,0.171,0.0535,0.240882754326,0.189535,2.202,3.549068981716178,-0.356765,-1.69226079579931,0
0.118758216500282,0.18108803,0.471,-0.6477,0.3729,0.386,0.1066,0.299277484417,0.422199,4.635,3.873941284945855,-0.149938,-1.07722678042566,0
0.533977925777435,0.22867316,0.481,-0.443,0.4851,0.411,0.1836,0.361446619034,2.28597,18.06,3.9551586469414,-0.111877,-0.522179792264643,0
0.996448874473572,0.89367485,0.897,1.0905,0.9606,0.848,0.7765,0.488880962133,4.63638,26.0,12.631502047064714,0.551454,0.927091528368336,0
0.158982470631599,0.27243745,0.5,-0.71,0.3414,0.413,0.0722,0.326606690884,0.979472,10.1,3.589739896937911,-0.140386,-0.393245370316787,0
0.704432010650635,0.25390399,0.439,-0.5139,0.5021,0.282,0.0964,0.253342568874,2.14184,17.41,4.493736454596385,-0.0713464,-0.170961239300781,0
0.823083698749542,0.25905716,0.471,-0.9358,0.1432,0.381,0.0997,0.307985186577,2.093204,17.18,4.028106749814051,-0.00568159,0.262419269129752,0
0.365383267402649,0.11112696,0.105,-0.8879,0.0031,0.218,0.0821,0.289521038532,1.664113,15.1,4.376524269580841,-0.449057,-0.622302068403483,0
0.909940719604492,0.6859738,0.528,0.0655,0.5113,0.606,0.2346,0.470357149839,3.489705,22.7,4.890932027250528,0.0411138,0.486328142048077,0
0.767859816551208,0.26651317,0.182,-0.8515,0.0039,0.305,0.0964,0.191533476114,1.309518,12.97,4.599084785399447,-0.392932,-0.567928323581674,0
0.326017111539841,0.16072819,0.187,-0.9189,0.0038,0.331,0.0728,0.309329032898,1.638091,14.96,4.48552036635151,-0.369695,-0.702120754177413,0
0.0326976050507974,0.14449671,0.488,-0.9915,0.0912,0.306,0.1953,0.234489142895,0.217244,2.441,2.8066225501175848,-0.171965,-0.755548514660966,0
0.970112562179565,0.438229,0.287,-0.0756,0.4457,0.256,0.1521,0.384754538536,4.546645,25.7,5.015821494266482,-0.048994,0.882894744234073,0
0.0320592982977058,0.11044583,0.355,-0.9117,0.0021,0.104,0.0849,0.221070259809,0.260151,2.853,3.412985473871231,-0.436224,-1.15986428383919,0
0.179960459470749,0.20156828,0.067,-0.9361,0.0039,0.323,0.175,0.334124624729,0.281847,3.077,3.0940682528662866,-0.512556,-0.805421621459473,0
0.928971886634827,0.4426906,0.181,-0.9414,0.0073,0.457,0.1525,0.439312309027,3.479145,22.6,3.8116867045551817,-0.229389,0.431566221951934,0
0.79723197221756,0.60310435,0.558,-0.2154,0.5022,0.422,0.1295,0.31351980567,0.781434,8.115,4.486557632684708,-0.00917725,-0.79974243522116,0
0.0478537008166313,0.08927819,0.085,-1.0341,0.0884,0.151,0.0871,0.25054204464,-0.111906,0.692,3.9634295465065024,-0.505063,-1.13148761820859,0
0.985767900943756,0.6627283,0.542,0.1758,0.4654,0.479,0.4211,0.320903241634,3.511743,22.7,9.230970317701724,0.00544789,0.472475767874789,0
0.92741596698761,0.4624624,0.576,-0.2552,0.489,0.442,0.0942,0.370292007923,3.276542,22.0,7.350172162055969,0.213719,0.183618223705093,0
0.102840127835793,0.22701737,0.141,-0.8835,0.0027,0.258,0.1207,0.23460611701,1.071731,11.11,3.098851342957333,-0.479851,-0.760206022873785,0
0.0458217906003351,0.09525886,0.555,-0.9166,0.3004,0.214,0.1261,0.266975224018,0.327221,3.573,2.6278311331634816,-0.0386942,-0.917721660125934,0
0.329624950885773,0.2128345,0.642,-0.337,0.5712,0.231,0.0824,0.225809380412,0.37826,4.147,3.747866459162995,-0.0568648,-0.980826959875816,0
0.701242625713348,0.2052232,0.246,-0.9116,0.2043,0.353,0.0887,0.274640858173,2.020503,16.85,4.255585696699367,-0.132178,-0.176086234008151,0
0.0444340221583843,0.08133623,0.268,-0.9187,0.0015,0.216,0.0696,0.219408422709,1.298268,12.9,3.1094934618081345,-0.324758,-0.810078648421032,0
0.993222832679749,0.9170302,0.711,0.7525,0.7869,0.792,0.9678,0.473456710577,3.982168,24.0,13.459993054252877,0.375732,0.771394517467837,1
0.101829186081886,0.35084516,0.519,-0.8022,0.331,0.49,0.0822,0.287659883499,1.434551,13.79,3.0249960888973377,-0.085421,-0.897068958789183,0
0.331898838281631,0.22433794,0.158,-0.8862,0.2228,0.307,0.1096,0.358217090368,1.804808,15.82,2.9694564258866425,-0.245007,-0.334747847907561,0
0.888219118118286,0.523145,0.706,0.4839,0.6452,0.365,0.1204,0.373721659184,3.802667,23.5,4.498289525508881,0.0880156,0.418457016489656,0
0.0677921550205659,0.11851892,0.382,-0.9326,0.224,0.228,0.0719,0.240219920874,-0.311738,0.312,2.5172548294067383,-0.289005,-1.24825508650077,0
0.0487251441741797,0.12434298,0.31,-0.9752,0.1918,0.298,0.0847,0.273941159248,-0.0582,0.855,4.941111449130618,-0.25098,-1.25931472149691,0
0.106742726062335,0.15598714,0.595,-0.6102,0.5061,0.326,0.0968,0.297363936901,1.191309,12.13,3.630198674848841,-0.0891407,-0.656204399575824,0
0.995093822479248,0.88453865,0.774,0.7672,0.7952,0.818,0.1344,0.744726955891,6.796816,35.0,9.46324720383821,0.178105,0.740270314159395,1
0.268651929522384,0.4896665,0.631,0.3972,0.8229,0.561,0.805,0.504439890385,2.85932,20.6,10.735547384014351,0.101091,-0.531035586439928,0
0.9337517619133,0.5309703,0.463,-0.1053,0.424,0.514,0.0789,0.605251252651,3.632779,23.1,6.524803537333897,0.0130829,0.373145877848834,0
0.0520369055786157,0.45389217,0.349,-0.8886,0.2291,0.329,0.0917,0.342188566923,0.385934,4.233,3.889382902788876,-0.266928,-0.900317502237215,0
0.974646389484406,0.52367693,0.564,0.5675,0.7067,0.605,0.606,0.460667073727,4.081988,24.3,8.258127182722092,0.154777,0.840236387566393,0
0.73642110824585,0.30076766,0.13,-0.9311,0.0061,0.355,0.0911,0.247890144587,3.084984,21.4,4.236462427130915,-0.268953,0.312469333677883,0
0.999461114406586,0.8714014,0.914,0.8227,0.8456,0.696,0.8184,0.526565253735,4.830015,27.0,11.60393961022946,0.460148,0.806602102464402,0
0.0854776158211522,0.1421412,0.095,-0.9118,0.0024,0.323,0.0668,0.186460793018,-0.002548,1.061,2.629150878613542,-0.495748,-0.892053075878182,0
0.0669305846095085,0.11714873,0.244,-0.9786,0.1788,0.24,0.0788,0.244579792023,0.509269,5.558,3.832988319952348,-0.28929,-0.83168427796175,0
0.114116437733173,0.11807838,0.228,-1.0044,0.0038,0.189,0.0917,0.233851373196,0.228396,2.544,4.091619074344635,-0.366533,-1.28486731348455,0
0.836602449417114,0.2695561,0.188,-0.6805,0.0046,0.38,0.1001,0.24998831749,1.845604,16.02,4.587527006864548,-0.275743,-0.471705976046115,0
0.0355633699944517,0.1162,0.151,-1.0323,0.0901,0.185,0.1241,0.230187922716,0.675728,7.162,3.681373786397255,-0.342136,-1.0931909488102,0
0.177718016868034,0.1904459,0.495,-0.6008,0.4443,0.351,0.1138,0.281959176064,0.587994,6.34,3.7696672677993774,-0.0587637,-0.575177752349551,0
0.0712330192327499,0.04875052,0.107,-0.9307,0.0011,0.067,0.0902,0.228389322758,-0.171497,0.545,3.681963354349136,-0.579133,-1.33929475384221,0
0.101856492459774,0.19693631,0.222,-0.928,0.0022,0.186,0.1045,0.24198526144,1.185198,12.08,2.327898859977722,-0.394873,-0.711801249711387,0
0.0458789505064487,0.1522066,0.41,-0.9845,0.1399,0.315,0.0952,0.272054314613,1.434856,13.79,3.7632331128955663,-0.153163,-0.42618824189723,0
0.604534149169922,0.47329357,0.526,0.338,0.8292,0.389,0.0846,0.246993631124,1.589158,14.7,3.3867559480912286,0.159336,-0.247209656399208,0
0.992635548114777,0.863647,0.81,0.4886,0.68,0.925,0.9506,0.635591864586,4.169484,24.5,14.430094245573857,0.24374,0.641404572792796,1
0.990058720111847,0.6314633,0.562,0.1388,0.4835,0.686,0.2674,0.539808094501,4.516084,25.6,4.429426372051239,0.148602,0.409391825391964,0
0.0901248175846267,0.2131311,0.146,-1.0414,0.079,0.429,0.0947,0.275759220123,0.651465,6.939,4.098990911976495,-0.327694,-0.89037754717271,0
0.376574560310049,0.826519,0.496,-0.2245,0.6247,0.424,0.1467,0.342512190342,1.891782,16.24,3.189723365738564,-0.0289802,-0.428884587083636,0
0.0824334472417831,0.16491374,0.185,-0.8755,0.0028,0.304,0.0903,0.218317836523,0.572709,6.192,3.639267836475207,-0.387594,-0.786973207035886,0
0.948738038539886,0.8008958,0.603,0.1051,0.5044,0.791,0.8373,0.779330134392,3.977522,24.0,11.157787221993203,0.114826,0.571408602759301,0
0.961486458778381,0.37428078,0.184,-0.8522,0.0042,0.48,0.1015,0.351946979761,1.191482,12.13,3.429479792714119,-0.279768,-0.26384758130387,0
0.1025530397892,0.11777854,0.392,-0.7964,0.3248,0.263,0.111,0.264602005482,0.751937,7.849,2.327724175026894,-0.0771065,-0.877109373767247,0
0.996433019638062,0.7664008,0.208,-0.9007,0.0118,0.695,0.3152,0.392621099949,4.501413,25.5,5.630713391236421,-0.0163897,0.620357669399187,0
0.787803471088409,0.27074325,0.161,-0.8928,0.0069,0.267,0.1094,0.359569072723,1.307527,12.96,3.0560092143628825,-0.429459,-0.217588071757155,0
0.992397010326385,0.98807836,0.917,0.9722,0.9914,0.914,0.9945,0.643964648247,4.266659,24.8,12.833023671300907,0.570324,0.819036868498897,1
0.784419417381287,0.68243223,0.267,-1.0041,0.1013,0.61,0.1078,0.275702416897,2.436391,18.72,4.479106868427539,-0.0847959,-0.852426608817353,0
0.519986629486084,0.17454153,0.175,-0.8857,0.0032,0.269,0.1075,0.223603829741,0.857232,8.836,2.9347416989047552,-0.327402,-0.460682721768078,0
0.414793521165848,0.22655171,0.167,-0.8737,0.0047,0.245,0.169,0.232777148485,1.649277,15.02,4.213229633867741,-0.417842,-0.216914239723753,0
0.4082350730896,0.37796268,0.386,-0.3598,0.488,0.36,0.0806,0.240094453096,2.627897,19.55,3.625147902385242,-0.113754,-0.167190278193543,0
0.99567848443985,0.97012734,0.862,1.0818,0.9697,0.849,0.9903,0.594594538212,4.956992,27.7,12.602563025197014,0.528222,0.756622128115941,1
0.933206975460052,0.5152417,0.623,0.2499,0.6322,0.404,0.2443,0.643139839172,2.530648,19.13,5.821611912485191,0.0232208,0.548943382160639,0
0.130057278222526,0.12726653,0.118,-0.8431,0.0021,0.211,0.0707,0.238963380456,0.546641,5.935,4.26309165553538,-0.486242,-0.785730022186969,0
0.907596170902252,0.3866742,0.328,0.2402,0.5225,0.382,0.0753,0.37742292881,1.724539,15.42,2.5512782709565447,-0.232252,0.273564484148885,0
0.0507435686886311,0.09113395,0.029,-1.0353,0.0611,0.119,0.1186,0.279290378094,0.915365,9.41,4.100367136797151,-0.546924,-1.13316123704787,0
0.788742959499359,0.74223316,0.629,0.5812,0.7601,0.52,0.1334,0.387301802635,2.487364,18.94,3.573937912042229,0.165026,0.040943185026684,0
0.0496010236022699,0.12734035,0.078,-0.9207,0.0024,0.214,0.0991,0.232476502657,-0.242258,0.411,4.219763542968079,-0.553852,-1.35569508194122,0
0.0887776464223862,0.1294362,0.26,-1.0455,0.0894,0.396,0.0648,0.302159428596,0.683382,7.232,3.413012935290096,-0.173797,-0.930895508490665,0
0.09038957208395,0.09354386,0.215,-0.916,0.0025,0.27,0.0958,0.259719282389,1.161924,11.9,3.985308699309826,-0.392294,-0.990617836790055,0
0.748367071151733,0.6698782,0.529,0.3572,0.6884,0.61,0.1212,0.403715908527,3.23254,21.9,3.777385234832764,-0.0825237,0.380713211520912,0
0.223566828705945,0.19939175,0.192,-0.8618,0.0039,0.367,0.1373,0.241714254022,1.228889,12.41,4.671376629039679,-0.323547,-0.620409669182982,0
0.0183367393910885,0.051196396,0.034,-0.8881,0.0019,0.023,0.0575,0.198967397213,-1.52216,0.005,4.550427556037903,-0.816093,-1.89213323450329,0
0.997211039066315,0.71311414,0.263,-1.0396,0.0168,0.674,0.4236,0.349581003189,4.17759,24.5,4.854119538137139,0.0276793,0.66673586343074,0
0.988851845264435,0.38364226,0.444,0.1337,0.5283,0.377,0.4098,0.506549835205,3.258738,22.0,9.65710089021186,0.0368595,0.696627308173211,0
0.116224110126495,0.20070142,0.442,-0.4751,0.4371,0.383,0.0969,0.327447444201,1.844311,16.01,3.9337397068738937,-0.0943818,-0.734391654652147,0
0.0485599301755428,0.11744839,0.184,-0.9786,0.1942,0.16,0.0877,0.247147709131,-0.15768,0.576,4.476139277675712,-0.342988,-1.13139541526123,0
0.425008952617645,0.32873946,0.381,-0.23,0.655,0.365,0.1322,0.291403651237,2.728157,19.97,4.305018648533631,-0.148933,0.016066532328371,0
0.882524013519287,0.6985789,0.55,0.5989,0.7556,0.666,0.8006,0.524116158485,3.970831,24.0,8.958098121189934,0.260038,0.706403002516238,0
0.656569838523865,0.57970935,0.472,-0.0556,0.7055,0.509,0.1067,0.286110699177,0.625588,6.698,2.63436496257782,-0.061757,-0.391505335317516,0
0.765959680080414,0.31479973,0.49,-0.9845,0.1044,0.471,0.2922,0.32920858264,2.665309,19.71,4.540489015820228,0.0322826,-0.272131149476562,0
0.09226913381138,0.16370887,0.282,-0.6245,0.3566,0.251,0.0783,0.238315954804,0.472354,5.175,2.287422135193256,-0.280297,-0.65955647206683,0
0.914220457395825,0.78571403,0.708,0.5182,0.7169,0.637,0.9747,0.650992512703,2.549051,19.21,11.82563477639163,0.266996,0.177358121711754,0
0.338401824235916,0.21256042,0.472,-0.3162,0.5164,0.325,0.1128,0.253400951624,1.896628,16.27,3.538145137716477,-0.122198,-0.523547097837535,0
0.0613985743010416,0.05103457,0.051,-0.9131,0.0017,0.025,0.0689,0.202688753605,-2.330656,0.001,3.356742739677429,-0.853804,-1.96322930835589,0
0.0451631397008896,0.09802607,0.233,-0.9118,0.0028,0.294,0.0854,0.247957468033,1.06639,11.06,3.5722984671592712,-0.342478,-0.851839550697341,0
0.444171071052551,0.16412815,0.418,-0.3445,0.4717,0.259,0.1014,0.223626643419,1.088872,11.27,2.913205878941077,-0.0672117,-0.395069556182537,0
0.0303309746086597,0.13287747,0.485,-0.9262,0.2421,0.321,0.0573,0.25083565712,0.747161,7.806,5.827317476272583,-0.0918563,-0.860764505931923,0
0.0652651421732193,0.27590615,0.44,-0.7972,0.2993,0.387,0.4499,0.29574200511,0.381031,4.178,2.6109778583049774,-0.159194,-1.09425546610059,0
0.990660488605499,0.72636294,0.697,0.342,0.6519,0.676,0.6141,0.522804021835,4.132899,24.4,9.511342878220896,0.0980096,0.659026414000722,0
0.382458031177521,0.23059154,0.486,-0.4682,0.5732,0.35,0.1391,0.291069984436,1.930749,16.43,4.134055532551504,0.0249126,-0.600641985893233,0
0.985481739044189,0.8125016,0.56,0.6494,0.7646,0.584,0.2906,0.34739986062,5.775542,33.0,5.457642293819747,0.103153,0.55888073857821,0
0.0084034529232313,0.06364107,0.069,-0.9034,0.0027,0.127,0.1078,0.200022876263,0.772774,8.036,3.059911522308547,-0.515158,-1.14498183143801,0
0.104787297546864,0.13167158,0.109,-0.9373,0.2021,0.288,0.113,0.375592440367,0.228194,2.542,4.701023116287186,-0.321736,-1.03067958527436,0
0.510132811298286,0.3962758,0.616,0.4578,0.6664,0.506,0.1619,0.478597760201,4.428647,25.3,5.90966260433197,0.0921253,0.334332326030031,0
0.958459675312042,0.62924314,0.618,0.4427,0.886,0.46,0.0937,0.316778123379,3.26342,22.0,5.230026836829039,0.155038,0.326659533568557,0
0.823927581310272,0.4313219,0.554,0.1045,0.5538,0.461,0.0969,0.33160752058,2.058446,17.02,5.069514946292204,0.0203003,-0.187762489402747,0
0.0321780517697334,0.09384534,0.481,-0.1703,0.6467,0.328,0.0839,0.299453735352,0.747786,7.812,2.664793192367876,-0.0738611,-1.10837237787892,0
0.995834112167358,0.524651,0.613,0.0332,0.5287,0.467,0.803,0.572649359703,3.473445,22.6,3.6339141961124777,-0.0139726,0.699394427539523,0
0.34270167350769,0.36492705,0.667,-0.0686,0.7007,0.398,0.0899,0.347626924515,2.503985,19.01,2.203778041778481,0.00166592,-0.0380016510913655,0
0.554966032505035,0.24926868,0.242,-0.9363,0.233,0.319,0.0951,0.24467805028,0.452241,4.961,4.228236173568234,-0.262174,-0.986830972546406,0
0.198086380958557,0.074351996,0.249,-0.9189,0.0019,0.191,0.1039,0.453545331955,1.358486,13.3,3.265455637355698,-0.469503,-1.00604337207593,0
0.0781095784722782,0.12951967,0.379,-0.8094,0.281,0.307,0.1286,0.261444270611,1.071697,11.11,3.815038688480854,-0.228421,-0.824626270095962,0
0.959812760353088,0.964007,0.691,0.6635,0.8212,0.677,0.8627,0.504773259163,1.83826,15.98,9.902766588304075,0.341261,0.18782044369452,1
0.866816699504852,0.30135703,0.125,-0.9803,0.0109,0.42,0.1317,0.239671289921,1.897944,16.27,3.9228568115879785,-0.272768,-0.0185376149341388,0
0.205500244983169,0.2706312,0.375,-0.8406,0.2413,0.401,0.104,0.321102261543,3.112775,21.5,4.315459646578386,-0.185286,-0.0204082412768864,0
0.342555195093155,0.1727716,0.309,-0.3709,0.5316,0.36,0.0869,0.273627966642,1.820985,15.9,5.155116116429602,-0.16109,-0.401715903491033,0
0.42020511345264,0.35434753,0.499,0.3791,0.8786,0.317,0.0778,0.217993929982,0.96673,9.943,2.742465436458588,0.0195572,-0.153548908475603,0
0.807876408100128,0.21830279,0.15,-0.9144,0.003,0.252,0.1886,0.359516918659,1.518124,14.29,4.033692999411434,-0.411857,-0.263685353116131,0
0.0237338617444038,0.027006269,0.395,-0.8667,0.1849,0.16,0.0659,0.239394769073,0.739491,7.738,1.8087688675957505,-0.234304,-1.19668355509944,0
0.153023338689996,0.09667206,0.433,0.0974,0.5262,0.558,0.1161,0.530981063843,4.749706,26.6,7.216956591620243,0.0285831,0.575932390885502,0
0.0975325927138329,0.08153242,0.284,-1.0353,0.1353,0.387,0.0747,0.282744020224,0.119053,1.687,3.863494463264942,-0.276464,-1.00799580942068,0
0.36677211523056,0.083105505,0.292,-0.9018,0.0021,0.161,0.1222,0.228043973446,0.812906,8.407,3.624989876961761,-0.441239,-0.969204944693624,0
0.0381714375063056,0.15685618,0.305,-0.7896,0.3469,0.276,0.0706,0.208623051643,0.853092,8.796,4.12757686615814,-0.243633,-0.828064727201298,0
0.664063811302185,0.43338507,0.495,0.6355,0.8337,0.411,0.1026,0.287492781878,3.503182,22.7,2.9726670384407043,-0.0114971,0.236847037548055,0
0.0239443772974444,0.032804072,0.065,-0.9322,0.0007,0.097,0.0671,0.23431815207,-1.498867,0.005,3.8019212983174873,-0.608048,-1.78832130466407,0
0.0430892614136165,0.035767674,0.484,-0.7783,0.227,0.209,0.0696,0.255534529686,0.903627,9.294,2.1938811242580414,-0.0889345,-1.2668124292036,0
0.124015355181423,0.1600588,0.299,-0.7644,0.2656,0.233,0.1051,0.293400466442,0.472001,5.171,3.540512290385763,-0.287942,-0.758093960653749,0
0.045273241579782,0.035672188,0.039,-0.9291,0.0009,0.138,0.0605,0.266620308161,-1.180903,0.013,3.7396981160834497,-0.647214,-1.61104492597285,0
0.979934990406036,0.85855603,0.856,1.0064,0.901,0.657,0.8598,0.440520197153,6.355442,34.0,15.99540914571844,0.493523,0.79643733570162,1
0.0235738256165103,0.10564488,0.089,-0.8983,0.0022,0.207,0.1009,0.207915067673,0.033353,1.217,3.639599054837567,-0.593019,-0.957190914410595,0
0.882570385932922,0.31911612,0.12,-0.9783,0.0078,0.412,0.2322,0.268810898066,2.772901,20.2,4.166684418916702,-0.238915,0.0150545001719946,0
0.0361335687770287,0.13929796,0.5,-0.6368,0.3854,0.366,0.1174,0.302779555321,0.124834,1.725,2.661715865135193,-0.0868711,-0.909699651978793,0
0.914127707481384,0.7002204,0.594,-0.3397,0.4662,0.609,0.1027,0.336269855499,2.796013,20.3,3.0432743430137634,0.0592813,0.156472763106744,0
0.845764636993408,0.58232415,0.702,0.5123,0.7437,0.656,0.1566,0.296483755112,5.032274,28.1,3.943715035915375,0.272623,0.417212491786565,1
0.0345636611803282,0.033507824,0.062,-0.8973,0.0026,0.122,0.081,0.241546958685,-0.650762,0.086,3.5940202974452102,-0.644347,-1.19034451444022,0
0.913997709751129,0.5675915,0.537,-0.1343,0.5226,0.477,0.1149,0.262425154448,2.915243,20.8,3.1301528215408325,-0.0626026,0.0166041123157802,0
0.0361057644807709,0.07863113,0.176,-0.9852,0.1389,0.208,0.0953,0.255589902401,-0.179238,0.529,4.518279580071302,-0.394418,-1.19219072774946,0
0.122366711497307,0.103870094,0.281,-0.9166,0.003,0.173,0.0657,0.203017488122,0.294403,3.212,3.5911959785940564,-0.467536,-1.01414151479275,0
0.0366193987429142,0.10467833,0.125,-0.8803,0.0034,0.256,0.1845,0.268343448639,0.049383,1.294,2.2888827274790025,-0.526448,-1.09012304647302,0
0.68624484539032,0.29989013,0.398,-0.5046,0.4069,0.43,0.0779,0.291629493237,1.249421,12.55,3.517573519550032,-0.0830237,0.0368714022110456,0
0.0735941267456823,0.17749959,0.605,0.1101,0.7749,0.271,0.1699,0.209162831306,0.911641,9.373,5.01593494221002,0.0912714,-0.935831789549629,0
0.937968969345093,0.5859198,0.501,-0.358,0.5805,0.477,0.1252,0.213635697961,1.652649,15.04,3.19179661379473,-0.0146474,-0.33365840148983,0
0.0276287302521439,0.059384763,0.322,-0.9308,0.0011,0.201,0.0388,0.287564575672,0.623781,6.681,3.8264004588127136,-0.387299,-1.17381449468302,0
0.0782496109604836,0.11562762,0.195,-1.0218,0.083,0.335,0.0911,0.346989810467,1.836506,15.98,3.276651869005494,-0.282707,-0.16742624352572,0
0.0431833012495534,0.12349284,0.118,-0.9095,0.0032,0.189,0.0836,0.254039257765,0.531886,5.788,3.989508777856827,-0.56466,-0.801495463996298,0
0.0249936240803045,0.096331984,0.508,-0.8739,0.2478,0.398,0.0682,0.253535658121,-0.196934,0.492,2.44228595495224,-0.123065,-1.28470306469213,0
0.0412275911419133,0.12076485,0.114,-0.916,0.0031,0.191,0.0754,0.261926949024,0.498904,5.452,4.119111925363541,-0.501878,-0.853363081644822,0
0.370737790051402,0.24680689,0.185,-0.8856,0.0039,0.401,0.1106,0.28833720088,1.2864,12.81,3.608099222183228,-0.301304,-0.369980070609838,0
0.961852848529816,0.45561436,0.417,0.6025,0.6635,0.45,0.2532,0.505460202694,4.283988,24.8,7.387767247545222,0.0988734,0.667921745262,0
0.219486387860812,0.26683974,0.394,-0.8211,0.2826,0.394,0.0903,0.229516819119,0.712537,7.496,4.141135538424038,-0.131905,-0.998952055479399,0
0.050646685063839,0.0988093,0.414,-0.914,0.2389,0.358,0.0806,0.211266949773,-0.010013,1.031,2.858971460387812,-0.195062,-1.14694713384645,0
0.0708545714074309,0.17833018,0.27,-0.8971,0.0033,0.407,0.1494,0.276109397411,0.891743,9.177,3.366076760598494,-0.35869,-0.761650736477747,0
0.0319389715829346,0.028999805,0.109,-1.0694,0.0516,0.259,0.0798,0.35171431303,0.539598,5.865,4.41506912249001,-0.480444,-1.41349842605186,0
0.711668610572815,0.15227848,0.14,-0.8666,0.0032,0.207,0.0831,0.342912375927,2.279573,18.03,4.384310304595424,-0.296245,-0.108466811829169,0
0.0459783583872165,0.04312256,0.385,-0.8864,0.2642,0.299,0.1344,0.227104961872,-2.783571,0.001,2.1683759537173457,-0.312504,-2.08514363507275,0
0.069306270950444,0.09921518,0.043,-0.8909,0.0016,0.096,0.0683,0.221285238862,1.513444,14.26,4.472774684429169,-0.594306,-0.956112699380859,0
0.0700883615989796,0.07784468,0.17,-0.8799,0.0027,0.22,0.1579,0.371378272772,0.656293,6.983,3.379168922054149,-0.461858,-1.0048322004006,0
0.983925104141235,0.6047724,0.614,0.1917,0.8006,0.537,0.2009,0.318042218685,2.832739,20.5,3.387266488179925,0.110846,0.173531030005431,0
0.0628022964731203,0.14078632,0.318,-0.9008,0.0021,0.297,0.0947,0.206173986197,0.821032,8.485,2.235306943640501,-0.370424,-0.922100350544259,0
0.212571650743484,0.59530115,0.133,-0.9343,0.006,0.573,0.1713,0.315665334463,1.190417,12.12,4.290443294151439,-0.305757,-0.461067264955849,0
0.918006539344788,0.32026973,0.201,-0.8725,0.003,0.434,0.078,0.445270627737,3.162309,21.6,2.635814342869604,-0.229624,-0.110864049844391,0
0.0851065846266694,0.19684699,0.279,-0.8848,0.003,0.324,0.1034,0.252192229033,1.210286,12.27,4.245640955042419,-0.307777,-1.01225290182707,0
0.0841888195357495,0.102868766,0.547,-0.7271,0.3614,0.33,0.0849,0.28512442112,0.744997,7.787,3.154379137393673,-0.105739,-0.79208387209919,0
0.052295133471489,0.08167979,0.271,-0.9475,0.0023,0.212,0.0677,0.279803961515,-0.269989,0.368,2.9299322068691254,-0.375053,-1.24409976679831,0
0.934641480445862,0.7233373,0.653,0.4267,0.789,0.721,0.2105,0.451314032078,3.514707,22.7,4.284637772315303,0.161677,0.341622584350992,0
0.484997898340225,0.39750785,0.467,-0.3042,0.5089,0.432,0.079,0.292831122875,2.119674,17.31,3.7425270572391214,-0.0777638,-0.271729954317861,0
0.796444787254543,0.8355818,0.709,0.3063,0.7352,0.758,0.8965,0.360544979572,4.452312,25.3,13.022417187690737,0.318098,0.344890396379551,0
0.119878013002832,0.14979583,0.157,-0.882,0.0029,0.284,0.1653,0.304399549961,0.761511,7.935,3.271497517824173,-0.335956,-0.434186991598737,0
0.798363608700061,0.45407492,0.346,-1.1962,0.0613,0.489,0.6675,0.560371875763,4.335297,25.0,4.224247030092428,-0.0833726,0.858502645397005,0
0.0996934175491333,0.6769701,0.477,-0.8979,0.2781,0.489,0.0822,0.311267852783,0.728733,7.641,1.3245315551757812,-0.108424,-0.870724640359091,0
0.327215582132339,0.16556773,0.164,-0.8384,0.0032,0.178,0.0857,0.342087566853,1.640523,14.98,3.3878399431705475,-0.26384,-0.279760391085286,0
0.0497733594109949,0.15751997,0.311,-0.878,0.2393,0.305,0.0835,0.304177641869,0.029509,1.199,4.437533050775528,-0.261163,-0.82961494189554,0
0.814177796141337,0.6624398,0.766,0.7833,0.779,0.557,0.2515,0.477353453636,3.608281,23.0,6.362759530544281,0.0895752,0.467778764695909,1
0.490782588720322,0.3853769,0.557,-0.6996,0.3266,0.46,0.1282,0.345400780439,0.099138,1.564,4.503799517561359,-0.110143,-0.621508686206493,0
0.171928450465202,0.14284441,0.134,-0.9159,0.0026,0.331,0.0646,0.296881109476,1.05315,10.92,3.62564461316743,-0.49274,-1.09953439598292,0
0.0461200579286424,0.048981726,0.255,-0.9331,0.0012,0.153,0.0793,0.210764676332,0.591031,6.369,3.4830047488212585,-0.458741,-1.16787997299703,0
0.996026039123535,0.70348346,0.383,-1.1809,0.0775,0.629,0.9127,0.649477481842,4.071131,24.2,0.1974018812179565,-0.102015,0.835041915883026,1
0.856113910675049,0.42573535,0.568,0.6416,0.7925,0.501,0.297,0.292757570744,2.946912,20.9,2.7351588010787964,0.0703166,0.34772446806015,0
0.144030689576981,0.210495,0.312,-0.7251,0.3452,0.307,0.0913,0.287056386471,1.093393,11.31,4.841258107969996,-0.193477,-0.627797210903824,0
0.990933179855347,0.87426627,0.802,1.0129,0.9052,0.931,0.9643,0.731265485287,4.886996,27.3,14.575689820398113,0.450391,0.953646957672994,1
0.283093452453613,0.32959703,0.558,-0.3436,0.5957,0.453,0.18,0.239982843399,3.2284,21.8,7.21810781955719,0.0211131,-0.0152616341987095,0
0.0796974128535419,0.1253095,0.186,-0.8824,0.0049,0.251,0.0978,0.243855684996,0.721623,7.578,4.1865643709898,-0.452545,-1.22820031110405,0
0.0493463065695238,0.057708412,0.13,-0.9918,0.0626,0.081,0.0934,0.265045523643,-0.184197,0.518,3.74898832486566,-0.444496,-1.44456919707627,0
0.285353153944016,0.19894391,0.202,-0.9089,0.0036,0.39,0.0937,0.313579112291,1.749534,15.55,3.588001755760392,-0.391763,-1.00481469748635,0
0.0447780726622877,0.15302885,0.112,-1.0094,0.135,0.091,0.0635,0.31333565712,0.536625,5.835,2.858573944183271,-0.395109,-1.07746367821864,0
0.111420798569551,0.15502125,0.209,-0.939,0.0019,0.208,0.0968,0.291266918182,0.532658,5.795,4.536442082863105,-0.458131,-0.778455493282229,0
0.0929591134190559,0.109315336,0.108,-0.9142,0.0048,0.204,0.0723,0.214279428124,0.473376,5.186,5.303019613027573,-0.558076,-1.17188681665874,0
0.0286306560336999,0.06366518,0.027,-1.0161,0.0234,0.117,0.0573,0.23628693819,-1.802749,0.002,2.3481886864172177,-0.591991,-1.80532046199288,0
0.944019019603729,0.8172388,0.511,-0.1037,0.6851,0.601,0.1735,0.272879064083,2.763636,20.2,3.215425476253926,0.0525237,0.159294446190487,0
0.0970132201910019,0.107592404,0.561,-1.008,0.0362,0.219,0.1123,0.235615029931,0.504149,5.506,4.7871469259262085,-0.119928,-0.922763305009507,0
0.407128856034664,0.26601064,0.429,0.2848,0.8083,0.366,0.1025,0.320134520531,0.843473,8.702,2.3515709306624832,-0.0516856,-0.409862039719926,0
0.150649100542068,0.18852928,0.163,-0.915,0.0037,0.342,0.1151,0.210697770119,1.258236,12.62,3.877819001674652,-0.364572,-0.662513989834033,0
0.0355977308748107,0.12054592,0.075,-1.0081,0.15,0.084,0.0969,0.24969163537,0.862438,8.888,1.772191658555085,-0.413468,-0.63575844129155,0
0.789347469806671,0.31113654,0.546,0.4498,0.6395,0.4,0.2017,0.329486221075,3.280753,22.0,4.946606748486992,0.0461893,0.0767038753001359,0
0.0636174217730245,0.03254637,0.146,-0.9039,0.0021,0.184,0.0715,0.325520038605,-0.050024,0.883,3.285127227559153,-0.52433,-1.03024035963298,0
0.191551938652992,0.22867057,0.639,-0.9481,0.1736,0.322,0.0781,0.433098435402,1.415495,13.67,4.064882003952154,0.0220459,-0.231182061726107,0
0.057633400971921,0.11058584,0.22,-0.8822,0.0039,0.215,0.1117,0.321227610111,0.999263,10.32,3.144457876682281,-0.292312,-0.730138527155767,0
0.0554210568721149,0.19439465,0.481,-0.5485,0.4017,0.341,0.0931,0.278208851814,1.21386,12.3,4.123728193823172,-0.119856,-0.633482091856531,0
0.118161165224199,0.3167026,0.177,-0.9016,0.0037,0.368,0.0836,0.253367990255,-0.37609,0.243,3.7813032565712783,-0.442023,-0.941250484846219,0
0.7550408244133,0.5142541,0.372,-0.7414,0.3264,0.38,0.1102,0.236798942089,1.858682,16.08,4.198287498406902,-0.167421,-0.348389954036811,0
0.304870128631592,0.20994124,0.125,-0.9804,0.1253,0.274,0.1456,0.270751714706,1.170871,11.97,5.506399368767802,-0.323422,-0.773572429981669,0
0.0110347243025899,0.13564414,0.586,-0.9935,0.048,0.16,0.1386,0.386555582285,-0.46072,0.176,3.517596513032913,0.0121501,-0.779641606552485,0
0.93621301651001,0.27890396,0.141,-0.8712,0.0062,0.37,0.1056,0.247026488185,3.436864,22.5,5.407403498888016,-0.250438,-0.196715789963833,0
0.0866172388195992,0.05674815,0.292,-0.9542,0.2126,0.258,0.0716,0.271945238113,-0.280152,0.354,3.582990437746048,-0.294998,-1.14325388412654,0
0.795871555805206,0.20512033,0.282,-0.8271,0.2344,0.211,0.0913,0.449732601643,2.230843,17.81,7.167370793875307,-0.223773,0.100164539724063,0
0.994255840778351,0.9061365,0.896,0.9681,0.8751,0.634,0.744,0.562296390533,4.483996,25.5,13.312238849532497,0.414699,0.874594810155248,1
0.0300526772351751,0.057947993,0.034,-0.9399,0.0017,0.047,0.1075,0.216234877706,1.133269,11.67,4.055203825235367,-0.649234,-1.17863137236737,0
0.105808648618922,0.21652704,0.212,-0.915,0.0036,0.277,0.1005,0.192511335015,1.284438,12.8,4.442861916315736,-0.323852,-0.750538498881573,0
0.674029409885406,0.61097383,0.63,-0.4594,0.458,0.465,0.1256,0.256386429071,1.753817,15.57,4.79429304599762,-0.00254824,0.0514316343237502,0
0.0747750121201342,0.1753974,0.26,-0.9005,0.0031,0.266,0.1251,0.282991886139,0.340189,3.718,3.637843042612076,-0.36195,-0.764343172472927,0
0.857081294059753,0.52487314,0.249,-1.2043,0.0314,0.571,0.4342,0.619107782841,4.735152,26.5,7.151819981634617,-0.178658,0.731661313956541,0
0.224590867757797,0.10930169,0.287,-0.9845,0.1554,0.183,0.0731,0.214741408825,0.971264,9.994,5.65779232496561,-0.172577,-0.591697863099161,0
0.0412109452098773,0.10106292,0.355,-0.8546,0.2219,0.322,0.1022,0.19312697649,1.439635,13.82,3.446426451206208,-0.257693,-0.871366550652693,0
0.157583743333817,0.13868573,0.151,-0.9077,0.0021,0.337,0.128,0.224921628833,1.16879,11.96,5.038763076066971,-0.445359,-0.697868528044733,0
0.0217660260102152,0.059783846,0.331,-0.9107,0.0019,0.141,0.0735,0.217492073774,0.5327,5.796,3.972100421716011,-0.410558,-1.31577571751163,0
0.708155810832977,0.24894649,0.554,-0.6115,0.2093,0.457,0.1169,0.250180870295,3.056086,21.3,3.919479310512543,0.1933,-0.0957544725715589,0
0.144832298159599,0.091291875,0.115,-0.9122,0.0018,0.165,0.0537,0.229520246387,-0.486935,0.159,3.4789063930511475,-0.615982,-1.39012120962047,0
0.882665753364563,0.63496274,0.621,0.397,0.6152,0.397,0.1344,0.39780664444,3.875461,23.7,7.977184232977008,0.045346,0.628426913260435,0
0.109481684337546,0.17330042,0.145,-1.0359,0.0799,0.38,0.131,0.337870717049,0.618354,6.629,3.167823502125935,-0.331949,-1.00816096823313,0
0.250307163486754,0.30758047,0.472,-1.0208,0.1284,0.495,0.3434,0.310314655304,4.51604,25.6,4.76055720448494,0.0386276,0.0468730000945271,0
0.0765630524034111,0.10863805,0.072,-1.0261,0.0948,0.152,0.1001,0.281878113747,0.140388,1.83,3.618489991073973,-0.5055,-0.805319677629933,0
0.787135541439056,0.44956914,0.555,-0.2687,0.3484,0.437,0.2355,0.394888818264,4.42902,25.3,8.814435755368322,-0.166647,0.201787916611681,0
0.978166043758392,0.90642065,0.775,0.7867,0.8275,0.854,0.993,0.513829231262,4.305926,24.9,13.824217803776264,0.447661,0.486016455646759,1
0.164824649691582,0.12955618,0.226,-0.8488,0.2416,0.179,0.0908,0.284033894539,1.570204,14.59,3.842027778046797,-0.262001,-0.740204002531911,0
0.939971685409546,0.44237906,0.602,-0.0089,0.6778,0.422,0.1907,0.314901381731,2.661048,19.69,5.3074309500417325,0.0468378,-0.274667157145458,0
0.0384410179968367,0.057691067,0.038,-0.9582,0.0349,0.152,0.1773,0.304953277111,-0.299352,0.328,3.8002802896588697,-0.519053,-1.48873712437088,0
0.945420265197754,0.31784436,0.524,-0.3505,0.5852,0.268,0.0813,0.252328276634,0.97248,10.02,3.92862930893898,-0.0921112,-0.541931471356367,0
0.550814390182495,0.37370515,0.472,-0.9533,0.2085,0.444,0.7599,0.2996314466,2.182491,17.59,3.0270442630465872,-0.115454,-0.490581406746303,0
0.0827142000198364,0.1405473,0.363,-0.8883,0.267,0.387,0.0929,0.277549982071,1.508058,14.23,2.733103152155908,-0.203745,-0.802760025753932,0
0.0388016514480114,0.07848987,0.278,-0.9069,0.0014,0.211,0.0738,0.231084018946,-2.028184,0.002,2.6120450967612,-0.565557,-1.67018324315987,0
0.0321449571511434,0.045006067,0.026,-0.9403,0.0016,0.111,0.1124,0.223333150148,-0.446103,0.186,2.322129383646809,-0.616149,-1.35707263976206,0
0.0373055834357781,0.07921648,0.301,-0.9247,0.0017,0.285,0.1287,0.309202551842,-0.033682,0.94,1.7201403593009477,-0.413797,-1.21170702053749,0
0.0806449502706528,0.09988505,0.074,-1.0227,0.0801,0.195,0.0754,0.296601653099,0.083708,1.475,3.181509419374171,-0.462348,-1.22872182550427,0
0.988020718097687,0.73640394,0.638,1.1069,0.8857,0.416,0.2085,0.405170977116,4.225974,24.6,3.6205257773399353,0.165937,0.744944763594666,0
0.965432226657867,0.61348975,0.574,0.3974,0.6715,0.503,0.4737,0.461211919785,3.510192,22.7,4.994775575673384,-0.0960451,0.453851443296288,0
0.0413546524941921,0.10049102,0.253,-0.9089,0.1678,0.243,0.0644,0.289989173412,-0.185169,0.516,3.596692825150287,-0.300737,-1.15039246018035,0
0.843738555908203,0.45669252,0.079,-1.0454,0.0099,0.559,0.1493,0.407321214676,3.099938,21.4,3.569820908737451,-0.268465,0.251163618100323,0
0.0344140422866864,0.19696406,0.436,-0.9803,0.1083,0.285,0.1125,0.220649346709,-0.19417,0.498,3.649892739743211,-0.118191,-0.466620944970305,0
0.177042037248611,0.12502605,0.285,-0.8344,0.2578,0.324,0.0974,0.340465694666,1.059367,10.98,4.383283441972774,-0.213491,-0.670450992583528,0
0.37925910949707,0.3184787,0.519,-0.4977,0.4517,0.328,0.0886,0.316869080067,0.047801,1.286,3.2439002096652985,-0.15377,-1.06069824208117,1
0.0735026839563134,0.20460224,0.186,-0.9139,0.0033,0.341,0.0754,0.255165547132,-0.628708,0.094,3.5787222385406494,-0.317036,-0.771184778367284,0
0.590898275375366,0.28529632,0.48,0.6472,0.9381,0.524,0.1839,0.356084257364,2.351488,18.35,3.8392604860950392,0.060366,-0.166701556753272,0
0.221851382643594,0.22307616,0.162,-0.806,0.0028,0.2,0.0833,0.270867496729,1.840361,16.0,4.76168453378029,-0.462211,-0.322510761536387,0
0.025854374480885,0.114750445,0.17,-0.9279,0.0026,0.251,0.1111,0.286526024342,0.085193,1.483,3.788249343633652,-0.362068,-0.97989922909469,0
0.402451455593109,0.18450546,0.454,-0.4578,0.4864,0.32,0.0949,0.271927595139,1.970719,16.62,4.646879939009899,-0.0666149,-0.246870712757324,0
0.982176423072815,0.80582666,0.709,0.0846,0.5255,0.803,0.6252,0.619040131569,3.712437,23.3,11.810563567778445,0.121817,0.445837460625903,0
0.0893931708758464,0.1803743,0.377,-1.0006,0.2071,0.241,0.1438,0.238552600145,0.200869,2.297,3.905943039765364,-0.283719,-1.01988769298226,0
0.0475073085781129,0.04186225,0.041,-1.0773,0.0304,0.108,0.0561,0.231609329581,-1.148034,0.015,2.295726341647104,-0.584925,-1.83766298651112,0
0.264204889535904,0.14915624,0.04,-0.921,0.0041,0.173,0.0721,0.272482037544,0.83837,8.652,3.828292657952866,-0.53645,-0.629678102403721,0
0.0085398372340533,0.18460795,0.539,-0.7763,0.3507,0.139,0.0613,0.206538587809,-0.216871,0.455,1.7864166498184204,0.0201695,-1.01814026730307,0
0.910831809043884,0.6052697,0.331,-0.2019,0.4999,0.481,0.1279,0.274688839912,2.11243,17.27,4.554142840206623,-0.0755342,0.134280376061267,0
0.0330661248185514,0.10622141,0.286,-0.8946,0.2814,0.206,0.0697,0.268375515938,-0.112824,0.689,4.148424780496179,-0.327101,-1.01737134407998,0
0.0322246879239572,0.05315751,0.098,-0.9029,0.0015,0.141,0.0928,0.356806278229,1.574658,14.62,3.2667515873909,-0.689805,-1.54934924659119,0
0.0116218095345499,0.05309853,0.383,-0.9508,0.1445,0.236,0.0626,0.214276313782,0.088798,1.504,2.928678155768525,-0.294793,-1.46344355538783,0
0.689402937889099,0.20083901,0.169,-0.918,0.0045,0.177,0.1218,0.381903290749,0.150787,1.903,4.874410150449205,-0.394112,-0.528507795945082,0
0.958161175251007,0.7986145,0.701,1.0434,0.9419,0.79,0.9081,0.429443776608,3.780725,23.5,4.722190052270889,0.509413,0.692986613320157,0
0.164216533303261,0.34279704,0.521,-0.9454,0.1133,0.395,0.0847,0.230381816626,0.260261,2.854,2.1903029876906364,-0.0251148,-0.963280574916346,0
0.0847668275237083,0.14317504,0.309,-0.9051,0.0019,0.297,0.0724,0.263683527708,-1.422229,0.006,1.860239863395691,-0.415157,-1.39911978675174,0
0.158470973372459,0.104674816,0.272,-0.9203,0.0018,0.237,0.077,0.217962175608,-0.094092,0.742,2.573968013679706,-0.482542,-1.02963457054479,0
0.896705985069275,0.7089609,0.413,-0.4298,0.5076,0.558,0.1536,0.342600405216,1.686215,15.22,3.985062512714431,-0.0944716,-0.303104393168841,0
0.0497055229994646,0.1696398,0.218,-0.8978,0.0035,0.361,0.1081,0.24903921783,-0.452813,0.181,1.9594653267780529,-0.364528,-0.871982067743603,0
0.274312973022461,0.18771005,0.087,-0.8742,0.0041,0.239,0.1216,0.279177963734,0.887889,9.139,3.361503941980602,-0.476179,-0.542019242682964,0
0.0468869517147316,0.11265397,0.175,-0.9708,0.1988,0.146,0.0699,0.237734287977,-0.718876,0.067,3.1680019381337625,-0.354958,-1.11402714682144,0
0.0904226824641228,0.09149817,0.427,-0.9261,0.234,0.263,0.1028,0.255150824785,-0.227566,0.436,2.6074783205986023,-0.270725,-1.44303196708285,0
0.719296813011169,0.36191708,0.542,0.422,0.8412,0.391,0.1253,0.32983314991,1.931827,16.43,5.354711687311297,-0.0719614,-0.35696523369709,0
0.0627627000212669,0.07512316,0.207,-0.9052,0.0025,0.219,0.2436,0.241204380989,0.677878,7.181,2.525682210922241,-0.445538,-1.1155716826388,0
0.433297574520111,0.20322442,0.278,-0.9515,0.1955,0.429,0.085,0.271194219589,2.329145,18.25,1.910440313013947,-0.234241,-0.392085095485283,0
0.0228268452128473,0.046021163,0.123,-0.9572,0.0184,0.181,0.0622,0.284788787365,0.450537,4.943,-0.5511199217644364,-0.462055,-1.07663793848762,0
0.0425545806014246,0.10257897,0.418,-0.9455,0.1875,0.244,0.1181,0.224894613028,-1.134549,0.015,2.003002725285037,-0.0473221,-1.25168488778168,0
0.692579925060272,0.30300188,0.441,-0.4962,0.4474,0.324,0.0918,0.253560602665,1.948931,16.51,4.313992030918598,-0.0935831,-0.490348288824127,0
0.0446747429668903,0.35591912,0.514,-0.8409,0.2936,0.377,0.075,0.202363431454,-0.21062,0.466,4.730589151382446,-0.241995,-0.98182547691548,0
0.725848495960236,0.27831703,0.482,-0.1515,0.6837,0.441,0.1209,0.251851052046,2.955821,20.9,4.125751361250877,-0.0208556,0.101742465742091,0
0.0833100541413025,0.091253996,0.356,-0.8865,0.2021,0.26,0.0965,0.216126412153,0.115101,1.662,4.0306134592518585,-0.263434,-1.26680387077646,0
0.287967026233673,0.2586478,0.519,-0.2025,0.669,0.373,0.093,0.269924104214,0.655953,6.98,2.4958470463752747,-0.0190543,-0.444909065090164,0
0.991573393344879,0.9213754,0.759,0.5989,0.6644,0.698,0.1106,0.363021314144,3.778181,23.5,4.476640388936152,0.121828,0.742056351231731,0
0.541727423667908,0.311633,0.536,0.4084,0.8887,0.399,0.0822,0.241192281246,2.460512,18.82,3.570742499997385,-0.0312178,0.209093669294822,0
0.44584596157074,0.19234627,0.187,-0.912,0.0045,0.346,0.1304,0.244416773319,1.767287,15.64,3.313802182674408,-0.330759,-0.448942716046009,0
0.914023399353027,0.6802195,0.546,-0.3033,0.4842,0.495,0.3315,0.445721924305,3.94388,23.9,8.35095640720617,-0.0084788,0.515395908709083,0
0.825626313686371,0.40561774,0.271,-0.9383,0.1618,0.505,0.2903,0.324405968189,3.133695,21.5,11.397592347875326,-0.0759379,-0.010373665829447,0
0.0544757656753063,0.11390084,0.121,-0.9041,0.0024,0.149,0.0901,0.23109190166,-0.041562,0.912,3.163790315389633,-0.535125,-1.31691536584738,0
0.107661278184791,0.20429513,0.634,-0.092,0.7164,0.392,0.0964,0.271600455046,1.653462,15.05,4.226378743817081,-0.00619486,-0.448333412424242,0
0.799007296562195,0.90460837,0.669,0.8916,0.9096,0.45,0.1883,0.255339115858,2.714528,19.91,5.688675956638857,0.354322,-0.0610839926222985,0
0.220098853111267,0.2140503,0.473,-0.6379,0.3839,0.355,0.2725,0.292668938637,0.42,4.611,5.074111476792598,-0.0528195,-0.705163458933326,0
0.0228262264281511,0.07805997,0.291,-0.95,0.0011,0.285,0.1147,0.24705350399,0.345227,3.775,2.704257428646088,-0.389635,-0.912729102798295,0
0.975045263767242,0.7628163,0.708,0.4187,0.657,0.629,0.6551,0.688821554184,4.750768,26.6,11.45127367740497,0.346945,0.576825623930144,0
0.536149084568024,0.5239727,0.63,0.3314,0.6108,0.538,0.2063,0.422659814358,3.638007,23.1,3.018646359443665,0.0809196,0.324708140146233,0
0.893002390861511,0.34982514,0.112,-0.922,0.0066,0.447,0.1049,0.28159186244,1.391939,13.52,4.008956761931883,-0.291127,0.0671956879236348,0
0.685255527496338,0.3786689,0.637,0.4447,0.8877,0.561,0.1918,0.399072110653,1.771169,15.65,3.088651120662689,0.245897,-0.27770940971533,0
0.0334161526421677,0.15989581,0.429,-0.8997,0.0017,0.36,0.0915,0.257957756519,-0.111673,0.692,0.8670327573165888,-0.487859,-1.1449000898383,0
0.561752557754517,0.42846084,0.113,-0.8998,0.0046,0.462,0.2296,0.310791999102,1.023604,10.6,3.381459141393245,-0.442474,-0.440816149319681,0
0.963440716266632,0.98693514,0.937,1.0079,0.9916,0.971,0.9941,0.764377951622,4.69389,26.3,11.927450902905548,0.546141,0.786059448747472,1
0.127661495289254,0.27549565,0.144,-0.918,0.0039,0.452,0.0798,0.286766171455,0.44435,4.877,4.325897245976631,-0.431583,-0.564606608439537,0
0.0479758499109745,0.13114312,0.134,-1.015,0.1031,0.314,0.1812,0.245006620884,0.125002,1.726,5.520214265578219,-0.444231,-0.891054212016256,0
0.0776496303369259,0.17049393,0.573,-0.2226,0.7275,0.319,0.0739,0.224599912763,1.679124,15.18,4.368299411950958,-0.0487405,-0.983990357010865,0
0.155180916190147,0.12593302,0.242,-0.8315,0.0014,0.208,0.0739,0.211736232042,-0.028529,0.959,4.507291382318405,-0.478882,-1.16605607394711,0
0.750038683414459,0.67629606,0.171,-0.9213,0.0062,0.574,0.1404,0.34502863884,1.759557,15.6,3.7153728309952174,-0.252043,-0.312653288140278,0
0.963413178920746,0.5782397,0.448,0.0051,0.3513,0.507,0.1896,0.415097415447,4.541221,25.7,9.797232483520292,-0.00401032,0.360718312569438,0
0.941789209842682,0.44117877,0.647,0.0169,0.7149,0.458,0.1229,0.367194741964,2.769922,20.2,6.6503199951083145,0.0251979,0.266968799890065,0
0.792835593223572,0.25939572,0.133,-0.9014,0.0048,0.368,0.1212,0.320230484009,2.146491,17.43,4.491964370012283,-0.291581,-0.0880038777014297,0
0.0908884518969882,0.14626616,0.172,-0.9355,0.0032,0.394,0.0888,0.271865129471,1.592807,14.72,3.679919784166105,-0.359689,-0.905552955755736,0
0.0497303745383595,0.09264818,0.269,-0.8756,0.0022,0.225,0.0703,0.193959563971,-0.096891,0.734,2.934845014662125,-0.417149,-1.20528361396179,0
0.991306602954865,0.87363154,0.69,0.7791,0.8251,0.721,0.2774,0.537992835045,3.988586,24.0,6.9427488427609205,0.270967,0.67988659602976,0
0.0483654221095755,0.098606616,0.306,-0.9047,0.002,0.164,0.0637,0.267634779215,0.134722,1.791,2.31525191553449,-0.49087,-1.18627792735492,0
0.0860030555662375,0.069756985,0.515,-0.5663,0.2566,0.316,0.077,0.262822121382,1.230982,12.42,4.073863685305074,-0.150396,-0.784916853790013,0
0.995566546916962,0.93244773,0.765,0.7757,0.803,0.619,0.2835,0.490638822317,4.480432,25.4,9.498834980936657,0.21736,0.863407521641832,0
0.337219834327698,0.21814767,0.514,-0.8654,0.2052,0.425,0.1327,0.283287674189,2.441195,18.74,3.34982031583786,-0.145045,-0.0973355823446792,0
0.929923892021179,0.55229163,0.571,0.6355,0.8004,0.585,0.1699,0.701867759228,4.349468,25.0,9.557893141136924,0.100277,0.801921834921473,0
0.0589574533636217,0.18862462,0.379,-1.0318,0.1201,0.356,0.1189,0.259646803141,1.727693,15.44,2.6814458932336627,-0.31411,-0.619237886369134,0
0.0401690668334237,0.09963289,0.361,-0.913,0.0021,0.158,0.0745,0.249344557524,0.280416,3.062,3.949624925851822,-0.397462,-1.32051852305695,0
0.0999757304455076,0.19441661,0.431,-0.7588,0.3299,0.28,0.0909,0.240648627281,-1.290419,0.009,3.1869373408469244,-0.264261,-1.42483026494144,0
0.995268762111664,0.8730494,0.824,0.958,0.8801,0.863,0.8435,0.712790310383,4.724369,26.4,11.395827383494243,0.4924,0.850987412323259,0
0.032754093859206,0.07128903,0.292,-0.8923,0.0037,0.157,0.08,0.254197329283,0.983673,10.14,3.3095492720603943,-0.317519,-1.12563896382485,0
0.0461918525397778,0.1315169,0.222,-0.9014,0.0037,0.41,0.0847,0.273007631302,1.791428,15.76,3.762983291993104,-0.363209,-0.777972695523017,0
0.981682658195496,0.46417052,0.555,0.6099,0.7555,0.426,0.4731,0.515476465225,4.513769,25.6,4.8661492870706,0.0812715,0.827642193107494,0
0.544511960830984,0.11142233,0.156,-0.9427,0.0038,0.133,0.0863,0.330447018147,2.139632,17.4,3.8906627744436255,-0.415046,-0.355317378315631,0
0.986450552940369,0.58730364,0.531,0.414,0.5781,0.486,0.108,0.353134989738,2.999702,21.1,6.4200931054357735,-0.062298,0.306585197107899,0
0.0836087688803673,0.098159075,0.258,-0.891,0.0018,0.208,0.0972,0.311902105808,0.20407,2.325,3.708392093414053,-0.487801,-0.947850823477958,0
0.0386869857494984,0.038496792,0.1,-0.9347,0.0009,0.092,0.0653,0.194363743067,-0.442128,0.189,2.6118626482324765,-0.600167,-1.83925812833511,0
0.0787620722719339,0.1070171,0.275,-1.009,0.1281,0.355,0.0865,0.243408128619,-0.40109,0.221,3.111113793641766,-0.34568,-1.43271376618336,0
0.420723617076874,0.53600645,0.454,-0.6199,0.3441,0.325,0.0944,0.215822607279,-0.040317,0.916,2.7467615564126464,-0.130368,-0.725549013937784,0
0.913368582725525,0.48480594,0.418,-0.7605,0.3322,0.358,0.0988,0.254393339157,2.598895,19.43,5.853503828569603,-0.203853,-0.0688421272523258,0
0.269248694181442,0.115151465,0.296,-0.95,0.1357,0.36,0.0826,0.231684684753,1.67549,15.16,4.767151703484275,-0.293545,-0.906012442626127,0
0.732990205287933,0.287773,0.13,-0.888,0.0022,0.342,0.162,0.388252794743,0.651579,6.94,3.3789632692933083,-0.476976,-0.92025633623746,0
0.106108896970791,0.23900992,0.489,-0.7453,0.3139,0.424,0.0756,0.286604851484,0.226938,2.53,2.733929213070795,-0.071934,-0.842017602607289,0
0.771223127841949,0.1569424,0.108,-0.9346,0.1337,0.129,0.1754,0.31372487545,2.05114,16.99,3.928789883852005,-0.311654,-0.168122427326344,0
0.0786897987127304,0.10130292,0.172,-0.9169,0.0025,0.309,0.0738,0.224266767502,0.857623,8.84,3.156552791595459,-0.31859,-0.897707123446021,0
0.194992646574974,0.115361124,0.081,-0.9233,0.0043,0.195,0.0863,0.264182478189,0.550126,5.97,2.750512171938378,-0.507778,-0.633886038851418,0
0.92694616317749,0.46100587,0.284,-0.1366,0.3957,0.451,0.3046,0.492496162653,3.860992,23.7,9.174592855973106,-0.0611632,0.699902480636674,0
0.119245428673022,0.12887466,0.268,-0.9075,0.0023,0.098,0.1146,0.223508045077,0.938549,9.643,4.0645893812179565,-0.430083,-0.928918602093241,0
0.183805614709854,0.065014094,0.22,-0.9742,0.1131,0.153,0.1197,0.210268318653,0.314687,3.433,1.7242953604686984,-0.389849,-1.27384750908429,0
0.0577108244852545,0.1720295,0.574,-0.3285,0.6282,0.261,0.0782,0.212818145752,-0.001659,1.064,3.0899333357810974,0.0324243,-1.16794245152625,0
0.0804247918617181,0.33339182,0.542,-0.323,0.6315,0.477,0.0834,0.274116754532,2.332201,18.26,2.729434818029404,-0.0304275,-0.270197206251303,0
0.048097831943202,0.1524213,0.163,-0.9061,0.0029,0.173,0.1311,0.206268191338,-1.09546,0.018,2.9124283697058835,-0.502784,-0.799344756962642,0
0.0311029125005007,0.10387838,0.09,-0.899,0.002,0.128,0.1404,0.273159682751,-1.026644,0.022,2.7618130992338967,-0.573982,-1.33417728185392,0
0.193288430571556,0.19195205,0.541,-0.4584,0.4909,0.185,0.0834,0.231682360172,0.304892,3.326,3.984691023826599,-0.141233,-0.948205100507606,0
0.881529569625854,0.31704015,0.534,-0.4491,0.344,0.513,0.1807,0.42737570405,3.637322,23.1,3.4237659573555,0.0424334,0.338904690476987,0
0.977933049201965,0.896219,0.933,1.2028,0.9462,0.6,0.5501,0.404279887676,4.013319,24.1,6.725701151851613,0.458832,0.64998640011037,0
0.964714586734772,0.774444,0.715,0.8662,0.8736,0.869,0.8286,0.483806550503,3.626089,23.1,11.91165959648788,0.466764,0.625781584369588,1
0.502894639968872,0.4729253,0.352,-0.7946,0.2381,0.368,0.2942,0.258266925812,2.189097,17.62,5.148917555809021,-0.218612,-0.789653463459606,0
0.189928829669952,0.19455138,0.542,-0.5603,0.3,0.287,0.075,0.322587668896,-0.79778,0.05,4.900082110389587,-0.183914,-1.31004570026296,0
0.0861708627197819,0.4114352,0.201,-0.887,0.0021,0.462,0.1385,0.304749727249,0.640497,6.837,2.0638942948553165,-0.339679,-0.740893685436052,0
0.0652090013027191,0.062053204,0.095,-1.0172,0.1762,0.115,0.0546,0.21922954917,-0.700444,0.072,4.16594532211808,-0.496595,-1.33563241813373,0
0.260000616312027,0.1623418,0.124,-0.997,0.1051,0.255,0.144,0.292674422264,0.258107,2.832,2.868942142386404,-0.348615,-0.663948378706462,0
0.895922482013702,0.5117683,0.569,0.3318,0.575,0.37,0.1614,0.308197498322,3.117581,21.5,8.77441369638943,-0.0823108,0.318392869490874,0
0.0669373216298688,0.053272307,0.407,-0.9307,0.0015,0.08,0.0955,0.293776988983,1.490243,14.13,2.72167432308197,-0.366563,-1.19586538155595,0
0.693946242332458,0.1708253,0.117,-0.9793,0.0019,0.314,0.098,0.306950390339,0.558736,6.055,3.959490805864334,-0.467963,-0.644230039297142,0
0.0654127448797226,0.09411809,0.05,-1.0178,0.0604,0.294,0.0921,0.292041242123,0.545698,5.926,3.7911768536338073,-0.511635,-0.999067882650774,0
0.105480167931874,0.18932548,0.446,-0.624,0.457,0.38,0.0835,0.240737050772,1.098704,11.36,4.613323048461126,-0.252315,-0.985761970092016,0
0.095033222012402,0.18225563,0.392,-0.8774,0.2686,0.45,0.069,0.248213410378,0.562036,6.087,2.932468326020809,-0.0987704,-0.74059684528742,0
0.364664316177368,0.24879286,0.131,-0.9222,0.0054,0.4,0.1005,0.276171058416,2.486004,18.93,4.856716275215149,-0.302981,-0.281200346261009,0
0.0837740898132324,0.15496871,0.158,-0.9001,0.0027,0.275,0.1527,0.329112827778,0.411804,4.521,6.441985952954654,-0.384308,-0.912440819862375,0
0.0597178433878223,0.1456286,0.335,-0.5597,0.391,0.207,0.1011,0.216407179832,0.624789,6.69,5.100337157628458,-0.220011,-0.859073169167749,0
0.0420689372016117,0.026204318,0.275,-0.9576,0.0759,0.207,0.0697,0.244978159666,-0.760938,0.058,3.797743518798787,-0.379896,-1.68168128295117,0
0.260992676019669,0.121607065,0.172,-0.9018,0.0023,0.207,0.1142,0.265106081963,-0.14458,0.607,2.9488063947094005,-0.513193,-0.894615534175496,0
0.0328370209528749,0.042818874,0.55,-0.756,0.192,0.23,0.0672,0.257718145847,0.178306,2.111,1.9787153005599976,-0.10342,-1.57806119071064,0
0.655407249927521,0.22569981,0.122,-0.8915,0.0065,0.291,0.0896,0.275791525841,2.661151,19.69,4.146410405635834,-0.26555,0.141759024435324,0
0.0123257981613278,0.063242435,0.084,-0.9332,0.0018,0.176,0.0674,0.241805389524,0.045904,1.277,3.8491789563685694,-0.573584,-1.16531886950895,0
0.447387408225859,0.29240894,0.488,0.4457,0.6278,0.399,0.192,0.389658510685,4.393103,25.1,9.781581164746916,-0.0586066,0.589372789417515,0
0.0999394760826502,0.19508559,0.245,-0.945,0.0019,0.434,0.0898,0.287908166647,1.063509,11.03,3.2564769983291626,-0.308423,-0.753169953580463,0
0.100372075408423,0.60738796,0.574,-0.8077,0.3098,0.457,0.0747,0.443268060684,1.850251,16.04,1.1169373989105225,-0.0473774,-0.550338221285938,0
0.955409288406372,0.44687822,0.421,0.1396,0.7516,0.454,0.1958,0.298094391823,2.673741,19.74,4.0309363324576335,0.0391709,0.212156155360392,0
0.821834206581116,0.27278805,0.157,-0.8285,0.0025,0.411,0.0955,0.29979506135,1.862381,16.1,5.147909360240472,-0.435155,-0.47955089470622,0
0.951216399669647,0.8358216,0.647,0.3138,0.7282,0.515,0.7935,0.389293789864,3.662439,23.2,2.7673770706997147,0.13145,0.456301107308418,0
0.6201012134552,0.21065363,0.309,-0.8529,0.236,0.288,0.0978,0.285235673189,2.668826,19.72,2.312997375274735,-0.152155,-0.793928049987622,1
0.2528957426548,0.13766178,0.076,-0.9906,0.1234,0.32,0.1079,0.397210180759,1.193861,12.15,3.5202618791179194,-0.411035,-0.956829929091882,0
0.963174998760223,0.81399596,0.594,0.5194,0.7415,0.671,0.2744,0.669679284096,1.80944,15.84,8.467359195800217,0.189209,-0.112798365278688,0
0.066699460583427,0.121741,0.236,-0.9242,0.0021,0.375,0.0767,0.256406366825,1.232811,12.44,2.700467526912689,-0.458413,-1.03793538375735,0
0.640127241611481,0.28059804,0.151,-0.8916,0.0051,0.387,0.0992,0.299979805946,1.986009,16.69,4.834309534107973,-0.250629,-0.121184727406775,0
0.0114016127221642,0.08719662,0.143,-0.747,0.0037,0.327,0.0823,0.294217467308,0.862431,8.888,2.432977387046704,-0.53621,-0.943577319926628,0
0.636226019134228,0.43960607,0.602,0.1158,0.7406,0.453,0.3846,0.301062643528,2.23446,17.83,2.250871056793312,0.0709036,-0.0573113375670385,0
0.698629677295685,0.31721318,0.341,-0.8537,0.2039,0.195,0.0854,0.189444795251,-0.752513,0.059,5.31597425788641,-0.337332,-1.32022313291288,0
0.885210633277893,0.367321,0.373,-0.7724,0.2667,0.359,0.1286,0.234490767121,1.497264,14.17,5.181735321879387,-0.122999,-0.876359390880629,0
0.369524836540222,0.5963695,0.522,-0.6895,0.3754,0.372,0.1376,0.241385430098,1.660635,15.09,4.3241625826374985,-0.110398,-0.124350740015748,0
0.440960109233856,0.15287504,0.241,-0.8127,0.0042,0.336,0.115,0.290837228298,1.199221,12.19,3.406944423913956,-0.471407,-0.906265104530877,0
0.0270362939442298,0.08693871,0.136,-0.9453,0.0054,0.321,0.1165,0.284742772579,0.435871,4.785,4.063607037067413,-0.326825,-0.858815839545856,0
0.0257198046892881,0.13162354,0.437,-0.8624,0.3053,0.319,0.0694,0.278380334377,-0.258655,0.385,3.4346991739306283,-0.122204,-0.943972732971008,0
0.364332103922223,0.6441704,0.205,-0.9027,0.0075,0.583,0.0924,0.234166100621,1.865689,16.12,5.382168078777958,-0.273711,-0.200413465273795,0
0.199791267514229,0.14402509,0.482,-0.1719,0.7485,0.341,0.2051,0.281489700079,0.689559,7.288,3.143619969799,-0.118838,-0.565290332566967,0
0.873226821422577,0.8884573,0.687,0.7267,0.7512,0.785,0.97,0.402806550264,3.172499,21.7,13.432257440057583,0.328277,0.376284195546614,1
0.824605524539948,0.32810438,0.555,-0.789,0.1388,0.573,0.17,0.3226557374,2.668961,19.72,3.507336914539337,0.211954,-0.213688743157245,0
0.13686142288335,0.23010138,0.105,-0.8481,0.0043,0.429,0.0862,0.28356719017,2.203479,17.69,3.024721086025238,-0.472684,-0.330919768541713,0
0.0499697868437032,0.056279957,0.194,-0.8688,0.0026,0.319,0.1116,0.428391218185,0.874369,9.006,3.586161106824875,-0.421661,-0.703293562095174,0
0.0544819467461468,0.113203734,0.173,-1.0085,0.0557,0.217,0.1044,0.225585669279,0.628953,6.729,3.3516072602071727,-0.504246,-0.957415580984524,0
0.0670485573476788,0.1959132,0.389,-0.8808,0.2608,0.327,0.1123,0.346346348524,-0.610816,0.1,2.9163643726408948,-0.266538,-1.2022337483417,0
0.408642679452896,0.139231,0.374,-0.4718,0.4582,0.277,0.1768,0.280309319496,1.03639,10.74,4.736157566308975,-0.170258,-0.623021947250255,0
0.0242727008513195,0.029515922,0.12,-0.8784,0.0013,0.141,0.0719,0.227120757103,-1.637862,0.003,3.9514640011812734,-0.613155,-2.08793617465147,0
0.114176902129089,0.16460553,0.457,-0.8497,0.2752,0.287,0.0709,0.195538118482,-0.585572,0.11,3.974315260332597,-0.170051,-0.859606969135077,0
0.182368516921997,0.18259454,0.212,-0.9116,0.2042,0.436,0.0872,0.277978718281,0.412402,4.528,2.537350454188555,-0.231152,-0.732797865483947,0
0.188272520899773,0.111177236,0.237,-0.9072,0.0029,0.201,0.0884,0.230265259743,-0.229711,0.432,3.773896217346192,-0.359957,-1.36233319594213,0
0.895153045654297,0.28809324,0.479,0.1296,0.7172,0.483,0.0907,0.280622750521,1.698188,15.28,3.8395042386751936,0.0237582,-0.0426122101815038,0
0.284394770860672,0.5134905,0.569,0.2807,0.8481,0.335,0.1286,0.338209688663,1.905646,16.31,5.113216722001429,0.00150028,-0.305033561558568,0
0.0911087885829565,0.15733206,0.455,-0.6219,0.4943,0.252,0.1228,0.281608343124,-0.720161,0.067,2.707845628261566,-0.229723,-1.55982631643404,0
0.420392245054245,0.32702023,0.37,-0.2292,0.5268,0.405,0.1063,0.320120930672,1.825232,15.92,3.1214140951633453,-0.160542,-0.131557000669682,0
0.953522741794586,0.7838776,0.639,0.6692,0.929,0.476,0.1546,0.320522040129,3.710342,23.3,2.643462765724732,0.215835,0.323318142002323,0
0.0372807338572087,0.1218338,0.532,-0.7641,0.3368,0.306,0.104,0.226862981915,-0.791495,0.052,4.661043763160706,-0.124234,-1.38403687349628,0
0.0510349491984167,0.10112628,0.194,-0.958,0.0022,0.15,0.0662,0.329284608364,-0.944034,0.03,3.840186124381464,-0.50502,-1.11406337459752,0
0.0222833563488215,0.044382006,0.479,-0.7401,0.1194,0.488,0.0534,0.222192794085,0.867952,8.942,3.075716555118561,-0.129544,-1.55688005723041,0
0.997692346572876,0.9886869,0.956,0.967,0.992,0.975,0.9991,0.750446557999,5.173229,29.0,13.80975651749668,0.565014,0.874294053772549,1
0.249300894351874,0.22105935,0.426,-0.9052,0.3142,0.387,0.0858,0.413510978222,3.038646,21.2,2.614558523048899,-0.147507,-0.608831777890728,0
0.0194439441776304,0.032705724,0.412,-0.8855,0.1377,0.178,0.0664,0.237893044949,-0.588983,0.109,3.6161990463733673,-0.321182,-1.43531145168562,0
0.0656522810459137,0.09676558,0.195,-0.9134,0.0024,0.298,0.088,0.209337249398,0.233595,2.592,3.610259868250089,-0.420806,-0.895723088289925,0
0.0271856087944038,0.05622074,0.073,-0.995,0.053,0.132,0.1105,0.311658829451,-0.30129,0.325,3.2326929913813247,-0.516153,-1.29672203037233,0
0.370627969503403,0.28773373,0.24,-0.8898,0.0034,0.464,0.1827,0.252448618412,1.605556,14.79,3.822716178112481,-0.268534,-0.749401341977947,0
0.057045750435495,0.23985207,0.611,-0.1073,0.6852,0.347,0.09,0.282480925322,1.455277,13.92,2.8450974822044373,0.0014476,-0.700904871434136,0
0.0659269019961357,0.11204353,0.144,-1.028,0.0856,0.169,0.0596,0.228697285056,0.445152,4.885,2.2253198603773336,-0.356069,-0.870589502927924,0
0.0420488130619755,0.14338797,0.355,-0.7328,0.3223,0.343,0.0865,0.245338618755,0.533522,5.804,4.221286863088608,-0.200694,-0.854222024202536,0
0.599347054958344,0.215312,0.252,-0.9998,0.2076,0.384,0.1654,0.288250505924,1.706897,15.33,2.462116719705933,-0.205363,-0.67718838576991,0
0.879431366920471,0.41924724,0.664,-0.8578,0.1833,0.45,0.1618,0.440714836121,2.562471,19.27,3.466872960329056,0.03291,0.122905854906222,0
0.0878105852389905,0.121543586,0.551,-0.6592,0.5149,0.239,0.0646,0.235064566135,-0.890328,0.036,2.557520382054857,-0.187162,-1.79551799153117,0
0.578997731208801,0.23460466,0.312,-0.7998,0.3042,0.368,0.1003,0.249844774604,0.568484,6.15,2.457850739359856,-0.152593,-0.595701823010306,0
0.0451836607804248,0.15756854,0.54,-0.6663,0.3965,0.116,0.129,0.2610450387,0.416968,4.578,3.322346329689026,-0.0570934,-0.98387482928831,0
0.0635241866111755,0.078124285,0.189,-0.939,0.0024,0.234,0.0731,0.193174257874,0.537042,5.839,3.151327464675847,-0.483359,-0.860954632182595,0
0.307060450315475,0.1892488,0.219,-0.9068,0.0026,0.374,0.1096,0.269454389811,1.34129,13.19,4.398751720823732,-0.284743,-0.918040920330006,0
0.0343744133597073,0.09655279,0.268,-0.8166,0.332,0.203,0.1091,0.261246502399,0.326526,3.565,3.766193383710589,-0.295309,-0.748374326841607,0
0.0734923481941223,0.01016134,0.274,-0.8494,0.1773,0.769,0.1138,0.238072320819,1.556374,14.51,3.0018379536389457,-0.257395,-0.638889574664796,0
0.215880707010986,0.17197064,0.604,-0.2116,0.6309,0.264,0.0926,0.238107711077,0.126468,1.736,3.420978784561157,-0.0644529,-0.724651747119541,0
0.698714733123779,0.54566914,0.433,-0.0259,0.5043,0.511,0.1177,0.403807222843,2.626018,19.54,5.845441566847726,-0.161105,-0.20277254269154,0
0.173589572310448,0.14145836,0.133,-0.9063,0.0021,0.112,0.1177,0.206654012203,0.661315,7.03,3.555674433708191,-0.583688,-1.09793172068717,0
0.468743950128555,0.22305262,0.314,-0.8067,0.2392,0.127,0.0854,0.381371796131,2.314817,18.19,4.11626210808754,-0.196308,-0.226004057689338,0
0.114825539290905,0.2691728,0.48,-0.6093,0.5068,0.377,0.1508,0.225899726152,1.450586,13.89,3.4137943718750074,-0.124222,-0.640649492890943,0
0.424595355987549,0.20992696,0.503,-0.9386,0.1788,0.406,0.1023,0.228875264525,1.195429,12.16,2.314453267280485,-0.0776558,-0.525271971796843,0
0.627563834190369,0.12985256,0.45,-0.5834,0.3915,0.277,0.1768,0.280309319496,0.358949,3.929,4.736157566308975,-0.213641,-1.14364853227864,0
0.920489430427551,0.68271554,0.465,0.5381,0.7236,0.658,0.6034,0.601236999035,3.504324,22.7,6.612774817273021,0.263027,0.517354784752853,0
0.748052358627319,0.28427526,0.493,0.6555,0.9193,0.367,0.0898,0.308909386396,1.017635,10.53,4.5978508322908445,0.121993,-0.477598849028724,0
0.0342044548486935,0.0971179,0.118,-0.898,0.003,0.207,0.0944,0.223724991083,-0.056826,0.859,2.582597499446427,-0.518666,-1.1234978533974,0
0.36485680937767,0.1549451,0.211,-0.877,0.003,0.37,0.2739,0.26107519865,1.931618,16.43,1.887856352805424,-0.397148,-0.644815329317907,0
0.21246862411499,0.21301678,0.482,-0.6091,0.4429,0.278,0.0785,0.22178632021,0.888789,9.148,2.8527857878532874,-0.140834,-0.541530663598219,0
0.200641512870789,0.2007997,0.145,-0.8356,0.0029,0.256,0.3079,0.468521684408,1.8345,15.97,3.9937840700149536,-0.438315,-0.607267525845332,0
0.0981507003307343,0.13109037,0.352,-0.8292,0.3512,0.323,0.1131,0.257887393236,0.735594,7.703,2.230614949641521,-0.2313,-0.78585524381518,0
0.984023571014404,0.64694643,0.571,0.6035,0.7226,0.528,0.2022,0.403952091932,3.322368,22.2,3.300915628671646,0.0730176,0.518237804628783,0
0.383211190197694,0.411949,0.235,-0.9283,0.1299,0.347,0.1171,0.259807109833,1.506048,14.22,4.179698603953408,-0.325791,-0.245611263823495,0
0.0397050887761367,0.14619377,0.187,-0.9053,0.0042,0.409,0.1172,0.259048819542,1.490815,14.13,2.574355492362682,-0.447253,-0.509401660002745,0
0.127436816692352,0.29309565,0.493,-0.8478,0.2967,0.476,0.0641,0.308360278606,0.317584,3.465,2.5807225704193115,-0.102573,-0.617453060367127,0
0.751709759235382,0.3341096,0.132,-0.9208,0.0037,0.508,0.2279,0.556250751019,2.299079,18.12,3.55138633054298,-0.411737,-0.162968227140638,0
0.155866369605064,0.11239967,0.155,-1.0547,0.0425,0.194,0.0431,0.413249969482,1.737742,15.49,0.0402580700418895,-0.411027,-0.725841176623212,0
0.0776923385305054,0.08118978,0.174,-0.9355,0.0028,0.281,0.0672,0.215814113617,-0.626974,0.094,3.760319291106072,-0.541792,-1.50545524969892,0
0.479240268468857,0.17713022,0.275,-0.7209,0.3251,0.354,0.1253,0.319697082043,1.870797,16.14,7.386222186280301,-0.26229,-0.537380582484228,0
0.365047908914466,0.22550961,0.512,-0.228,0.6696,0.43,0.0736,0.259370028973,1.627539,14.91,3.748562708497048,-0.13104,-0.21900570602957,0
0.886347979553035,0.3857728,0.483,0.4587,0.6948,0.495,0.1649,0.449905186892,3.683453,23.2,6.052249225288972,0.04657,0.66995399638443,0
0.106244266033173,0.14455196,0.291,-0.9783,0.1781,0.388,0.082,0.262020170689,1.547088,14.46,3.950424977165654,-0.233726,-0.667002815508885,0
0.736998736858368,0.2612756,0.123,-0.7016,0.0063,0.376,0.1391,0.498341411352,3.209435,21.8,3.08030253648758,-0.396682,-0.0120253890545528,0
0.993170857429504,0.8427119,0.73,0.6422,0.6602,0.809,0.1567,0.519619584084,4.735404,26.5,4.087651956684786,0.196591,0.844018453942568,0
0.119389586567873,0.007755965,0.563,0.1413,0.5816,0.573,0.1139,0.396161317825,3.30112,22.1,7.356647405108283,0.0350906,0.476994977120512,0
0.324614346916885,0.39142215,0.483,0.4353,0.6291,0.524,0.6047,0.637575030327,1.972208,16.62,3.59035337716341,0.00626705,-0.338194724745546,0
0.0376777113978704,0.071221024,0.202,-0.9055,0.193,0.097,0.0798,0.238140046597,0.224138,2.504,3.2129883469587286,-0.358275,-1.74986782785062,0
0.0229527838528156,0.1639337,0.428,-0.93,0.2733,0.406,0.1274,0.297600626945,0.813348,8.412,2.97898441332654,-0.154006,-0.740287856598574,0
0.699465077961875,0.34130675,0.418,-0.4457,0.3586,0.468,0.0955,0.364622831345,5.857603,33.0,4.545980304479599,0.133455,0.752774261189557,0
0.817517620296732,0.7081558,0.661,0.6714,0.8303,0.633,0.2572,0.387035816908,3.254115,21.9,4.530264452976478,0.246433,0.399949587969288,0
0.157186867818542,0.14654487,0.345,-0.6812,0.3546,0.267,0.0869,0.271396934986,0.067623,1.387,4.887326906993194,-0.162117,-0.845036201958543,0
0.041166742013866,0.11508271,0.211,-0.8917,0.2538,0.261,0.0748,0.240336716175,0.426361,4.681,3.608006274335022,-0.291977,-1.037457438841,0
0.150153875350952,0.25708288,0.182,-0.9412,0.1397,0.366,0.1023,0.387760996819,0.237917,2.634,3.1122739587975445,-0.296696,-0.678044127925392,0
0.150001347064972,0.19654065,0.309,-0.9173,0.2,0.33,0.111,0.403071045876,1.97379,16.63,4.663139002072405,-0.220517,-0.680628480370123,0
0.0567575800637365,0.15625557,0.103,-0.8744,0.0041,0.275,0.0701,0.263453125954,-0.056646,0.86,2.9017448484717923,-0.531758,-0.857554298278338,0
0.269951790571213,0.33671132,0.59,0.2205,0.8291,0.455,0.1057,0.320188134909,2.508234,19.03,3.330372959375381,0.0739457,-0.217377121354584,0
0.353278309106827,0.46132693,0.43,-0.3459,0.5062,0.393,0.0845,0.232779741287,1.58772,14.69,4.297264253617249,-0.110936,-0.121376690650411,0
0.181126415729523,0.20221436,0.509,-0.4328,0.4798,0.338,0.0841,0.230609074235,1.889978,16.23,4.392085128227749,-0.127088,-0.393525905930313,0
0.0246825621871835,0.09525812,0.09,-0.8718,0.003,0.297,0.0782,0.246416762471,0.756448,7.889,3.205629564616745,-0.5352,-0.975861499572882,0
0.29782497882843,0.2704627,0.16,-0.9246,0.0028,0.422,0.1323,0.201480478048,2.069685,17.08,3.79930516284963,-0.426381,-0.874322026927072,0
0.071020012136447,0.14668566,0.118,-0.9048,0.0033,0.297,0.0994,0.2903431952,0.241329,2.666,4.748028946428758,-0.48137,-0.830087876715421,0
0.993971407413483,0.94985247,0.894,0.982,0.894,0.895,0.8184,0.583695650101,5.009757,28.0,10.546297583729029,0.431099,0.783583234743716,1
0.025551450262892,0.045719415,0.54,-0.8333,0.2342,0.187,0.0899,0.228805482388,1.463302,13.96,2.537983536720276,0.0628592,-0.863475324077977,0
0.92814975976944,0.9237556,0.56,0.5197,0.6585,0.711,0.143,0.539245724678,3.22595,21.8,8.228781536221504,-0.104383,0.271013296782192,0
0.0382286638843308,0.10980129,0.308,-0.9557,0.2176,0.245,0.0895,0.320674657822,0.134634,1.79,3.5863750278949738,-0.268166,-0.983319876367867,0
0.983295619487762,0.7115941,0.633,0.1485,0.7451,0.503,0.2671,0.398548185825,1.948688,16.51,3.974351309936159,0.051234,0.0725823230217167,0
0.987703144550323,0.7157438,0.596,0.6293,0.8287,0.489,0.3394,0.430477201939,3.161047,21.6,5.418763309717178,0.0402456,0.280839866095623,0
0.0217330214266763,0.0377568,0.23,-1.0511,0.122,0.208,0.0992,0.259865164757,0.383638,4.207,3.17981803069258,-0.348532,-1.10714800137156,0
0.0662178499688845,0.070154905,0.214,-1.0276,0.0713,0.242,0.1049,0.190253674984,-1.031039,0.022,3.1937214010366133,-0.398293,-1.5525860849396,0
0.107236666773629,0.19448698,0.434,-0.8915,0.2929,0.349,0.1004,0.282106339931,0.792127,8.213,1.891596104019768,-0.203904,-0.747782826549969,0
0.240001305937767,0.29002336,0.571,-0.3296,0.5514,0.354,0.1017,0.278935939074,2.011128,16.8,5.678544647199277,0.0460106,-0.606190868257424,0
0.995472170542392,0.6942344,0.566,-0.1799,0.4614,0.523,0.6014,0.461991995573,3.061606,21.3,10.059812800901328,-0.127661,0.32609422767958,0
0.473490983247757,0.2404784,0.529,-0.7833,0.2333,0.386,0.166,0.272249400616,2.943669,20.9,2.9934669733047485,0.222679,-0.174660992879883,0
0.885474264621735,0.41603673,0.415,-0.4504,0.4289,0.435,0.1142,0.285674482584,2.499314,18.99,2.891283408537225,-0.220972,0.508456049590332,0
0.0676916355626835,0.19622186,0.471,-0.7769,0.2758,0.364,0.0886,0.267028361559,0.251751,2.769,3.574095359505101,-0.250625,-1.03237297775922,0
0.0228119476933816,0.07563591,0.123,-1.0288,0.0723,0.209,0.1244,0.220570415258,-0.026398,0.967,4.129172957806806,-0.424279,-1.05179917008154,0
0.0716295706065899,0.16388479,0.326,-0.6597,0.3967,0.257,0.0792,0.229621946812,0.141134,1.835,3.889655388511205,-0.255543,-0.907375631216327,0
0.367423385381699,0.1220164,0.219,-0.894,0.0027,0.27,0.0756,0.2232093364,2.636438,19.59,5.208705934970584,-0.404171,-0.703455425533768,0
0.160488037676793,0.15921721,0.176,-0.9149,0.0023,0.386,0.1497,0.38665831089,-0.517404,0.142,3.9089581245981546,-0.477143,-1.03218363155975,0
0.746778130531311,0.4226987,0.531,0.1276,0.7986,0.419,0.1227,0.376080304384,3.354289,22.3,8.514901483450844,-0.0684141,0.0661670676757594,0
0.026853661010893,0.13522604,0.107,-0.8992,0.0038,0.327,0.077,0.230668544769,0.412132,4.525,3.035357375585852,-0.503693,-0.804509744547363,0
0.0506886690855026,0.110663086,0.518,-0.8239,0.3055,0.305,0.097,0.274309039116,0.426744,4.685,2.4693440976857413,-0.0680767,-0.924228002403201,0
0.884951531887054,0.5624493,0.456,0.733,0.691,0.52,0.1553,0.442587673664,3.625847,23.1,4.012082319787657,0.0386951,0.670098822204352,0
0.076652817428112,0.07102156,0.081,-0.9853,0.0222,0.1,0.0698,0.299343198538,-0.534444,0.133,0.0224012066340634,-0.54622,-1.49987853070861,0
0.946753084659576,0.6658669,0.576,0.0099,0.6791,0.54,0.1686,0.319550096989,2.605162,19.45,5.883291548784412,0.0739659,-0.0507480263996746,0
0.0388898599658222,0.09419471,0.192,-0.9239,0.004,0.184,0.1009,0.295965015888,0.422418,4.638,3.5171490609645844,-0.337786,-0.755087773868785,0
0.0976768576116845,0.18339905,0.247,-0.864,0.2779,0.298,0.1457,0.18861156702,0.688785,7.281,3.572711501081641,-0.268037,-0.778304880731535,0
0.820807814598083,0.39910144,0.278,-0.6055,0.3769,0.373,0.0974,0.227740958333,2.387348,18.5,4.128785247693917,-0.133675,-0.304331255815806,0
0.972581386566162,0.8535973,0.687,0.7906,0.772,0.644,0.9614,0.390948712826,4.13271,24.4,14.798138071550056,0.279516,0.57370293625167,1
0.595861077308655,0.20312187,0.524,-0.9803,0.1417,0.33,0.0872,0.206307336688,2.088833,17.16,4.081883255835468,0.0217606,-0.247121233734094,0
0.0318474285304546,0.13865137,0.394,-0.9449,0.2362,0.341,0.0819,0.209790885448,1.518731,14.29,3.824451931122103,-0.148803,-0.754393281986294,0
0.0459055953720388,0.11635062,0.09,-0.9088,0.0032,0.23,0.093,0.231221556664,1.420069,13.7,4.803864419460297,-0.540252,-0.880034180696404,0
0.119414120912552,0.112914324,0.244,-0.8888,0.0034,0.338,0.1566,0.276671826839,1.621185,14.87,3.927638861909565,-0.32923,-0.730221872674362,0
0.762638866901398,0.28449547,0.201,-0.976,0.0029,0.386,0.0755,0.245835721493,0.522906,5.697,3.86916728198586,-0.375112,-0.63565864810367,0
0.0142977307288313,0.10904652,0.32,-0.9978,0.1502,0.233,0.1048,0.262010872364,-0.464484,0.173,2.287308764209792,-0.341808,-1.20577784297047,0
0.518308600580417,0.26045564,0.162,-0.9135,0.004,0.342,0.1618,0.449054330587,2.790796,20.3,5.652193887081632,-0.270512,0.257613812487619,0
0.0642145760420843,0.15976736,0.309,-0.7562,0.2988,0.321,0.064,0.262260437012,1.096158,11.34,3.4497136030001387,-0.211685,-0.795591623536069,0
0.358619123697281,0.14498118,0.168,-0.9389,0.0038,0.285,0.1478,0.290453881025,0.542723,5.896,4.384765269455345,-0.344995,-0.956145549930584,0
0.986326575279236,0.8451228,0.807,0.6884,0.7559,0.739,0.9211,0.601923882961,4.602419,25.9,12.37510713841766,0.128318,0.720922812486353,1
0.1464318480189,0.15226883,0.192,-0.8033,0.0035,0.341,0.0677,0.286856293678,0.350973,3.839,2.5066470392988247,-0.428108,-0.849391808094199,0
0.126131787896156,0.17089292,0.516,-0.51,0.4014,0.146,0.0728,0.237408950925,1.061667,11.01,3.426732122898102,-0.123527,-0.680006083289139,0
0.911457896232605,0.6535083,0.677,0.3032,0.6324,0.435,0.2342,0.373005002737,3.100809,21.4,3.5739474926271004,0.0887303,0.641068780176437,0
0.942273855209351,0.88463396,0.71,0.9164,0.884,0.692,0.814,0.681953549385,5.33048,30.0,6.258306955209448,0.228879,1.03190264788558,1
0.0704220309853554,0.094438195,0.177,-0.9043,0.0029,0.333,0.1001,0.219640180469,0.686134,7.257,2.462294340133667,-0.408246,-0.885499176735499,0
0.651722550392151,0.36761117,0.575,-0.5186,0.2674,0.42,0.309,0.515070199966,-1.429959,0.006,5.975010647261432,-0.115552,-0.618769159466856,0
0.996422708034515,0.54340935,0.29,-1.2054,0.039,0.521,0.9741,0.70817899704,4.448385,25.3,2.143889815007926,-0.101285,0.792870922739053,0
0.390249062720068,0.33953685,0.156,-0.8826,0.0055,0.425,0.1602,0.337322473526,1.769404,15.65,4.361726150679455,-0.314791,-0.451291194019354,0
0.0881115694427934,0.20989954,0.194,-0.9166,0.0032,0.315,0.0958,0.20720487833,-0.808012,0.049,3.847848871907985,-0.42228,-0.795681298563788,0
0.0523436860634357,0.0687342,0.068,-0.9022,0.002,0.224,0.0744,0.230538651347,-0.042773,0.908,4.974950170125963,-0.564033,-1.21690504267316,0
0.333908530456119,0.21184549,0.192,-0.8472,0.0024,0.405,0.1062,0.295787751675,0.816829,8.445,4.061457559201335,-0.48553,-0.915554373288915,0
0.0497694824276609,0.23999101,0.22,-0.9609,0.0042,0.284,0.0564,0.278330564499,0.957439,9.841,3.180554123032323,-0.360001,-1.14592641491667,0
0.915197193622589,0.3411823,0.185,-0.8325,0.005,0.297,0.1318,0.444724351168,4.633611,26.0,3.622623443603516,-0.132866,0.230903663960652,1
0.971746325492859,0.81476724,0.581,0.6454,0.7829,0.691,0.5661,0.763054609299,4.487205,25.5,6.20661133143892,0.166573,0.780400347058405,0
0.0769070377439725,0.17986524,0.446,-0.8136,0.3086,0.274,0.0812,0.239953458309,-0.527825,0.137,3.032608769120414,-0.2449,-0.978144705573309,0
0.937622249126434,0.60332745,0.212,-0.8334,0.2382,0.566,0.1348,0.31879529357,2.366171,18.41,7.141984679152101,-0.070276,-0.180638322643332,0
0.0443132072687149,0.062864214,0.281,-1.0088,0.163,0.191,0.0811,0.22244605422,0.289817,3.162,4.295836478471756,-0.294215,-1.24266180670219,0
0.0759370699524879,0.16367832,0.212,-1.0261,0.1154,0.434,0.0685,0.356429249048,0.796156,8.25,3.825803330256292,-0.318116,-1.17839178198372,0
0.934176385402679,0.24848416,0.522,-0.8131,0.2165,0.271,0.1442,0.538406550884,2.026816,16.88,4.016903638839722,-0.122323,-0.373829384423031,0
0.0547760017216206,0.04646465,0.038,-0.9014,0.0024,0.086,0.0865,0.232694864273,-0.468951,0.17,2.8332563042640686,-0.729014,-1.59917822755043,0
0.99612033367157,0.8021902,0.561,0.3144,0.8506,0.572,0.2145,0.335665076971,4.299586,24.9,6.785016377310183,0.160278,0.535329246645435,0
0.762639343738556,0.19063815,0.172,-0.8526,0.1687,0.329,0.1148,0.346751183271,2.506311,19.02,4.186603788257616,-0.277162,-0.368698232918028,0
0.962593674659729,0.6768434,0.749,0.9555,0.891,0.652,0.168,0.496077597141,4.16674,24.5,3.4534205198287964,0.202,0.59974873325017,0
0.192829579114914,0.11654937,0.247,-1.0892,0.0733,0.281,0.0781,0.220119953156,0.030595,1.204,3.62915223315894,-0.331845,-1.58041948613581,0
0.213371932506561,0.14557675,0.373,-0.6864,0.3233,0.251,0.0625,0.225320369005,1.5146,14.27,4.523165935472191,-0.145587,-0.446056613336098,0
0.221528797633789,0.19508639,0.171,-0.8942,0.0036,0.295,0.1252,0.231944397092,1.955943,16.55,4.223550288895389,-0.296793,-0.297551159308109,0
0.0230556353412563,0.040183425,0.192,-0.9716,0.1774,0.198,0.076,0.228723540902,0.906395,9.321,2.928497496208044,-0.298128,-1.10114393687209,0
0.110498228955922,0.08167231,0.245,-0.9545,0.0017,0.103,0.0825,0.22154097259,1.279362,12.76,3.755271047353745,-0.416355,-0.494290834764298,0
0.888973116874695,0.84745777,0.59,-0.0531,0.6647,0.648,0.2506,0.414426207542,3.063014,21.3,5.1939939410634,0.0553779,0.0233162378802182,0
0.42845743894577,0.15484491,0.219,-0.9068,0.0021,0.344,0.2403,0.303896963596,0.309967,3.381,3.2506063554776983,-0.37448,-1.2272833048355,0
0.388433903455734,0.23042277,0.456,-0.4892,0.4118,0.34,0.1612,0.314590722322,0.879033,9.052,4.388281112787123,-0.0392995,-0.50644371107192,0
0.0318367523191771,0.20380554,0.65,-0.5975,0.4732,0.235,0.074,0.26386487484,0.949557,9.757,3.9437642097473145,-0.101458,-0.824088832580272,0
0.005951627810423,0.027208865,0.12,-0.9608,0.0336,0.165,0.0551,0.200431793928,0.356337,3.9,3.0416217843684468,-0.447723,-1.53034763910757,0
0.030062822625041,0.12244621,0.104,-1.0277,0.082,0.235,0.1007,0.260656535625,0.608947,6.54,2.819344947122969,-0.481682,-1.046689675481,0
0.589012682437897,0.23490393,0.165,-1.0016,0.0086,0.393,0.2673,0.415663540363,3.455046,22.6,5.634925752878189,-0.247956,-0.0604306960967066,0
0.12108588607606,0.14005184,0.508,-0.752,0.3396,0.289,0.0838,0.283750742674,1.191306,12.13,4.074387721717358,-0.137983,-0.741490586871034,0
0.853843033313751,0.6120884,0.684,0.1763,0.5683,0.545,0.5442,0.544391989708,4.192222,24.5,7.55257673561573,0.0584384,0.599815334609453,0
0.687998652458191,0.29577327,0.613,0.5705,0.9025,0.416,0.1334,0.355492949486,2.030858,16.9,3.3624334531049,0.122779,-0.349128813824287,0
0.345689177513123,0.19629112,0.552,-0.5122,0.4469,0.282,0.0991,0.219283014536,0.204548,2.329,3.256122620064583,-0.163305,-0.867204837909362,0
0.833813726902008,0.18258905,0.408,-0.8034,0.1723,0.392,0.1394,0.249341368675,0.68416,7.239,3.904116361988283,-0.108126,-0.919923755522284,0
0.994894504547119,0.64129573,0.108,-1.0463,0.0107,0.541,0.1503,0.34026709199,1.864224,16.11,3.791838500721996,-0.282653,-0.120974250269478,0
0.118027366697788,0.07251611,0.279,-0.9127,0.0022,0.164,0.0955,0.207794576883,-0.929657,0.031,1.6910561323165894,-0.373859,-1.58514317351553,0
0.0999648347496986,0.14660844,0.382,-0.8929,0.262,0.387,0.0929,0.277549982071,1.080134,11.19,2.733103152155908,-0.204829,-0.751159831348021,0
0.118941605091095,0.09362805,0.502,-0.5437,0.4737,0.191,0.1038,0.258482635021,-0.158566,0.574,3.809300303253365,-0.163214,-0.944824124826578,0
0.509455859661102,0.101763666,0.093,-0.9198,0.0035,0.142,0.073,0.301195383072,1.615144,14.84,3.9287821650505066,-0.538317,-0.602506566012216,0
0.0217018950220497,0.20509425,0.363,-0.9119,0.2257,0.283,0.0746,0.239328145981,-0.476485,0.166,3.7262796748799376,-0.287658,-1.22569684674938,0
0.0517673492431641,0.09438139,0.092,-0.9888,0.1226,0.171,0.1843,0.296608656645,0.078895,1.448,3.259453310602119,-0.36606,-0.86792948584775,0
0.0625520274043083,0.10426587,0.417,-0.9609,0.2039,0.171,0.0668,0.210735917091,-1.131443,0.016,3.638221456800043,-0.274821,-1.27985972650963,0
0.994316637516022,0.85284424,0.616,0.5049,0.885,0.716,0.6797,0.419117391109,3.171387,21.6,1.2522048950195312,0.21782,0.671530476655361,0
0.175124004483223,0.17991558,0.216,-0.9585,0.0038,0.34,0.0875,0.291200757027,0.574255,6.207,3.747234864670249,-0.301752,-0.532533914065792,0
0.912112474441528,0.1282301,0.154,-0.9037,0.0048,0.254,0.0667,0.312876343727,0.346381,3.788,3.340210666927458,-0.501869,-0.847346126208497,0
0.697754383087158,0.25391427,0.525,-0.7833,0.2333,0.428,0.1498,0.261483848095,2.559428,19.25,3.7082191705703735,0.161948,-0.174660992879883,0
0.93879908323288,0.5894005,0.707,0.7219,0.8219,0.576,0.2325,0.490041255951,3.375875,22.3,8.705596955260262,0.184934,0.391344024221553,0
0.0265361883405096,0.099865735,0.561,-0.1023,0.6669,0.319,0.082,0.253186881542,0.287778,3.14,2.170475707080564,0.0713064,-0.964177429011902,0
0.693871326845938,0.26930082,0.429,-0.1857,0.6957,0.439,0.1215,0.325635373592,2.024634,16.87,2.815501859651914,-0.0755979,-0.0177046094847544,0
0.0674762072950086,0.24782619,0.246,-0.908,0.002,0.339,0.0852,0.382989764214,0.634479,6.781,3.436871043700118,-0.40912,-0.982548234415411,0
0.956929981708527,0.6420688,0.53,-0.3618,0.5677,0.62,0.1813,0.403988718987,2.780274,20.3,5.450107591094657,-0.0435843,-0.0954140113687881,0
0.9422327876091,0.37351215,0.546,-0.1521,0.5934,0.41,0.0847,0.330071628094,2.315833,18.19,4.350339272430894,-0.00786723,0.0560488253015046,0
0.0434297165568068,0.1379002,0.282,-0.8943,0.0022,0.254,0.0954,0.249008148909,0.374194,4.101,4.312005824190397,-0.464125,-1.34854895672375,0
0.995198667049408,0.5689991,0.466,0.1467,0.784,0.566,0.1327,0.38839828968,3.133874,21.5,5.702569670233992,0.0784641,0.331875046501026,0
0.542686283588409,0.11662963,0.209,-1.0359,0.1367,0.324,0.1362,0.222704976797,0.89118,9.171,3.756847597562188,-0.262435,-0.995213702748921,0
0.051732218991084,0.13610134,0.137,-0.9676,0.304,0.23,0.1242,0.272872626781,-0.037848,0.925,3.2258856388631045,-0.328913,-0.9639108412396,0
0.0868198867027971,0.13157111,0.373,-0.6235,0.3841,0.254,0.1015,0.243260204792,0.280808,3.066,3.255703549061065,-0.210001,-0.718928844939421,0
0.0151739300258238,0.056338966,0.048,-0.933,0.0013,0.155,0.0993,0.233547747135,-0.200193,0.486,3.3307147920131683,-0.587265,-1.30594244753091,0
0.023652013137683,0.0440571,0.117,-0.9034,0.0023,0.181,0.0671,0.211685687304,-0.101004,0.722,3.1704512693515525,-0.541756,-1.09028104716132,0
0.981114566326141,0.91531813,0.918,1.1229,0.9467,0.726,0.8807,0.539970457554,4.199268,24.6,6.123600816169923,0.453002,0.716023240949688,0
0.886014223098755,0.48731464,0.687,-0.5114,0.2946,0.463,0.1476,0.306589961052,3.816768,23.6,3.354454517364502,0.0941885,0.265709012845412,0
0.0291304600507938,0.16561517,0.037,-1.0195,0.0772,0.395,0.1738,0.406933069229,0.225519,2.517,4.155292743394217,-0.509436,-1.07763431231501,0
0.102819651394191,0.17017013,0.218,-1.0231,0.1033,0.455,0.6693,0.434427559376,1.253585,12.58,2.7148452144098045,-0.150833,-0.829051024017816,0
0.199624537303928,0.17889783,0.131,-0.9153,0.003,0.39,0.1331,0.237019658089,1.624627,14.89,2.3781513342605507,-0.283945,-0.679966456973792,0
0.403626441955566,0.20716438,0.14,-0.8671,0.0031,0.39,0.0808,0.213954567909,2.488821,18.94,4.589117001925319,-0.344936,-0.547783892858162,0
0.0309948902577162,0.15373668,0.495,-0.9796,0.2024,0.524,0.0726,0.310330659151,0.63864,6.82,3.808727486836199,-0.0953772,-1.05710983791987,0
0.919646620750427,0.44808194,0.398,-0.361,0.5979,0.437,0.1384,0.252686858177,2.271208,17.99,4.134769920457167,-0.0622569,0.128985981327115,0
0.955755531787872,0.7256238,0.679,0.7923,0.8796,0.514,0.2416,0.245689213276,2.672663,19.74,6.129611442972248,0.129316,0.0187249067610458,0
0.994971871376038,0.82624125,0.674,0.1723,0.5613,0.536,0.4307,0.512533724308,4.337147,25.0,7.735320441331508,0.071414,0.554846925036135,0
0.151932671666145,0.14653686,0.153,-0.9095,0.0027,0.242,0.1325,0.272059828043,0.88675,9.128,3.322819754481316,-0.488887,-0.726749305686903,0
0.473293781280518,0.28701252,0.551,-0.9394,0.1532,0.388,0.0713,0.277817726135,2.051125,16.99,3.6457736317023146,-0.0831182,-0.117509564685255,0
0.990291655063629,0.86188316,0.661,0.9239,0.8741,0.747,0.4023,0.382241755724,4.119499,24.4,7.907542942503695,0.277746,0.717450001053531,0
0.059192414075391,0.07209352,0.131,-1.0615,0.0823,0.162,0.0744,0.214660137892,0.127692,1.744,3.090404505756624,-0.443577,-1.36427855149264,0
0.128377324645148,0.13241038,0.16,-0.9048,0.0033,0.234,0.09,0.281680643559,0.822061,8.495,3.6880564093589774,-0.343851,-0.687088433168522,0
0.0433252810918571,0.16377535,0.581,-0.7029,0.3943,0.135,0.0811,0.227335184813,-0.384766,0.235,3.381594270467758,-0.119183,-1.27958329294795,0
0.11420815347357,0.14822644,0.162,-0.9248,0.0047,0.28,0.086,0.244990378618,0.173535,2.074,3.452710792079857,-0.413952,-0.40049430469528,0
0.0581749114611402,0.044940203,0.11,-0.9953,0.0234,0.213,0.0544,0.242834150791,-0.46994,0.17,3.174616658375073,-0.519221,-1.44760020804686,0
0.870568037033081,0.4480046,0.59,-0.7408,0.2903,0.503,0.1733,0.271695554256,2.861699,20.6,4.36395147658383,0.12237,-0.0087640440768977,0
0.0320297511057379,0.049278677,0.111,-0.9688,0.132,0.086,0.065,0.235448434949,-0.035845,0.933,3.421283577241539,-0.383749,-1.37533465420934,0
0.0426649518248635,0.15564588,0.088,-0.9153,0.003,0.173,0.086,0.228848859668,0.320002,3.492,3.71016507984205,-0.549525,-1.4075869674872,0
0.559075832366943,0.20197839,0.27,-0.5179,0.2404,0.315,0.104,0.313275456429,1.877981,16.18,3.924351417719184,-0.138179,-0.293131848453908,0
0.966396868228912,0.2765074,0.135,-1.071,0.0085,0.422,0.1377,0.439054608345,4.105943,24.3,5.22431974753291,-0.197508,0.406799816522215,0
0.312476057114459,0.28576785,0.542,-0.4035,0.5187,0.401,0.0926,0.300994694233,1.812489,15.86,2.478712221429546,-0.0107341,-0.365332836410011,0
0.0337047725915909,0.12524006,0.212,-0.8831,0.0036,0.264,0.0824,0.232748270035,0.594543,6.403,3.766825805445342,-0.485883,-1.16020783359625,0
0.124508114635762,0.31666476,0.2,-0.9006,0.0029,0.389,0.0999,0.231986969709,0.563831,6.105,2.052762323052468,-0.33524,-0.857267843790846,0
0.0520419513356791,0.08643222,0.181,-0.9286,0.0013,0.196,0.0717,0.206023916602,-0.342778,0.277,-1.34140869203612,-0.55748,-1.2676694796232,0
0.996812880039215,0.8072433,0.715,0.8354,0.817,0.66,0.4931,0.54373729229,4.322063,24.9,10.281616967662558,0.0373083,0.904016333142414,1
0.978439509868622,0.7277177,0.613,0.6832,0.8174,0.513,0.1585,0.367223501205,2.121829,17.32,3.7405015528202057,0.0153913,0.0253487481790465,0
0.112705892540833,0.25012818,0.076,-0.8514,0.0062,0.296,0.0997,0.306231081486,2.454921,18.8,2.920924663543701,-0.487484,-0.263256082422113,0
0.796652317047119,0.3325143,0.342,-0.6439,0.3502,0.286,0.1007,0.240950495005,2.406852,18.59,3.8894225185940585,-0.185367,-0.0590368569794616,0
0.0549359545111656,0.14564863,0.027,-0.8962,0.0017,0.234,0.159,0.278028190136,0.820874,8.483,3.0558353963500746,-0.599533,-1.0772790192976,0
0.104131584613609,0.19629094,0.22,-0.9303,0.0037,0.461,0.0903,0.233694806695,1.628287,14.91,4.3262540183879095,-0.437561,-1.25935042599373,0
0.141737645950528,0.25785244,0.381,-0.3457,0.5526,0.311,0.0989,0.3130004704,1.31457,13.01,3.3223614201856475,-0.172472,-0.366880675552338,0
0.409482151269913,0.25029668,0.161,-0.8963,0.0072,0.388,0.1392,0.232516109943,1.496005,14.16,3.753032147884369,-0.296474,-0.395461606438223,0
0.0355245172977448,0.061271846,0.345,-0.9395,0.0012,0.19,0.1104,0.264697551727,-0.803144,0.049,3.386144369840622,-0.414037,-1.42117978672083,0
0.044801092832762,0.12930894,0.25,-0.9159,0.2026,0.274,0.0689,0.26042175293,0.096335,1.548,3.6347802826976654,-0.317819,-0.738444273938758,0
0.992348194122314,0.9686817,0.838,0.6955,0.775,0.808,0.6912,0.603948116302,4.766313,26.6,5.587333194587483,0.352377,0.807782491802598,0
0.0966427322543645,0.24705246,0.356,-0.9851,0.1672,0.464,0.1435,0.297596812248,2.188419,17.62,4.916113838534633,-0.213259,-0.621692921156079,0
0.810504972934723,0.2791872,0.201,-0.8746,0.1626,0.346,0.1298,0.274691820145,2.483405,18.92,3.3626175316481968,-0.149377,-0.502700443441976,0
0.12359770742157,0.24528277,0.543,0.077,0.7687,0.398,0.068,0.264648109674,1.274933,12.73,2.322442614645841,0.0202311,-0.712887657285704,0
0.0229907501488924,0.08084965,0.105,-0.8904,0.0048,0.211,0.1541,0.227145984769,-0.070492,0.815,3.1431896021551946,-0.497183,-0.980844346560994,0
0.115906916558743,0.13886699,0.17,-0.9022,0.0022,0.221,0.1027,0.216641753912,1.262118,12.64,3.977288787521827,-0.341518,-0.505434693899183,0
0.954350233078003,0.8510794,0.762,0.4715,0.8673,0.602,0.1342,0.351649224758,3.821653,23.6,4.795847901618735,0.128468,0.696775164949363,0
0.0690423780557207,0.21535519,0.265,-0.8692,0.003,0.4,0.1009,0.25758343935,0.524506,5.713,2.916112635440598,-0.318226,-0.796954454176068,0
0.17897641658783,0.15944773,0.167,-0.8999,0.0016,0.288,0.0943,0.224349230528,0.915551,9.412,3.083086498253244,-0.461828,-0.787541730256507,0
0.884018123149872,0.68974304,0.614,-0.0305,0.5383,0.654,0.8346,0.620980620384,2.227759,17.8,11.148201459669508,0.279624,0.191965927649952,1
0.928758919239044,0.9300535,0.793,0.8568,0.8506,0.872,0.6958,0.420961678028,4.26299,24.8,11.618211545050144,0.442858,0.682528423994383,1
0.309662610292435,0.15822735,0.334,-0.9843,0.1134,0.332,0.0849,0.297213286161,0.626852,6.709,2.7170366289562904,-0.203598,-0.250213445384257,0
0.0955056784129256,0.09871125,0.049,-0.9461,0.0048,0.213,0.0898,0.27807033062,0.828726,8.559,4.418900541356035,-0.511766,-0.998115704957033,0
0.0423658079647297,0.047282845,0.316,-0.9037,0.0021,0.079,0.0793,0.232174187899,-0.531618,0.135,3.272822618484497,-0.450304,-1.43757117007492,0
0.960675179958344,0.44600743,0.545,-0.4085,0.561,0.421,0.487,0.404292166233,3.000962,21.1,7.217467987044787,-0.00633567,0.117076144457359,0
0.0374227280404023,0.13825041,0.225,-0.9082,0.3226,0.275,0.4992,0.26440256834,0.717246,7.538,2.4473650350865315,-0.272047,-0.746894715474201,0
0.0276870876550674,0.3741426,0.515,-0.9065,0.2595,0.446,0.0982,0.202894315124,-0.019631,0.993,4.559584856033325,-0.140413,-1.0217290396152,0
0.129905082626119,0.22112453,0.12,-0.9273,0.0032,0.319,0.1317,0.254214167595,1.127525,11.62,3.0555756092071533,-0.429979,-0.53041157272214,0
0.062027491118708,0.1659531,0.383,-1.0047,0.1224,0.386,0.1092,0.221121042967,1.539555,14.42,4.259102118860169,-0.243034,-0.892704203170675,0
0.121161395667101,0.11072239,0.433,0.3804,0.863,0.413,0.0853,0.288838386536,1.140217,11.73,2.80647936463356,0.00310118,-0.667632928038722,0
0.0318617813227896,0.09727034,0.144,-0.8912,0.0025,0.361,0.0914,0.323634088039,0.66785,7.09,2.677199400482616,-0.500495,-1.18519063169266,0
0.0391489845378119,0.22453082,0.344,-0.5681,0.3068,0.38,0.0699,0.273005723953,2.316436,18.19,5.543081074953079,-0.160289,-0.447726311823222,0
0.97259795665741,0.7024474,0.192,-0.9308,0.0055,0.567,0.1015,0.381501615047,0.318569,3.476,3.556564688682556,-0.234939,-0.190922649281907,0
0.156764741841271,0.17192724,0.134,-0.8998,0.0026,0.258,0.1301,0.264706522226,0.597006,6.426,3.099588720398763,-0.484178,-0.891612518985005,0
0.666520747466308,0.2760629,0.555,-0.5585,0.4562,0.32,0.3058,0.246037214994,2.058097,17.02,6.634096071124077,-0.0749628,-0.0728754055540725,0
0.984014928340912,0.4990555,0.537,0.2468,0.5695,0.367,0.1062,0.335260748863,4.184589,24.5,4.085394719674746,-0.111572,0.533152499436188,0
0.987573325634003,0.78119475,0.514,0.0208,0.4941,0.617,0.4897,0.456763267517,4.93738,27.6,4.396032717128758,0.0960619,0.830053817598064,0
0.482679456472397,0.29051334,0.504,-0.3754,0.5451,0.337,0.0722,0.322086334229,0.901103,9.269,4.06707575479065,-0.132772,-0.360096836190035,0
0.926694810390472,0.3911094,0.45,-0.2711,0.5192,0.371,0.1098,0.270720005035,3.384827,22.4,4.294786926577885,-0.0486422,0.094970141296929,0
0.130294717113526,0.1487177,0.217,-0.8912,0.0025,0.322,0.217,0.211227953434,0.723203,7.592,5.215276292263811,-0.338796,-0.809723346680135,0
0.49041051990898,0.51647204,0.374,-0.4631,0.4541,0.443,0.1584,0.226021260023,2.742665,20.1,3.624840528014072,-0.0329682,0.119038058420118,0
0.742743849754333,0.659354,0.468,-0.5702,0.4337,0.47,0.5825,0.444807648659,3.564419,22.9,2.5323057121719628,-0.021997,-0.10870019488031,0
0.118336744606495,0.16760367,0.578,-0.1486,0.6069,0.326,0.1102,0.191206097603,-1.122817,0.016,2.5718758015056693,-0.0158186,-1.55972675725544,0
0.523655951023102,0.2301127,0.418,-0.9786,0.1638,0.269,0.1107,0.343468666077,2.332968,18.27,2.66813644975085,-0.207615,-0.385529988893177,0
0.947258651256561,0.40951273,0.465,-0.7796,0.1883,0.502,0.1104,0.340042352676,3.22759,21.8,6.077207559162392,-0.0149375,0.131901930153076,0
0.0524749607392989,0.14364654,0.546,0.2603,0.8119,0.291,0.1071,0.197253644466,0.924632,9.502,2.816567861906159,0.0472072,-0.962204209968183,0
0.408431738615036,0.21463296,0.069,-0.9412,0.0024,0.373,0.1914,0.278408825397,0.748639,7.819,3.241624261779736,-0.540436,-1.04704633571088,0
0.988324999809265,0.9101682,0.811,0.6479,0.7758,0.81,0.6885,0.36309170723,3.628813,23.1,11.68973790748684,0.369316,0.579912734463661,1
0.158007501610961,0.20690909,0.459,-0.6792,0.3668,0.37,0.1284,0.300999373198,1.149141,11.8,4.443353782104175,-0.117667,-0.579678026729373,0
0.115119856527869,0.14105952,0.48,0.1468,0.751,0.314,0.1401,0.303089439869,1.320156,13.05,3.2037397027015686,0.00436408,-0.784927959348237,0
0.167871400713921,0.1764358,0.159,-0.9777,0.1371,0.218,0.0955,0.303614884615,1.211277,12.28,3.841854461206121,-0.288174,-0.775581961423881,0
0.147143660005866,0.22524261,0.4,-0.4882,0.3548,0.231,0.0701,0.276942312717,1.505369,14.22,3.308608096993624,-0.0745396,-0.0927132274140237,0
0.894105885712037,0.3950669,0.179,-0.9569,0.0119,0.338,0.1168,0.496546834707,3.7609,23.4,3.4332898557186127,-0.511252,0.640807886676536,0
0.459189563989639,0.26987994,0.582,-0.5216,0.4659,0.243,0.0849,0.283388376236,1.46764,13.99,5.505069836974144,-0.00350944,-0.978815609273796,0
0.083993740132401,0.118347555,0.099,-1.0207,0.0865,0.167,0.0867,0.265613019466,0.143187,1.849,4.151973850365488,-0.395297,-1.08102095986276,0
0.878165721893311,0.32329255,0.578,-0.1064,0.6576,0.353,0.1187,0.288231194019,2.883792,20.7,5.742781752720475,0.0936636,-0.0922200270497237,0
0.191561758518219,0.8664799,0.497,-0.5852,0.3889,0.599,0.2402,0.26671141386,1.243064,12.51,10.2448368437033,-0.0205111,-0.604111966490041,0
0.247493788599968,0.34556007,0.241,-0.9538,0.2091,0.517,0.0973,0.30902671814,1.087938,11.26,4.672839214251309,-0.234324,-0.788723126061832,0
0.473777502775192,0.34491012,0.54,-0.5458,0.4055,0.322,0.0864,0.259684115648,0.783377,8.132,3.624170196239279,-0.0997494,-0.624536287897309,0
0.8070307970047,0.5083095,0.247,-0.9005,0.0051,0.45,0.0996,0.243194505572,0.347177,3.797,3.47211643838323,-0.37333,-0.733226945366897,0
0.0614120860892516,0.17058843,0.276,-0.9655,0.2072,0.3,0.0773,0.240212351084,0.578662,6.25,4.440313831411181,-0.295185,-0.942841800682855,0
0.961020767688751,0.37881058,0.567,0.7903,0.7519,0.138,0.1024,0.375841587782,3.422389,22.5,4.608696788549423,-0.0414754,0.0770701968742665,0
0.0306872219063071,0.066513896,0.138,-0.8893,0.0016,0.094,0.0613,0.216696053743,-0.732238,0.064,3.731686651706696,-0.535544,-1.66239538589049,0
0.029678677133787,0.06330904,0.326,-0.9341,0.0017,0.158,0.1181,0.219387382269,-0.16503,0.56,2.678427755832672,-0.473002,-1.41635810862244,0
0.0536460974955287,0.086740255,0.213,-0.9321,0.0023,0.27,0.0974,0.213227212429,-0.356913,0.262,2.590265074881553,-0.518313,-0.901338999638788,0
0.151470720767975,0.1937255,0.178,-0.9181,0.0031,0.39,0.0946,0.384284377098,-0.342413,0.277,3.890275038778782,-0.470169,-0.932909703004748,0
0.0235431473702192,0.10984507,0.152,-0.9092,0.0044,0.26,0.107,0.238722592592,1.393694,13.53,3.285850405693054,-0.422368,-0.670683578894503,0
0.0325967833417432,0.10230851,0.195,-0.8204,0.2838,0.232,0.079,0.319249927998,0.054541,1.32,3.268333949507304,-0.313998,-0.928291689456731,0
0.796233236789703,0.3456132,0.431,-0.2461,0.5378,0.402,0.1027,0.354615092278,1.908388,16.32,3.9275364025756168,-0.0231174,-0.0740692503340324,0
0.0302860264742253,0.091725975,0.216,-1.0331,0.0929,0.201,0.0832,0.312728464603,0.600434,6.459,3.2220229701581857,-0.34117,-0.805216478261396,0
0.0233908854424953,0.0587641,0.084,-1.027,0.0483,0.216,0.0649,0.265543848276,-0.420317,0.205,3.5075489821332733,-0.481035,-1.2059374918654,0
0.0984170837779351,0.15626243,0.158,-0.9237,0.0034,0.283,0.0796,0.24108427763,0.378668,4.151,4.2152010031009,-0.491206,-1.14811926762123,0
0.042441049249976,0.11989033,0.683,-0.9229,0.0026,0.15,0.0875,0.222308635712,0.076749,1.436,2.0193716883659363,-0.495083,-1.37129684969116,0
0.0715330615639687,0.13694319,0.501,-0.9594,0.1355,0.325,0.1814,0.273682653904,1.111799,11.48,4.00131672680262,-0.0625508,-0.731708885447821,0
0.0373382014213568,0.13317549,0.122,-0.9361,0.0023,0.277,0.1515,0.226694747806,0.432531,4.748,3.203449182055514,-0.45998,-0.850182942528258,0
0.995593369007111,0.87173796,0.838,0.9772,0.8,0.786,0.1192,0.422679156065,4.184446,24.5,3.992721083423723,0.189461,0.722798228084449,0
0.940655648708344,0.59713346,0.255,-0.1383,0.4328,0.567,0.2356,0.423930585384,4.630569,26.0,7.865550648421049,0.0313361,0.748750180076649,0
0.924359738826752,0.8998991,0.753,0.9973,0.9065,0.832,0.9447,0.424016386271,4.170955,24.5,12.30182606499875,0.355584,0.569249961523879,1
0.0660976320505142,0.0555034,0.511,-0.3534,0.4953,0.148,0.0726,0.209806501865,0.055378,1.324,3.919890772281853,-0.0855011,-1.21881685551277,0
0.687160789966583,0.39793336,0.492,-0.168,0.6314,0.472,0.1366,0.238306850195,1.499036,14.18,4.111853853998386,-0.0693099,-0.413332631737679,0
0.0829270705580711,0.09292701,0.398,-0.9376,0.2201,0.208,0.1123,0.279093444347,0.034904,1.225,3.005509078502655,-0.272903,-1.46087317278921,0
0.0380377886233545,0.08671361,0.12,-0.9195,0.0032,0.226,0.0982,0.267634421587,0.596208,6.419,3.838141217330945,-0.49665,-0.676065146374088,0
0.0701873129044471,0.1625737,0.417,-0.7342,0.2768,0.412,0.1193,0.205506622791,0.593894,6.397,3.184637724663097,-0.153042,-0.684539405104074,0
0.0092091043938858,0.118070096,0.558,-0.2096,0.6562,0.304,0.0867,0.307342886925,0.489714,5.357,2.852485835552216,-0.143706,-1.25565397022386,0
0.0764427185058594,0.13445735,0.079,-1.0514,0.0786,0.186,0.2081,0.264236211777,-0.375675,0.244,2.2938137762351416,-0.492331,-1.21700036052176,0
0.11925632506609,0.07736999,0.056,-1.0061,0.1258,0.203,0.0933,0.270813912153,-0.237219,0.419,3.5340462576901355,-0.440109,-1.18634876430125,0
0.0895078480243683,0.19223285,0.441,-0.6876,0.3679,0.301,0.0658,0.248424738646,-0.040536,0.916,4.590537384152412,-0.211894,-0.870143661333506,0
0.0326744057238102,0.069354475,0.602,0.2387,0.7842,0.208,0.0665,0.283885300159,0.610853,6.558,4.114568844437599,-0.00635212,-0.898022198780468,0
0.977123916149139,0.4601958,0.517,0.6596,0.7632,0.395,0.1684,0.493882805109,3.525364,22.8,3.733599255895263,-0.0340837,0.612202459189058,0
0.994725406169891,0.8849497,0.765,0.4774,0.6663,0.787,0.9675,0.516430139542,4.751311,26.6,18.02383428672329,0.331925,0.846999494962531,1
0.319213819657797,0.20558655,0.156,-0.9028,0.0032,0.302,0.1093,0.375086843967,1.547556,14.46,3.226841658353805,-0.381356,-0.361734078817072,0
0.0823924439861463,0.09424701,0.237,-0.931,0.0022,0.331,0.0659,0.239091068506,1.297281,12.89,3.316348889346429,-0.452265,-1.03863726972228,0
0.998704671859741,0.86660665,0.732,1.0265,0.9066,0.672,0.3397,0.493591457605,3.969131,24.0,2.3933074176311493,0.251304,0.852339929397942,0
0.0759098808639399,0.101465225,0.072,-0.8602,0.0028,0.131,0.0906,0.200828537345,-0.125889,0.654,3.820608844384181,-0.513453,-0.924913854292772,0
0.248298451304436,0.110758394,0.367,-0.4214,0.5146,0.339,0.0965,0.285888910294,1.383057,13.46,3.607211172580719,-0.232389,-0.484764434684889,0
0.940073668956757,0.86304325,0.741,0.3891,0.6644,0.482,0.3682,0.416118264198,2.522056,19.09,6.711492158472538,0.10757,0.601501584549552,0
0.666846871376038,0.53837764,0.488,-0.7628,0.3024,0.419,0.0945,0.244750469923,2.038976,16.93,4.37418392410904,-0.0507525,-0.291559562858109,0
0.582476496696472,0.117087394,0.172,-1.0493,0.1039,0.307,0.0911,0.30981618166,1.785943,15.73,4.090651474489645,-0.263019,-0.522803643078861,0
0.0787467764085895,0.11574578,0.169,-1.0181,0.1179,0.411,0.1474,0.259545445442,2.935217,20.9,4.189385291788615,-0.337842,-0.795799071447111,0
0.0525940121602057,0.1361976,0.234,-0.907,0.0027,0.263,0.0792,0.299071967602,-0.816386,0.047,3.1410934925079346,-0.413439,-1.19098734835376,0
0.900253117084503,0.3409928,0.588,0.1082,0.6892,0.472,0.4941,0.313532233238,2.487296,18.94,5.198202983639514,0.0742469,-0.056884345747446,0
0.0447959452867508,0.12221339,0.412,-0.9467,0.1574,0.226,0.0723,0.287644028664,0.941488,9.673,1.3464401344973325,-0.298291,-0.891316127053584,0
0.626604080200195,0.30296117,0.163,-0.9156,0.003,0.501,0.1662,0.255934089422,0.784412,8.142,3.78241182258986,-0.358556,-0.960609844363956,0
0.743964731693268,0.27907744,0.5,-0.084,0.6769,0.402,0.1018,0.321491539478,2.478677,18.9,3.7201355314522697,-0.0829646,0.153401991593873,0
0.122243523597717,0.16841727,0.445,-0.7129,0.3599,0.464,0.0779,0.32312130928,2.66793,19.72,4.740529218480709,-0.0566434,-0.760159401568015,0
0.982739686965942,0.68690705,0.453,-0.2581,0.6247,0.409,0.1312,0.397688835859,3.649676,23.1,3.523818382234144,-0.0741573,0.04905532694676,0
0.576870441436768,0.4369134,0.515,-0.8812,0.2122,0.452,0.158,0.248179227114,3.09742,21.4,3.714203242212534,-0.151333,-0.126755590651978,0
0.77852076292038,0.31571022,0.474,0.9701,0.9044,0.582,0.1343,0.350637704134,3.079628,21.4,2.10972511768341,0.228226,0.495756796671654,0
0.994084060192108,0.6507224,0.406,-1.1989,0.029,0.624,0.5587,0.678263008595,4.748913,26.6,3.0964326776257014,0.0722275,0.885344730874263,0
0.0709400306070662,0.19689938,0.23,-0.892,0.002,0.245,0.1543,0.308366954327,0.718593,7.55,5.3145006205700405,-0.460247,-0.74749761924644,0
0.0432647091688007,0.17051235,0.265,-0.807,0.3987,0.289,0.0859,0.214041188359,-0.055285,0.865,2.168582856655121,-0.291792,-0.989309856800275,0
0.938737690448761,0.4380889,0.27,-0.0831,0.3956,0.373,0.7458,0.534929633141,3.919645,23.8,8.671098037037012,-0.0441425,0.699902480636674,0
0.393409579992294,0.16440833,0.349,-0.6969,0.3531,0.263,0.1057,0.246929809451,0.401081,4.402,3.610465062971005,-0.227904,-0.371615642183156,0
0.988619923591614,0.6958095,0.745,0.1726,0.4855,0.568,0.3638,0.44275778532,3.620102,23.1,3.96988645195961,0.201013,0.491839886148007,0
0.246933258666765,0.4542647,0.223,-1.0231,0.017,0.552,0.7074,0.349522352219,2.439178,18.73,1.113054275512695,-0.28034,-0.480911247524117,0
0.996068239212036,0.83074737,0.587,0.1857,0.5525,0.792,0.7629,0.569682955742,4.571822,25.8,10.88156855000481,0.321535,0.628630422352476,1
0.98553478717804,0.749871,0.763,0.5749,0.7056,0.625,0.6652,0.50299179554,4.603603,25.9,12.929158110008917,0.181882,0.844416289647915,0
0.0508853508632341,0.21598145,0.17,-0.8987,0.003,0.154,0.1096,0.290030002594,0.063894,1.368,3.7767255154784,-0.485883,-0.910421030343901,0
0.275166600942612,0.45397612,0.475,-0.4201,0.3294,0.505,0.1078,0.296377182007,2.163173,17.5,4.573454238474369,-0.0498482,0.150851774785158,0
0.744911432266235,0.5866826,0.586,0.0685,0.4717,0.582,0.0897,0.464953064919,3.33817,22.2,4.9623057544231415,-0.0184537,0.0803716561482231,0
0.0306761083493217,0.12966874,0.336,-0.7599,0.269,0.415,0.0828,0.20726069808,1.235405,12.45,3.622906514190657,-0.233728,-0.697440976876314,0
0.0656279677352933,0.12595174,0.083,-0.9113,0.0035,0.246,0.0801,0.250462889671,1.046682,10.85,4.559045677656509,-0.485559,-0.707374663073996,0
0.814468920230865,0.12264347,0.274,-0.9228,0.0029,0.077,0.0906,0.290639638901,0.024694,1.178,4.388817384839058,-0.505393,-0.881836019446494,0
0.136353269219398,0.14286959,0.385,-0.565,0.3902,0.306,0.0792,0.249275103211,0.693651,7.325,4.367320526940311,-0.193488,-0.708995465424686,0
0.499591559171677,0.25109076,0.159,-0.9188,0.0039,0.425,0.1225,0.293232023716,1.360565,13.31,4.552430458291635,-0.269303,-1.05509937438316,0
0.0805261530161299,0.14573881,0.229,-0.8515,0.0033,0.31,0.0981,0.195754647255,-0.610356,0.1,2.0595773458480835,-0.426157,-1.03925778820729,0
0.120169030797142,0.15884271,0.236,-0.555,0.4469,0.259,0.1391,0.295219928026,1.220118,12.34,4.211674600839615,-0.223408,-0.362702547180903,0
0.750112056732178,0.5590463,0.635,-0.476,0.4423,0.506,0.086,0.422595620155,2.858704,20.6,6.692827818649137,-0.0321111,0.0368209024405379,0
0.0876720026135445,0.17079112,0.111,-0.9583,0.0051,0.188,0.0837,0.326403647661,1.515195,14.27,3.257877592140254,-0.507457,-0.64750597725747,0
0.779707014560699,0.2262623,0.132,-0.8588,0.005,0.328,0.156,0.348641395569,2.383222,18.49,3.6081770956516266,-0.289581,-0.319301755170027,0
0.0231629981899681,0.039819032,0.343,-0.912,0.0011,0.051,0.0747,0.192935600877,-0.926444,0.032,1.9685856103897093,-0.42023,-1.72403026249486,0
0.740639567375183,0.39849937,0.32,-0.5233,0.4096,0.435,0.0654,0.370734035969,3.00236,21.1,4.267383092646617,-0.226391,-0.207327887883833,0
0.287204802036285,0.2667371,0.151,-0.9101,0.0035,0.323,0.092,0.279309481382,0.770623,8.017,3.6054850549641615,-0.473496,-0.559147220467288,0
0.953974073815321,0.45546922,0.259,-1.116,0.0196,0.47,0.8522,0.640619158745,6.22127,34.0,3.9624083042144775,-0.167279,0.67586514939462,1
0.978446781635284,0.81267416,0.73,0.698,0.7749,0.588,0.7809,0.612814247608,4.593968,25.9,6.023047752798138,0.198193,0.727287451184915,0
0.0258105807006359,0.09232852,0.352,-0.9188,0.2416,0.397,0.1082,0.225319549441,0.840139,8.669,2.282933516441741,-0.244164,-1.03716049847772,0
0.0566943325102329,0.14198786,0.126,-0.8915,0.0042,0.336,0.0927,0.258334875107,-0.081303,0.781,4.483593194845772,-0.513759,-0.843097655507315,0
0.878317534923553,0.7387436,0.55,-0.2363,0.6135,0.463,0.1526,0.246364027262,1.811399,15.85,3.185438451900325,-0.00581937,-0.023233789645435,0
0.137656775091852,0.14860678,0.205,-0.9584,0.0048,0.219,0.1277,0.200369477272,0.557723,6.045,3.646954847849675,-0.339929,-0.792135744212734,0
0.449500262737274,0.22931689,0.437,-0.5772,0.3725,0.314,0.1056,0.252006083727,2.012773,16.81,4.935499605759107,-0.138514,-0.903415288484954,0
0.998098194599152,0.712016,0.86,0.7842,0.844,0.587,0.4719,0.483747571707,4.709531,26.4,9.74570022365076,0.373163,0.795579962514901,0
0.413526803255081,0.20774028,0.344,-0.8775,0.231,0.354,0.0844,0.283915519714,1.921705,16.38,3.778133606890133,-0.237989,-0.826820023940065,0
0.988426566123962,0.65684354,0.544,0.4164,0.5688,0.464,0.1614,0.371272921562,4.148088,24.4,6.930354565242389,0.0643392,0.504512809342375,0
0.132563889026642,0.11746368,0.561,-1.0134,0.0391,0.242,0.1224,0.210614323616,-0.218356,0.452,3.9890051607103465,-0.16304,-1.22971447171309,0
0.492705464363098,0.19241926,0.542,-0.3371,0.4758,0.328,0.1135,0.265448868275,1.719304,15.39,3.4450009993768385,-0.0183149,-0.101761793106732,0
0.0263728089630604,0.14281583,0.191,-0.9277,0.0021,0.249,0.0548,0.254178464413,0.632358,6.761,2.2623415887355804,-0.489838,-0.959952151503636,0
0.0632581496327826,0.1809983,0.145,-0.9768,0.0079,0.353,0.0766,0.378279983997,2.301749,18.13,4.02568244934082,-0.269549,-0.29223083176476,0
0.953975200653076,0.4080806,0.475,-0.6387,0.2626,0.384,0.704,0.369853585958,4.341484,25.0,8.584539452977781,-0.0973807,0.148224178592267,0
0.0118050326037536,0.01681292,0.173,-0.9244,0.0019,0.136,0.0753,0.277113825083,0.971171,9.993,4.671699106693268,-0.48035,-0.909181244844963,0
0.397153198719025,0.40445888,0.582,-0.3231,0.5293,0.321,0.3412,0.281922101974,1.614888,14.84,4.767526660321926,0.12827,-0.443314164106119,0
0.102478869259357,0.12493667,0.225,-0.9018,0.0026,0.394,0.0898,0.3764950037,0.555665,6.025,3.9653590190448975,-0.349002,-0.754910043219064,0
0.321433516535344,0.18781582,0.524,-0.4903,0.4712,0.289,0.08,0.220070451498,0.983329,10.14,3.728820800633234,-0.0858266,-0.605103169740053,0
0.19574648141861,0.14142096,0.327,-0.9218,0.2255,0.338,0.1116,0.267095267773,0.771596,8.025,4.649577326764857,-0.180792,-0.721019478375169,0
0.440002501010895,0.14783499,0.164,-0.8986,0.0049,0.253,0.1137,0.263499617577,1.998635,16.75,4.796481221914291,-0.322125,-0.37778418505764,0
0.953705012798309,0.58022946,0.381,0.8233,0.753,0.491,0.1079,0.340706199408,3.586315,23.0,3.607670382620276,-0.127868,0.676468314832681,0
0.0596129983971967,0.057780564,0.065,-0.8895,0.0019,0.052,0.0823,0.207369089127,-0.318387,0.304,1.7164186835289,-0.680108,-1.77860151240217,0
0.983903884887695,0.90445113,0.847,0.7596,0.7791,0.77,0.1476,0.386829972267,4.261126,24.7,2.941690819839713,0.191708,0.683167127813341,0
0.497377157211304,0.12721223,0.116,-0.876,0.0035,0.255,0.0592,0.313762575388,0.828933,8.561,3.7911566495895386,-0.540977,-0.540375951537188,0
0.113978396413858,0.14713928,0.573,-0.2699,0.7154,0.336,0.1559,0.28260949254,1.322498,13.06,3.585808111901535,0.06161,-0.801350035468833,0
0.264947739581088,0.13156477,0.149,-0.9969,0.0031,0.244,0.0835,0.319098800421,0.286542,3.127,3.454909110401275,-0.447163,-0.749476019206229,0
0.234859577216846,0.4679852,0.418,-0.6387,0.5555,0.458,0.1262,0.304946482182,1.014985,10.5,2.218455917185441,-0.0958693,-0.415870543524026,0
0.0445322638074004,0.058430135,0.135,-0.9381,0.0014,0.114,0.0861,0.188169956207,-0.044715,0.901,2.282022109690667,-0.573526,-1.7751500238543,0
0.980656266212463,0.6358584,0.659,0.4824,0.6888,0.52,0.5293,0.374869287014,4.535554,25.6,8.380758341789551,0.108365,0.75993327133219,0
0.0590299326352192,0.2902932,0.526,-0.7538,0.3152,0.493,0.1739,0.212913066149,0.543656,5.905,1.9241456985473635,-0.140313,-0.743093909601643,0
0.904996693134308,0.1856873,0.187,-0.8842,0.3525,0.258,0.0734,0.248571515083,0.823671,8.51,2.580386170151232,-0.345145,-0.859846782936878,0
0.945847928524017,0.46494508,0.493,-0.1175,0.6209,0.433,0.1105,0.379328250885,3.442358,22.5,4.430294588208199,0.0234127,0.354340888834243,0
0.081784725189209,0.2138649,0.221,-0.9171,0.0028,0.388,0.1479,0.225366249681,0.558895,6.056,2.1847904324531555,-0.349655,-0.809564013747117,0
0.09876948595047,0.1499601,0.181,-0.8962,0.0031,0.181,0.0868,0.228717386723,0.995847,10.28,3.9894063287578696,-0.454049,-0.902979053495902,0
0.998489856719971,0.8851088,0.803,0.9584,0.8752,0.847,0.8568,0.757201552391,5.227206,29.3,9.899030877817472,0.252084,0.937111719494509,1
0.276956404911679,0.20987502,0.189,-0.8639,0.0057,0.356,0.1361,0.222067624331,2.946053,20.9,4.253231736461252,-0.426587,-0.147290074195429,0
0.0413527029469593,0.053453714,0.204,-0.9366,0.0738,0.124,0.0926,0.238444551826,0.028661,1.196,3.388583440965033,-0.339494,-1.32027063304271,0
0.138096272945404,0.12640068,0.181,-0.7895,0.301,0.294,0.068,0.237010940909,0.673996,7.146,4.623969034508955,-0.23136,-0.85235379298843,0
0.824854373931885,0.52349377,0.668,0.0985,0.769,0.554,0.2314,0.364459842443,2.426992,18.67,3.5593571053024684,0.111356,0.105446052324486,0
0.0222975853830576,0.057709306,0.285,-0.9381,0.0011,0.26,0.0689,0.270958185196,0.684737,7.244,3.3759993262073875,-0.364339,-1.20483378440672,0
0.427573323249817,0.22918555,0.186,-0.8956,0.0026,0.482,0.1002,0.334523826838,1.350007,13.24,2.9042694955807926,-0.325676,-0.753531846388848,0
0.0553959959585378,0.14968333,0.509,-0.6507,0.3229,0.277,0.0834,0.271051496267,0.475093,5.204,4.131326179692201,-0.202366,-1.07670873265608,0
0.180682361125946,0.09343648,0.217,-0.9039,0.0019,0.169,0.1067,0.349486708641,1.130225,11.64,3.116700083017349,-0.459431,-0.862932707208175,0
0.584435820579529,0.30577242,0.177,-0.9194,0.0033,0.375,0.1348,0.281861126423,2.514253,19.05,6.766242628810995,-0.256577,-0.671608378579484,0
0.0688208490610123,0.11412287,0.146,-0.9113,0.002,0.33,0.0657,0.307010233402,-0.071558,0.811,1.997948039995726,-0.533771,-0.755513988431122,0
0.0084499020168047,0.08958271,0.577,-0.6969,0.3782,0.263,0.0664,0.273633480072,0.694995,7.337,3.264998435974121,-0.13198,-0.935911208801097,0
0.11712396889925,0.12749806,0.251,-1.0122,0.1211,0.311,0.0977,0.221696197987,0.135825,1.798,2.304774434964769,-0.394165,-1.47356661343765,0
0.0275753093721143,0.0648458,0.078,-0.893,0.0037,0.254,0.0778,0.331845253706,-0.181741,0.523,3.609294306624959,-0.509093,-1.04058114104798,0
0.135252386331558,0.17115301,0.372,-0.5764,0.3867,0.283,0.0993,0.254524886608,0.932435,9.58,4.478433083736372,-0.16082,-0.447651262086786,0
0.770380675792694,0.28282708,0.453,-0.2638,0.6222,0.395,0.2057,0.350307226181,3.321962,22.2,7.225563880561126,-0.0139796,0.22295967702335,0
0.994016885757446,0.76963055,0.666,0.6321,0.737,0.479,0.3903,0.512180030346,3.89597,23.8,6.922526311644223,0.121926,0.527498395560593,0
0.0201755438427583,0.023602933,0.39,-0.8716,0.1532,0.219,0.0758,0.203769445419,-1.054176,0.02,5.772637545906251,-0.321224,-1.97844035801251,0
0.998975157737732,0.98271495,0.793,0.6624,0.7839,0.633,0.8162,0.429434657097,3.983199,24.0,10.736938696182609,0.217275,0.77095635453407,0
0.829574942588806,0.4518617,0.688,0.6971,0.9147,0.404,0.0905,0.314550161362,2.061878,17.04,3.574850548892298,0.14575,0.0540690653053066,0
0.0638613252212305,0.12214169,0.131,-0.9832,0.196,0.132,0.0886,0.24650003016,1.466417,13.98,2.5003392100334167,-0.33966,-1.07665920742772,0
0.760713402171678,0.9610071,0.774,0.2481,0.6189,0.922,0.9577,0.760553956032,4.426349,25.3,15.407167600584216,0.311958,0.356225867599973,1
0.13865964114666,0.24497876,0.337,-0.8596,0.243,0.379,0.6182,0.292868375778,1.356862,13.29,2.5470164007958456,-0.140769,-0.598448760902403,0
0.972556710243225,0.24501467,0.106,-0.8293,0.0052,0.359,0.0863,0.289211332798,2.417198,18.63,5.122562164099174,-0.411874,-0.149922489809557,0
0.131766483187675,0.2816476,0.517,-0.4263,0.4878,0.359,0.116,0.330816954374,1.307678,12.96,3.2901938612134067,-0.0829247,-0.411171151498586,0
0.0288476583661884,0.094572425,0.313,-0.924,0.0014,0.241,0.1099,0.247812107205,1.376939,13.42,2.8936376191226136,-0.517912,-1.00939619677437,0
0.813035547733307,0.40197688,0.55,0.2651,0.592,0.368,0.0872,0.367821931839,2.797788,20.3,5.216745834713068,-0.0346718,0.279372855487437,0
0.242172911763191,0.19467211,0.238,-0.9691,0.1898,0.279,0.1091,0.248412653804,0.700164,7.384,2.85742959538496,-0.280147,-0.672743281445413,0
0.182269886136055,0.21687281,0.21,-0.9728,0.0044,0.353,0.1057,0.242473453283,0.798117,8.268,4.547959059476852,-0.421889,-0.773733584902645,0
0.0196318016920066,0.34623215,0.476,-0.9434,0.207,0.768,0.0632,0.264430880547,0.112026,1.643,3.6116876844976575,-0.037746,-1.07703788472924,0
0.504343544430821,0.6745241,0.5,0.1552,0.8115,0.418,0.1035,0.29048126936,1.810638,15.85,3.609594491964137,0.0770544,-0.0891446588107729,0
0.985090017318726,0.9613665,0.773,0.7461,0.8086,0.776,0.8897,0.465446949005,4.631497,26.0,9.780104681674857,0.402935,0.831264690760515,1
0.582052230834961,0.32759878,0.113,-0.9782,0.0114,0.406,0.0945,0.316188693047,2.616771,19.5,4.244760091071388,-0.301308,0.123148751490792,0
0.982651650905609,0.9697405,0.763,0.6469,0.7524,0.749,0.3775,0.441136389971,3.903103,23.8,15.608897066749762,0.213914,0.531065123825064,0
0.0645157718618861,0.04768771,0.036,-0.9136,0.0009,0.032,0.0841,0.257000893354,-1.321374,0.008,3.620655596256256,-0.757028,-1.74611540765752,0
0.780869603157043,0.35714656,0.127,-0.9558,0.0084,0.418,0.1318,0.253442555666,3.206384,21.8,4.687839224934578,-0.257295,0.365005194327601,0
0.111431946788895,0.112255484,0.475,-1.0047,0.0429,0.28,0.0994,0.285164862871,2.566789,19.29,3.239179223775864,0.0423553,-0.599112598151717,0
0.0249740743106244,0.19946945,0.206,-1.044,0.099,0.382,0.1086,0.294036746025,0.434962,4.775,2.203945399644636,-0.411774,-1.07366114757361,0
0.17434421347637,0.13711712,0.211,-1.0133,0.1204,0.262,0.1129,0.200470641255,0.688062,7.274,3.4433321610726555,-0.302626,-0.742392716423139,0
0.0103661892935634,0.10006431,0.185,-0.9844,0.205,0.26,0.1941,0.200914859772,0.590824,6.367,2.6931594915516954,-0.344899,-1.19983845780951,0
0.963928043842316,0.60661817,0.643,0.698,0.7749,0.466,0.4128,0.425345540047,4.622798,26.0,6.720421340162704,0.0993039,0.758565212413605,0
0.879057645797729,0.75463355,0.48,-0.2703,0.6416,0.623,0.1882,0.269267201424,2.84413,20.5,3.0692521319911066,0.0269983,-0.0150705217177898,0
0.66754823923111,0.4036938,0.352,-0.781,0.307,0.291,0.1064,0.20471560955,0.081482,1.463,4.541758082807064,-0.297755,-0.936855318493764,0
0.0357363400846045,0.0690338,0.194,-0.9136,0.0019,0.278,0.0927,0.37819725275,-0.098498,0.729,4.331213712692261,-0.409239,-1.29765515678079,0
0.645603120326996,0.43385392,0.418,-0.2204,0.6297,0.424,0.0779,0.316876798868,2.449663,18.77,5.075233228582469,-0.150114,-0.288130858848596,0
0.173707813024521,0.12744355,0.23,-0.9981,0.1318,0.3,0.1388,0.284865915775,0.971394,9.996,3.8520874977111816,-0.155144,-0.558419069130761,0
0.0164679735898972,0.051567763,0.277,-0.9459,0.0014,0.178,0.1162,0.32806161046,1.580286,14.65,4.268379360437393,-0.395402,-1.0177873020606,0
0.99938428401947,0.9792398,0.84,1.0977,0.9621,0.729,0.9538,0.49897390604,4.830427,27.0,14.98653578390558,0.464342,0.868148994889609,1
0.140071764588356,0.18813506,0.189,-0.9946,0.0032,0.197,0.104,0.25956350565,1.055088,10.94,3.277669937225216,-0.348326,-1.1715238295757,0
0.0332457598283569,0.038465828,0.028,-0.9337,0.001,0.142,0.0657,0.253138124943,-0.076374,0.796,3.3208428891153985,-0.62713,-1.38910254107601,0
0.154237151145935,0.1755938,0.434,-0.9149,0.1689,0.265,0.1048,0.265556335449,-0.673133,0.08,4.454828299557128,-0.217591,-1.34090072132502,0
0.0576916327224485,0.108682096,0.226,-0.8849,0.0024,0.295,0.097,0.286205053329,1.538711,14.41,4.588168978691101,-0.346096,-0.891250196140033,0
0.805656909942627,0.7448807,0.478,-0.7544,0.3255,0.446,0.1611,0.21113628149,1.984453,16.68,5.119280576705933,-0.125605,-0.128958409409743,1
0.0854461781283354,0.08052626,0.116,-0.9656,0.16,0.209,0.0726,0.200883209705,-1.217571,0.012,3.164779307119597,-0.444009,-1.74188861290908,0
0.0724089965224266,0.07006621,0.119,-0.8925,0.0021,0.096,0.0864,0.311417102814,-0.217419,0.454,3.2975859940052032,-0.617115,-1.57846382227075,0
0.977035164833069,0.49600255,0.481,-0.4891,0.4045,0.439,0.1187,0.240487754345,2.742455,20.1,5.622592572122812,-0.122754,0.0882622651575836,0
0.322206765413284,0.12630862,0.247,-0.8883,0.0018,0.334,0.0984,0.251635849476,0.477601,5.23,1.952087758241876,-0.347941,-0.914771829826638,0
0.831254422664642,0.8426446,0.602,-0.3927,0.5322,0.61,0.0915,0.394047051668,3.487103,22.7,2.863197055367888,-0.00201875,0.26656818272539,0
0.607303261756897,0.2636152,0.16,-0.8701,0.0021,0.381,0.1004,0.216390416026,1.811846,15.86,5.411318295437501,-0.367469,-0.802988636698761,0
0.377317985116312,0.3164872,0.161,-0.8877,0.0033,0.32,0.0944,0.256933242083,2.173576,17.55,3.148679200665325,-0.342078,-0.433119643467731,0
0.986701667308807,0.89785135,0.668,0.8614,0.8174,0.712,0.3761,0.531809449196,3.393375,22.4,5.795743010938168,-0.141693,0.3950597203451,0
0.423685602618479,0.34214917,0.467,0.6357,0.9059,0.449,0.0886,0.291582047939,3.133599,21.5,3.786137131598698,0.124259,0.0018354363182232,0
0.891057312488556,0.2276029,0.137,-0.9259,0.0045,0.333,0.0841,0.22633549571,3.071546,21.3,4.5898595455208655,-0.310602,-0.234752382815391,0
0.232698321342468,0.20968416,0.498,-0.5477,0.4673,0.373,0.0799,0.299547493458,0.820973,8.484,3.4051337242126465,-0.083768,-0.778504607428053,0
0.961666464805603,0.75353074,0.769,0.9786,0.879,0.683,0.1528,0.489154696465,3.712323,23.3,5.227754789404571,0.00359441,0.641780054320907,0
0.504173457622528,0.70178205,0.613,0.4993,0.891,0.431,0.0622,0.380463004112,2.281434,18.04,2.479867061292349,0.121631,-0.0724699168412289,0
0.737950384616852,0.31979698,0.354,-0.6393,0.4595,0.359,0.0786,0.254781574011,1.268326,12.69,3.708993911743164,-0.242416,-0.436427065661898,0
0.150459161785726,0.3277261,0.319,-0.2813,0.4903,0.423,0.1373,0.262554258108,1.865442,16.12,3.496560119149043,-0.220179,-0.30979799014432,0
0.220205545425415,0.39817703,0.549,0.5458,0.9053,0.375,0.1473,0.242517262697,1.884738,16.21,1.3564421683648558,0.159431,-0.0584124650179291,0
0.181108206510544,0.12740484,0.354,-0.9891,0.1989,0.347,0.1054,0.246488720179,0.070029,1.4,3.744227386721819,-0.277474,-1.43308318946108,0
0.742222189903259,0.5650563,0.641,0.3455,0.8316,0.446,0.1178,0.369625449181,1.637893,14.96,4.149639046359161,0.0362238,-0.109460173907638,0
0.939634561538696,0.39096618,0.567,0.2551,0.6517,0.471,0.5028,0.567801237106,2.554009,19.23,8.3329638746947,-0.0646791,-0.0122759030297586,0
0.046628781295899,0.08866504,0.246,-0.9437,0.0021,0.283,0.1123,0.191088557243,0.098834,1.562,3.95498384246961,-0.492569,-1.45920762421068,0
0.776153683662415,0.47586873,0.36,-0.8417,0.2809,0.489,0.0975,0.296192646027,2.037919,16.93,4.628840247987594,-0.0937771,-0.55337898116976,0
0.758824908269704,0.7683452,0.539,-0.186,0.629,0.656,0.272,0.388507932425,1.958784,16.56,5.271420516073704,-0.0196155,-0.0079098038940471,0
0.122973570078111,0.28972125,0.445,-0.7449,0.29,0.543,0.2054,0.389873832464,1.729102,15.44,2.820261150598526,-0.0561623,-0.6861588359899,0
0.998070538043976,0.91409963,0.897,0.9284,0.8579,0.695,0.6188,0.562594771385,4.689158,26.3,11.568813998703805,0.414216,0.657345373333194,0
0.0379728775168114,0.16287601,0.09,-0.9464,0.0038,0.308,0.094,0.280915617943,0.902419,9.282,3.764407362299378,-0.491866,-0.76014469093097,0
0.189414456486702,0.29568055,0.197,-0.9363,0.002,0.266,0.1081,0.238863021135,0.076415,1.435,3.2170584057683045,-0.543845,-1.41482696857536,0
0.524086952209473,0.19027895,0.376,-0.5771,0.4225,0.421,0.0949,0.266419291496,1.317914,13.03,5.392786982993042,-0.106192,-0.307668815118233,0
0.0273399446700122,0.1504015,0.363,-0.7483,0.3348,0.26,0.1565,0.253742724657,-0.197077,0.492,2.9112209424657527,-0.24937,-0.940143072096424,0
0.335606272055047,0.20347348,0.199,-0.8699,0.003,0.294,0.1158,0.28874707222,1.744065,15.52,3.96953923557151,-0.406938,-0.444932196488687,0
0.993657171726227,0.88345134,0.843,0.9361,0.8732,0.869,0.9776,0.73461163044,5.153626,28.9,15.23540580594272,0.433797,0.881332417304323,1
0.0198710393160582,0.10973486,0.169,-0.9285,0.0031,0.272,0.0948,0.23576156795,0.367667,4.027,2.7106101080200458,-0.34245,-1.05671061516765,0
0.742106974124908,0.24826202,0.346,-0.7965,0.2256,0.364,0.1893,0.345160961151,0.741106,7.752,4.277311844770716,-0.243059,-0.365820927992497,0
0.041473207985095,0.13807246,0.596,-0.1883,0.73,0.296,0.0915,0.255924105644,1.045311,10.84,3.380931615829468,-0.0194299,-0.632963747298188,0
0.211641033500941,0.32304108,0.622,0.1215,0.7966,0.435,0.0855,0.274646878242,1.401467,13.58,4.33003422100996,0.0712696,-0.51457574193748,0
0.890973567962646,0.23277986,0.537,-0.1538,0.6385,0.368,0.0954,0.350270926952,1.453493,13.9,6.210451603009088,-0.0432265,-0.417847538583973,0
0.0358527289891711,0.1318672,0.414,-0.9561,0.2174,0.316,0.1217,0.260174751282,0.383188,4.202,3.62701947931119,-0.180572,-0.868890281622059,0
0.281644493341446,0.19194719,0.432,-0.8608,0.2269,0.483,0.1117,0.39216542244,1.278588,12.76,3.023935107996924,-0.101052,-0.563868684933264,0
0.414314806461334,0.25854546,0.366,-0.6917,0.4626,0.31,0.1149,0.242608070374,0.653612,6.959,2.1455177068710327,-0.132338,-0.40224405383083,0
0.0708325792337394,0.14850518,0.178,-1.0413,0.0537,0.262,0.0771,0.208215683699,1.653855,15.05,4.602688668225944,-0.361889,-0.736142701038828,0
0.124188961921709,0.13649315,0.127,-0.9919,0.1091,0.217,0.102,0.255242109299,1.243178,12.51,3.3011873307955364,-0.374392,-0.507997243052131,0
0.998376727104187,0.9100411,0.795,1.0808,0.9403,0.582,0.5609,0.464612603188,3.718159,23.3,8.257957755178609,0.203083,0.609784300740683,0
0.20522066950798,0.21528009,0.149,-0.9242,0.0054,0.378,0.0938,0.32982468605,2.228782,17.8,2.957696673074908,-0.418293,-0.383589369017415,0
0.589367747306824,0.26837146,0.464,-0.5439,0.3806,0.351,0.1104,0.266500294209,1.321689,13.06,4.791929462779667,-0.149524,-0.430849024316406,0
0.0418757855402185,0.17461303,0.451,-0.5113,0.4651,0.074,0.0761,0.217782303691,0.311303,3.396,2.830098092556,-0.183546,-1.14225504809015,0
0.870867371559143,0.4409211,0.52,0.054,0.7993,0.342,0.1247,0.437922716141,2.963916,21.0,6.702797612643338,-0.0851611,0.219565383911122,0
0.111659572892175,0.20036635,0.159,-0.8605,0.0028,0.245,0.1213,0.28356564045,1.23852,12.48,2.330477224267855,-0.344257,-0.763467671485857,0
0.985137462615967,0.8338938,0.849,0.5749,0.7056,0.577,0.5597,0.469014495611,4.635679,26.0,10.596674560371154,0.285282,0.837094545916477,0
0.0378610603511333,0.11455926,0.216,-1.0034,0.1413,0.195,0.1305,0.253020524979,-0.141534,0.615,2.859380715441076,-0.352601,-0.856522416342968,0
0.672179904158223,0.91565526,0.548,-0.1495,0.5438,0.513,0.4933,0.333146810532,2.875799,20.6,5.375355938215982,-0.0659804,0.109803300391849,0
0.961874902248383,0.53173554,0.557,0.2209,0.6064,0.552,0.0925,0.437275320292,3.32151,22.2,5.964376613514016,0.0279745,0.616687598189,0
0.986435353755951,0.8945887,0.71,0.6278,0.7582,0.897,0.8516,0.61671257019,4.293152,24.8,10.324512649764074,0.315978,0.536342914663255,1
0.996870696544647,0.936924,0.808,0.6613,0.7726,0.748,0.5718,0.849648118019,4.632827,26.0,10.416529179664677,0.193226,0.814954474271229,0
0.0467770546674728,0.09318313,0.151,-0.9317,0.0023,0.285,0.0975,0.233030691743,-1.225082,0.011,3.15072038769722,-0.503648,-1.18108302670114,0
0.226308107376099,0.1735366,0.27,-0.9062,0.0058,0.37,0.0826,0.338605701923,1.805404,15.82,4.197245871045181,-0.429281,-0.700420811636566,0
0.260086923837662,0.2240192,0.146,-0.9164,0.0046,0.339,0.1041,0.283299267292,1.23463,12.45,5.085881181389454,-0.389463,-0.737463146307921,0
0.0178410756745106,0.041617632,0.112,-0.9525,0.1202,0.146,0.0609,0.224073022604,-0.300691,0.326,1.2586907178053637,-0.461835,-1.48778360481062,0
0.1644033051447,0.2260024,0.115,-0.9486,0.2258,0.175,0.0697,0.25573438406,2.271105,17.99,3.3145374852876155,-0.275421,-0.464635511533348,0
0.190087378025055,0.108934164,0.192,-0.9512,0.2111,0.205,0.0794,0.261138498783,0.447712,4.913,2.778303874022313,-0.325462,-0.990824616575798,0
0.136458396911621,0.17517668,0.349,-0.9845,0.1044,0.373,0.1392,0.323557287455,1.631817,14.93,3.8714296820110494,-0.147958,-0.272131149476562,0
0.448958963155746,0.33865833,0.402,-0.2369,0.582,0.211,0.0698,0.274166882038,0.914587,9.402,2.6050730867484075,-0.203302,0.102230592242815,0
0.661127388477325,0.2910564,0.506,-0.4117,0.4322,0.437,0.3762,0.293854981661,2.09881,17.21,5.995814069921598,-0.0727252,0.098007948078822,0
0.0218267813324928,0.07883948,0.144,-0.8695,0.0029,0.273,0.1454,0.291645109653,1.486891,14.11,3.0649638175964355,-0.442192,-0.829996980157548,0
0.918825328350067,0.9882832,0.926,0.9597,0.9926,0.982,0.9961,0.717033147812,4.681057,26.2,12.83231235310086,0.564553,0.875911433348469,1
0.109571374952793,0.07855633,0.393,-0.9521,0.0012,0.16,0.0991,0.227850526571,-0.921417,0.032,3.103376686573029,-0.401295,-1.51400785852974,0
0.0241075046611666,0.049040914,0.241,-1.0348,0.1019,0.356,0.0541,0.208268254995,1.143362,11.75,4.065504767122183,-0.332708,-1.60878793498503,0
0.0342049039900303,0.124234974,0.212,-0.9889,0.1717,0.331,0.0939,0.250092685223,0.866448,8.927,2.812999907106155,-0.321918,-1.3273308745386,0
0.0511182263604357,0.11133766,0.231,-0.7845,0.3013,0.185,0.0699,0.200593233109,1.161854,11.9,4.304522967525488,-0.296985,-1.00568133038025,0
0.947814524173737,0.95264566,0.56,-0.1927,0.5931,0.573,0.2743,0.437257409096,3.912414,23.8,2.3958357854735683,0.00421105,0.125154350651084,0
0.116390995891102,0.08393246,0.122,-1.0189,0.003,0.222,0.0756,0.248888105154,-1.158649,0.014,4.108258097722946,-0.561249,-1.62252418021683,0
0.976448535919189,0.55639315,0.627,0.2596,0.674,0.592,0.1147,0.327287226915,3.20887,21.8,4.24660389603409,0.0149286,0.360119311855648,0
0.316197726909668,0.4234966,0.523,-0.1029,0.5295,0.414,0.1521,0.285533249378,2.209165,17.71,3.311952653985885,-0.0104597,-0.0460576986279924,0
0.0375826644338768,0.07366422,0.251,-0.7726,0.3087,0.262,0.0774,0.255651324987,0.714055,7.51,4.522773813658371,-0.259046,-0.803904976687731,0
0.0450570397078991,0.08187303,0.288,-0.9064,0.002,0.297,0.4958,0.319123744965,0.549828,5.967,2.753205329179764,-0.433917,-1.22320061238429,0
0.979048848152161,0.8922229,0.687,0.6512,0.7708,0.73,0.4078,0.423374295235,4.332905,25.0,6.1591073432937264,0.145666,0.600283632232663,0
0.966391086578369,0.5953778,0.419,0.2525,0.8242,0.426,0.1033,0.268919885159,2.97225,21.0,2.970359376459321,0.0171008,0.490313099015896,0
0.981711864471436,0.79429376,0.736,1.125,0.9678,0.491,0.1264,0.340538144112,3.887347,23.7,3.235543493279517,0.0915174,0.616017514476225,0
0.0458023959070629,0.08156961,0.388,-0.9358,0.0018,0.128,0.0613,0.267457008362,0.035014,1.225,4.130253970623016,-0.406321,-1.35617556864498,0
0.0638207637864901,0.16218197,0.16,-0.7928,0.2855,0.373,0.1509,0.355901509523,0.496097,5.423,3.0565522951275863,-0.306362,-0.789970153020889,0
0.0331607497650123,0.072003484,0.077,-0.9367,0.005,0.136,0.084,0.25307816267,0.700861,7.39,4.321675255894661,-0.543319,-1.02308172254461,0
0.997416257858276,0.7249082,0.614,0.5919,0.7306,0.54,0.3232,0.568599581718,4.341615,25.0,9.068717632918029,0.144565,0.809917526956072,0
0.0213554342727779,0.011333466,0.154,-0.877,0.0028,0.31,0.0924,0.342317342758,1.331532,13.12,2.894340753555298,-0.349772,-0.336426425131399,0
0.99910295009613,0.98843384,0.926,1.0272,0.9916,0.894,0.9945,0.744463562965,4.268286,24.8,12.911025882101969,0.557186,0.74617655178961,1
0.0354515451901279,0.033764005,0.165,-0.968,0.0833,0.1,0.073,0.285058498383,-0.755269,0.059,3.2056492210218845,-0.428157,-1.58928485474322,0
0.647649049758911,0.4298037,0.166,-1.0275,0.0096,0.557,0.2924,0.448482483625,3.256956,22.0,2.636126458644867,-0.237323,-0.0273136915544647,0
0.0485317651828701,0.11566484,0.521,-1.0211,0.0774,0.184,0.1018,0.252255320549,1.170545,11.97,2.5071593771478486,-0.0878016,-0.373025745124997,0
0.991092622280121,0.89684165,0.882,0.8022,0.8179,0.869,0.9875,0.878038287163,5.078441,28.4,19.70177221317317,0.425974,0.79372834546127,1
0.0526531711220741,0.103299946,0.125,-0.9039,0.0023,0.225,0.5616,0.331815332174,0.713489,7.504,2.471507567343094,-0.473988,-1.22336440923841,0
0.90291576080123,0.61428404,0.284,-0.0006,0.4894,0.596,0.4908,0.484621018171,3.846714,23.6,9.252503968775272,0.0275623,0.75082808268678,0
0.753603339195251,0.27099037,0.154,-0.8858,0.004,0.394,0.0795,0.269845843315,1.372967,13.4,3.8264727384374457,-0.298388,-0.382743344233454,0
0.320827424526215,0.1770004,0.388,-0.6092,0.3631,0.344,0.1029,0.21757927537,1.623466,14.89,4.249882385134697,-0.167505,-0.807788986896124,0
0.0304606710857387,0.10591379,0.457,-0.9182,0.2481,0.191,0.0658,0.242472678423,1.075795,11.15,3.439060508005491,-0.209094,-0.823087028528214,0
0.136304527521133,0.08440602,0.22,-0.8782,0.2191,0.389,0.0872,0.239510059357,0.302296,3.297,2.595999151468277,-0.2751,-0.898133226519513,0
0.0316211083425194,0.082033634,0.227,-0.8901,0.0032,0.303,0.1035,0.254622161388,-0.158875,0.573,1.388579487800598,-0.522423,-1.34313532094357,0
0.574034810066223,0.6775518,0.525,-0.4573,0.512,0.405,0.1021,0.299605131149,1.708795,15.34,5.249659055562331,-0.0594863,-0.116177567202134,0
0.991306602954865,0.90722895,0.802,0.6595,0.7611,0.64,0.7642,0.467788010836,4.492489,25.5,13.543331591984767,0.313227,0.604349049348528,0
0.0548557378351688,0.10868734,0.127,-0.9942,0.1104,0.176,0.0936,0.282688438892,0.253779,2.789,3.5657782176017,-0.382693,-1.00823896628333,0
0.0990029982427842,0.119508296,0.123,-0.9672,0.0033,0.21,0.1078,0.245919629931,0.439139,4.82,3.832865288198398,-0.532773,-1.2086157262631,0
0.297480493783951,0.22674555,0.167,-1.0123,0.0029,0.278,0.1012,0.256381392479,0.633614,6.773,4.042968537689202,-0.390658,-0.509582420152398,0
0.104436494410038,0.12186518,0.115,-1.0363,0.0856,0.27,0.118,0.340373009443,0.997587,10.3,3.220703712936059,-0.4153,-0.931767533867424,0
0.106962309457725,0.11257517,0.142,-0.8985,0.0018,0.403,0.0957,0.318435609341,0.534457,5.813,3.668000236287421,-0.467253,-0.877732905728112,0
0.179573610424995,0.22633585,0.403,-0.9323,0.152,0.256,0.1141,0.246079683304,1.753265,15.56,3.884299942522935,-0.217988,-0.901431748370362,0
0.135705053806305,0.08550274,0.113,-1.0465,0.0809,0.184,0.134,0.331541836262,0.221737,2.482,2.8593810129087363,-0.379751,-1.24338993712697,0
0.940379559993744,0.5342837,0.559,0.1599,0.6569,0.511,0.6368,0.554123580456,2.899447,20.7,10.010061578359457,0.046878,-0.0128276698174078,0
0.0999670445506378,0.1346679,0.445,-0.7193,0.3209,0.339,0.0909,0.31806525588,1.149723,11.8,3.674725333147488,-0.179004,-0.447801382150617,0
0.149014726281166,0.12956661,0.173,-0.8913,0.0033,0.239,0.0873,0.304005354643,0.665267,7.066,3.549896538257599,-0.38034,-0.647025966699143,0
0.0515506696762281,0.09312692,0.226,-0.9267,0.1682,0.258,0.0877,0.21934916079,0.334202,3.651,3.5579910799860954,-0.318045,-1.50655987866526,0
0.107072994212099,0.17275223,0.231,-0.9173,0.0029,0.408,0.095,0.327421784401,0.863996,8.903,2.9277752535803687,-0.271436,-0.625661394081708,0
0.0519573387949641,0.17339036,0.442,-0.383,0.6248,0.285,0.0989,0.230580449104,-0.121471,0.666,3.277912586927414,-0.165636,-0.941163028810482,0
0.954086899757385,0.6506049,0.196,-0.8724,0.0048,0.498,0.1196,0.287102282047,2.290059,18.08,3.996314598371542,-0.208178,-0.0528082415093612,0
0.0508433133363724,0.07971895,0.09,-0.9138,0.0032,0.142,0.1166,0.195265218616,0.745542,7.792,3.450828597780032,-0.501425,-0.973434359551732,0
0.0295424921911928,0.11585644,0.325,-1.0017,0.1102,0.372,0.106,0.320815712214,0.053778,1.316,2.4003680021177027,-0.296019,-0.854697887349468,0
0.107826054096222,0.10983789,0.215,-1.0534,0.0862,0.29,0.0988,0.226661935449,0.928171,9.537,3.2249571173172846,-0.32247,-1.20040515011124,0
0.930911540985107,0.62810487,0.46,-0.0598,0.4441,0.577,0.4935,0.496490418911,4.337738,25.0,10.867559812433374,0.2161,0.576612052010419,0
0.0146075058728456,0.08712959,0.32,-0.9954,0.1279,0.22,0.0804,0.229756638408,-0.291126,0.339,3.806992087404709,-0.353571,-1.24063713982699,0
0.950370311737061,0.42397264,0.622,0.1488,0.7744,0.402,0.0994,0.34862112999,2.89277,20.7,5.442447019677438,-0.00591585,0.357877071207752,0
0.289882859685345,0.21985781,0.564,-0.1698,0.6955,0.367,0.0898,0.351867437363,1.019046,10.55,5.300477838825565,0.0176125,-0.402433602477995,0
0.0860801829549097,0.14099276,0.163,-0.9216,0.0039,0.262,0.0866,0.226414203644,1.738433,15.49,4.965042844414711,-0.379138,-0.529895518728598,0
0.974229395389557,0.69753367,0.632,0.1264,0.7014,0.508,0.1198,0.388236284256,4.00572,24.1,6.938044373530511,0.056509,0.455826822969698,0
0.139470300892431,0.14964849,0.482,-0.4951,0.4141,0.358,0.1549,0.342041194439,1.254595,12.59,2.4802248326994447,-0.0349367,-0.495888877272674,0
0.061018379306942,0.16106567,0.141,-0.906,0.0034,0.328,0.0988,0.365982353687,-0.659794,0.084,3.4591193571686745,-0.513371,-0.949275408713014,0
0.0401705048619061,0.09626168,0.257,-0.9062,0.0022,0.124,0.1022,0.250283956528,-0.674608,0.079,2.868968725204468,-0.521425,-1.40225456045882,0
0.835889518260956,0.5971629,0.426,-0.5231,0.5974,0.513,0.1736,0.231363177299,1.48368,14.09,5.274151374432739,-0.114497,-0.396955153858523,0
0.915499448776245,0.50821745,0.409,-0.3953,0.4031,0.474,0.1892,0.368471980095,3.488542,22.7,4.699830159570096,-0.050296,0.606104238126765,0
0.139108240604401,0.1297332,0.34,-0.9697,0.1517,0.256,0.0745,0.246956497431,1.237503,12.47,3.476395490368598,-0.307173,-1.11817978980903,0
0.0491845346987247,0.11526704,0.131,-0.9803,0.1714,0.169,0.0856,0.233339369297,-0.387835,0.232,2.6261554375627814,-0.355467,-0.917605310117897,0
0.0961976367089881,0.10724908,0.145,-0.8727,0.0041,0.172,0.0568,0.214398771524,0.048566,1.29,2.7280045573330782,-0.581756,-1.34871712769226,0
0.252040505409241,0.20869622,0.544,-0.556,0.4397,0.361,0.0988,0.273544341326,1.787645,15.74,3.5595852165252047,-0.0511243,-0.264865185340404,0
0.919028997421265,0.450942,0.531,0.0871,0.6527,0.462,0.2183,0.524820208549,4.737854,26.5,3.49147381764884,0.124104,0.694103201372804,0
0.981502711772919,0.53025234,0.473,-0.1317,0.6255,0.421,0.1689,0.329434126616,2.235877,17.83,3.683284729719162,0.0876038,0.208727943209387,0
0.513764381408691,0.22549194,0.472,-0.8486,0.1994,0.34,0.1356,0.301960736513,1.54347,14.44,4.563474919795498,-0.208985,-0.983987040123442,0
0.0182156858755004,0.052475512,0.042,-0.8872,0.0012,0.114,0.0493,0.240261971951,-1.848744,0.002,2.61586188559466,-0.650495,-1.8440259609878,0
0.0398639010115697,0.118366,0.551,-0.5739,0.4813,0.3,0.099,0.2874776721,0.622064,6.664,2.917073190764989,-0.131579,-0.834401495704188,0
0.261857569217682,0.15628263,0.275,-1.0523,0.1198,0.223,0.0676,0.254981040955,-0.451809,0.182,3.3628962132239044,-0.370105,-1.41572579568589,0
0.864578485488892,0.37411523,0.519,-0.4068,0.5373,0.432,0.1254,0.301199197769,2.924329,20.8,5.556167744100094,-0.00758172,-0.112473168849801,0
0.597812422289109,0.3501896,0.656,-0.2979,0.3906,0.527,0.2252,0.261414051056,2.969613,21.0,3.791683554649353,0.14917,0.273113727667381,0
0.0675495266914368,0.07738444,0.265,-0.8318,0.3098,0.219,0.1388,0.248105466366,0.400696,4.398,3.6004308190786185,-0.290773,-1.0478337539381,0
0.979613065719604,0.9163091,0.723,0.709,0.791,0.881,0.9857,0.545218467712,4.272034,24.8,13.488552930335572,0.368069,0.592334226295607,1
0.750568509101868,0.14904773,0.32,-1.0075,0.1596,0.348,0.0725,0.281188100576,4.39601,25.2,4.108765542507172,-0.18135,-0.296631372969753,1
0.977039039134979,0.7703777,0.588,-0.1114,0.6114,0.566,0.2174,0.308711260557,3.302268,22.1,9.389426599961707,0.0998638,0.216802973509108,0
0.0572526868353077,0.17175287,0.58,-0.9891,0.0813,0.284,0.0637,0.246352806687,0.518404,5.651,2.6761456727981567,-0.0334033,-0.808346292784527,0
0.925855696201324,0.83595264,0.734,0.7491,0.8095,0.776,0.5559,0.694043755531,4.097054,24.3,9.19225782272406,0.334888,0.77688956933018,1
0.486834369658958,0.5511421,0.168,-0.9388,0.0073,0.48,0.1898,0.257792651653,1.929748,16.42,4.006774996179633,-0.318972,-0.0151021798983132,0
0.0966499671339989,0.18242571,0.117,-0.9189,0.0054,0.3,0.0911,0.326139479876,1.04867,10.87,3.451184719049633,-0.436313,-0.608449998565119,0
0.0323664673158301,0.19090769,0.196,-0.902,0.0032,0.338,0.0818,0.259310126305,1.097073,11.35,5.136937890605483,-0.42946,-0.834099832720076,0
0.882276177406311,0.8411957,0.74,0.7813,0.796,0.653,0.407,0.477109014988,3.069218,21.3,5.974632129073143,0.15115,0.420487921459677,0
0.745118498802185,0.3641811,0.156,-1.0029,0.0062,0.385,0.1387,0.319084763527,1.839644,15.99,3.9167442619800568,-0.261889,0.0373328345993772,0
0.0938600952047605,0.13646498,0.287,-0.6864,0.3384,0.338,0.0808,0.26096779108,0.038784,1.243,2.900426441407675,-0.290765,-1.02630961281115,0
0.9640132188797,0.6452379,0.691,-0.5799,0.2774,0.569,0.3095,0.323940217495,3.104511,21.4,4.153954416513443,0.220477,0.34289985748833,0
0.998113393783569,0.84681404,0.817,0.678,0.7908,0.58,0.8691,0.476746678352,4.402894,25.2,8.690966771688455,0.413235,0.715661018678377,0
0.0636124089360237,0.13396487,0.526,0.1928,0.6835,0.326,0.065,0.380140125751,1.359985,13.31,8.249454244971275,-0.0100755,-0.553149236416704,0
0.024150786921382,0.08735177,0.534,-0.8484,0.2769,0.214,0.1757,0.283363521099,1.047385,10.86,2.129804090541005,-0.206735,-1.41670643040498,0
0.214743375778198,0.31819522,0.406,-0.7591,0.2456,0.291,0.102,0.300087571144,0.916721,9.423,4.185970574617386,-0.244668,-0.81285678229913,0
0.994035627413413,0.8586335,0.698,0.5685,0.6815,0.702,0.0986,0.365787148476,3.894864,23.8,3.3357598185906294,0.118667,0.830271600871434,0
0.0379527187239661,0.101846665,0.369,-0.9663,0.1713,0.266,0.1111,0.286461830139,0.954009,9.805,3.926681086903709,-0.348733,-1.04426915885705,0
0.544153571128845,0.25863898,0.211,-0.8419,0.0029,0.352,0.1206,0.397562325001,3.585607,23.0,2.934044910281215,-0.423011,-0.151396092448273,0
0.935007333755493,0.74239486,0.662,0.4012,0.6966,0.77,0.1788,0.433290570974,4.374098,25.1,2.162868510558468,0.270689,0.703783813343469,0
0.972674548625946,0.3546896,0.591,0.0752,0.7262,0.405,0.0985,0.340664565563,3.874795,23.7,3.755403518676758,0.028567,0.231639407126272,0
0.987535774707794,0.72404224,0.59,0.2666,0.6051,0.559,0.2579,0.503295779228,3.717186,23.3,4.34612377720212,0.0960868,0.758243796106811,0
0.147802904248238,0.20028219,0.419,-0.5184,0.3664,0.401,0.0844,0.255961477757,1.610031,14.81,3.756290567715199,-0.0713538,-0.677241513157963,0
0.0242310273839062,0.02197367,0.503,-0.8361,0.2333,0.197,0.0551,0.228506222367,-0.798337,0.05,2.1441488443758487,-0.243195,-1.3738661891189,0
0.111282281577587,0.18549016,0.174,-0.9411,0.0028,0.372,0.0889,0.279347836971,0.381565,4.184,4.430223781851921,-0.501858,-0.974249090334808,0
0.95953369140625,0.3255239,0.424,-0.5705,0.4007,0.442,0.0982,0.305442810059,2.248663,17.89,4.964655220508575,-0.0881724,-0.371943853049025,0
0.478537768125534,0.20663139,0.334,-0.4967,0.5215,0.222,0.0915,0.227010965347,1.623483,14.89,3.3607036056939377,-0.200004,-0.254048797037953,0
0.128906413912773,0.08261004,0.182,-0.919,0.2362,0.347,0.09,0.256782948971,0.688965,7.282,2.673063337802887,-0.274838,-0.824568392433482,0
0.8174147605896,0.4421065,0.58,-0.3014,0.491,0.495,0.1332,0.251457095146,1.931635,16.43,5.8500208258628845,0.00144689,-0.686083306714646,0
0.906529188156128,0.9119648,0.517,-0.5061,0.4895,0.573,0.1899,0.239078134298,1.482522,14.08,5.35322049789071,-0.0114982,-0.0125747182499397,0
0.134514086435238,0.2038238,0.541,-0.5534,0.3787,0.31,0.1105,0.257607161999,-0.142867,0.611,3.541726753115654,-0.0847545,-0.743804812903119,0
0.044555302709341,0.085516095,0.242,-0.9107,0.0021,0.165,0.0682,0.228731408715,-0.476664,0.166,3.4341037571430206,-0.496942,-1.25070013518631,0
0.0804514661431313,0.15973905,0.372,-0.9528,0.3018,0.251,0.1055,0.218097910285,0.431086,4.733,5.402066056641108,-0.235708,-1.29561457952312,0
0.050472699997049,0.07825911,0.265,-0.8318,0.3098,0.219,0.1388,0.248105466366,0.376814,4.13,3.6004308190786185,-0.290754,-1.0478337539381,0
0.188004256504891,0.19827092,0.105,-0.9181,0.0057,0.289,0.072,0.267018049955,2.521918,19.09,2.4188308119773865,-0.311979,0.0171745526175224,0
0.846787571907043,0.39350694,0.162,-0.9279,0.0106,0.557,0.1648,0.447906911373,5.68952,33.0,4.756915301084518,-0.258624,0.205847199389582,1
0.0524852730415325,0.13836661,0.245,-0.915,0.0024,0.225,0.1133,0.238684937358,0.298289,3.254,4.045813322067261,-0.314586,-0.751405167792963,0
0.662167608737946,0.6586679,0.536,0.4318,0.8934,0.419,0.1106,0.252974629402,2.023438,16.86,3.061013804557418,0.116382,0.0384584612884447,0
0.0352887708479285,0.042960614,0.259,-1.0303,0.1006,0.196,0.1116,0.173736795783,0.4533,4.973,2.5071514403140416,-0.335941,-1.45172379266392,0
0.0246651079505682,0.09926516,0.067,-0.909,0.0023,0.152,0.0831,0.268464505672,0.493296,5.394,4.749668239703986,-0.521046,-0.841523080755912,0
0.326416889272548,0.35748103,0.511,-0.1278,0.3637,0.503,0.1331,0.346583127975,4.928489,27.5,6.871383463498205,-0.0287396,0.536152129452338,0
0.0310084680203369,0.033413798,0.303,-0.9621,0.0903,0.206,0.0941,0.262538909912,-0.852713,0.041,3.639164351515872,-0.345556,-1.59426517442766,0
0.0311684258378548,0.13057634,0.407,-0.6517,0.4019,0.239,0.1043,0.243882447481,-0.214006,0.46,2.954317256808281,-0.216312,-0.834485304860894,0
0.0272407051067268,0.009818286,0.14,-0.9056,0.0024,0.383,0.0834,0.330655813217,0.46985,5.149,2.3815539728261657,-0.465878,-0.648198590783046,0
0.964608192443848,0.5187613,0.688,0.3458,0.7264,0.648,0.1398,0.411522209644,2.916862,20.8,1.990213950632386,0.109196,0.150105560074769,0
0.0528020882302999,0.11558512,0.194,-0.9073,0.0031,0.256,0.1269,0.241940319538,1.350207,13.25,4.250429226041304,-0.438471,-0.888362653927018,0
0.118631914258003,0.12522313,0.162,-0.9312,0.0032,0.317,0.1506,0.334836781025,1.933891,16.44,4.069816306233406,-0.373495,-0.627547277941924,0
0.734786331653595,0.3272703,0.532,0.1313,0.5638,0.348,0.2138,0.3891518116,3.318415,22.2,5.4048337564088245,-0.110277,0.353513760884051,0
0.0187105275690556,0.06256586,0.126,-0.9312,0.0018,0.184,0.0922,0.180846989155,0.183488,2.153,2.1811169385910034,-0.561514,-1.2165534933512,0
0.369123139272514,0.2415537,0.201,-0.7774,0.0053,0.431,0.1637,0.400392234325,1.849845,16.04,3.3057791590690613,-0.219828,-0.136593559465418,0
0.900361061096191,0.29145217,0.529,-0.3553,0.6148,0.447,0.0679,0.269412100315,3.081252,21.4,3.6519492306903167,-0.0665573,-0.208883235140978,0
0.781171202659607,0.25309047,0.171,-0.7872,0.0057,0.397,0.1056,0.420883744955,2.125411,17.33,4.994254875957541,-0.386186,0.228860218727382,0
0.977968633174896,0.76365894,0.643,0.4471,0.5864,0.478,0.1903,0.380638331175,3.28116,22.0,7.9515919970353774,0.0980243,0.395281183989507,0
0.0938055887818336,0.078457594,0.231,-0.8821,0.259,0.244,0.1056,0.261901080608,1.257888,12.61,2.507480962322633,-0.24945,-0.257852849470203,0
0.673138499259949,0.2455703,0.237,-0.9049,0.2245,0.418,0.0836,0.321451067924,2.006641,16.78,4.251398090695415,-0.249766,-0.276031779289225,0
0.0457680594223015,0.046087086,0.025,-0.8901,0.0013,0.025,0.07,0.236532017589,-1.551087,0.004,3.6098534166812897,-0.787565,-1.69076813084243,0
0.0928461030125618,0.09218326,0.469,-1.0015,0.0321,0.292,0.0864,0.262595981359,2.476871,18.89,3.7470315396785736,0.0493117,-0.657974475678293,0
0.0943412360088594,0.12077579,0.21,-0.92,0.0034,0.19,0.1254,0.215008243918,0.422511,4.639,2.8695245914461327,-0.451446,-0.761915691796945,0
0.769726685384369,0.2811755,0.563,-0.1591,0.6725,0.427,0.1248,0.267793744802,2.398359,18.55,4.0312967002391815,-0.0136237,-0.184349920323132,0
0.407446831464767,0.250009,0.233,-0.6641,0.3218,0.365,0.0836,0.244550317526,1.008886,10.43,4.644414945079875,-0.282352,-0.0510700064217798,0
0.775787651538849,0.695603,0.545,0.4467,0.6535,0.654,0.7549,0.553902745247,4.666643,26.2,13.877130145207047,0.120889,0.711582326011727,0
0.0116610118147111,0.062395632,0.139,-1.0185,0.0508,0.243,0.075,0.240898609161,-0.108258,0.702,3.50309603445574,-0.457581,-0.955019791724931,0
0.861019670963287,0.69631886,0.496,-0.2047,0.5582,0.502,0.2611,0.399876862764,3.681321,23.2,6.014628424488267,-0.0574024,-0.0420270448059447,0
0.843772232532501,0.25056463,0.123,-1.0047,0.0115,0.324,0.1257,0.409555256367,2.907425,20.8,4.185736984014511,-0.421264,0.275796591840618,0
0.0275457791936631,0.04822868,0.171,-0.9515,0.0011,0.131,0.0871,0.232697486877,-0.950675,0.029,1.9482848264667647,-0.571971,-1.25058700543361,0
0.0783655442822845,0.21589041,0.512,-0.8002,0.3294,0.393,0.0658,0.256900548935,0.119529,1.69,3.515589023473507,-0.173149,-0.704720161578219,0
0.811627149581909,0.5734729,0.458,-0.7418,0.3493,0.325,0.2348,0.304521858692,1.696598,15.27,5.552850107912001,-0.17342,-0.270635291332454,0
0.0338350227706213,0.046536535,0.388,-0.9581,0.1832,0.281,0.0724,0.217047467828,0.873956,9.001,3.4601217806339264,-0.273775,-1.35926586736839,0
0.855485856533051,0.5515839,0.383,-0.6624,0.5131,0.376,0.1174,0.274153113365,1.027407,10.64,5.178919059070297,-0.150645,-0.312326966128516,0
0.026839550631123,0.11556271,0.159,-0.9308,0.0012,0.162,0.1439,0.248881131411,0.388786,4.265,2.6481163799762726,-0.500435,-0.824834688138087,0
0.133066501035712,0.19397786,0.504,0.375,0.8615,0.504,0.1147,0.267068386078,2.366953,18.41,3.3388502299785614,0.0326029,-0.31266623461736,0
0.10733009706448,0.17608872,0.603,-0.9855,0.0873,0.276,0.1341,0.216996669769,-0.327321,0.294,2.5885002115303863,-0.150076,-0.83630364374976,0
0.105574934448821,0.08173975,0.347,0.1653,0.7681,0.288,0.0868,0.298663318157,0.957563,9.843,3.6833091378211975,-0.0468429,-0.722823270689374,0
0.962330937385559,0.5378136,0.506,-0.055,0.6506,0.528,0.1043,0.429908275604,4.261188,24.7,3.0907217419770365,-0.0224195,0.454677904681136,0
0.939749896526337,0.66923183,0.457,-0.5618,0.5557,0.476,0.148,0.309120297432,1.737172,15.48,4.514133602380753,-0.10833,-0.298641571991942,0
0.242200657725334,0.093090415,0.189,-0.8936,0.0031,0.197,0.0889,0.223148703575,-0.478877,0.164,2.953310006465462,-0.528652,-1.41354267883964,0
0.199284453585139,0.25058383,0.226,-0.8785,0.0036,0.39,0.0825,0.261246412992,0.45865,5.03,4.119897205987753,-0.301686,-0.693245616263384,0
0.248979866504669,0.165288,0.306,-0.8651,0.0036,0.192,0.0878,0.180706828833,1.253654,12.58,3.474719671903663,-0.473451,-0.911515944636142,0
0.0389937091660779,0.077626765,0.106,-1.0443,0.0513,0.254,0.1281,0.342214584351,0.250213,2.753,3.0368214419585966,-0.491463,-1.58288279146995,0
0.0652140006422997,0.095876336,0.298,-0.9199,0.0012,0.248,0.0697,0.203105330467,0.273356,2.988,3.2536409326446947,-0.482195,-1.3951312542151,0
0.0236313762370396,0.13169292,0.339,-0.9331,0.0023,0.284,0.0675,0.244501531124,1.03513,10.73,3.071748936773731,-0.344518,-0.990999043572252,0
0.777997314929962,0.23488474,0.323,-0.2763,0.4568,0.336,0.0998,0.452702283859,2.542758,19.18,7.534262147389344,-0.189512,0.0316706753833091,0
0.530727386474609,0.20304775,0.181,-0.7951,0.0092,0.524,0.1613,0.480206638575,1.782032,15.71,3.616133779287338,-0.172182,-0.144392213448092,0
0.132754594087601,0.29667145,0.489,-0.5961,0.3963,0.407,0.0965,0.293054223061,0.864823,8.911,2.885554164648056,-0.0839548,-0.567940709783506,0
0.992644190788269,0.8753054,0.694,0.7409,0.9438,0.676,0.7246,0.447285234928,2.280728,18.03,2.692735514448776,0.252576,0.0449282076718919,0
0.552203975542807,0.5262858,0.676,0.2369,0.8276,0.451,0.1838,0.397796809673,3.372722,22.3,4.356032402732509,0.126747,0.23016729983383,0
0.0654095054763252,0.0849489,0.195,-0.9006,0.1847,0.199,0.0546,0.243029892445,-0.631093,0.093,3.30006979674368,-0.389622,-1.24457088638768,0
0.0947238811409369,0.17928162,0.505,0.0222,0.5674,0.309,0.1022,0.285424739122,1.905428,16.31,5.021759331226349,-0.080604,-0.415908780963698,0
0.717612504959106,0.4175528,0.358,-0.3848,0.3304,0.494,0.0842,0.405103832483,3.436574,22.5,4.079763277488098,-0.163821,0.148165326707893,0
0.290556460618973,0.22242084,0.491,-0.6992,0.4323,0.303,0.1179,0.293376266956,1.127151,11.61,3.3575898556018893,-0.0391568,-0.668631939197256,0
0.448774007057402,0.33599913,0.641,0.3431,0.7047,0.345,0.104,0.33235257864,2.548486,19.2,3.4213107755717926,-0.0215223,0.252575220017564,0
0.28242889046669,0.17821318,0.126,-0.9088,0.0029,0.314,0.079,0.233587905765,1.265717,12.67,2.960332268012784,-0.491471,-0.692085353703043,0
0.344792485237122,0.2816543,0.341,-0.527,0.4564,0.352,0.0905,0.312266379595,0.69245,7.314,2.208515226840973,-0.221593,-0.411744807312202,0
0.178383834346747,0.13910705,0.166,-0.9169,0.0044,0.289,0.1097,0.233909651637,0.753788,7.865,3.570892891326279,-0.46663,-0.737039823580417,0
0.106214709578665,0.16494653,0.303,-0.5723,0.4336,0.322,0.0793,0.225906774402,1.011544,10.46,3.0623083840128524,-0.220579,-0.680486053292792,0
0.449532836675644,0.34937838,0.307,-0.8813,0.2401,0.466,0.1948,0.325975328684,2.025708,16.87,3.776217797865765,-0.223568,-0.542905726002082,0
0.998894393444061,0.78343,0.805,0.6227,0.7649,0.528,0.5875,0.580597698689,4.772789,26.7,8.942246869009288,0.223668,0.887304577860956,0
0.0297578545797425,0.12045154,0.208,-0.9194,0.0022,0.265,0.0969,0.318835377693,-0.468222,0.171,2.812619958695956,-0.535402,-1.24673562098197,0
0.965402126312256,0.4687668,0.549,0.6765,0.9302,0.386,0.2615,0.378275871277,2.268878,17.98,3.53631771054275,0.0364109,-0.292756677281492,0
0.79572747702466,0.64375126,0.614,0.4036,0.5392,0.537,0.1117,0.304033190012,3.531291,22.8,6.476851433515549,-0.0146851,0.290098948629585,0
0.106083200838909,0.19211128,0.063,-0.8955,0.1836,0.212,0.1606,0.316932022572,1.373011,13.4,3.0387871039648497,-0.362648,-0.782478436282643,0
0.978566527366638,0.9742148,0.878,0.8927,0.8652,0.879,0.9095,0.619312882423,5.070295,28.3,10.896989445318468,0.343278,0.949370366379679,1
0.0111561974981915,0.1391012,0.329,-0.8866,0.0035,0.323,0.0791,0.196277737617,0.273731,2.992,3.1832945908660872,-0.363777,-0.999668012433495,0
0.985775351524353,0.72472644,0.476,-0.0846,0.7047,0.599,0.1767,0.394610643387,3.675029,23.2,3.96224664548801,0.0596054,0.402834312363779,0
0.13328754901886,0.17115194,0.327,-1.0434,0.1407,0.319,0.0798,0.247174352407,-0.333954,0.286,2.18786478948977,-0.310323,-1.4044999100893,0
0.95947253704071,0.5233132,0.29,-1.1879,0.0261,0.49,0.7548,0.603131175041,3.935207,23.9,5.596612215042114,-0.202701,0.73214282786089,0
0.0291130457451334,0.052624166,0.291,-0.8924,0.0019,0.175,0.0779,0.18893148005,-0.299741,0.327,1.7665062658294626,-0.415377,-1.35650597652444,0
0.0288476977675589,0.023347497,0.393,-0.8354,0.1791,0.215,0.0703,0.167451202869,-1.296152,0.009,3.71204851708588,-0.339691,-2.12855991810613,0
0.11672958223677,0.07584047,0.214,-0.9317,0.1636,0.326,0.1166,0.242362231016,1.336071,13.15,3.286522433202117,-0.275489,-0.939514883184695,0
0.0478037331718192,0.01395458,0.087,-0.9368,0.0006,0.104,0.043,0.221913784742,0.292765,3.194,3.4415932297706604,-0.568743,-1.27333594595141,0
0.0341503618443911,0.09574565,0.139,-0.9187,0.0029,0.292,0.072,0.249616205692,0.734717,7.695,2.518248066822862,-0.499836,-0.919872915054991,0
0.903713345527649,0.38649803,0.368,0.1068,0.4808,0.496,0.196,0.394442975521,3.241626,21.9,5.212819963693619,-0.0123355,0.58455803813864,0
0.148808365054237,0.16664067,0.145,-0.9358,0.0025,0.236,0.1002,0.174461305141,-1.339504,0.008,2.849272131919861,-0.520229,-0.515371681613713,0
0.238474786281586,0.19770104,0.214,-0.8745,0.0032,0.446,0.1015,0.251748740673,1.269293,12.69,4.369209930300713,-0.260525,-0.770608426680333,0
0.0919913644115878,0.18235046,0.227,-0.9049,0.0041,0.282,0.1158,0.257376968861,2.134653,17.37,4.056847894960777,-0.314096,-0.431760976161488,0
0.0293904504353368,0.07276401,0.456,-0.9235,0.1701,0.28,0.1047,0.251142889261,-1.297801,0.009,3.063288976024958,-0.305179,-1.71750284092743,0
0.0200155053428018,0.065873384,0.381,-0.9156,0.2483,0.194,0.0727,0.241069853306,0.031241,1.207,3.3599602984439505,-0.265644,-1.23497564362094,0
0.0905051976442337,0.12675941,0.089,-0.9187,0.0033,0.238,0.0995,0.217797383666,1.338818,13.17,4.494543984726603,-0.474556,-0.8047368681541,0
0.0349552382957184,0.14427307,0.551,-0.7449,0.269,0.138,0.0663,0.244996130466,-1.035296,0.022,3.1004775166511536,-0.135427,-1.54978764572203,0
0.987813591957092,0.70098275,0.67,0.0254,0.5527,0.661,0.2523,0.522838234901,3.567585,22.9,6.155420361552388,0.229179,0.457300935241052,0
0.0521549154986593,0.102261454,0.254,-0.6325,0.3777,0.21,0.0993,0.238039240241,1.044779,10.83,3.882797993719578,-0.215844,-0.587954937851204,0
0.976889729499817,0.65235156,0.601,-0.0347,0.4779,0.585,0.26,0.507784068584,3.281567,22.0,10.224268136400967,0.0542054,0.434830110227189,0
0.988046288490295,0.5295468,0.397,-1.1911,0.0269,0.546,0.5887,0.592330515385,4.403733,25.2,3.847927912765842,0.00987031,0.822874590871191,0
0.020720025524497,0.10223183,0.431,-0.7881,0.3815,0.315,0.0809,0.227063566446,0.300383,3.276,3.0108501769015463,-0.199845,-0.961364084991423,0
0.301121711730957,0.25494078,0.53,-0.4608,0.5047,0.262,0.0939,0.204478651285,2.514732,19.06,4.031236630146258,-0.0405146,-0.238610330256491,0
0.332462113016065,0.23898467,0.241,-0.7981,0.2701,0.388,0.1181,0.430641770363,2.759273,20.2,4.195501910306579,-0.260306,0.195478558302497,0
0.318179816007614,0.15409124,0.317,-0.6655,0.3782,0.281,0.0989,0.321887582541,3.291516,22.1,3.718321956534548,-0.210538,-0.622919674857467,0
0.923050463199615,0.46455,0.207,-0.9074,0.0024,0.456,0.1622,0.260793626308,1.122256,11.57,4.943663013111345,-0.309916,-0.717304448468225,0
0.0413759060435059,0.090568006,0.501,-0.9669,0.2152,0.461,0.0894,0.328570991755,-0.123845,0.66,2.060241177678108,-0.138992,-1.50936465882181,0
0.050514049785417,0.0670459,0.232,-0.9238,0.0014,0.083,0.0688,0.186557084322,-0.088976,0.757,2.818744447715769,-0.378647,-1.37019060495076,0
0.638288378715515,0.33509988,0.17,-0.7361,0.0044,0.32,0.1341,0.181131243706,0.525695,5.725,2.7983816862106323,-0.461919,-0.189192824976754,0
0.161303460597992,0.10420349,0.286,-0.6947,0.3609,0.291,0.0936,0.285909235477,1.194715,12.16,3.773060865225661,-0.231893,-0.695425029962198,0
0.0489440374076366,0.067781776,0.392,-1.0091,0.1442,0.232,0.0845,0.232376635075,-0.617019,0.098,2.2197281459829687,-0.304483,-1.1692779705867,0
0.868594867862025,0.36826998,0.512,-0.0155,0.5473,0.379,0.1662,0.358253479004,3.586957,23.0,7.351047424664996,-0.0103969,0.281648838588793,0
0.0389419893235025,0.079547495,0.188,-0.8853,0.0023,0.25,0.1416,0.260589599609,0.182586,2.145,3.7666074317655904,-0.571633,-1.31937554835862,0
0.0435611529000241,0.16824815,0.257,-0.8921,0.0023,0.328,0.0706,0.250460267067,1.483798,14.09,4.219311423702467,-0.443466,-0.814146429000529,0
0.0469624352148523,0.0625146,0.491,-0.8012,0.3561,0.206,0.0771,0.240038782358,-0.908783,0.034,3.885383865850078,-0.21498,-1.59054731861056,0
0.470692753791809,0.28181988,0.146,-0.9052,0.0031,0.446,0.1185,0.475610852242,1.706342,15.33,2.605034943168123,-0.428948,-0.322381573762037,0
0.26563224196434,0.14799169,0.099,-1.0608,0.0709,0.314,0.1284,0.393507480621,0.52782,5.747,3.2187408555226344,-0.41535,-0.941336045661988,0
0.0705701783299446,0.31550542,0.136,-0.8589,0.0052,0.404,0.0849,0.254157990217,2.281371,18.04,4.851197108626366,-0.349194,-0.235249085594391,0
0.661372184753418,0.3261905,0.562,-0.3028,0.5933,0.409,0.1352,0.29414626956,0.845609,8.723,2.9061397485398377,0.0050705,-0.212292546752198,0
0.76128351688385,0.3445952,0.52,-0.2716,0.5568,0.421,0.0949,0.222500860691,3.825019,23.6,5.4034464955329895,-0.00723827,-0.165564191757901,0
0.136193591274145,0.18825772,0.195,-0.8986,0.0045,0.313,0.1023,0.234572649002,1.237181,12.47,4.055464486149538,-0.315306,-0.40479536812035,0
0.13153756216308,0.10595989,0.417,-0.8869,0.0015,0.184,0.0613,0.28274038434,-0.864312,0.04,3.523881793022156,-0.419538,-1.83661739921971,0
0.0403789877891541,0.12786499,0.091,-0.9003,0.0036,0.195,0.07,0.260237187147,0.887407,9.134,2.7922130823135376,-0.50735,-1.03006379906924,0
0.307938367128372,0.12997141,0.149,-0.9058,0.0027,0.191,0.11,0.318130612373,1.646418,15.01,3.4278283518372965,-0.298701,-0.584755382759639,0
0.972389400005341,0.68849313,0.537,0.4293,0.671,0.555,0.3519,0.540522813797,4.399965,25.2,7.941245065004407,0.100777,0.732582854535866,0
0.110801540315151,0.09590688,0.161,-0.8911,0.0025,0.192,0.0814,0.270767211914,-0.590571,0.108,3.1871798934943376,-0.49809,-0.861634755814166,0
0.0277648484047495,0.12422356,0.579,-0.6939,0.3859,0.252,0.1,0.249966606498,0.124239,1.721,4.516130274593516,-0.112426,-0.758822339298112,0
0.0256964649863889,0.03663355,0.279,-0.9049,0.0014,0.265,0.0659,0.274975150824,-0.213204,0.462,2.770510196685791,-0.381324,-1.69406395900791,0
0.0441232405912469,0.11746767,0.107,-1.022,0.0745,0.256,0.1029,0.263980835676,0.527346,5.742,2.316025633699741,-0.456751,-1.06965603014581,0
0.0454746108839957,0.10212991,0.448,-0.9345,0.2341,0.39,0.1225,0.238615438342,-1.805475,0.002,1.7568821277014548,-0.246441,-1.35544304607997,0
0.0242627050255596,0.09860608,0.182,-0.9181,0.0023,0.201,0.1486,0.267425537109,0.273706,2.992,3.026661363076494,-0.502454,-0.995040324244308,0
0.840930640697479,0.25078148,0.495,0.0161,0.6731,0.296,0.139,0.296620130539,2.116891,17.29,3.978846329157848,-0.118396,0.0757067513422363,0
0.0424858927726746,0.10522193,0.134,-0.8882,0.0027,0.252,0.0772,0.269798487425,-0.314016,0.31,3.261264312965192,-0.547401,-0.922991540264168,0
0.951776385307312,0.42712864,0.492,-0.2506,0.7108,0.51,0.1418,0.273243010044,3.741228,23.4,2.60022992234962,0.0598306,0.269610663054046,0
0.0499651361144501,0.11403662,0.536,-0.5245,0.4871,0.338,0.0641,0.36232739687,2.030045,16.89,4.295673131942749,0.0106377,-0.816211561284285,0
0.834023058414459,0.7091125,0.629,-0.1762,0.4313,0.735,0.0927,0.389784395695,1.736806,15.48,2.5495659708976746,0.0653973,-0.308819804765524,0
0.0426801517605782,0.11675677,0.237,-0.9269,0.0015,0.232,0.0819,0.253663182259,0.37448,4.104,4.3537512191951,-0.511075,-1.00734175399529,0
0.0424368940293789,0.2202605,0.152,-0.979,0.0042,0.224,0.0695,0.239846527576,0.021618,1.164,4.387428658306271,-0.497646,-0.799824478213622,0
0.536405026912689,0.2534399,0.112,-0.9761,0.0093,0.345,0.0908,0.330392628908,2.246583,17.88,4.484476767480373,-0.402587,0.259486937956448,0
0.923622846603394,0.5274263,0.297,-1.1729,0.077,0.477,0.6826,0.528622627258,3.262999,22.0,4.476395174860954,-0.150834,0.774207763799523,0
0.037296828171354,0.075395554,0.138,-1.0331,0.1253,0.32,0.0756,0.265288114548,-0.183741,0.519,3.028926452945407,-0.338571,-1.07044954523433,0
0.516842663288116,0.14966503,0.141,-0.9541,0.0043,0.346,0.1059,0.276677966118,3.2576,22.0,3.70415723323822,-0.24804,-0.212189675324087,0
0.0339265049570401,0.0792498,0.307,-0.911,0.0023,0.157,0.0738,0.244285911322,-0.225912,0.439,3.562699645757675,-0.490069,-1.21589093708551,0
0.280628619817639,0.16843638,0.044,-1.0064,0.009,0.078,0.1096,0.327359110117,0.749639,7.828,3.838989168405533,-0.612711,-0.23109779680702,0
0.977119922637939,0.64709276,0.655,0.8633,0.9436,0.464,0.1502,0.359154015779,2.962331,21.0,3.389115810394287,0.133604,0.193971617770518,0
0.0977097079157829,0.09226659,0.146,-1.055,0.0906,0.218,0.1731,0.387617886066,0.635851,6.794,3.5476415319970416,-0.329391,-0.984276401754517,0
0.0243411989278814,0.049090445,0.327,-0.8151,0.2386,0.184,0.0683,0.20039114356,-0.240671,0.414,2.6080372081764143,-0.291354,-1.46887766888372,0
0.925642848014832,0.5392152,0.679,0.4812,0.8852,0.562,0.212,0.402025520802,3.791399,23.5,6.867968665209534,0.185266,0.144137567501477,0
0.0748513638973236,0.061222762,0.39,-0.9331,0.0019,0.051,0.1045,0.256962358952,0.870628,8.969,2.9190603494644165,-0.437975,-1.26982413573824,0
0.117106072604656,0.40039384,0.412,-0.9575,0.209,0.37,0.0717,0.216769993305,0.165488,2.012,2.4880327293985287,-0.240151,-1.28585316396387,0
0.035530737662498,0.10806757,0.18,-0.9313,0.2295,0.128,0.0921,0.250096559525,-0.128525,0.647,3.419752574376541,-0.428736,-1.31634455662708,0
0.105749621987343,0.13571343,0.403,-1.0202,0.1524,0.379,0.1522,0.245776370168,0.158055,1.956,3.3544905911657006,-0.130393,-0.901974669039081,0
0.368720918893814,0.1917445,0.359,-0.8117,0.2753,0.318,0.082,0.277488708496,-0.239873,0.415,2.881638169288636,-0.231419,-1.00541301124995,0
0.0329792498486083,0.10007766,0.1,-1.0222,0.0695,0.241,0.1307,0.26287740469,0.457468,5.017,3.1311914892651203,-0.496002,-1.12355815675395,0
0.254188865423203,0.33367088,0.461,-0.693,0.3144,0.461,0.1316,0.281641066074,-0.078311,0.79,2.9148463164453324,-0.0679065,-0.729360588125921,0
0.0653197409229809,0.234968,0.281,-0.8969,0.0023,0.241,0.1653,0.286827474833,2.344402,18.32,4.119582176208496,-0.320319,-0.557899452243541,0
0.0699639536761991,0.119886756,0.223,-0.885,0.0027,0.179,0.1526,0.26019641757,1.071786,11.11,4.109362810850143,-0.446515,-0.706583384948591,0
0.111654855310917,0.15217575,0.125,-1.0208,0.082,0.405,0.0827,0.221909329295,1.333831,13.14,2.79681320770178,-0.356681,-0.727059089367208,0
0.628875374794006,0.31316572,0.322,-0.2287,0.5383,0.328,0.0935,0.261789530516,1.830305,15.95,4.313202463950203,-0.159654,-0.330709599656344,0
0.935586929321289,0.31106627,0.164,-0.8323,0.0051,0.457,0.0913,0.281386971474,2.446009,18.76,3.934156365692616,-0.21683,-0.198535283378072,0
0.825378835201263,0.31034878,0.535,-0.9803,0.1417,0.462,0.1508,0.197116106749,2.2124,17.73,4.038674612165956,-0.00274994,-0.247121233734094,0
0.188673108816147,0.22685233,0.334,-0.6593,0.3907,0.413,0.2065,0.267724096775,1.303076,12.93,3.154185342384041,-0.214889,-0.555725369506318,0
0.802605211734772,0.26626092,0.234,-0.3957,0.259,0.371,0.1328,0.343342959881,3.00266,21.1,5.961527839303017,-0.209309,0.299491173600044,0
0.670927047729492,0.24120778,0.407,-0.1506,0.5007,0.22,0.0942,0.254624217749,1.888941,16.23,3.3852004736584984,-0.0777425,0.235667740733311,0
0.0355191660031467,0.08534947,0.633,-0.5849,0.3651,0.182,0.0715,0.22934037447,-0.391725,0.229,3.724600642919541,-0.0713006,-1.50352021387238,0
0.0179548431358013,0.05432546,0.072,-0.9325,0.0011,0.169,0.1867,0.259434908628,-0.992572,0.025,3.762877277735948,-0.60636,-1.61299193894777,0
0.566419124603271,0.20802885,0.172,-0.9895,0.0839,0.326,0.0998,0.289917767048,1.98349,16.68,3.024725224065743,-0.371706,-0.48463039244066,0
0.0359510877081844,0.097168386,0.31,-0.9291,0.0024,0.204,0.1068,0.244438871741,0.578242,6.246,3.7600481590886807,-0.368534,-0.966293057465277,0
0.109827183187008,0.09105489,0.307,-0.7193,0.404,0.297,0.0852,0.21752768755,0.607201,6.524,2.468073397874832,-0.201729,-0.463957069648258,0
0.0287882161509201,0.05141747,0.09,-0.9378,0.001,0.149,0.0839,0.266363114119,0.402289,4.415,3.642679588979093,-0.567369,-1.19358195273086,0
0.259425150364429,0.3478523,0.456,-0.6628,0.3601,0.446,0.1071,0.310722529888,1.260216,12.63,2.742719815251464,-0.083659,-0.297360935385969,0
0.241805455869324,0.15030652,0.146,-0.8246,0.0041,0.249,0.0911,0.314278751612,2.074537,17.1,5.065706729888916,-0.363513,-0.535680422154467,0
0.0837702408755785,0.12831351,0.274,-0.9675,0.2651,0.375,0.0848,0.242674261332,0.140072,1.827,3.531984428028144,-0.244245,-0.818159674451127,0
0.0330140516161919,0.11992258,0.592,-1.0048,0.0229,0.241,0.0818,0.214286655188,0.461007,5.055,4.080368846654892,-0.0488097,-0.989732510083256,0
0.123078890144825,0.11648068,0.074,-1.0213,0.0843,0.168,0.0738,0.281763911247,0.76627,7.977,3.9657908224773366,-0.410812,-0.873910500870892,0
0.682965851446793,0.2927071,0.406,-0.0844,0.6636,0.476,0.1463,0.235071361065,2.319911,18.21,3.614421486854553,0.0470915,-0.214308269535723,0
0.604801416397095,0.19055218,0.517,-0.4898,0.4641,0.153,0.1004,0.317714452744,1.117499,11.53,8.051145908422768,0.0433291,-0.226697816083841,0
0.0662245846472208,0.14075217,0.18,-0.9157,0.0041,0.367,0.0962,0.320452928543,0.862064,8.884,4.472678124904633,-0.357717,-0.769278008863139,0
0.109721541404724,0.23285592,0.354,-0.7926,0.2828,0.476,0.0788,0.31917566061,1.600369,14.76,5.264082758870168,-0.115665,-0.453006895382791,0
0.0532603939352841,0.3853069,0.055,-0.8865,0.0034,0.704,0.1427,0.240782320499,0.618041,6.626,3.685148669803637,-0.595986,-0.76799048212156,0
0.868465960025787,0.49485448,0.43,-0.2281,0.4271,0.543,0.162,0.492937773466,1.327025,13.09,7.823395151295699,-0.0989517,-0.483143261026059,0
0.313156366348267,0.21224165,0.131,-0.9331,0.0053,0.35,0.0888,0.267079889774,2.34523,18.32,3.96256984770298,-0.274212,-0.206619696464858,0
0.0511976156815192,0.11266565,0.216,-0.898,0.0022,0.233,0.0609,0.231222003698,0.072829,1.415,1.4543040614593514,-0.468218,-0.851443058673699,0
0.0239437129348516,0.114503354,0.224,-0.8497,0.0038,0.292,0.0835,0.244909763336,-0.604726,0.103,3.494796728264502,-0.505078,-0.914604458748506,0
0.386512398719788,0.22800675,0.502,-0.2751,0.603,0.326,0.1265,0.446045279503,1.241766,12.5,1.9006001949310305,-0.0128382,-0.513938220617354,0
0.645488262176514,0.39195335,0.532,-0.2142,0.712,0.327,0.0938,0.2931612432,1.50347,14.21,4.166002411066122,0.0810385,-0.106755313258086,0
0.189186437684514,0.29014993,0.648,0.1055,0.7483,0.409,0.0873,0.268013119698,1.97267,16.62,3.3023781655878324,-0.00603869,0.0606907806926127,0
0.187412530183792,0.20485917,0.455,-0.9088,0.1871,0.343,0.0978,0.258448809385,2.250663,17.9,4.308702006726936,-0.0262581,-0.438771999975414,0
0.129903674125671,0.1288949,0.247,-0.5723,0.4195,0.411,0.0761,0.29485103488,-0.298003,0.33,2.4747002720832825,-0.194771,-0.861087233922814,0
0.0214985998640392,0.10349101,0.379,-0.7688,0.387,0.278,0.1824,0.223375797272,-0.326009,0.295,2.4383281523190123,-0.23989,-0.876627505637113,0
0.047818116658904,0.08426434,0.251,-0.8963,0.0025,0.187,0.0793,0.248787239194,-0.870249,0.039,3.5605632323316527,-0.433586,-0.88882109161367,0
0.103368729355934,0.18133625,0.569,-0.2087,0.651,0.379,0.1043,0.311729848385,2.328739,18.25,4.193339616846428,-0.0524061,-0.551474013000408,0
0.743256211280823,0.60549724,0.548,0.1739,0.5492,0.424,0.2913,0.347699046135,1.493741,14.15,4.849880401045084,-0.0656281,0.170611279421032,0
0.0604442977313546,0.10460988,0.118,-0.8961,0.0034,0.165,0.0692,0.248349219561,0.228069,2.541,3.4883508602296045,-0.484088,-0.812989587440427,0
0.0956058129668236,0.15543523,0.205,-0.8815,0.0036,0.347,0.1223,0.288661599159,0.439849,4.828,2.883216815356069,-0.44947,-1.06520349655829,0
0.919407844543457,0.58090496,0.584,0.6144,0.7729,0.412,0.2257,0.48412618041,3.258123,22.0,7.878295412820401,-0.037447,0.458773541205175,0
0.937536299228668,0.7869799,0.584,0.843,0.9538,0.451,0.1635,0.257595300674,3.221665,21.8,4.298679138604638,0.211989,0.114372979445239,0
0.948232173919678,0.5272021,0.575,-0.1663,0.4929,0.367,0.1331,0.464354902506,2.312098,18.17,3.559861898422241,-0.0381924,0.17366427181539,0
0.996501326560974,0.79894227,0.599,0.8539,0.8188,0.571,0.1679,0.379893004894,4.229627,24.7,5.119866408176168,0.13374,0.716507988515155,0
0.0471572854386769,0.019569546,0.114,-0.9558,0.001,0.105,0.0908,0.22308370471,0.411759,4.52,4.481684941263234,-0.569602,-1.33333082756141,0
0.0153585318475962,0.04260394,0.266,-0.953,0.0008,0.081,0.0682,0.217857539654,-0.360032,0.259,2.019090323355309,-0.52687,-1.38107020696506,0
0.715046346187592,0.26345146,0.573,-0.3848,0.4798,0.431,0.0789,0.235049307346,1.956645,16.55,2.8279128472010298,0.0213497,-0.244529856342082,0
0.173549271193574,0.2203247,0.538,-0.959,0.1666,0.345,0.0853,0.296147763729,1.847221,16.03,4.351914147239138,0.00393315,-0.654401467852239,0
0.177522850857403,0.28579175,0.587,0.5827,0.8891,0.353,0.1145,0.2753008008,0.583518,6.297,2.6810716589291883,0.114007,-0.524952865813427,0
0.994229316711426,0.91745675,0.795,0.7635,0.8052,0.659,0.8323,0.578439950943,4.848681,27.1,6.861165629830482,0.205206,0.817532901396978,0
0.402056505219267,0.23167303,0.087,-0.9197,0.0038,0.254,0.1484,0.240701973438,1.293107,12.86,3.122300171957744,-0.46064,-0.391231991894018,0
0.397153198719025,0.3932224,0.582,-0.3231,0.5293,0.321,0.3412,0.281922101974,1.603493,14.78,4.767526660321926,0.1283,-0.443314164106119,0
0.676940202713013,0.3421388,0.196,-0.9121,0.0067,0.37,0.0782,0.349229335785,1.600531,14.76,2.693596839904785,-0.262804,-0.270369940133504,0
0.0642605273151409,0.10098714,0.219,-0.8987,0.0032,0.174,0.0964,0.293606072664,1.383037,13.46,3.675427421927452,-0.33898,-0.69142245365038,0
0.961009860038757,0.54132396,0.57,0.6603,0.8401,0.696,0.9725,0.661095142365,3.343702,22.2,11.43458263296634,0.242832,0.37124722714044,0
0.0569995386669845,0.08170593,0.424,-0.7808,0.2882,0.298,0.0942,0.289642095566,1.003944,10.38,4.53013070324985,-0.25549,-0.905767922570044,0
0.0843329862022913,0.20061529,0.099,-0.9022,0.0031,0.222,0.0702,0.252339780331,1.200737,12.2,2.8041789829730988,-0.482529,-0.738237091760837,0
0.934710621833801,0.59263045,0.389,-0.7604,0.2695,0.512,0.1502,0.242121368647,3.229024,21.9,7.023551552608959,-0.0483818,-0.424616421892606,0
0.0608053728938103,0.08410102,0.328,-0.9116,0.0017,0.236,0.1289,0.217597663403,-0.138047,0.623,3.994854867458344,-0.484185,-1.47293390455518,0
0.0975064813051804,0.14156234,0.262,-0.8359,0.0036,0.185,0.0802,0.235553845763,0.481797,5.274,3.507662704299533,-0.463841,-0.786020590711416,0
0.983074843883514,0.8986496,0.698,0.3491,0.6464,0.727,0.8005,0.549117684364,4.567188,25.8,11.155884250459875,0.304372,0.761183891029052,0
0.953557431697845,0.298122,0.457,-0.753,0.4221,0.404,0.1137,0.293303519487,1.579137,14.64,3.021651454973689,-0.0470479,-0.842705274315659,0
0.147716850042343,0.312326,0.668,0.0815,0.7835,0.376,0.0811,0.248319193721,1.919726,16.38,3.479897803386658,0.0158442,-0.231962150013256,0
0.963846743106842,0.26033232,0.128,-0.9194,0.0062,0.322,0.0992,0.301997572184,1.863069,16.1,4.7314820163937865,-0.272039,-0.052287831978708,0
0.0351231433451176,0.07595515,0.221,-0.9348,0.0013,0.291,0.0852,0.326138854027,-0.504383,0.149,3.715832204371528,-0.492486,-1.18774860228618,0
0.0303659431060825,0.10772446,0.176,-1.0013,0.1631,0.257,0.0715,0.219893842936,0.334643,3.656,3.1170055934511685,-0.368172,-1.15970535606167,0
0.0393262946944646,0.07253763,0.331,-0.9394,0.0016,0.118,0.0711,0.199935376644,0.361996,3.964,2.208524471846725,-0.370563,-1.01778149188011,0
0.930943727493286,0.44670996,0.383,-0.1928,0.4432,0.357,0.0854,0.385902643204,2.875497,20.6,1.6930353575701818,-0.196982,0.180577139192694,0
0.790123581886292,0.23101938,0.12,-0.9513,0.0083,0.42,0.1284,0.365464240313,2.132749,17.37,4.139112442731857,-0.269383,-0.179915263137117,0
0.988790392875671,0.6541979,0.492,-0.1692,0.6541,0.523,0.0997,0.291244804859,1.56246,14.55,3.3571862280368805,-0.0132721,-0.0956772463257904,0
0.0327642671763897,0.054725528,0.389,-0.937,0.1353,0.212,0.0761,0.277309387922,-1.490479,0.005,2.040667070541655,-0.375686,-1.70621229217118,0
0.819316506385803,0.33091307,0.466,-0.4138,0.376,0.308,0.0759,0.376598358154,1.967273,16.6,4.177241399884224,-0.0549029,0.0030970717289485,0
0.161029049318779,0.20875397,0.433,-0.6584,0.3715,0.416,0.078,0.293484658003,0.745458,7.791,4.484274028184714,-0.187441,-0.602398631578959,0
0.0308127617046801,0.026553094,0.14,-0.8892,0.0011,0.145,0.0607,0.251495689154,-0.448053,0.185,4.633238868089472,-0.598088,-2.11331917101034,0
0.0849976942364456,0.2553252,0.161,-0.9211,0.0029,0.3,0.1149,0.219810828567,0.699649,7.379,3.6260663997026312,-0.473003,-0.697624901395121,0
0.206945810460676,0.16847908,0.144,-0.9559,0.0047,0.251,0.0836,0.232509791851,1.888935,16.23,4.9056133483194975,-0.440913,-0.337774545541573,0
0.440220081170428,0.2548787,0.596,-0.2151,0.575,0.35,0.0921,0.288099855185,1.410925,13.64,3.240453896247056,-0.00916578,-0.454948416027964,0
0.970568358898163,0.9326238,0.602,0.5491,0.6925,0.521,0.1934,0.404437720776,2.519,19.07,6.15059256016665,0.058047,0.271651562116192,0
0.0802458334141744,0.10592455,0.287,-0.9487,0.0028,0.109,0.1651,0.286228001118,0.536685,5.836,2.922490358352661,-0.334359,-0.869749344044902,0
0.490704596042633,0.55616784,0.387,-0.8355,0.2284,0.501,0.2844,0.400326609612,1.933486,16.44,2.3298935266250576,-0.121585,-0.0650077104547717,0
0.859491884708405,0.8128715,0.657,1.0614,0.9373,0.81,0.3986,0.657718777657,3.933823,23.9,4.29551374912262,0.481479,0.560309691318068,0
0.158440753817558,0.1634537,0.09,-0.8943,0.0061,0.242,0.0748,0.309971511364,1.753605,15.57,4.2468818911732855,-0.421284,-0.394781156588733,0
0.0645009130239487,0.16804081,0.272,-0.896,0.2521,0.25,0.0819,0.260612905025,0.085241,1.484,3.2038747324767893,-0.299701,-1.16342309571257,0
0.170425459742546,0.13158491,0.199,-0.8961,0.003,0.373,0.0907,0.256774187088,1.589304,14.7,4.672134518623352,-0.429423,-0.730129648183322,0
0.0334945802082924,0.06318712,0.125,-0.8671,0.0028,0.138,0.0767,0.20943275094,0.582764,6.289,3.0123741408289653,-0.547681,-1.1255213743624,0
0.269930304694662,0.68359935,0.676,0.9903,0.9253,0.455,0.1013,0.246417939663,1.576838,14.63,3.510055059541658,0.432738,-0.233604227104123,0
0.0671012146190727,0.11506155,0.236,-0.9258,0.0016,0.261,0.3891,0.288044691086,0.952046,9.784,2.4521513879299164,-0.500997,-0.90334239619772,0
0.167157880501652,0.21981725,0.472,-0.4446,0.4948,0.411,0.0952,0.245055049658,1.465113,13.98,2.677027404308319,-0.0983968,-0.526273507043331,0
0.982706904411316,0.7092251,0.554,0.106,0.7178,0.485,0.0849,0.281463980675,2.526124,19.11,2.2652883637359453,0.0222195,0.516865285307475,0
0.995907068252563,0.8829491,0.682,0.0198,0.5154,0.752,0.3743,0.369218111038,3.722196,23.3,8.359642433834244,0.300437,0.555218216415293,0
0.081261627076559,0.2615123,0.315,-0.8919,0.2072,0.266,0.0641,0.248371899128,-1.594014,0.004,3.4723306196899064,-0.345124,-1.27919426956739,0
0.807443857192993,0.7356129,0.475,-0.0887,0.6984,0.545,0.0954,0.256573021412,2.011527,16.81,4.553789321436452,0.00665318,-0.0820407037979537,0
0.060383413045483,0.11446744,0.098,-1.0247,0.0679,0.311,0.1495,0.280201673508,-0.575586,0.114,3.401389340127039,-0.43189,-1.45911097843372,0
0.0320264138053268,0.08513361,0.221,-0.7966,0.2983,0.203,0.0674,0.198554307222,0.086539,1.491,4.565450519323349,-0.259908,-0.907685887164261,0
0.0784756935579963,0.1346505,0.069,-0.9276,0.0045,0.307,0.1379,0.350796073675,0.41568,4.564,3.465162452728116,-0.509004,-0.900767303439097,0
0.97896820306778,0.9517454,0.793,0.8932,0.8522,0.793,0.9798,0.615023434162,4.700035,26.3,17.12245133332908,0.205266,0.787514346624692,1
0.534296333789825,0.2965001,0.196,-0.876,0.2082,0.365,0.1172,0.254483312368,0.693869,7.327,4.39255364238059,-0.26244,-0.280565217462094,0
0.490203827619553,0.14809945,0.388,-0.8847,0.1946,0.36,0.1269,0.260573267937,1.551299,14.48,3.7681681058273497,-0.219659,-0.841838018510337,0
0.0227913734604935,0.07498339,0.558,-0.5744,0.4265,0.328,0.0722,0.193982899189,0.077599,1.441,1.2328828152736973,-0.0847124,-1.65167514484982,0
0.0425353084782659,0.07128471,0.051,-0.9086,0.0013,0.142,0.0884,0.202410817146,-0.681506,0.077,3.21279657644114,-0.605582,-1.35728678253285,0
0.798774302005768,0.29904103,0.505,-0.4385,0.5013,0.404,0.1009,0.28511172533,2.943588,20.9,4.966091297566891,-0.0602896,-0.122084775317571,0
0.988942742347717,0.61400306,0.591,0.4204,0.6796,0.561,0.1641,0.412079334259,4.072449,24.2,4.179147334708927,0.0796905,0.824162937269379,0
0.991236448287964,0.6591849,0.622,0.329,0.6564,0.446,0.3669,0.486331582069,3.830966,23.6,6.747438064399964,0.0725584,0.588165262616288,0
0.971467554569244,0.2867139,0.124,-0.7888,0.0055,0.378,0.079,0.33767452836,1.958448,16.56,3.991828138791944,-0.292932,0.0622111608860436,0
0.0855368599295616,0.08024499,0.372,-0.9913,0.1379,0.21,0.0656,0.259810626507,-0.157684,0.576,2.140694491821162,-0.346333,-1.52246331585488,0
0.427345842123032,0.29307175,0.402,-0.229,0.6215,0.403,0.0988,0.230103984475,2.38639,18.5,3.724634247717858,-0.068913,-0.13044190956368,0
0.0748944953083992,0.1547533,0.165,-0.9111,0.0031,0.356,0.1151,0.366474866867,0.119349,1.689,4.856886109635585,-0.477844,-0.808777704491023,0
0.0381596898617449,0.06785938,0.383,-0.9207,0.2284,0.267,0.0894,0.233585417271,-1.172902,0.013,2.583474638616837,-0.293331,-1.52948465596547,0
0.4639031291008,0.2068142,0.539,-0.3745,0.4968,0.342,0.1015,0.295410901308,0.744076,7.779,4.466028109192848,0.0667281,-0.893877431756603,0
0.996807098388672,0.70862055,0.753,0.3576,0.6558,0.547,0.5991,0.55365562439,4.64753,26.1,10.47084264223272,0.14681,0.608390178869661,0
0.509471659752487,0.17025033,0.111,-0.7827,0.0024,0.328,0.0874,0.310639083385,1.654424,15.05,5.072745799731773,-0.418057,-0.493748300301668,0
0.0306648891087215,0.08029464,0.422,-0.9421,0.2042,0.377,0.0876,0.262185633183,-0.827446,0.045,3.138987197086028,-0.258763,-1.54404423647799,0
0.366183532186667,0.31411403,0.241,-0.5108,0.3385,0.45,0.0682,0.330984294415,2.613354,19.49,2.3280276810804668,-0.184721,0.344973324997826,0
0.0165732974055633,0.080343276,0.371,-0.9208,0.2674,0.194,0.1193,0.323157548904,-0.66596,0.082,3.4386561043076327,-0.259089,-1.03800066065093,0
0.869071543216705,0.42018527,0.496,-0.4048,0.5337,0.383,0.1228,0.294255912304,2.159755,17.49,1.8505261094894905,-0.0525934,-0.167226108247159,0
0.986610591411591,0.80439806,0.709,0.2716,0.5773,0.6,0.8434,0.464436233044,4.107633,24.3,7.7443844601511955,0.192033,0.606241117165517,1
0.0333981446612134,0.23344052,0.778,-0.9106,0.2439,0.24,0.1069,0.270089358091,-1.136691,0.015,1.8554684456107693,-0.132071,-1.07619780017306,0
0.916614830493927,0.3261677,0.458,0.1015,0.5788,0.402,0.1829,0.474517583847,3.852829,23.7,5.97030340116875,0.0524252,0.52563830675262,0
0.0277872681617737,0.086888134,0.198,-1.0264,0.085,0.281,0.1917,0.351296931505,-0.530823,0.135,1.934590052367222,-0.41573,-1.18577728565614,0
0.980834901332855,0.60770285,0.616,0.1826,0.6054,0.444,0.1181,0.469080626965,4.438353,25.3,4.397528974270498,-0.013727,0.190017921056042,0
0.364341259002686,0.31070232,0.495,-0.4342,0.4404,0.487,0.1617,0.313039660454,0.954129,9.806,3.3400350940702555,-0.012084,-0.322296547611442,0
0.121596172404594,0.23085025,0.185,-0.8846,0.0031,0.147,0.1137,0.257292747498,-0.197238,0.492,2.9535508033246582,-0.458138,-0.910495898302268,0
0.407537370920181,0.46979716,0.179,-0.9109,0.0043,0.541,0.1171,0.261648952961,1.931305,16.43,3.1647416672800857,-0.250393,-0.479357738717593,0
0.188208615312821,0.32321557,0.159,-0.9173,0.0035,0.424,0.0699,0.249789834023,1.371509,13.39,3.0057418709526296,-0.319385,-0.27494944516648,0
0.481640875339508,0.14786789,0.577,-0.5087,0.4059,0.389,0.2869,0.322210848331,1.205775,12.24,3.601028066932682,-0.0427063,-0.632818736271242,0
0.0697661104136442,0.15400025,0.584,-0.991,0.1079,0.301,0.113,0.297859609127,0.911277,9.369,2.9227023124694824,0.0161062,-0.494104884056531,0
0.0832291543483734,0.1113711,0.086,-1.0408,0.0657,0.221,0.1027,0.208547949791,0.554499,6.013,2.3577729912314345,-0.422846,-1.12239797098177,0
0.492663562297821,0.20515236,0.155,-0.8846,0.0031,0.374,0.0826,0.288981258869,0.058428,1.34,3.765858113765717,-0.30357,-0.523913976836851,0
0.939194977283478,0.4194255,0.179,-0.9764,0.0092,0.441,0.1415,0.270981609821,3.849338,23.6,4.045728713274002,-0.298043,0.425198513923263,0
0.993417620658875,0.87331825,0.481,0.2168,0.7422,0.523,0.1532,0.392883241177,4.345406,25.0,9.83722222963206,0.0626426,0.459815054590242,0
0.0604823082685471,0.14863694,0.119,-0.8852,0.0024,0.218,0.1594,0.209642410278,1.245227,12.52,3.155862169225795,-0.519767,-0.645910698910392,0
0.162514358758926,0.19511053,0.415,-0.912,0.3243,0.314,0.1039,0.210852086544,0.549035,5.959,4.988563843703562,-0.21402,-1.2099427821419,0
0.639759540557861,0.29201096,0.427,-0.8546,0.29,0.392,0.1516,0.297212719917,1.707223,15.33,3.267978377774682,-0.129575,-0.302138938174691,0
0.0584226101636887,0.106714755,0.22,-0.9594,0.1689,0.232,0.0927,0.26006925106,0.729803,7.651,4.8068204999751085,-0.32225,-1.02655779643265,0
0.953090846538544,0.8828079,0.849,0.5032,0.693,0.693,0.3185,0.508912563324,4.643765,26.1,10.417434702050764,0.262245,0.809449672881704,0
0.960416793823242,0.6460017,0.468,-0.1643,0.4283,0.54,0.9554,0.51395368576,3.235761,21.9,7.436528239748441,-0.038576,0.372232479195644,0
0.853979229927063,0.4788772,0.43,-0.0966,0.6396,0.522,0.0847,0.280473053455,2.372101,18.44,4.800799056887627,-0.0224734,0.086475239342609,0
0.973398506641388,0.63213694,0.716,0.7679,0.8228,0.6,0.3338,0.715490818024,4.606825,25.9,9.961276050923612,0.233381,0.89096257499728,0
0.0603922386266522,0.090162784,0.006,-0.9181,0.0018,0.093,0.0584,0.29467266798,0.139235,1.822,3.011504262685776,-0.744719,-1.46934471856301,0
0.968557298183441,0.7478606,0.642,0.8623,0.8483,0.748,0.9591,0.763958692551,4.687046,26.3,9.30075875367038,0.250421,0.696312695094749,0
0.147810623049736,0.21667248,0.297,-0.7285,0.3699,0.282,0.0559,0.268083512783,1.290907,12.85,5.528256910459168,-0.186142,-0.436503496226468,0
0.119875688828921,0.1866166,0.176,-0.8776,0.004,0.258,0.1871,0.258437275887,0.483988,5.297,1.5841052532196045,-0.482188,-0.399586786299386,0
0.0254031021739151,0.07123512,0.231,-1.0366,0.1114,0.138,0.0839,0.273573517799,-1.314628,0.008,2.871060128345489,-0.408796,-1.51098164747234,0
0.025336688219157,0.08187407,0.573,-0.9951,0.0359,0.218,0.0939,0.230433508754,0.163511,1.997,4.898753042470576,-0.20631,-0.767279653544071,0
0.982768714427948,0.9616542,0.872,1.0308,0.8527,0.959,0.9848,0.519623041153,4.396312,25.2,14.802158704493197,0.467586,0.641108236818502,1
0.0199764703365228,0.0689978,0.249,-0.904,0.0023,0.32,0.0833,0.29969483614,-0.522683,0.139,2.9317315220832825,-0.401377,-1.51641550860118,0
0.0248633320971236,0.105395794,0.047,-0.9036,0.0024,0.149,0.0792,0.262258857489,-0.098186,0.73,3.764226846396923,-0.582237,-1.1441989215813,0
0.751272320747375,0.30926198,0.454,0.3069,0.5927,0.453,0.078,0.286637604237,2.117639,17.3,4.477526695973305,-0.0149058,0.423425520220738,0
0.140672982534309,0.26877314,0.435,-0.6205,0.4299,0.333,0.091,0.227742731571,1.181197,12.05,3.6626412253275342,-0.152804,-0.734734585668812,0
0.0549815449190484,0.1827637,0.208,-0.9164,0.0017,0.143,0.0799,0.253771901131,0.12694,1.739,4.095167828710296,-0.484545,-1.18778607252255,0
0.0617360813819441,0.112181604,0.57,-1.0303,0.0417,0.337,0.089,0.240410789847,1.699493,15.29,4.016083151102066,-0.0223073,-0.609445235193063,0
0.0344139992085129,0.07024282,0.062,-0.9828,0.0923,0.172,0.0773,0.28079867363,-0.120054,0.67,3.186666945180208,-0.440679,-1.21927850672066,0
0.0302297778694858,0.05236268,0.414,-0.7944,0.1892,0.222,0.0677,0.245781391859,-0.647131,0.088,3.9254389256238937,-0.271207,-1.2082955949546,0
0.0624639887534833,0.16378054,0.102,-0.8979,0.0036,0.459,0.1259,0.276330530643,0.28309,3.091,2.153106618908618,-0.467013,-0.929255913594673,0
0.0299857147037983,0.055781394,0.252,-1.0407,0.0585,0.146,0.0822,0.279362440109,0.025455,1.181,3.765563621383068,-0.416848,-1.31646107160384,0
0.984144866466522,0.51286644,0.588,-0.0215,0.7376,0.458,0.278,0.270097196102,2.097649,17.2,2.625892446522422,0.0583967,0.0153205360900582,0
0.580453813076019,0.18362239,0.288,-0.8312,0.1983,0.443,0.1773,0.27776569128,1.485096,14.1,4.015949204998486,-0.122124,-0.947929951134776,0
0.228469527407062,0.20310044,0.113,-0.9037,0.0041,0.393,0.1584,0.341688901186,1.853599,16.06,5.253684608418936,-0.379859,-0.512223621821774,0
0.0729610213804499,0.1684103,0.6,-1.0105,0.0861,0.333,0.1024,0.251692533493,0.383254,4.203,3.3781228415957445,0.00273742,-0.649904799278206,0
0.133301897404513,0.09832457,0.178,-1.0178,0.0947,0.273,0.0783,0.266199231148,1.596029,14.73,4.277694836258888,-0.188562,-0.787628680650324,0
0.088386774363462,0.20105955,0.13,-0.9358,0.1308,0.438,0.1622,0.430880427361,1.029657,10.67,3.3605453549394824,-0.351585,-0.766218206147018,0
0.234594717621803,0.05599183,0.062,-0.932,0.005,0.151,0.0709,0.289230912924,-0.303251,0.323,3.0392872095108032,-0.583072,-1.43380299217222,0
0.167664408683777,0.16351405,0.102,-1.0153,0.0959,0.359,0.106,0.283341228962,1.815611,15.87,3.398808517111213,-0.376479,-1.04766229406577,0
0.12518691236504,0.120987296,0.532,-0.6721,0.4015,0.152,0.0739,0.262718588114,1.454405,13.91,4.135516747832298,-0.0370728,-0.935159657758449,0
0.035547414074492,0.03153935,0.147,-0.9577,0.1076,0.141,0.0733,0.252694666386,-0.560029,0.121,3.745587272954137,-0.37297,-1.50689281118724,0
0.282705690816911,0.33126748,0.176,-0.9253,0.0053,0.4,0.1175,0.290839612484,1.742543,15.51,3.7572290941156825,-0.299867,-0.171644015361001,0
0.96957403421402,0.80976343,0.73,0.3845,0.6174,0.709,0.2854,0.674822509289,4.798377,26.8,9.441329896450045,0.317094,0.643332529912057,0
0.981666922569275,0.65368575,0.531,0.2489,0.5596,0.544,0.3861,0.377367079258,4.128396,24.4,7.977237164974213,0.0482234,0.431719374624287,0
0.419594883918762,0.24910694,0.122,-0.9563,0.0072,0.398,0.157,0.438911646605,1.874906,16.16,3.434964470980409,-0.388266,-0.116809134819984,0
0.941435575485229,0.51357806,0.331,-0.8368,0.2035,0.721,0.5861,0.650255203247,4.157937,24.5,5.212658229884438,0.094842,0.283678669830809,1
0.218425780534744,0.23089784,0.161,-0.8964,0.0041,0.444,0.0928,0.227057754993,1.046745,10.85,2.069052040576935,-0.343481,-0.48137101009565,0
0.20677824318409,0.11650106,0.379,-0.7709,0.2565,0.35,0.0972,0.22039976716,2.36512,18.41,3.671619841154785,-0.187423,-0.991680519412932,0
0.767374396324158,0.72481525,0.51,-0.1032,0.5416,0.527,0.0815,0.451520323753,2.608886,19.47,1.667745590209961,-0.120454,0.180559318025455,0
0.348264783620834,0.25574273,0.498,-0.0102,0.7859,0.347,0.1242,0.261317968369,1.5899,14.7,3.9437018036842346,-0.0340077,-0.506920346073615,0
0.0743108913302422,0.12015754,0.081,-0.9234,0.0038,0.144,0.1203,0.369887590408,0.353775,3.871,3.7706689834594727,-0.522898,-0.965953211813557,0
0.183707848191261,0.10985935,0.208,-1.0259,0.0667,0.367,0.1006,0.36255005002,1.191799,12.13,1.3658572349419011,-0.357104,-0.931602217069837,0
0.123730786144733,0.15529177,0.349,-0.7799,0.2948,0.382,0.0915,0.210275292397,1.37871,13.43,3.7863345817233127,-0.159054,-0.679078976677761,0
0.0582814775407314,0.12298077,0.47,-0.834,0.2912,0.299,0.0738,0.274540930986,0.637216,6.806,4.013180048261651,-0.187774,-0.766843372049351,0
0.0295093211175783,0.06610346,0.123,-0.9211,0.0019,0.089,0.0613,0.193515568972,-0.304165,0.322,4.321749061858591,-0.546514,-1.50814214197864,0
0.998776018619537,0.9701767,0.862,1.0818,0.9697,0.849,0.9903,0.594594538212,4.941089,27.6,12.602563025197014,0.52822,0.756622128115941,1
0.0286401826888323,0.088055134,0.182,-0.8551,0.0048,0.21,0.0873,0.210188776255,-0.100705,0.723,3.333154499530792,-0.4492,-0.762584477544702,0
0.492078632116318,0.32611588,0.484,-0.6464,0.3694,0.434,0.1009,0.258774131536,1.96165,16.57,3.732957838668225,-0.0804119,-0.177198014508558,0
0.985724568367004,0.37415987,0.185,-1.1753,0.0258,0.485,0.9528,0.731715738773,4.087192,24.3,3.4326088428497314,-0.120995,0.74541841596525,0
0.996389269828796,0.5387679,0.334,-1.2198,0.0512,0.535,0.7702,0.634607434273,4.37128,25.1,3.3114157576878096,-0.0302239,0.852682532129286,0
0.0558414491680568,0.19068137,0.53,-0.5618,0.4734,0.307,0.1688,0.27718859911,1.162581,11.91,3.92440739890963,-0.0319418,-0.600309468829423,0
0.194664686918259,0.14391217,0.148,-0.9233,0.0023,0.237,0.0888,0.307635605335,0.818432,8.46,3.4151803589820373,-0.438016,-0.421255537510955,0
0.178102388978004,0.0844824,0.122,-0.9205,0.0034,0.221,0.0503,0.362538695335,-0.370559,0.248,2.94766943939109,-0.514208,-1.28801089620109,0
0.0162830074835399,0.07043117,0.539,-0.7925,0.2276,0.127,0.0638,0.330027639866,-0.715989,0.068,3.673489689826965,-0.169487,-1.90600246540962,0
0.197600357341599,0.1914241,0.417,0.4339,0.6323,0.369,0.1146,0.315418720245,3.691726,23.3,2.973388483299149,0.00224814,0.380274208028957,0
0.524173319339752,0.41586596,0.454,-0.5355,0.4416,0.467,0.1195,0.458046644926,2.091888,17.18,5.729145715013146,-0.0329244,-0.312473069142275,0
0.0673743472087639,0.1087172,0.39,-0.7675,0.3298,0.194,0.0765,0.219413638115,-0.649861,0.087,4.522540718317032,-0.258422,-1.32092363572776,0
0.0392592802900979,0.03676945,0.105,-1.0246,0.0397,0.089,0.0885,0.239494979382,-0.242027,0.411,2.734897714249695,-0.581936,-1.1833663015238,0
0.0697355419397354,0.07851121,0.111,-0.9364,0.0012,0.125,0.0536,0.21895673871,-0.591484,0.108,3.604117007522624,-0.560103,-1.6829260368056,0
0.990715265274048,0.7984511,0.612,0.2053,0.6008,0.531,0.774,0.552864432335,4.624062,26.0,9.369048384969275,0.133133,0.706821683368189,0
0.0301701559755641,0.033557475,0.022,-0.8862,0.0013,0.027,0.0701,0.223222821951,-0.930182,0.031,4.820349335670471,-0.793289,-1.5671146543955,0
0.593407154083252,0.21860528,0.157,-0.882,0.0029,0.284,0.1653,0.304399549961,0.759335,7.915,3.271497517824173,-0.335941,-0.434186991598737,0
0.89077752828598,0.31031018,0.261,-0.4025,0.2014,0.484,0.1863,0.63480424881,3.245016,21.9,8.604222066940919,-0.105975,0.200349662573413,0
0.229536163237675,0.25301152,0.545,0.3782,0.7943,0.548,0.0949,0.339544832706,1.537705,14.41,3.383923977613449,0.195647,-0.46621110419939,0
0.579449355602264,0.22425807,0.472,-0.3569,0.5513,0.368,0.2413,0.22910296917,1.232145,12.43,2.22953135338928,-0.112854,-0.333300026211335,0
0.723150551319122,0.25043362,0.534,0.1462,0.6886,0.358,0.133,0.33593043685,1.425828,13.73,7.112896786920526,-0.110961,-0.927003460616342,0
0.76665997911663,0.90092415,0.704,-0.0032,0.4438,0.801,0.2073,0.387639760971,3.665907,23.2,1.8712138533592224,0.199588,0.388494020903875,0
0.0837330520153046,0.111350775,0.048,-0.9285,0.0029,0.108,0.0652,0.316431820393,-0.193794,0.499,3.7926022708416,-0.645572,-0.72685608971258,0
0.824486937933324,0.79390776,0.753,0.3161,0.649,0.636,0.7047,0.620903611183,4.552575,25.7,13.255712252110245,0.325211,0.401748800251025,1
0.0243084148190696,0.03670764,0.145,-0.9544,0.0011,0.121,0.0694,0.226142466068,-1.549543,0.004,4.192160904407501,-0.59317,-1.63365522498409,0
0.973935782909393,0.88961667,0.867,1.0485,0.9419,0.696,0.483,0.503379523754,3.531377,22.8,6.423531372100115,0.307088,0.686356699766999,0
0.892225682735443,0.5489921,0.507,-0.1568,0.6256,0.346,0.1944,0.263850152493,3.20676,21.8,4.550430179903945,-0.11548,0.277844547572276,0
0.0497945156013478,0.11396521,0.092,-0.9092,0.0025,0.282,0.0653,0.235543817282,0.007312,1.102,4.687665066236389,-0.531646,-1.25244553035705,0
0.0478130586028533,0.167386,0.175,-0.9252,0.0039,0.3,0.17,0.27544605732,0.819788,8.473,3.1345472443779565,-0.337746,-0.474007468907436,0
0.0868220403790474,0.1554155,0.25,-0.9101,0.0025,0.184,0.095,0.200947314501,-0.36947,0.249,4.41974987343842,-0.357465,-0.990908991467908,0
0.996553421020508,0.64165735,0.714,0.8916,0.9121,0.652,0.2665,0.470387130976,3.639688,23.1,4.247200846672058,0.164257,0.730391875987974,0
0.940406262874603,0.42129546,0.228,-0.8368,0.2035,0.589,0.8963,0.603526711464,3.749049,23.4,8.543660898437833,0.0148572,0.300714402894127,1
0.87255859375,0.25394696,0.194,-0.9763,0.0071,0.352,0.131,0.242538392544,1.577239,14.63,4.340433592831669,-0.26095,-0.73996112128466,0
0.989427864551544,0.7549381,0.616,1.0561,0.9207,0.56,0.1394,0.45687931776,3.693431,23.3,3.4870943129062653,0.133333,0.738474529490565,0
0.889161348342896,0.47346392,0.155,-0.8904,0.0043,0.475,0.0907,0.324578881264,2.685708,19.79,3.2017724215984344,-0.279251,-0.276332108381183,0
0.0670014041388136,0.1627183,0.202,-0.9066,0.0024,0.327,0.0852,0.189552485943,1.419361,13.69,3.83867585084736,-0.424392,-0.909809003614713,0
0.405867755413055,0.34929729,0.552,-0.5595,0.3887,0.352,0.0771,0.255376011133,1.54538,14.45,4.563696375516509,-0.0311875,-0.254515321144756,0
0.0499193834837583,0.15756911,0.194,-0.9378,0.0033,0.397,0.09,0.287738621235,0.921057,9.466,3.6881280839443207,-0.319491,-0.999887959536626,0
0.892613053321838,0.76387584,0.699,-0.415,0.3672,0.711,0.3846,0.43968886137,4.533287,25.6,5.711293369531632,0.339098,0.439375673859565,0
0.195422417301264,0.1387038,0.126,-0.9994,0.0057,0.253,0.0969,0.323248565197,0.956767,9.834,3.3327335435303658,-0.405342,-0.46191400019912,0
0.801568613856399,0.7699642,0.358,-0.4547,0.5043,0.529,0.1324,0.327558755875,2.074376,17.1,4.217326231928275,-0.0855395,-0.0798979736817882,0
0.033016697014334,0.04327035,0.024,-0.9203,0.0023,0.213,0.1351,0.24712960422,-0.142453,0.612,3.137951871222895,-0.658184,-1.76169214920279,0
0.0812293470203437,0.122944325,0.189,-0.9236,0.0018,0.322,0.1146,0.273912340403,2.046789,16.97,4.759676383786553,-0.372047,-0.757848505671279,0
0.120435813318079,0.16496962,0.147,-0.8754,0.0038,0.2,0.1225,0.316433727741,1.626249,14.9,2.883060287350704,-0.324461,-0.496116035183427,0
0.175688430666924,0.13960916,0.119,-0.9431,0.0039,0.24,0.0864,0.327951610088,0.80245,8.309,3.6265934631228447,-0.441337,-0.711517251353794,0
0.0166033748537302,0.04383573,0.225,-0.989,0.118,0.075,0.0707,0.319363683462,-0.456164,0.179,3.293104829288691,-0.415895,-1.48587928275227,0
0.304160177707672,0.2007178,0.484,-0.8565,0.2938,0.418,0.2371,0.273220956326,1.520576,14.31,7.470182533506588,-0.135172,-0.606082677045715,0
0.983085989952087,0.7481361,0.59,0.1416,0.5805,0.514,0.2854,0.392163813114,4.606182,25.9,7.223090870104735,0.0795869,0.619263649792593,0
0.849808275699615,0.07729688,0.177,-0.9758,0.003,0.171,0.1021,0.331462681293,-1.033027,0.022,2.8410002173519304,-0.489519,-0.767330165731311,0
0.16486282646656,0.2062538,0.149,-0.8794,0.0037,0.28,0.0923,0.210970103741,1.441929,13.83,3.8681726433851407,-0.391706,-0.596723889647879,0
0.325961619615555,0.19977772,0.098,-0.8307,0.0031,0.325,0.1925,0.288741230965,1.678099,15.18,3.6208800971508026,-0.425744,-0.5628953827781,0
0.0269094872914523,0.1181525,0.187,-1.0225,0.1113,0.248,0.0881,0.197651639581,-0.962866,0.028,2.466374549575425,-0.391457,-1.65818572306923,0
0.252828508615494,0.14363918,0.185,-0.9055,0.0024,0.3,0.151,0.368667751551,0.649683,6.922,4.803114322984334,-0.374729,-1.0782985221006,0
0.282454550266266,0.22678676,0.421,-0.645,0.3495,0.45,0.0832,0.295347720385,1.779275,15.7,4.4740336161467855,-0.0736124,-0.311216233036801,0
0.980408549308777,0.8467916,0.521,0.3892,0.6728,0.57,0.1669,0.443758100271,4.038499,24.1,5.753073081374168,0.0879197,0.653340112496099,0
0.0891321011517214,0.16883919,0.251,-0.8978,0.003,0.384,0.0788,0.273462206125,0.354665,3.881,4.134245549532487,-0.393044,-0.764513161739233,0
0.96893298625946,0.45004258,0.561,-0.2851,0.4025,0.463,0.1622,0.556369423866,3.667947,23.2,5.96221820636087,0.0632572,0.316904898331384,0
0.063264720973925,0.12551612,0.552,-0.7798,0.3296,0.356,0.075,0.31186401844,-0.784891,0.053,2.921213865280152,-0.00642925,-1.28400232346874,0
0.0911592841148376,0.14645532,0.556,-0.6288,0.3719,0.23,0.0852,0.246774047613,-0.219706,0.45,2.3253824710845947,-0.189646,-1.07035017523869,0
0.0402668948218903,0.08965555,0.527,-0.7606,0.3465,0.18,0.0593,0.257064402103,-0.349251,0.27,4.4106471836566925,-0.151996,-1.30987959439752,0
0.0640398040413857,0.11046779,0.177,-0.8023,0.278,0.309,0.0958,0.248679623008,0.326701,3.567,2.835010480983921,-0.296305,-1.1029794287536,0
0.0800499833489687,0.20385358,0.084,-0.964,0.0038,0.265,0.0978,0.252871692181,0.380799,4.175,3.5562344250348805,-0.505961,-0.848988648640948,0
0.166664808988571,0.22251925,0.166,-0.9266,0.0034,0.415,0.1123,0.248468220234,1.225607,12.38,3.9190094470977774,-0.374047,-1.07701728049948,0
0.026879967858352,0.02033478,0.22,-0.999,0.0366,0.198,0.0682,0.234485208988,-0.650654,0.086,2.6651617569361563,-0.437698,-1.66417005256016,0
0.902036368846893,0.93259335,0.663,0.7864,0.7979,0.714,0.1698,0.450863271952,4.839818,27.0,8.333092339336872,0.119597,0.803576410011266,0
0.118050388991833,0.15435329,0.339,-0.6634,0.3429,0.26,0.0926,0.211699023843,0.768948,8.001,3.173795591951857,-0.22326,-0.915630445840277,0
0.801669299602509,0.27342284,0.273,-0.5892,0.3137,0.435,0.1487,0.266567677259,3.000461,21.1,7.018957138061523,-0.202342,-0.071982535084647,0
0.772618770599365,0.23750928,0.099,-0.91,0.0039,0.404,0.1071,0.248963028193,2.349729,18.34,2.1765184954022034,-0.321456,-0.149167033140722,0
0.995013773441315,0.93669105,0.769,0.7647,0.7983,0.847,0.773,0.532744169235,4.375306,25.1,8.281226761639118,0.29353,0.806376505577759,0
0.0365700798696878,0.061565965,0.086,-0.9404,0.0014,0.168,0.0888,0.216469168663,-0.640901,0.09,3.62321489438797,-0.588175,-1.2762846044682,0
0.846801161766052,0.8051547,0.527,0.1094,0.5623,0.617,0.7484,0.420427650213,1.207483,12.25,6.931265104562044,0.00681442,-0.650985257038823,0
0.0782541250790017,0.1291467,0.244,-0.7528,0.3406,0.27,0.0914,0.220883458853,1.71969,15.39,3.2057326762998786,-0.236151,-0.567723727563263,0
0.0439662273525812,0.11946812,0.34,-0.9115,0.0028,0.366,0.0684,0.287326186895,0.475153,5.205,3.3517970144748688,-0.421925,-1.24811173291047,0
0.245407864451408,0.19734207,0.164,-0.9211,0.0031,0.301,0.1037,0.272543907166,-0.42694,0.2,2.2492729013049457,-0.402162,-0.772783314848005,0
0.045416746288538,0.09327331,0.129,-1.0078,0.0605,0.153,0.0655,0.232177644968,0.186047,2.174,-0.8387086242437363,-0.489853,-1.14565258409535,0
0.555981457233429,0.09482828,0.184,-0.932,0.1592,0.274,0.0808,0.267296552658,1.487003,14.11,4.341171741485596,-0.255792,-0.642474026830349,0
0.877139508724213,0.3125011,0.11,-0.9048,0.0064,0.349,0.2359,0.344884753227,2.160097,17.49,3.1581170948747648,-0.445787,0.121908461001903,0
0.0389507715929428,0.06560588,0.127,-0.9098,0.0792,0.097,0.0742,0.271820992231,-0.912211,0.033,3.632845139600296,-0.410951,-1.61596375395888,0
0.437140911817551,0.25683376,0.56,-0.5517,0.3944,0.416,0.1334,0.300141632557,2.003764,16.77,7.651895976159722,-0.0918125,-0.370983935794418,0
0.98590624332428,0.25765598,0.183,-1.1424,0.0179,0.325,0.0919,0.519035279751,1.636788,14.96,5.009829999746247,-0.244679,0.0642441859783458,0
0.0320738218724728,0.10574108,0.103,-0.9045,0.0028,0.184,0.1562,0.197741702199,0.188412,2.193,3.146772801071532,-0.51517,-1.16771160386482,0
0.852685809135437,0.65029526,0.597,-0.2479,0.5812,0.596,0.4223,0.382760584354,3.849366,23.6,7.251068323850632,0.0144238,0.408059559796014,0
0.524293065071106,0.52845556,0.388,-0.6896,0.3092,0.301,0.1048,0.226352661848,2.300989,18.12,5.641156956553459,-0.169218,-0.543996103808694,0
0.0657041413530429,0.11600664,0.443,-0.34,0.5594,0.337,0.1005,0.274076402187,1.651749,15.04,4.373030604735984,-0.137265,-0.366406020259714,0
0.75384795665741,0.35220551,0.496,-0.2405,0.5679,0.415,0.1247,0.286276400089,3.037887,21.2,3.613434201175095,-0.00505722,0.202904692626352,0
0.0129381623550188,0.07955548,0.359,-0.7204,0.38,0.081,0.0769,0.239292085171,-0.034586,0.937,3.538416236639023,-0.303131,-1.33637214663785,0
0.181320786476135,0.18110424,0.436,-0.7597,0.3339,0.391,0.0949,0.339107215405,1.336424,13.15,4.303368289296808,-0.0899687,-0.376240499108937,0
0.0957573022720712,0.15265292,0.212,-0.9344,0.002,0.194,0.0706,0.235955685377,0.624577,6.688,4.049887432646433,-0.439159,-0.840257639860496,0
0.870253264904022,0.85690707,0.668,0.3723,0.7085,0.71,0.3503,0.300309538841,3.783225,23.5,5.651885084963154,0.0915616,0.19245928291574,1
0.0254374223265566,0.11542392,0.167,-1.0237,0.0575,0.296,0.121,0.221076130867,0.697916,7.364,3.8545423363244575,-0.431398,-0.943541535100835,0
0.0276451473732712,0.08364707,0.326,-0.8947,0.2734,0.287,0.049,0.312675178051,0.461359,5.059,3.3475740024778355,-0.285739,-1.07211162206578,0
0.947940528392792,0.56628346,0.522,-0.966,0.1374,0.451,0.1372,0.352301985025,2.910496,20.8,4.228218138217926,-0.0093874,-0.0783863045038492,0
0.0426545123137204,0.04558003,0.33,-0.9286,0.1597,0.24,0.1222,0.287925064564,0.344821,3.77,2.9743994390122905,-0.303004,-1.30450385584513,0
0.033973377764205,0.04193735,0.039,-0.9492,0.0013,0.043,0.0702,0.214534074068,-1.157233,0.014,3.5692597031593323,-0.633837,-1.47103245323319,0
0.131174525343138,0.28358567,0.205,-0.838,0.0048,0.276,0.0791,0.284620255232,0.524253,5.711,3.411605954170227,-0.321332,-0.668526078561582,0
0.680099116562598,0.3201748,0.162,-0.7252,0.0058,0.385,0.1343,0.300913661718,2.493404,18.96,4.632630705833435,-0.273642,0.0879476403586009,1
0.578647136688232,0.2942735,0.462,0.3961,0.8568,0.435,0.1098,0.241007387638,1.228154,12.4,4.163078534814687,0.00323656,-0.344566177487251,0
0.941430807113647,0.39712042,0.502,0.56,0.8866,0.367,0.1054,0.283196181059,3.415263,22.4,5.333915383749483,0.152277,0.277349267678969,0
0.840922892093658,0.41309816,0.398,-0.7879,0.3428,0.323,0.336,0.254564344883,2.015059,16.82,5.799097866367041,-0.166644,-0.281407560718496,0
0.11113202632897,0.05504495,0.045,-0.9099,0.003,0.124,0.0798,0.299125254154,1.840979,16.0,2.7608550637960434,-0.528525,-0.908228926473467,0
0.658734738826752,0.20153573,0.554,-0.9777,0.103,0.32,0.0867,0.249290347099,1.593587,14.72,4.059274799108189,0.0205421,-0.314541501811122,0
0.297135949134827,0.29341567,0.464,-0.6557,0.3862,0.338,0.0744,0.224613800645,1.344136,13.21,4.431576189179082,-0.198265,-0.615749745590733,0
0.366767704486847,0.22629452,0.527,-0.3386,0.5889,0.271,0.1349,0.231260627508,0.99259,10.25,3.4657883414368853,-0.0640447,-0.588304808940286,0
0.443478914206363,0.20292956,0.473,-0.511,0.4766,0.404,0.0947,0.25243473053,2.734182,19.99,5.038884090320328,-0.160771,-0.171627071551155,0
0.015784855464453,0.0072728395,0.134,-0.9796,0.1037,0.325,0.1167,0.324265182018,1.548557,14.47,5.078318434487106,-0.230574,-0.706076981043104,0
0.0607838924335403,0.17892411,0.448,-0.6105,0.3804,0.34,0.0838,0.21328265965,1.181054,12.05,3.249545490404249,-0.192944,-0.661181636739693,0
0.025974251245332,0.042066216,0.192,-1.0037,0.1403,0.195,0.1472,0.218865543604,-0.55548,0.123,2.1425238251686096,-0.373405,-1.16524031366573,0
0.157127872109413,0.06430921,0.04,-1.0397,0.0773,0.152,0.0622,0.266008317471,-0.851527,0.042,3.845078260132195,-0.484157,-1.431056787043,0
0.0359442942398355,0.1379,0.412,-0.7352,0.372,0.423,0.0594,0.273071378469,2.016362,16.83,2.870636810684973,-0.117619,-0.573079275124828,0
0.252553373575211,0.16999108,0.141,-0.9212,0.0032,0.344,0.0735,0.19910158217,0.347796,3.803,3.687160440663831,-0.435976,-0.756807149697625,0
0.0568205937743187,0.120317906,0.597,-0.1002,0.7132,0.21,0.0807,0.244816809893,1.302974,12.93,2.58895996543598,0.0763663,-1.30181343203428,0
0.970018565654755,0.7683824,0.725,0.137,0.6506,0.61,0.1532,0.285760372877,2.610963,19.48,3.3239585757255554,0.102644,0.407822208729595,0
0.540801759072631,0.3702532,0.454,0.9007,0.9089,0.554,0.1802,0.365670144558,3.751663,23.4,3.985125362873077,0.19515,0.358105976090329,0
0.12672632932663,0.1518485,0.207,-0.9053,0.003,0.311,0.0826,0.305496066809,0.174194,2.079,4.227052194626922,-0.391812,-1.17929705258971,0
0.790553271770477,0.3738413,0.429,-0.2977,0.5892,0.472,0.1037,0.241844385862,2.046922,16.97,2.4709032475948334,-0.0810925,0.108963886547784,0
0.922680079936981,0.32315877,0.311,-0.331,0.3573,0.452,0.5197,0.512321829796,3.947051,23.9,8.825195787474513,-0.0768772,0.361906760973221,0
0.0335047936861267,0.18434346,0.081,-0.9134,0.003,0.237,0.0787,0.271921038628,0.567811,6.144,3.970867306482472,-0.514033,-0.826232864268019,0
0.145085515380337,0.5183011,0.429,-0.1287,0.6027,0.385,0.1326,0.281046837568,0.467639,5.125,1.6642570495605469,-0.11052,-0.545988485395593,0
0.0468113295344929,0.11241093,0.205,-0.9017,0.0021,0.27,0.1427,0.252963662148,0.848704,8.753,3.402486950159073,-0.488575,-1.06811476008299,0
0.0297285143023743,0.07979897,0.282,-0.9178,0.0014,0.232,0.1165,0.255995750427,-0.678026,0.078,1.987063630824572,-0.507919,-1.14607317584966,0
0.171542808413506,0.30356872,0.322,-0.7591,0.266,0.266,0.0898,0.19740691781,0.80829,8.364,5.407204285264015,-0.248288,-0.644278877517872,0
0.121180713176727,0.15107131,0.419,-0.9214,0.201,0.424,0.1611,0.236171171069,-0.455885,0.179,3.512471958704505,-0.118029,-1.20593113746879,0
0.582077383995056,0.52025473,0.52,-0.7686,0.3082,0.417,0.1474,0.238892883062,1.063573,11.03,4.55938808619976,-0.11224,-0.626785164606722,0
0.0799811852243734,0.35374635,0.395,-0.7027,0.3143,0.326,0.1517,0.219468042254,-0.310414,0.314,1.7214323028546472,-0.225975,-0.820767463317956,0
0.0850326120853424,0.30127496,0.179,-0.8907,0.0032,0.361,0.0809,0.195450991392,0.790246,8.195,5.045286364853382,-0.387896,-0.808150353534141,0
0.0455626214745167,0.10886487,0.082,-0.9141,0.0033,0.228,0.0987,0.230275705457,0.470345,5.154,3.8257192177071375,-0.54494,-1.06924354148179,0
0.953873872756958,0.7808068,0.341,-0.2726,0.4192,0.63,0.2844,0.477723002434,4.00858,24.1,6.547265107950799,0.00444458,0.612622993403426,0
0.0335520207881927,0.07029161,0.314,-0.9775,0.1377,0.163,0.0859,0.290633410215,-0.420141,0.205,2.9818542261535788,-0.338664,-1.30925758805792,0
0.046863654469837,0.109882385,0.04,-1.0379,0.0661,0.246,0.096,0.248476877809,-0.445951,0.186,2.107491230501902,-0.480065,-1.41839047717485,0
0.932280004024506,0.29798222,0.154,-0.9211,0.003,0.41,0.1094,0.253012061119,1.703092,15.31,4.572554467346986,-0.348229,-0.594739388539918,0
0.441530972719193,0.21317193,0.219,-0.9175,0.2711,0.316,0.0984,0.298398941755,1.121452,11.57,2.9287994247110047,-0.229086,-0.494141477305344,0
0.521596550941467,0.27051157,0.465,-0.5284,0.4748,0.332,0.0983,0.277400553226,2.935377,20.9,4.028850346803665,-0.0531306,-0.361255727042411,0
0.994336307048798,0.9084579,0.781,1.0531,0.9597,0.847,0.7247,0.42494738102,3.878719,23.7,3.272995498352513,0.398555,0.498701424764041,0
0.0368694849312305,0.13105184,0.199,-1.0301,0.1507,0.345,0.0881,0.228164747357,0.454727,4.988,4.245190009206994,-0.367858,-1.05539469668897,0
0.0552797618758463,0.093020946,0.431,-0.812,0.2581,0.274,0.0829,0.334755003452,0.472002,5.172,3.7998363334864886,-0.106976,-0.872365858052223,0
0.939232110977173,0.6978256,0.555,0.1033,0.4897,0.556,0.0887,0.411464214325,3.125989,21.5,5.438892424106598,-0.114528,0.38277364523004,0
0.125964654129295,0.1398882,0.383,-0.7955,0.2436,0.384,0.1015,0.255661517382,0.522808,5.696,2.5422506807780554,-0.182532,-0.889756495209679,0
0.0527133531868458,0.09589085,0.272,-0.9199,0.0018,0.173,0.0959,0.238536775112,-0.521026,0.14,2.367316722869873,-0.393497,-1.05727296761216,0
0.666668891906738,0.2921505,0.487,-0.0428,0.7099,0.367,0.0832,0.301555514336,1.79123,15.75,4.540465816855431,-0.0901891,-0.361689258565679,0
0.969981908798218,0.6826689,0.554,0.0812,0.4639,0.412,0.1632,0.4222022295,4.019216,24.1,6.6934308603039065,-0.0925565,0.428530248168421,0
0.990752935409546,0.4491443,0.406,-1.2184,0.0513,0.466,0.5278,0.543409705162,4.325761,24.9,2.984279683339412,-0.089589,0.902860563321639,0
0.217767898700403,0.36074048,0.535,-0.1767,0.5743,0.417,0.2493,0.305862426758,1.819698,15.89,3.2819221317768097,-0.0433682,-0.534767365683444,0
0.0726736504466429,0.072933435,0.496,-0.8577,0.2364,0.218,0.077,0.213798254728,-0.905332,0.034,3.285813721778252,-0.257133,-1.8381631310967,0
0.978997766971588,0.4734447,0.549,-0.5319,0.3627,0.628,0.123,0.263896763325,2.670807,19.73,4.10268560051918,0.203853,0.0309097194592188,0
0.610263764858246,0.28820086,0.133,-0.9076,0.0084,0.391,0.0834,0.277034461498,1.432585,13.78,3.7970315171712734,-0.30657,0.0971226229582506,0
0.0120690712157188,0.13195676,0.52,-0.7736,0.2858,0.473,0.0931,0.239211380482,1.740017,15.5,2.960717310454676,-0.0776019,-0.491289343644156,0
0.990640163421631,0.6144797,0.185,-1.0779,0.0137,0.565,0.2687,0.323697090149,4.297364,24.9,3.9118199360103154,-0.0778568,0.676534402641714,0
0.0468249581754208,0.09389576,0.193,-0.8966,0.0024,0.138,0.0882,0.245250731707,1.723863,15.42,3.3084000026538627,-0.36509,-0.992034753597043,0
0.586767911911011,0.12410802,0.1,-0.8614,0.003,0.113,0.0934,0.225737094879,0.079716,1.453,3.247337792640809,-0.546456,-0.972100790574867,0
0.0906636651354015,0.09636927,0.179,-0.9153,0.0021,0.343,0.058,0.263532519341,1.883412,16.2,2.7585301205604007,-0.421295,-0.477424137927395,0
0.119282126426697,0.14311424,0.147,-0.8896,0.0047,0.316,0.0902,0.305326282978,1.131551,11.65,1.8067503571510315,-0.375673,-0.536331655135562,0
0.133884772658348,0.1827997,0.548,0.4361,0.826,0.322,0.0953,0.280782610178,1.724876,15.42,3.3081188245265576,0.158822,-0.371281670206416,0
0.940967202186584,0.7766956,0.21,-0.9498,0.0103,0.436,0.1673,0.27289378643,2.563978,19.27,3.766394324591407,-0.253708,0.0280061968692484,0
0.0944930437063022,0.13693014,0.216,-0.9456,0.0039,0.234,0.0909,0.230988234282,0.167968,2.031,3.215318389528589,-0.329367,-0.665778648284251,0
0.0206082942879996,0.070565015,0.107,-1.0374,0.163,0.17,0.0757,0.213933885098,-0.678864,0.078,3.4362165400032496,-0.408618,-1.29150184243091,0
0.519286930561066,0.1647535,0.134,-0.8927,0.0046,0.17,0.0929,0.227538749576,3.130528,21.5,5.787407465279102,-0.396755,-0.146233835582275,0
0.0952757772547868,0.14687347,0.114,-0.8954,0.0021,0.29,0.1335,0.29389038682,1.510735,14.25,3.6504853101100254,-0.484564,-0.801323089915159,0
0.967652678489685,0.9247234,0.697,0.4957,0.6659,0.923,0.3376,0.341879010201,3.964761,23.9,8.7386628780514,0.269282,0.711845903799071,0
0.133921474218369,0.10197908,0.361,-0.8969,0.0023,0.309,0.0823,0.355819821358,0.096189,1.547,2.777835506046211,-0.479718,-1.10348756035354,0
0.0394587442278862,0.15868327,0.342,-0.9242,0.2283,0.164,0.0933,0.22953659296,-0.237308,0.419,2.4475474008539204,-0.198095,-0.807584509445057,0
0.933960914611816,0.5027533,0.398,0.14,0.5792,0.614,0.1549,0.61315870285,3.712732,23.3,10.11261101367594,0.023985,0.563383401372292,0
0.0273068354095359,0.09377453,0.393,-0.5663,0.3733,0.295,0.0722,0.290030241013,0.228111,2.541,2.890379003644538,-0.247676,-1.16631429830482,0
0.987529277801514,0.93788284,0.807,0.8784,0.8698,0.906,0.9875,0.742385387421,5.011428,28.0,14.732481610379182,0.293225,0.699619875520277,1
0.674145042896271,0.391787,0.12,-0.877,0.0046,0.407,0.1216,0.332432150841,1.31643,13.02,3.7050553859505855,-0.280615,-0.260816584910381,0
0.996285796165466,0.86775166,0.818,0.9589,0.8904,0.877,0.894,0.501390874386,4.877381,27.2,16.054492239614774,0.511335,0.79213301100152,1
0.727965354919434,0.20221803,0.237,-0.7865,0.1926,0.238,0.0957,0.29959654808,1.599086,14.75,4.777339144329215,-0.269847,-0.279689077558418,0
0.929796457290649,0.39712158,0.721,-0.6095,0.3456,0.388,0.1738,0.235244140029,3.074564,21.3,3.797069268569009,0.108866,-0.0831187836186046,0
0.0511981708558386,0.34084266,0.543,-0.9238,0.2401,0.477,0.1223,0.208878368139,1.564722,14.56,3.902749300003052,-0.0993699,-1.00025318646596,0
0.0343912208256546,0.06301683,0.109,-0.9875,0.1809,0.072,0.0563,0.283556520939,0.318908,3.48,1.948089599609375,-0.485891,-1.29161403132344,0
0.99784529209137,0.84073985,0.889,0.9723,0.8788,0.679,0.9521,0.564371347427,4.630255,26.0,8.36205558083705,0.389747,0.652936517353393,0
0.652660250663757,0.24052575,0.141,-1.0083,0.0924,0.25,0.1053,0.20118495822,1.387058,13.49,3.022163848217896,-0.329161,-0.383419701092658,0
0.528903126716614,0.22336432,0.496,0.017,0.7593,0.418,0.0917,0.263739556074,1.78919,15.74,3.015263229608536,-0.0346916,-0.426331840285951,0
0.318081736564636,0.20165828,0.238,-0.9127,0.0031,0.163,0.084,0.204959303141,0.800905,8.294,3.1134041822193863,-0.464858,-0.851739388462511,0
0.981526672840118,0.7838197,0.647,0.2453,0.5878,0.814,0.6406,0.636923253536,3.310772,22.1,11.76075506558118,0.077001,0.532988815504542,0
0.645352482795715,0.3475225,0.367,-0.7896,0.4024,0.301,0.0996,0.2451402843,0.522538,5.693,3.311140374443631,-0.152776,-0.34706578022762,0
0.0303632488279118,0.04305178,0.124,-0.9396,0.0012,0.104,0.0664,0.282074481249,-0.902723,0.035,3.0240126213129286,-0.575263,-1.42231258963815,0
0.0453076536189318,0.12308556,0.291,-0.8892,0.0027,0.277,0.0891,0.21563065052,-0.73481,0.063,3.773203632387804,-0.474519,-1.40643396871708,0
0.376723796129227,0.29242456,0.207,-0.9409,0.0055,0.366,0.1397,0.226043343544,1.452672,13.9,3.1105489355692013,-0.251215,-0.591581450910012,0
0.103756143887938,0.13285124,0.232,-0.6829,0.3,0.25,0.0858,0.201400905848,0.707392,7.449,3.794930217114646,-0.273965,-0.691445306164838,0
0.106248143847287,0.1040504,0.062,-0.8386,0.0034,0.113,0.091,0.291796505451,1.953946,16.54,2.676120102405548,-0.5604,-0.615353299941547,0
0.334208726882935,0.10848892,0.291,-0.9106,0.0023,0.212,0.0942,0.223041385412,-0.060228,0.848,2.9385532686241307,-0.509682,-1.28773100099308,0
0.0094603635850082,0.008333892,0.092,-0.894,0.0013,0.113,0.0756,0.234285950661,-0.628898,0.094,3.1106714407249587,-0.610096,-1.57747065486889,0
0.0789045662485456,0.21995673,0.225,-0.886,0.0028,0.323,0.1823,0.289149999619,0.243453,2.687,4.056096262950328,-0.379615,-0.910769490333516,0
0.269045740365982,0.14111927,0.154,-0.8861,0.0025,0.359,0.677,0.29010990262,1.131765,11.65,2.3795329332351685,-0.425148,-0.685204493794527,0
0.0327101969844675,0.07309288,0.217,-0.9998,0.1226,0.245,0.297,0.345146179199,1.051295,10.9,1.739250333674189,-0.334419,-0.927301893099228,0
0.0643863704147183,0.16737336,0.14,-0.9289,0.0049,0.394,0.1453,0.295156657696,1.26949,12.7,3.1771857142448425,-0.457773,-0.816007015704315,0
0.976134181022644,0.93004036,0.64,0.5586,0.791,0.728,0.8803,0.530285477638,3.269231,22.0,11.11473465567542,0.119348,0.473605040500715,0
0.0174071099609137,0.06650594,0.551,-0.8358,0.3156,0.234,0.0849,0.214017957449,-0.188638,0.509,2.555493473905716,-0.146442,-1.28347366559285,0
0.160759478807449,0.19600657,0.181,-0.8593,0.003,0.257,0.0936,0.267118752003,1.056753,10.96,4.534096926450729,-0.47075,-0.665799416057192,0
0.428631625526058,0.34529835,0.197,-0.9961,0.0024,0.539,0.1974,0.395925819874,2.940442,20.9,2.440491795539856,-0.279427,-0.183898399697017,0
0.0358597502928712,0.088763595,0.349,-0.8936,0.2108,0.289,0.1557,0.212014049292,0.716762,7.534,2.040692299604416,-0.23839,-1.04501726681493,0
0.953086614608765,0.33914393,0.125,-0.9454,0.0071,0.456,0.1233,0.307686924934,2.151198,17.45,3.89731597205464,-0.306906,-0.110288077688163,0
0.983487784862518,0.75656617,0.813,1.0294,0.9115,0.566,0.0972,0.380182683468,3.771383,23.5,5.551156729459763,0.196403,0.682142225516998,0
0.0727182179689407,0.1642605,0.453,-0.4219,0.4545,0.301,0.0835,0.249179854989,0.515922,5.626,3.4241408076232167,-0.109163,-0.967565971767501,0
0.409129172563553,0.18693647,0.168,-0.8902,0.004,0.265,0.0818,0.222465962172,0.965819,9.933,3.864406087631034,-0.367378,-0.336989990401933,0
0.116997912526131,0.17083511,0.49,-0.9706,0.227,0.466,0.3939,0.299659252167,0.715628,7.524,2.9599348113557564,-0.136089,-1.02322071916469,0
0.914662837982178,0.431267,0.225,-0.8589,0.2023,0.437,0.109,0.364402890205,2.840878,20.5,3.8120915150715584,-0.112864,-0.0261414052416572,0
0.0305042646987737,0.030390501,0.263,-0.8839,0.1869,0.151,0.0525,0.325784623623,-1.197325,0.012,3.3489692529670467,-0.398825,-1.94028804112641,0
0.0342107899487019,0.06734604,0.122,-0.9821,0.0559,0.234,0.1031,0.311183869839,0.454656,4.987,3.5158855783338177,-0.449651,-1.18417110194632,0
0.599444925785065,0.30141252,0.121,-1.082,0.0797,0.422,0.1117,0.284648925066,1.70129,15.3,3.707298404207113,-0.307205,-0.0073071167026235,0
0.18190786242485,0.112268895,0.294,-0.5736,0.3957,0.236,0.0929,0.242247521877,1.005379,10.39,3.3859804570674896,-0.228603,-0.700520291587691,0
0.0661790892481804,0.16919476,0.023,-0.9284,0.0035,0.272,0.1952,0.329930841923,1.232319,12.43,3.1209291161502306,-0.56859,-0.947758035490038,0
0.369510740041733,0.276523,0.379,-0.2162,0.6936,0.321,0.0832,0.241000443697,3.305756,22.1,4.589296783819422,-0.110864,-0.175676269720947,0
0.774181008338928,0.405151,0.397,0.1832,0.516,0.435,0.1165,0.312264680862,3.524898,22.8,5.342641655872978,-0.0908037,0.590847525727785,0
0.448225289583206,0.61987275,0.167,-0.8964,0.0057,0.547,0.0823,0.249137610197,1.638277,14.97,2.5768414745658097,-0.237169,-0.046342659870088,0
0.948632776737213,0.8525448,0.519,0.5104,0.7125,0.485,0.2359,0.321309238672,3.941942,23.9,2.261963015625202,-0.0307588,0.575764293957472,0
0.932811617851257,0.39432096,0.206,-0.985,0.0834,0.519,0.114,0.370193570852,1.094411,11.32,2.639977791797704,-0.220046,-0.611224496452528,0
0.357370793819427,0.19053459,0.207,-0.9027,0.0039,0.241,0.1522,0.243341088295,1.276208,12.74,4.899650535727434,-0.44818,-0.843258743958315,0
0.521236896514893,0.30787742,0.476,0.2621,0.8389,0.379,0.0841,0.293829202652,1.862933,16.1,2.602805860942258,-0.0921037,-0.157993793547397,0
0.405705947057145,0.18356225,0.436,-0.9583,0.1126,0.419,0.1066,0.235719159245,2.626007,19.54,6.296489002704077,-0.129395,-0.543836601769568,0
0.886591009990284,0.25473624,0.156,-1.1192,0.0142,0.403,0.1433,0.343010723591,4.993449,27.9,4.418046087026596,-0.237181,0.127349010515426,0
0.991037607192993,0.41961756,0.155,-1.0667,0.0097,0.549,0.9519,0.495991647243,4.519347,25.6,4.425289774328375,-0.11611,0.608961784333748,0
0.0415714083685735,0.11666438,0.115,-1.0086,0.1451,0.153,0.0683,0.201768368483,0.271207,2.966,2.590665155963113,-0.424804,-1.29470525462822,0
0.779352426528931,0.3355298,0.135,-1.0108,0.0127,0.423,0.1789,0.32726329565,3.305129,22.1,3.474097863655832,-0.268961,0.142000944444143,0
0.332220312201459,0.17678437,0.51,-0.715,0.2429,0.365,0.1132,0.238934129477,1.416329,13.67,4.373848110437393,0.116789,-0.199051759839514,0
0.999537467956543,0.97970665,0.871,1.0649,0.9253,0.713,0.9693,0.635964989662,4.740285,26.5,11.16380952248959,0.45889,0.902517158009731,1
0.0865801893758129,0.18950853,0.408,-0.9608,0.242,0.336,0.0859,0.235957562923,0.515107,5.618,5.091232719324136,-0.236972,-0.95773442653876,0
0.294456964978442,0.32690626,0.413,-0.5082,0.5287,0.356,0.1014,0.235335171223,2.304529,18.14,7.076439821863312,-0.198569,-0.432441088174382,0
0.987849414348602,0.5316767,0.608,0.2581,0.6148,0.433,0.5963,0.373165041208,4.047662,24.2,7.528142254517761,0.0418582,0.535942821367677,0
0.0220210987741978,0.12107739,0.38,-0.9701,0.2063,0.224,0.0655,0.239600390196,0.160918,1.977,3.7029050869072,-0.288982,-1.18660907655011,0
0.734158098697662,0.26524806,0.564,-0.3286,0.387,0.434,0.1066,0.547647953033,3.094443,21.4,6.272002222482115,-0.0207317,-0.0057423697386678,0
0.291621774435043,0.15339258,0.148,-0.8727,0.0018,0.312,0.1032,0.291660219431,0.683868,7.236,3.935299132909194,-0.412128,-0.68351013658129,0
0.081274029957283,0.13393053,0.313,-0.9158,0.0025,0.174,0.0913,0.27246761322,1.903822,16.3,3.783903926610946,-0.354345,-0.984206956362984,0
0.0168459719524881,0.059302032,0.103,-0.9948,0.1761,0.234,0.0749,0.215074419975,0.045814,1.277,2.414900197866918,-0.412855,-1.06311419691601,0
0.434033416903821,0.31714574,0.55,0.6295,0.9353,0.411,0.084,0.374776005745,2.721477,19.94,4.376863695432518,0.25995,-0.290289430267458,0
0.081339112224537,0.11936587,0.083,-1.0038,0.0748,0.285,0.1357,0.315681159496,0.76907,8.003,3.53443829578951,-0.425397,-0.96040690194704,0
0.586140394210815,0.16603154,0.463,-0.4531,0.4262,0.297,0.1238,0.256244033575,2.717944,19.93,3.908257608931657,-0.0336857,-0.390121285290592,0
0.0625186637043953,0.096971184,0.148,-0.9378,0.1559,0.214,0.1526,0.219566226006,0.362396,3.968,3.087302168999771,-0.44519,-1.09621920750728,0
0.199629575014114,0.23542085,0.552,-0.9639,0.1474,0.366,0.0784,0.299804896116,1.920951,16.38,4.469090402126312,0.105544,-0.284447882229842,0
0.136972205038758,0.17497,0.313,-0.8937,0.2241,0.254,0.1187,0.281012892723,1.015895,10.51,3.905467954158528,-0.221952,-0.834912674933954,0
0.469497621059418,0.23188671,0.488,-0.2518,0.5406,0.411,0.0802,0.261692166328,1.651191,15.04,4.227259474032756,-0.0884989,-0.385642183164904,0
0.0420026166992541,0.08983597,0.295,-0.9187,0.002,0.131,0.1458,0.304020881653,-0.809545,0.048,2.780778884887696,-0.432055,-1.47798932494105,0
0.0918928069292238,0.09706485,0.149,-0.8991,0.0016,0.291,0.0747,0.300240814686,-0.34169,0.278,4.489287912845612,-0.482752,-1.07301506902929,0
0.973322451114655,0.63069654,0.45,-0.2212,0.4529,0.44,0.1368,0.357364594936,3.577964,22.9,5.607915053792767,-0.105325,0.539803424678255,0
0.0563795568756116,0.18432528,0.432,-0.6055,0.5627,0.282,0.1304,0.264786124229,0.145854,1.868,2.89349065543628,-0.15108,-1.02960824115487,0
0.372028231620789,0.2786298,0.148,-0.834,0.0063,0.306,0.1097,0.266636073589,2.62523,19.54,4.568666586474048,-0.398667,-0.177141761612754,0
0.0897650048136711,0.07619333,0.02,-1.0583,0.0421,0.133,0.0855,0.247872918844,-0.159552,0.572,2.375396655266453,-0.602513,-1.6433209602714,0
0.0201319113785564,0.056940258,0.087,-0.9499,0.0017,0.142,0.0615,0.2352771312,-0.13282,0.636,2.948006173364781,-0.568702,-1.25834634634119,0
0.0279037346653131,0.15300101,0.073,-0.9091,0.0033,0.166,0.0799,0.234072446823,-0.327707,0.293,3.701348524155603,-0.572851,-1.06764322456941,0
0.0375423319637775,0.07268137,0.02,-0.895,0.0017,0.127,0.0689,0.237223565578,-2.053087,0.002,4.06308551130666,-0.708458,-1.38351649507496,0
0.304880082607269,0.16649708,0.3,-0.8904,0.1955,0.363,0.0956,0.258399307728,0.808537,8.366,3.520768374204636,-0.253119,-0.978850625311001,0
0.671466767787933,0.24823382,0.457,-0.1829,0.5919,0.364,0.1014,0.245721638203,1.145546,11.77,3.803603531818436,-0.096439,-0.346154540778392,0
0.0570528295322564,0.26998362,0.2,-0.8859,0.0042,0.349,0.2008,0.259736776352,1.265169,12.67,2.9965476989746094,-0.432369,-0.7153678062691,0
0.432922691106796,0.23563027,0.246,-0.9306,0.0068,0.418,0.1178,0.246170938015,0.707354,7.449,3.960574350782564,-0.315128,-0.323937730705281,0
0.639336824417114,0.25528198,0.497,-0.1019,0.6556,0.363,0.1189,0.24110224843,2.040142,16.94,3.0668513774871826,0.00252121,-0.0151016936035989,0
0.752405762672424,0.37381482,0.17,-0.8519,0.0035,0.417,0.0942,0.265972226858,1.423137,13.72,5.277794742295793,-0.421948,-0.282766883039352,0
0.0885892936251548,0.22880882,0.413,-0.4549,0.4831,0.321,0.0758,0.289973795414,0.656469,6.985,2.5268453243079003,-0.183216,-0.72854736329267,0
0.863697826862335,0.23690939,0.2,-0.9502,0.0032,0.327,0.1659,0.281218618155,1.794195,15.77,4.081621048318354,-0.411516,-0.557044705067335,0
0.0569841340184212,0.07232982,0.286,-0.9018,0.0023,0.092,0.1209,0.260584026575,-0.694804,0.073,2.8739332258701324,-0.413174,-1.19384160316338,0
0.741992354393005,0.62983835,0.596,-0.5546,0.4645,0.423,0.1243,0.232333377004,2.47976,18.9,4.499118320643902,-0.0182683,0.0417451309608743,0
0.981849610805511,0.8539803,0.783,0.5,0.6757,0.742,0.6919,0.490997999907,3.662821,23.2,4.751373757190303,0.250926,0.655746581502319,0
0.9961878657341,0.7993094,0.696,0.5293,0.7095,0.563,0.3157,0.527772665024,3.980255,24.0,9.432389456631126,0.126653,0.721438707438525,0
0.0241125807919664,0.040263355,0.115,-0.9381,0.0014,0.208,0.0667,0.230803817511,-0.450597,0.183,3.5828762369950167,-0.569035,-1.39609101412114,0
0.0531361762918742,0.13269055,0.145,-0.921,0.0022,0.196,0.0653,0.265641152859,0.538793,5.857,4.716974600654869,-0.522156,-1.38460258610881,0
0.0041403179056942,0.040658474,0.421,-0.9279,0.0944,0.185,0.0566,0.23845487833,-0.755016,0.059,1.738081693649292,-0.216971,-1.36702828819264,0
0.886100709438324,0.3303483,0.439,-0.0379,0.5425,0.415,0.086,0.348425686359,3.38974,22.4,1.4572434448134737,-0.00741321,0.53410480136108,0
0.222158148884773,0.068715096,0.135,-0.8812,0.0033,0.103,0.0688,0.307734042406,1.364521,13.34,3.533224582672119,-0.576898,-0.832411661130756,0
0.988106727600098,0.7407235,0.56,0.8134,0.7394,0.523,0.1222,0.305374205112,2.798037,20.3,4.034552737153529,0.081524,0.46271294348244,0
0.0422871138086912,0.090875894,0.125,-1.0434,0.1215,0.283,0.1434,0.256127715111,0.499236,5.455,2.243298481026326,-0.341391,-0.881066587091875,0
0.0770655370276762,0.14731652,0.249,-0.9222,0.003,0.258,0.1041,0.259399116039,1.00953,10.44,4.384805589914322,-0.34536,-1.07547452361426,0
0.957801461219788,0.36957282,0.42,0.1271,0.6086,0.356,0.1284,0.289712131023,2.575572,19.32,4.288562195796515,-0.174467,-0.114652685879427,0
0.908267319202423,0.34959644,0.368,-0.7796,0.2611,0.435,0.0941,0.219159185886,1.771084,15.65,3.900594586366231,-0.0949555,-0.513059174873421,0
0.0308129917830229,0.061499327,0.291,-0.9343,0.1242,0.073,0.0503,0.222814947367,-1.380533,0.007,2.8661164768140326,-0.397319,-1.61233385433494,0
0.533829597120947,0.41676515,0.605,-0.4554,0.3616,0.437,0.1498,0.391397297382,3.143989,21.6,3.919711709022522,0.108571,0.166490506984092,0
0.135177820920944,0.13604149,0.435,-0.8242,0.257,0.386,0.0862,0.32602918148,0.621222,6.656,4.378397166728973,-0.109524,-0.897108289856064,0
0.0401763804256916,0.042727172,0.11,-0.9092,0.0015,0.126,0.0638,0.194055899978,-1.409085,0.006,3.667259136172341,-0.613355,-2.13046977358112,0
0.191200148149866,0.28411818,0.436,-0.5935,0.3763,0.399,0.0788,0.235987648368,2.321552,18.22,4.686225356928628,-0.128518,-0.540829524300398,0
0.930440545082092,0.95496595,0.607,-0.2485,0.4543,0.592,0.2462,0.30003285408,3.780219,23.5,3.922311537540491,0.0196792,0.0997204065295211,0
0.965168416500092,0.6925464,0.679,-0.083,0.4176,0.504,0.1469,0.303191334009,3.899245,23.8,3.524177074432373,0.181276,0.292999519698643,0
0.403759598731995,0.23509756,0.134,-0.9482,0.2217,0.343,0.0655,0.342691898346,0.665899,7.072,3.192127052932472,-0.297704,-0.547591838745698,0
0.0515076608479518,0.21071646,0.523,-0.8783,0.2571,0.246,0.0898,0.232611447573,0.314624,3.433,3.8442273861508767,-0.214871,-1.26503033592509,0
0.411955535411835,0.46804345,0.513,-0.7029,0.3674,0.571,0.1815,0.424209088087,1.689948,15.24,4.9512930351803615,-0.142672,-0.550235418745251,0
0.0589624311460255,0.16348183,0.175,-0.9165,0.0032,0.345,0.0727,0.263423919678,1.015932,10.51,3.3043882594640097,-0.493834,-0.775548476623607,0
0.35378634929657,0.16533336,0.083,-1.0163,0.112,0.335,0.0984,0.304501563311,1.497381,14.17,4.312784585056595,-0.325644,-0.52026125486932,0
0.252827256917953,0.05251029,0.466,-0.9636,0.1954,0.243,0.07,0.247297674417,-0.517953,0.142,5.268041789531708,-0.259253,-1.30948510049884,0
0.148779458704747,0.17639175,0.468,-0.7027,0.3307,0.215,0.0779,0.217698052526,0.09229,1.524,4.631520193045201,-0.264944,-0.73013514392597,0
0.0601260736584663,0.07389453,0.334,-0.6106,0.4771,0.222,0.0827,0.271291553974,0.638097,6.815,3.431404451136489,-0.187257,-0.95167879983026,0
0.816784024238586,0.54089004,0.134,-0.8921,0.0086,0.372,0.1456,0.257877707481,2.15301,17.46,4.648495395420998,-0.397981,-0.323591159152024,0
0.98423171043396,0.8484294,0.764,0.3247,0.8269,0.69,0.7442,0.509607553482,4.07551,24.2,7.004199035465717,0.436717,0.476746865186915,1
0.0689652563171684,0.14432529,0.058,-0.8995,0.0022,0.288,0.0841,0.24349334836,-0.091893,0.749,4.835564453026146,-0.513169,-0.884666397545163,0
0.036390763559623,0.11723763,0.347,-0.776,0.2756,0.291,0.0915,0.242572277784,1.327396,13.09,2.217415511608124,-0.175297,-0.746977647343421,0
0.333378791809082,0.27906528,0.137,-0.9481,0.0099,0.411,0.0887,0.319261014462,1.763162,15.61,4.426627410245384,-0.284863,-0.129446027051079,0
0.0551227219109653,0.1496692,0.116,-0.9438,0.0033,0.239,0.1507,0.297944068909,0.736283,7.709,3.519628229833586,-0.502707,-0.695336590219262,0
0.207654237747192,0.6220165,0.543,-0.6453,0.3972,0.412,0.1753,0.25989690423,2.345504,18.32,4.274504510146979,-0.0238633,-0.415385313223915,0
0.154260888695717,0.11365083,0.391,-0.8972,0.2219,0.321,0.0822,0.311422109604,0.424088,4.656,1.59764102101326,-0.22964,-1.18973355043129,0
0.997287273406982,0.9238781,0.896,1.0062,0.8946,0.917,0.9068,0.67446911335,4.858429,27.1,11.227794092773404,0.446808,0.943830812175554,1
0.904492080211639,0.4819794,0.607,-0.271,0.384,0.522,0.2566,0.368891119957,3.225629,21.8,3.9655978083610535,0.0569778,0.366221051486086,0
0.306866943836212,0.494926,0.473,-0.2767,0.4674,0.4,0.0739,0.298397541046,2.038263,16.93,2.9857212976520167,-0.122062,-0.12670993927778,0
0.108057372272015,0.1270189,0.121,-0.9349,0.0045,0.362,0.21,0.352020859718,1.290982,12.85,2.932877134704893,-0.453468,-0.799736995943596,0
0.530468821525574,0.24091884,0.121,-0.9386,0.0055,0.465,0.2711,0.542111694813,2.138397,17.39,4.040755672703866,-0.398168,-0.630608989064445,0
0.0427583875302684,0.08646366,0.126,-0.8944,0.0024,0.26,0.4805,0.36472183466,0.79485,8.238,2.3653573724045254,-0.546439,-0.961652858749283,0
0.580022811889648,0.369898,0.467,-0.8056,0.2495,0.283,0.1016,0.429374009371,1.268833,12.69,4.145354570382248,-0.0709695,-0.134871628872886,0
0.515226483345032,0.48973325,0.49,-0.5465,0.2755,0.467,0.1037,0.355446338654,2.331684,18.26,2.060179650783539,0.0602789,-0.138514065260099,0
0.162404778790913,0.1709297,0.116,-0.8935,0.0028,0.293,0.097,0.250299215317,2.196987,17.66,2.851808602950921,-0.473789,-0.644749377785601,0
0.25392781592217,0.17990783,0.242,-0.9083,0.0024,0.433,0.115,0.269791007042,1.045481,10.84,4.202148798172985,-0.30987,-0.907102922561707,0
0.050743813470057,0.13235804,0.388,-0.8619,0.209,0.403,0.0872,0.21276769042,-0.381442,0.238,2.6892499976357893,-0.296587,-1.62330723125505,0
0.0752459686713999,0.089095294,0.331,-0.7871,0.394,0.27,0.1277,0.203138381243,-0.434328,0.194,2.724785945216768,-0.251564,-1.26941135316908,0
0.0752195295856744,0.4062768,0.421,-0.959,0.1728,0.473,0.0993,0.31461930275,1.241978,12.5,3.5287755652797546,-0.210292,-0.676680517218636,0
0.818063318729401,0.3460714,0.397,0.4342,0.5953,0.468,0.1446,0.486786723137,3.709883,23.3,1.103260378948652,-0.0758021,0.471757845213801,0
0.874560713768005,0.3314919,0.525,0.186,0.7788,0.437,0.1286,0.282693266869,2.719045,19.93,2.6314921320187983,0.00283374,-0.119434151850047,0
0.774070382118225,0.5303927,0.362,-0.7499,0.3522,0.565,0.0927,0.338732898235,2.627846,19.55,5.1222914680838585,-0.0521624,-0.0671329781533972,0
0.972064018249512,0.8989527,0.545,0.0891,0.7391,0.783,0.1288,0.304546862841,2.325161,18.23,5.230916514992714,0.121573,0.0856937763846501,0
0.174931272864342,0.21672961,0.536,-0.7495,0.312,0.326,0.0771,0.21503341198,1.967967,16.6,3.387969772546063,-0.097202,-0.76568089208026,0
0.984277336226001,0.8979479,0.867,1.1775,0.9098,0.747,0.4056,0.451453745365,4.218233,24.6,4.083945503783016,0.3733,0.714015062100154,0
0.585606217384338,0.39158422,0.567,0.7739,0.9103,0.462,0.0799,0.353117406368,1.616316,14.85,3.3482003211975098,0.119048,-0.295325551891081,0
0.204896286129951,0.32187307,0.146,-0.9181,0.0042,0.537,0.1356,0.276873081923,1.972264,16.62,2.651879370212555,-0.3019,-0.676259263625657,0
0.937325804567051,0.98245,0.915,1.0254,0.9186,0.85,0.9892,0.666242837906,5.079878,28.4,15.322622800653336,0.480582,0.942741610037011,1
0.0533656664192677,0.19005191,0.349,-0.9027,0.2453,0.28,0.13,0.209293335676,0.943906,9.698,2.688669055700302,-0.224593,-0.812408378304666,0
0.0227527758503984,0.041001827,0.232,-1.0233,0.0632,0.176,0.0912,0.212688803673,-0.492354,0.156,3.978048463377394,-0.456141,-1.52965636611471,0
0.993048787117004,0.6049566,0.584,0.2088,0.6083,0.607,0.1024,0.564568698406,4.550299,25.7,4.940960255660528,0.102638,0.690425234788122,0
0.0096636276029226,0.010870069,0.159,-0.9584,0.176,0.195,0.0522,0.214835390449,0.141385,1.837,2.456282477956277,-0.357356,-1.20234548928415,0
0.667319774627686,0.2001602,0.119,-0.8919,0.0034,0.34,0.1318,0.287416309118,1.630067,14.92,4.010424323379993,-0.364331,-0.464206579720909,0
0.0370065339760598,0.11425969,0.248,-0.9768,0.1465,0.36,0.0785,0.230366021395,-0.550843,0.125,3.556591663240073,-0.353157,-1.1751023915688,0
0.176122814416885,0.1884816,0.294,-0.6502,0.3935,0.333,0.0763,0.235478490591,0.282117,3.08,4.336813426190734,-0.267773,-0.743946169671498,0
0.341617913477317,0.32498103,0.17,-0.8531,0.003,0.435,0.1301,0.371200859547,1.759917,15.6,3.4766160455383592,-0.311164,-0.496438531440429,0
0.161298856139183,0.14113909,0.193,-0.9134,0.0035,0.342,0.1203,0.331304073334,0.804613,8.329,2.942882251756559,-0.448525,-0.792222048345796,0
0.984633088111877,0.8114978,0.74,0.73,0.86,0.644,0.9664,0.525633215904,3.081489,21.4,10.997985211751937,0.311053,0.318996218250565,0
0.0936227240572129,0.12337798,0.238,-0.9131,0.003,0.277,0.0801,0.202396571636,0.106639,1.61,4.003536634956668,-0.41276,-1.30663538155337,0
0.72643107175827,0.82271063,0.587,-0.5084,0.4425,0.438,0.3259,0.332982391119,2.227083,17.79,7.658971742293549,-0.0219904,-0.246702846510153,0
0.0773675779785295,0.11527911,0.304,-0.5777,0.4017,0.279,0.0898,0.297826290131,1.311728,12.99,3.5510186212216124,-0.182981,-0.879526385211495,0
0.0355741388996843,0.09826967,0.051,-0.9047,0.0012,0.126,0.076,0.237102657557,-0.826671,0.045,2.7244987189769745,-0.679989,-1.0527719428605,0
0.665836689439158,0.2827947,0.338,-0.7635,0.2145,0.233,0.0975,0.434254944324,2.812274,20.4,4.648179186025173,-0.184868,-0.0230927524792429,0
0.906651675701141,0.5534028,0.493,-0.7003,0.322,0.29,0.1349,0.219741225243,1.943772,16.49,3.5694888900165247,-0.151155,0.152082007704523,0
0.940584659576416,0.67942506,0.639,0.3574,0.8747,0.489,0.1479,0.332526564598,2.513558,19.05,5.463300483991913,0.176545,0.233460568435127,0
0.171706571801372,0.31305778,0.493,-0.2001,0.7094,0.466,0.1595,0.342989563942,2.223588,17.78,4.251675302489176,-0.0426685,-0.481647499892773,0
0.235642582178116,0.20613265,0.485,-0.7533,0.2564,0.413,0.1084,0.302989721298,2.192795,17.64,5.420787557959557,0.0177299,-0.652452110217152,0
0.279626816511154,0.16299182,0.519,-0.3086,0.5706,0.412,0.1451,0.256231367588,1.515488,14.28,3.905964747071266,-0.157836,-0.68825153771043,0
0.0311222883336989,0.09272933,0.196,-1.0141,0.1218,0.23,0.0834,0.25725454092,0.043176,1.264,5.13407192573877,-0.402956,-1.21419185311317,0
0.0346336702138979,0.1532858,0.066,-1.0215,0.0782,0.214,0.1142,0.277130484581,0.077026,1.438,3.180730286472844,-0.423648,-0.960308242499284,0
0.23580327630043,0.1339637,0.258,-1.0436,0.0818,0.187,0.0779,0.244980275631,0.40886,4.488,4.550008354659012,-0.330676,-1.40449218488546,0
0.4132379591465,0.25776446,0.466,-0.7504,0.3204,0.299,0.1142,0.262285649776,0.834182,8.612,2.954865574836731,-0.196166,-0.897757060919195,0
0.298006862401962,0.05709994,0.371,-0.9035,0.1476,0.221,0.0702,0.204177767038,-1.815851,0.002,3.820551812648773,-0.269203,-1.98462249731768,0
0.0565873614153288,0.16441125,0.196,-0.8788,0.0016,0.285,0.0604,0.276032447815,1.005922,10.4,3.586447053406134,-0.48922,-1.05075124215613,0
0.331486154843516,0.13630354,0.136,-0.9275,0.0073,0.346,0.1089,0.284232318401,1.21785,12.33,4.35628205537796,-0.340394,-0.446933689827566,0
0.0675044134259224,0.08027738,0.061,-1.0133,0.0657,0.242,0.1205,0.328387260437,1.051133,10.9,3.474972715339592,-0.50205,-1.16317912032581,0
0.0316346907780199,0.039930522,0.056,-0.9567,0.0006,0.031,0.0378,0.25861543417,0.505281,5.518,1.0706982612609863,-0.555447,-1.44708833532659,0
0.391785656123577,0.2590879,0.5,-0.0537,0.7281,0.441,0.1321,0.345750540495,2.815223,20.4,4.937085707574756,-0.0880935,-0.0458393595772664,0
0.536649882793427,0.13929209,0.162,-0.8168,0.003,0.089,0.1003,0.270151495934,1.273566,12.72,3.9154152870178223,-0.580998,-0.455421243400399,0
0.83495706319809,0.4123319,0.288,-1.2063,0.0589,0.538,0.6422,0.561599731445,4.147698,24.4,5.223628520965576,-0.184324,0.810378485865848,0
0.971997439861298,0.83701074,0.76,0.8577,0.8451,0.739,0.8903,0.696666240692,3.955317,23.9,9.938162075239234,0.392269,0.678866705245639,0
0.455208764316454,0.5018408,0.574,0.3404,0.6298,0.515,0.1457,0.599196493626,4.544962,25.7,4.417738421589888,0.0482766,0.712950748567219,0
0.768820881843567,0.40399012,0.468,-0.8881,0.244,0.388,0.1295,0.275116801262,2.069103,17.07,2.98860377800529,-0.0861017,-0.0760243363972757,0
0.0320579125916113,0.081525385,0.561,-1.0041,0.0229,0.214,0.0669,0.226522356272,-1.168193,0.014,4.2923243045806885,-0.0820292,-1.11136353477783,0
0.110258611233663,0.091882795,0.197,-1.0452,0.1277,0.192,0.1256,0.307343184948,-0.133548,0.635,4.855818554871005,-0.370681,-1.30154170466067,0
0.518679857254028,0.24902803,0.503,0.5443,0.8655,0.363,0.1114,0.316935241222,2.776933,20.3,3.589575558900833,0.0395973,-0.176988701822753,0
0.543631970882416,0.2080864,0.432,-0.3499,0.4691,0.386,0.5918,0.375553667545,0.544392,5.913,2.191565609935375,-0.135714,-0.346570070053091,0
0.829933702945709,0.46067682,0.177,-0.8726,0.0055,0.314,0.0949,0.29843249917,1.644499,15.0,4.345080092549324,-0.364029,-0.186082702523617,0
0.0657994763365023,0.056049258,0.154,-1.0666,0.0755,0.162,0.0753,0.207289993763,0.286001,3.122,3.118364505345125,-0.393283,-1.44357350162799,0
0.136800784189952,0.13143685,0.392,-0.5827,0.323,0.404,0.0802,0.233952775598,1.271752,12.71,3.827869325876236,-0.195707,-0.708317811267971,0
0.886853396892548,0.57082796,0.58,0.2893,0.6343,0.587,0.2457,0.467379212379,3.356618,22.3,6.490977560601167,0.0171175,0.652392084718203,0
0.843103528022766,0.7913757,0.782,0.8614,0.9435,0.48,0.3084,0.367453068495,3.557789,22.9,4.466326564605519,0.224204,0.410615831549139,0
0.0400992780923843,0.067890674,0.387,-0.9125,0.0022,0.122,0.1273,0.208263456821,-0.874705,0.038,3.044883370399475,-0.352766,-1.59524802353594,0
0.0984978141413035,0.17717645,0.108,-0.8924,0.003,0.182,0.1458,0.224825322628,0.879991,9.061,3.2408577501773834,-0.492549,-0.768529696534575,0
0.897489488124847,0.818516,0.705,0.4191,0.7147,0.841,0.9754,0.493461698294,2.561962,19.26,10.291646840552858,0.281863,0.164094255452357,1
0.874694108963013,0.22619781,0.187,-1.1397,0.0196,0.288,0.2597,0.490790694952,2.878306,20.7,5.226898469030857,-0.355114,0.191747624277343,0
0.415644407272339,0.46809223,0.488,-0.1403,0.6118,0.405,0.6181,0.347403913736,2.866489,20.6,5.5080722848246575,-0.0701086,-0.673066994295172,0
0.011966414553424,0.119552016,0.162,-0.992,0.1133,0.177,0.0727,0.270465999842,-0.208301,0.471,2.2740497269828714,-0.320779,-1.07647001636939,0
0.704020917415619,0.21896464,0.167,-0.8987,0.0031,0.359,0.677,0.29010990262,3.168562,21.6,2.3795329332351685,-0.357689,-0.235369740393367,0
0.0711044331098747,0.08323872,0.188,-0.9114,0.0026,0.182,0.0965,0.246107369661,0.53401,5.809,4.713206640954405,-0.429391,-0.840797809689295,0
0.14856892824173,0.12930295,0.073,-0.9345,0.1502,0.272,0.1547,0.289673775434,0.454111,4.981,3.16892737987918,-0.392449,-0.828025502622806,0
0.13785308599472,0.17074728,0.173,-0.9164,0.004,0.306,0.2111,0.391735196114,1.620006,14.87,3.5305281994240185,-0.330194,-0.675448032636908,0
0.10950256227,0.07815814,0.273,-0.9633,0.1694,0.257,0.1385,0.264752954245,1.435117,13.79,3.1421028125128374,-0.238865,-0.867245330677476,0
0.492563635110855,0.28980088,0.459,-0.4471,0.5103,0.381,0.0992,0.283134222031,0.95395,9.804,4.24689685968135,-0.131907,-0.29707525972993,0
0.0646345764398575,0.13771883,0.301,-0.8871,0.0026,0.333,0.6026,0.277085721493,0.071746,1.409,2.7563502222723777,-0.463661,-1.14842272886553,0
0.121834670001204,0.17111313,0.354,-0.8726,0.1945,0.385,0.1142,0.254526913166,2.450868,18.78,3.543267815779936,-0.157672,-0.869874193132235,0
0.966668248176575,0.56771517,0.399,-0.3686,0.5725,0.445,0.1193,0.278753757477,3.391619,22.4,2.823762068835054,-0.0686773,0.14296347838993,0
0.627364814281464,0.36470425,0.565,0.1611,0.6871,0.522,0.0992,0.378528356552,2.70879,19.89,4.380804196000099,0.0474271,0.0381248702313502,0
0.634875776462786,0.26407775,0.108,-0.7144,0.1683,0.371,0.0695,0.431474208832,2.931442,20.9,6.656135589289822,-0.211539,0.313824958121842,0
0.696854889392853,0.64269423,0.503,-0.619,0.3392,0.434,0.1145,0.280771255493,0.577185,6.235,3.1578450390260544,0.124341,-0.550715690931662,0
0.143991388306669,0.27724868,0.239,-0.8947,0.0025,0.174,0.1087,0.27136990428,2.290204,18.08,3.4280067086219788,-0.32655,-0.517037987531583,0
0.948614239692688,0.7368992,0.599,0.4416,0.869,0.424,0.1132,0.288072377443,3.623864,23.1,4.845419372073453,0.178026,-0.0893536177160564,0
0.0691922683009102,0.05151415,0.24,-0.9266,0.2522,0.168,0.083,0.193224906921,0.776852,8.073,2.376010331449944,-0.316225,-0.696134055457504,0
0.177284583449364,0.11107409,0.174,-0.9435,0.0047,0.259,0.248,0.268839210272,1.160746,11.89,5.2631455081799245,-0.3464,-0.618889555710783,0
0.582234859466553,0.1978327,0.503,-0.7793,0.3374,0.277,0.1174,0.317583888769,-0.147462,0.6,3.252591406688518,-0.196288,-1.10103541348163,0
0.0220851981801236,0.04958895,0.416,-0.9452,0.0007,0.104,0.0474,0.246565848589,0.585607,6.317,3.502794727683068,-0.479806,-1.32106253059414,0
0.0882030804683868,0.14986843,0.076,-0.9004,0.0031,0.176,0.0901,0.218385517597,0.85943,8.858,3.5972565710544586,-0.513363,-0.766323143221529,0
0.284461468458176,0.14618072,0.391,-0.9211,0.224,0.357,0.0864,0.309875011444,2.772627,20.2,4.008353596716081,-0.0474635,-0.317199160466731,0
0.777369678020477,0.63718134,0.552,-0.2669,0.5379,0.559,0.1307,0.264169156551,1.992269,16.72,3.30050455858902,0.00627395,-0.0703282262107569,0
0.0358693990457864,0.09675813,0.541,-0.9064,0.289,0.268,0.0674,0.244560867548,-0.71771,0.068,3.2136959895981345,-0.173533,-1.021238016307,0
0.294059008359909,0.17438897,0.216,-0.8401,0.0027,0.158,0.0876,0.28603592515,2.080392,17.13,4.580924034118652,-0.358683,-0.272627275027519,0
0.167627483606339,0.22235823,0.234,-0.7407,0.3457,0.315,0.1209,0.239966750145,1.326847,13.09,3.962316615812927,-0.23167,-0.385734900945045,0
0.956666231155396,0.5422717,0.56,0.9201,0.9094,0.598,0.0969,0.354036033154,2.90105,20.7,4.787583619356155,0.211726,0.358339827771727,0
0.332509577274323,0.18536204,0.288,-0.9626,0.1893,0.378,0.0652,0.211289763451,0.062841,1.362,3.477669922530916,-0.285841,-1.25662793856186,0
0.303545266389847,0.09773496,0.226,-0.9181,0.0016,0.276,0.085,0.256526857615,0.767334,7.987,3.2471622844507864,-0.387704,-1.16314120957013,0
0.99527233839035,0.662814,0.247,-1.0623,0.0416,0.825,0.9701,0.588716745377,3.355356,22.3,4.896132829798838,-0.0275537,0.551304422724935,0
0.590237379074097,0.748515,0.705,0.6123,0.7321,0.612,0.1168,0.476139962673,4.479366,25.4,6.828299534855289,0.0903973,0.585245661293216,0
0.990944623947144,0.8826031,0.749,0.7857,0.8027,0.557,0.5579,0.48479872942,4.821397,26.9,4.711291311339608,0.182989,0.86544706940916,0
0.0157172000335502,0.12497398,0.257,-0.949,0.0027,0.329,0.0991,0.267844647169,0.902151,9.279,2.98335075378418,-0.362145,-0.768351545731497,0
0.811190783977509,0.25985545,0.138,-0.9694,0.008,0.377,0.1247,0.254467487335,1.480355,14.07,3.969772517681122,-0.283106,0.0042733174852488,0
0.077674208894842,0.20660862,0.542,-0.9809,0.1124,0.275,0.1317,0.238967016339,1.595595,14.73,4.140234720555202,-0.03794,-0.0057311393095605,0
0.929637610912323,0.2744314,0.357,-0.2109,0.5744,0.398,0.0946,0.314747095108,2.412154,18.61,4.149082444608212,-0.102151,-0.419511708891903,0
0.675596356391907,0.13906276,0.169,-0.9319,0.0016,0.295,0.0671,0.418232828379,0.851881,8.784,3.1877876343816616,-0.45787,-0.447123777941418,0
0.0439374260604382,0.07478827,0.24,-0.8764,0.0023,0.2,0.0746,0.247194290161,0.241895,2.672,2.997240453958512,-0.422398,-1.00807024763891,0
0.0484521045615194,0.2373614,0.557,-0.534,0.5375,0.299,0.1504,0.289750993252,0.454298,4.983,3.5295209288597107,-0.116167,-0.799888359866714,0
0.483783930540085,0.45554948,0.184,-1.0134,0.0083,0.493,0.1328,0.267464160919,2.949016,20.9,4.137524604797363,-0.233091,0.218332870664185,0
0.165007427334785,0.09955698,0.186,-0.9671,0.0023,0.187,0.1048,0.308721125126,1.87007,16.14,2.386225520047632,-0.417989,-0.390160620293191,0
0.0615767382325965,0.13562289,0.247,-0.9077,0.0017,0.243,0.0971,0.386274576187,0.310705,3.389,3.269038864653894,-0.431136,-1.11852003499717,0
0.732990205287933,0.28861937,0.13,-0.888,0.0022,0.342,0.162,0.388252794743,0.63352,6.772,3.3789632692933083,-0.477052,-0.92025633623746,0
0.992864608764648,0.80912757,0.76,1.0206,0.9106,0.733,0.1994,0.514876961708,4.193721,24.6,3.895243316888809,0.350613,0.774066537041133,0
0.972763895988464,0.649714,0.549,0.2169,0.5572,0.446,0.0941,0.342056453228,4.008483,24.1,3.952211566103638,0.0101719,0.616096459395023,0
0.963959276676178,0.1933687,0.401,-0.915,0.2459,0.324,0.0888,0.278390884399,-1.04898,0.021,1.2840689788237758,-0.254494,-1.92245259058938,0
0.115667118690325,0.27684218,0.602,0.0179,0.7122,0.27,0.0854,0.322981566191,0.778318,8.086,3.198139262648344,-0.063936,-0.7223741802601,0
0.0243518026010397,0.2329722,0.421,-0.3109,0.5755,0.233,0.093,0.290057241917,1.544755,14.45,5.083270952105522,-0.0884398,-0.710950180002609,0
0.0615441526200105,0.08279973,0.179,-1.0549,0.0866,0.155,0.0774,0.229947656393,-0.020099,0.991,3.772277792537856,-0.37744,-1.47955995868428,0
0.0321171618998051,0.19169924,0.21,-0.9414,0.0036,0.395,0.0871,0.267580926418,0.511359,5.58,5.002728406040338,-0.46846,-0.894681894570956,0
0.975638389587402,0.88767946,0.773,0.6687,0.776,0.663,0.4748,0.605620503426,4.245409,24.7,2.677963256835937,0.152129,0.59912798208147,1
0.0238361450541953,0.12258354,0.599,-0.5521,0.4946,0.33,0.0882,0.25563877821,0.696516,7.351,3.693570142399353,-0.0534453,-0.671269552680726,0
0.139882728457451,0.119947076,0.238,-0.8959,0.0019,0.369,0.7256,0.387948304415,2.492975,18.96,2.894248366355896,-0.31915,-0.517292261884715,0
0.0435161888599396,0.11792922,0.286,-0.8891,0.0026,0.168,0.0981,0.251668453217,0.790902,8.201,4.05315488576889,-0.377434,-0.780675422704694,0
0.746369302272797,0.77571946,0.723,0.1946,0.5732,0.726,0.1119,0.323391079903,2.878214,20.7,4.786644373199806,0.156912,0.478873096396279,0
0.941062331199646,0.9265717,0.846,0.8432,0.8401,0.866,0.7035,0.656833052635,4.474295,25.4,12.49828701231101,0.365188,0.884101418187054,0
0.372609868434294,0.120428175,0.376,-0.7139,0.2435,0.249,0.084,0.241849333048,2.323378,18.22,3.220349362692424,-0.190997,-0.568164746111907,0
0.184508115053177,0.29698044,0.496,-0.8217,0.3452,0.391,0.0794,0.233274772763,0.970258,9.983,3.027698571334003,-0.0988136,-0.727810920412363,0
0.970280230045319,0.61475086,0.589,-0.2055,0.5038,0.49,0.34,0.424249112606,3.608119,23.0,6.750375321848489,-0.00410127,0.302699441099873,0
0.335870504379272,0.1777322,0.371,-0.5196,0.4742,0.288,0.0888,0.219997823238,0.399047,4.379,4.526867836713791,-0.1998,-0.628939213395217,0
0.26522421836853,0.26255095,0.433,-0.8306,0.3004,0.368,0.7195,0.410014808178,1.932404,16.44,5.427436679601669,-0.0936973,-0.569059291215057,0
0.933302938938141,0.30931002,0.126,-0.9224,0.0054,0.373,0.1095,0.280637323856,2.723727,19.95,3.3761995569478604,-0.280876,0.152012513467236,0
0.0497761642805951,0.051448584,0.085,-0.9373,0.0013,0.392,0.0769,0.363900184631,1.41011,13.63,3.75200217962265,-0.618841,-1.06406997054789,0
0.0450283139944077,0.083447486,0.169,-1.0037,0.0578,0.384,0.0774,0.251174449921,-0.276702,0.359,5.783905825129952,-0.339025,-1.55716837482595,0
0.0481792228081171,0.02293858,0.242,-0.8818,0.0669,0.227,0.1843,0.203658297658,0.456155,5.003,2.6294394179807696,-0.374594,-1.53358940121914,0
0.0768022015690804,0.18337524,0.246,-0.9136,0.004,0.268,0.0921,0.369861662388,1.044371,10.83,3.5462034940719604,-0.388922,-0.670444989284462,0
0.994888961315155,0.9178299,0.85,0.7127,0.7902,0.666,0.522,0.441442251205,4.522313,25.6,7.003329008660243,0.376678,0.713768263309226,0
0.0983434903449544,0.09598863,0.104,-0.9892,0.0883,0.329,0.1058,0.251296132803,-1.101885,0.017,2.9054198310608115,-0.450531,-1.60313020140749,0
0.993391036987305,0.89615154,0.756,0.6585,0.7871,0.825,0.4875,0.420659810305,3.464273,22.6,12.050556812435389,0.255069,0.413681440891227,1
0.0795835182070732,0.14587277,0.269,-0.9064,0.1964,0.195,0.0869,0.25409501791,-0.632283,0.093,4.735428059028163,-0.311891,-1.06038826679586,0
0.941646635532379,0.63250685,0.585,0.5126,0.7243,0.641,0.9087,0.554490685463,4.701643,26.3,11.63619801402092,0.219427,0.916760563333138,0
0.117738362112426,0.16505659,0.294,-0.7495,0.2896,0.286,0.1323,0.241360366344,-0.643795,0.089,3.1217645309299864,-0.303487,-1.24188100804653,0
0.822334408760071,0.47445643,0.583,-0.2412,0.4218,0.397,0.2045,0.285335361958,2.262628,17.95,4.13572661926489,-0.0737591,-0.112647403061523,0
0.126349031925201,0.11134201,0.313,-0.901,0.0021,0.283,0.0764,0.236007452011,-0.288915,0.342,3.6103600870320007,-0.461827,-1.20399385235979,0
0.044681001944392,0.27492514,0.277,-0.8586,0.0038,0.419,0.0856,0.316601723433,0.503575,5.5,3.883300202183608,-0.305883,-0.934194857972146,0
0.361456215381622,0.14395761,0.246,-0.7352,0.2961,0.256,0.1044,0.391082823277,0.514895,5.616,3.8634608401288606,-0.236297,-0.842457412026711,0
0.809683501720428,0.6378591,0.51,0.3808,0.8761,0.444,0.1399,0.242352426052,2.162053,17.5,3.345236122608185,0.129245,-0.0447294058060028,0
0.0632335867445341,0.07487744,0.093,-0.9361,0.0006,0.097,0.2906,0.253552496433,-1.269534,0.01,2.617341890507126,-0.650576,-1.98425445088063,0
0.930677652359009,0.4108179,0.632,0.2184,0.8287,0.415,0.1164,0.394525527954,2.883238,20.7,7.317156091753359,0.0117093,0.369753404360532,0
0.523337006568909,0.14167017,0.445,-0.9869,0.1177,0.308,0.0876,0.229280546308,1.891153,16.24,3.914904549863498,-0.127253,-0.317690384062273,0
0.0581411148439566,0.07863152,0.052,-0.9465,0.0043,0.118,0.0743,0.260971724987,1.282837,12.79,3.96501699090004,-0.559469,-0.471339436362657,0
0.165755748748779,0.18110698,0.229,-0.9003,0.0025,0.307,0.1267,0.222449451685,1.511146,14.25,4.715325504541397,-0.414172,-0.720156031214799,0
0.0390223227441311,0.09878704,0.221,-0.9072,0.0019,0.211,0.1506,0.185505777597,-0.398933,0.223,2.790220856666565,-0.529414,-1.1776954502235,0
0.0186685318912589,0.11809206,0.31,-0.8664,0.3007,0.246,0.101,0.286296486855,0.156985,1.948,3.29095262020873,-0.268077,-0.833967255926064,0
0.109637439250946,0.15199816,0.153,-0.9295,0.0039,0.292,0.1419,0.228825420141,1.514394,14.27,3.415324211120605,-0.310071,-0.616032595564128,0
0.0302488775604022,0.2662719,0.279,-0.9593,0.1739,0.4,0.0885,0.237002238631,0.368716,4.039,4.771242288547066,-0.27024,-0.827690982594403,0
0.0271900014549107,0.034623653,0.148,-1.0166,0.0698,0.139,0.107,0.200085416436,-0.742789,0.062,3.4957790263402857,-0.404439,-1.4562947691736,0
0.937783122062683,0.43527395,0.663,0.2742,0.7837,0.416,0.094,0.341684788465,2.499777,18.99,7.3735758092786945,-0.019011,0.177550655383745,0
0.0300666962363379,0.09156975,0.082,-0.9006,0.0021,0.256,0.1415,0.312323331833,-0.835743,0.044,3.611858552967656,-0.568036,-1.3199593939835,0
0.989593625068665,0.94341385,0.89,1.0524,0.9183,0.828,0.8458,0.591552019119,4.658535,26.1,10.853458978505094,0.462928,0.855036444373514,0
0.190929561853409,0.13905105,0.18,-0.9595,0.1705,0.258,0.1294,0.206577211618,0.690275,7.294,3.990951492209419,-0.295347,-0.813352106748073,0
0.847248792648315,0.6298323,0.513,-0.1595,0.667,0.393,0.1481,0.239194720984,1.063696,11.03,3.2934122395694736,-0.0426594,0.0501232602996627,0
0.0648418942926107,0.13536605,0.424,-0.6105,0.3319,0.313,0.096,0.266966551542,0.177747,2.107,3.823748275637626,-0.174131,-1.18969743166226,0
0.123479321599007,0.13779882,0.548,-0.7435,0.3169,0.264,0.1447,0.214520052075,0.879317,9.054,3.2079113522586487,-0.12913,-1.03060607326437,0
0.977684676647186,0.5914024,0.55,0.2073,0.6108,0.585,0.8565,0.421108573675,3.562919,22.9,9.999757479759865,0.0556015,0.0189548713668265,0
0.0288600567942005,0.08258593,0.27,-0.9243,0.0017,0.219,0.0828,0.238752931356,0.5017,5.481,4.315366238355637,-0.432863,-1.18595787926558,0
0.792596638202667,0.21780947,0.157,-0.8103,0.0081,0.316,0.1151,0.320809960365,2.79897,20.3,3.788345038890839,-0.263408,0.0548217566276076,0
0.200453713536263,0.13346985,0.13,-0.8967,0.0034,0.326,0.1521,0.268849253654,-0.006769,1.044,3.382898271083832,-0.540687,-1.20059168289484,0
0.254975831419139,0.19235027,0.355,-0.452,0.4344,0.353,0.1461,0.236321777105,0.342865,3.748,2.9864447216271524,-0.174933,-0.50805134038495,0
0.426055312156677,0.12532577,0.512,-0.617,0.3633,0.376,0.1174,0.378441751003,1.624709,14.89,4.400149545818384,-0.148018,-0.713193100344584,0
0.890161037445068,0.68022597,0.413,-0.7052,0.3224,0.488,0.1617,0.296232938766,1.915581,16.36,6.121230567301846,-0.159773,-0.286850013979258,0
0.0347092486917973,0.13206303,0.553,-0.8274,0.2888,0.287,0.1041,0.338171750307,0.728452,7.639,3.98129772069182,-0.183523,-1.04501785456022,0
0.103629905700106,0.22384045,0.452,-0.7042,0.3715,0.389,0.0829,0.254273474216,0.557539,6.043,2.1660693074020023,-0.125838,-0.658247873095266,0
0.485215187072754,0.24840245,0.372,-0.4099,0.5068,0.325,0.0761,0.263599514961,2.508834,19.03,4.938397013580024,-0.129954,0.160021765601359,0
0.778576910495758,0.3474583,0.327,-0.8187,0.2317,0.419,0.0868,0.383927375078,1.104134,11.41,3.8449530058226538,-0.193521,-0.665101726746892,0
0.875829756259918,0.4685266,0.601,-0.3654,0.5563,0.333,0.1157,0.28956580162,2.309706,18.16,7.859896778609287,-0.0340287,0.0748594238885477,0
0.906229317188263,0.51392686,0.147,-1.1335,0.0192,0.392,0.305,0.397643923759,4.560521,25.7,5.692030998881036,-0.183233,0.70513919880552,0
0.0991878346047195,0.10049501,0.282,-0.9922,0.0027,0.135,0.1019,0.226704716682,-0.887232,0.037,2.935841381549835,-0.427227,-1.67462370722801,0
0.9982550740242,0.79171014,0.744,-0.0046,0.4766,0.703,0.391,0.496725738049,4.335492,25.0,9.724652251255025,0.223513,0.55082447817609,0
0.125704849246134,0.1705971,0.098,-1.0314,0.1032,0.208,0.0904,0.303233623505,1.174963,12.0,3.4387173595850014,-0.352219,-0.67645482347931,0
0.327385544776917,0.20790836,0.634,0.3533,0.8576,0.235,0.1485,0.349062979221,1.134196,11.67,3.948010325431824,0.16892,-0.613719982744496,0
0.831814229488373,0.46278322,0.131,-0.9635,0.0077,0.442,0.2267,0.337604045868,2.961341,21.0,4.046316484123898,-0.275522,0.261799352056719,0
0.902718961238861,0.50694036,0.397,0.2737,0.6581,0.498,0.1063,0.438800722361,3.739195,23.4,4.001423399498803,0.0637894,0.671774734751082,0
0.29478088571196,0.21153569,0.325,-0.7356,0.1877,0.482,0.105,0.490241080523,3.039314,21.2,2.8551496068162416,-0.180555,-0.459714650003888,0
0.559982895851135,0.25950164,0.44,-0.6513,0.2684,0.384,0.157,0.386985301971,2.525529,19.1,3.4213953035874,-0.0530134,-0.313630763018332,0
0.640497744083405,0.34212846,0.164,-1.0402,0.0071,0.329,0.0706,0.314555585384,2.360079,18.38,4.4644661247730255,-0.244487,0.117625442265852,0
0.59883713722229,0.34282625,0.591,0.5442,0.9067,0.518,0.1178,0.355408489704,2.711518,19.9,3.035650372505188,0.211715,-0.127318993253485,0
0.853542745113373,0.29251534,0.144,-1.0703,0.0129,0.403,0.2572,0.351306498051,4.161785,24.5,3.9488109842744223,-0.249066,0.597647564030573,0
0.320742929440837,0.25860298,0.198,-0.8896,0.003,0.263,0.12,0.23093226552,2.015925,16.83,2.573396384716034,-0.363277,-0.44841766337861,0
0.0995887219905853,0.20932826,0.56,-0.8369,0.2731,0.241,0.1787,0.255166649818,0.815178,8.429,5.625441489612191,-0.118002,-1.07686343295484,0
0.590091526508331,0.21923283,0.472,-0.5389,0.5125,0.384,0.0974,0.30542203784,1.401832,13.58,4.747345046101232,-0.0766002,-0.516212389807117,0
0.190551824986111,0.31703448,0.526,-0.327,0.5882,0.467,0.0943,0.248937278986,0.780913,8.11,2.241984802892389,-0.099096,-0.614853495571999,0
0.626055533112496,0.50816095,0.204,-0.8065,0.0029,0.487,0.1042,0.245006144047,1.114587,11.5,2.9326548917339488,-0.271142,-0.502276764955052,0
0.665056109428406,0.4993325,0.312,-0.7651,0.3148,0.31,0.1557,0.209205776453,0.927495,9.531,8.350097440183163,-0.259788,-0.877613165979565,0
0.0378411103528206,0.13563189,0.436,-0.7661,0.2878,0.383,0.0885,0.25778311491,0.621316,6.657,2.8644835352897644,-0.135085,-0.854166551851662,0
0.0571108870208263,0.10635269,0.308,-0.8975,0.0024,0.171,0.0911,0.234366595745,0.187487,2.185,3.623004734516144,-0.44623,-1.32814467896839,0
0.336618840694427,0.32211494,0.464,-0.6137,0.3746,0.368,0.0941,0.28550696373,1.948916,16.51,3.851942703127861,-0.0769918,0.0293431467850334,0
0.0722625624951722,0.17828369,0.243,-0.9153,0.1819,0.323,0.0966,0.230765908957,0.36139,3.957,3.378501619894826,-0.328225,-0.750592972714359,0
0.986010193824768,0.48243225,0.658,0.5552,0.7099,0.41,0.1813,0.359577089548,3.892924,23.8,6.900121752908665,0.0434585,0.609040959643478,0
0.439582824707031,0.23589247,0.364,-0.4876,0.3883,0.294,0.0747,0.297043919563,1.206581,12.24,4.948746712483929,-0.171859,-0.105241111434043,0
0.873229026794434,0.6791728,0.608,-0.0356,0.5143,0.581,0.1592,0.611074388027,2.678338,19.76,8.711079825487124,0.0897689,0.42073738598497,0
0.993550777435303,0.89173055,0.661,0.052,0.5443,0.633,0.3205,0.439640283585,4.129691,24.4,7.848710027407814,0.143255,0.839022496609134,0
0.0183390921619882,0.085035205,0.331,-0.919,0.0015,0.249,0.2039,0.237890094519,0.240988,2.663,4.55383995818614,-0.548497,-1.09472604168346,0
0.992098808288574,0.5527138,0.678,0.8003,0.8076,0.468,0.1544,0.366348475218,3.653057,23.2,7.230308180130659,0.113754,0.329240234039388,0
0.147652521729469,0.2033788,0.282,-0.9441,0.1965,0.346,0.0863,0.292502701283,0.74966,7.829,3.338280545362516,-0.227283,-1.02946073806786,0
0.235206628335384,0.18989912,0.149,-0.9064,0.0028,0.436,0.1947,0.325233250856,1.318086,13.03,3.1741524040699005,-0.299693,-0.670217097518302,0
0.0357613983320287,0.018969208,0.518,-0.3271,0.4566,0.215,0.0627,0.217685744166,0.623256,6.676,3.39327274082609,0.000304593,-1.51456275923089,0
0.620010375976562,0.28728455,0.099,-1.0642,0.0184,0.363,0.1543,0.302361607552,1.941712,16.48,4.101623475551605,-0.280773,-0.126062046060944,0
0.608919680118561,0.42801183,0.158,-0.9347,0.1779,0.493,0.11,0.301039874554,0.897654,9.235,5.660311825395826,-0.204064,-0.0616641683042375,0
0.9970663189888,0.7562519,0.777,-0.0006,0.4813,0.724,0.8744,0.567994356155,3.736196,23.4,8.404466327927937,0.247999,0.591608354325512,0
0.400724947452545,0.2387825,0.228,-0.9305,0.0031,0.383,0.1144,0.30715161562,0.786522,8.161,3.440628351861581,-0.316623,-0.893916223911847,0
0.993728280067444,0.8468596,0.867,0.8128,0.8209,0.634,0.76,0.538391232491,4.504276,25.5,15.660942045971751,0.414951,0.683356881760826,1
0.0282780141935587,0.0523524,0.546,-0.8346,0.2843,0.296,0.1039,0.225760102272,-1.55889,0.004,2.4372749372033606,-0.214125,-1.19473720389708,0
0.886980354785919,0.45326573,0.171,-0.8831,0.0043,0.455,0.0948,0.260209858418,2.086394,17.15,4.291948131192616,-0.207622,0.131979237227551,0
0.0303468581112797,0.11430049,0.165,-0.8714,0.0032,0.155,0.0856,0.281823515892,0.074313,1.423,4.174277901649475,-0.419917,-0.892182996723837,0
0.74702250957489,0.6196353,0.498,-0.0856,0.4222,0.456,0.0986,0.298974305391,3.162566,21.6,4.503450008493393,-0.0845894,0.290322932492081,0
0.274635553359985,0.2220014,0.536,-0.9823,0.1319,0.408,0.085,0.252411812544,2.64104,19.61,3.701843013486324,0.0584301,-0.102942641099677,0
0.164720475673676,0.085386395,0.069,-1.0559,0.0737,0.095,0.0927,0.304136365652,1.48774,14.11,4.327022336423397,-0.385175,-0.495859777745791,0
0.191436097025871,0.34417605,0.547,-0.4787,0.4611,0.432,0.0782,0.252509713173,2.048032,16.98,4.136922326862699,-0.055301,-0.543995661508175,0
0.275656700134277,0.22273475,0.503,-0.7171,0.3347,0.316,0.0691,0.257472962141,0.536107,5.83,3.94772987709949,-0.201371,-0.642375070354821,0
0.157802581787109,0.2388731,0.575,0.2803,0.8081,0.277,0.2824,0.274204969406,0.118128,1.681,2.19639505426748,0.00904673,-0.74333528395045,0
0.339837908744812,0.29082566,0.416,-0.8448,0.181,0.392,0.1805,0.30097836256,1.720024,15.4,4.404471479946504,-0.124708,-0.655336878246744,0
0.0917323379043164,0.18097994,0.29,-0.8468,0.243,0.315,0.1046,0.265367984772,0.560779,6.075,3.2740319598751944,-0.150753,-0.665673782607915,0
0.907716572284698,0.901076,0.808,1.087,0.9718,0.45,0.1981,0.442291140556,4.399616,25.2,5.34007616341114,0.307076,0.655872117401247,0
0.834759163199333,0.49414086,0.506,0.7243,0.9267,0.395,0.0967,0.347320914268,2.89964,20.7,3.731715276657079,0.219357,0.344572047989687,0
0.787389814853668,0.27705735,0.167,-0.8976,0.003,0.28,0.0986,0.273088216782,1.222808,12.36,3.317658609298325,-0.33228,-0.639518124185938,0
0.027893403545022,0.10022217,0.171,-0.8958,0.0023,0.265,0.1652,0.272547572851,1.037868,10.76,1.923436164855957,-0.20123,-0.687017293604643,0
0.0190045436837748,0.084911585,0.258,-1.0248,0.1489,0.223,0.0824,0.253958851099,0.598059,6.437,4.557414932087413,-0.327715,-1.35588993952414,0
0.851844966411591,0.33014923,0.502,0.9746,0.9209,0.388,0.1138,0.258482277393,2.723602,19.95,3.055410504341125,0.182433,0.161332878288382,0
0.133278608479525,0.15822202,0.503,-0.432,0.4616,0.371,0.0768,0.235123559833,1.265415,12.67,3.208772518243678,-0.108358,-0.574222662689517,0
0.853877366869567,0.6899917,0.705,0.0246,0.7552,0.535,0.2363,0.25380885601,3.154228,21.6,7.142391421411254,0.0705646,0.409952916089022,0
0.0179071538150311,0.087861866,0.215,-0.9136,0.0032,0.272,0.0834,0.270160496235,0.710959,7.482,3.973582088947296,-0.345939,-1.05863068108816,0
0.0661826335324933,0.08789727,0.544,-0.6871,0.3759,0.034,0.0826,0.264063388109,0.69714,7.357,2.5374391973018646,0.0557365,-0.943266774375672,0
0.994123518466949,0.8964064,0.852,0.9494,0.8853,0.721,0.815,0.453542649746,4.774478,26.7,11.67487282678485,0.490456,0.71251690630511,1
0.515564858913422,0.36394373,0.43,-0.3479,0.5206,0.411,0.0946,0.245115071535,2.033926,16.91,5.435698452064872,-0.0950337,-0.417920451469681,0
0.859425008296967,0.3157166,0.15,-1.0124,0.0101,0.38,0.159,0.255859225988,2.254597,17.92,6.201952859759331,-0.241699,0.258840299529115,0
0.991145193576813,0.8526072,0.874,1.198,0.9136,0.603,0.2063,0.438671469688,4.264609,24.8,4.503148947862206,0.390948,0.713336612403888,0
0.408057133512719,0.30678746,0.149,-0.8654,0.003,0.374,0.1263,0.325679242611,2.678574,19.76,4.17403026986202,-0.27345,-0.095434065345953,0
0.970161736011505,0.7615564,0.521,0.4104,0.62,0.608,0.1388,0.407930016518,2.673931,19.74,4.346964069051038,0.00798917,0.403848784764692,0
0.936284065246582,0.7642192,0.406,0.1651,0.5538,0.562,0.9714,0.482502579689,4.721132,26.4,12.012982901185753,0.107861,0.833757170653567,0
0.421182692050934,0.16251954,0.135,-0.9225,0.0031,0.311,0.0874,0.314113199711,0.771173,8.022,4.951778403570723,-0.415845,-0.749844735620821,0
0.987323582172394,0.89283156,0.884,0.8045,0.8193,0.924,0.9885,0.846383094788,4.514188,25.6,16.28766730785719,0.389329,0.85500749403343,1
0.0944004047651116,0.17960346,0.225,-0.8693,0.0038,0.303,0.1248,0.220244571567,1.684431,15.21,4.422793060541153,-0.340552,-0.574978305482016,0
0.579182916204305,0.2498995,0.563,0.4941,0.8975,0.319,0.1281,0.353896796703,1.109041,11.46,4.830226182937622,0.12155,-0.181364336806315,0
0.0830217040158936,0.06258437,0.268,-0.9325,0.0018,0.241,0.0733,0.263189792633,0.31662,3.455,4.456927642226219,-0.450757,-0.837411652570325,0
0.733810484409332,0.3455093,0.164,-0.9001,0.0038,0.419,0.0933,0.39649900794,2.942676,20.9,4.09351247549057,-0.210519,0.0404342149604805,0
0.0743861050814448,0.19603947,0.149,-0.9401,0.004,0.337,0.0757,0.233100384474,0.689959,7.291,2.9615893453631448,-0.412647,-0.605368118918522,0
0.0409237481591215,0.1593898,0.075,-0.9225,0.0025,0.195,0.0698,0.292876064777,0.57603,6.224,5.010678617700301,-0.540702,-1.03561903501881,0
0.917025804519653,0.40992138,0.539,-0.1388,0.5361,0.454,0.1052,0.400766909122,3.215087,21.8,1.0749030493591707,-0.0184544,0.423549491697749,0
0.0247261476001207,0.08604017,0.319,-0.1755,0.7128,0.302,0.0745,0.224818319082,0.246408,2.716,2.5591427980277146,-0.0930962,-1.02983951580977,0
0.962715804576874,0.8856762,0.75,0.9519,0.8916,0.732,0.6595,0.533696532249,4.496411,25.5,7.0998868457973,0.481856,0.748730053669235,1
0.0289550006912455,0.10350853,0.108,-0.9003,0.002,0.313,0.0783,0.353549361229,-0.244965,0.407,3.3094669722100583,-0.555243,-1.03762476259988,0
0.0895365296424295,0.3721232,0.252,-0.8724,0.0049,0.294,0.2072,0.314281255007,0.775953,8.065,3.7027186875980136,-0.319675,-0.578378794856004,0
0.066653633908789,0.07978469,0.313,-0.7042,0.3584,0.247,0.0831,0.219863802195,1.257707,12.61,3.907104298472405,-0.237071,-0.821171967203085,0
0.817441046237946,0.7208674,0.238,-0.942,0.007,0.59,0.1591,0.300594329834,2.108215,17.25,5.380782142281532,-0.0990807,-0.151850507689841,0
0.343198597431183,0.1785428,0.193,-0.8362,0.0023,0.382,0.1026,0.241229355335,0.909547,9.352,4.38202460029545,-0.383274,-0.625252130566172,0
0.549487933326789,0.3631375,0.55,0.2767,0.9019,0.485,0.0904,0.315450251102,2.989244,21.1,4.526303073209901,0.0770926,-0.171448735021979,0
0.987012207508087,0.79905975,0.622,0.2574,0.776,0.538,0.1712,0.394727021456,4.012928,24.1,6.7396856802081695,0.0327248,0.249476656257192,0
0.974965155124664,0.56499755,0.38,-0.0945,0.4413,0.515,0.1619,0.42691591382,4.788956,26.8,4.084653408684657,0.00496551,0.832112519404393,0
0.087185837328434,0.16632086,0.213,-0.9021,0.0015,0.24,0.1141,0.248548686504,0.035004,1.225,4.250577504990938,-0.545699,-1.13824616706859,0
0.113853238523006,0.25777945,0.34,-0.9889,0.1712,0.257,0.0849,0.258606672287,0.283575,3.096,3.9199884809719743,-0.268421,-0.877856716858175,0
0.675217270851135,0.30871183,0.142,-0.8295,0.0023,0.416,0.1889,0.237595498562,1.74099,15.5,3.380708373668224,-0.415614,-0.697257207091163,0
0.0424734685883331,0.07750201,0.165,-0.921,0.0022,0.139,0.0756,0.275129109621,-0.235606,0.422,3.8999203145504,-0.379202,-1.12653981574135,0
0.270472340771593,0.464698,0.524,0.1563,0.8687,0.63,0.1885,0.244435578585,2.155214,17.47,5.58833189565398,0.167419,-0.672916463046618,0
0.96951812505722,0.52285653,0.456,0.2258,0.7848,0.439,0.1513,0.41585406661,4.30624,24.9,3.413846671656536,0.0198174,0.498174132258941,0
0.0238371781176695,0.13919535,0.186,-0.9115,0.0024,0.231,0.1544,0.30965167284,0.076692,1.436,4.564490169286728,-0.370532,-0.765715374689007,0
0.080291437958727,0.18875891,0.569,0.4412,0.8808,0.407,0.0802,0.226559191942,0.795607,8.245,3.4987694323062897,0.146173,-0.427706612361702,0
0.333950674952557,0.40919787,0.512,-0.1808,0.6343,0.381,0.0713,0.236384361982,1.733752,15.47,3.884285910501199,-0.0873319,-0.31335546013885,0
0.663986027240753,0.35946968,0.528,-0.3842,0.5415,0.389,0.071,0.276177346706,1.376649,13.42,3.695289216041899,-0.0735128,-0.419056771137881,0
0.21601277589798,0.19648385,0.151,-1.0001,0.1542,0.272,0.0724,0.27363345027,0.123302,1.715,2.5638820911245945,-0.345989,-0.867084561658809,0
0.015552369877696,0.07720423,0.266,-1.0196,0.1541,0.252,0.0902,0.238300561905,-0.780144,0.054,2.777443111027184,-0.382429,-1.26896706776258,0
0.0230794258912753,0.062838346,0.368,-0.9079,0.0013,0.128,0.0623,0.211328655481,-0.487373,0.159,4.331354290246964,-0.547513,-1.61953875677822,0
0.040677685290575,0.20146543,0.5,-1.0509,0.0424,0.279,0.1047,0.229731559753,-0.009368,1.033,2.82751897488113,-0.208246,-1.22343238353152,0
0.991047918796539,0.59640795,0.481,-0.3063,0.5874,0.552,0.1095,0.317430913448,3.038088,21.2,2.590490044538034,-0.00521039,-0.0935248879069772,0
0.777235113200501,0.36719656,0.504,-0.3902,0.4399,0.436,0.1817,0.312945842743,3.576106,22.9,5.322915615980913,-0.0483693,0.163521189419958,0
0.0549450682012697,0.020783544,0.577,-0.3541,0.3686,0.274,0.0624,0.249202698469,-0.6828,0.077,3.389953583478928,-0.0521728,-1.59171752433047,0
0.0513389445841312,0.10289112,0.263,-0.9015,0.0025,0.316,0.0759,0.294045746326,1.564853,14.56,3.284338742494583,-0.348006,-0.985781966998502,0
0.0629182307553916,0.20448497,0.622,-0.0084,0.7425,0.252,0.0718,0.250195622444,0.138181,1.814,3.176659643650055,-0.06742,-0.594703313991324,0
0.954367637634277,0.5031097,0.588,-0.1225,0.7001,0.388,0.1033,0.408909738064,2.372217,18.44,4.105943687260151,-0.16269,-0.181364561478873,0
0.775232017040253,0.2437312,0.343,-0.8921,0.2459,0.369,0.2106,0.284544765949,1.089311,11.28,-0.9722912346257492,-0.135744,-0.415511100359639,0
0.816567778587341,0.35025206,0.156,-0.8701,0.2291,0.416,0.1365,0.241985455155,2.559656,19.25,4.097173232633465,-0.308051,0.0858325459556318,0
0.389254540205002,0.54471296,0.436,-0.9236,0.2047,0.451,0.0925,0.304382652044,0.950564,9.768,3.7830198464740215,-0.0821709,-0.524654367351995,0
0.806904971599579,0.3338188,0.161,-0.9786,0.0054,0.39,0.1546,0.254118084908,2.434269,18.71,4.368318307593475,-0.328556,-0.469667322235848,0
0.0530018620193005,0.11217916,0.229,-1.0577,0.0445,0.244,0.1069,0.255073487759,-1.382058,0.007,1.5385243554278776,-0.507096,-1.64130898018137,0
0.961897492408752,0.6651167,0.63,0.5091,0.8983,0.5,0.1533,0.294102519751,2.729478,19.97,5.003963350842551,0.15274,0.273252954218967,0
0.128496416634588,0.2436539,0.249,-0.8822,0.1979,0.29,0.1589,0.25552290678,0.336004,3.671,5.429810163519928,-0.315046,-0.90753376992845,0
0.0847224071621895,0.17857045,0.296,-0.939,0.2229,0.264,0.5597,0.31498003006,0.255673,2.808,2.7012829317452445,-0.260554,-1.09025853700884,0
0.988438427448273,0.88102853,0.714,0.214,0.5774,0.713,0.9144,0.44909209013,4.331271,25.0,7.567311935126781,0.319736,0.623930192234163,1
0.0177904367446899,0.15465537,0.269,-0.9185,0.0023,0.224,0.1239,0.195361092687,-0.157105,0.578,2.281574450576624,-0.511808,-1.17439138344339,0
0.998844385147095,0.94605005,0.855,0.6082,0.7158,0.843,0.6065,0.555428028107,4.327249,24.9,4.470965802385478,0.213679,0.78940942426188,0
0.0206419005990028,0.11227447,0.301,-0.9034,0.0026,0.194,0.0756,0.274694144726,0.173259,2.072,2.956654191017151,-0.317239,-0.903077814911296,0
0.828753471374512,0.41021413,0.475,-0.8619,0.2662,0.271,0.1411,0.243831887841,1.402209,13.58,4.679022888964245,-0.178883,-0.0967364905577408,0
0.22869248688221,0.2998192,0.18,-0.8738,0.0033,0.287,0.1962,0.287378281355,1.621822,14.88,4.080454468727112,-0.32707,-0.665608494502409,0
0.151950896978791,0.64690614,0.196,-0.8978,0.0028,0.629,0.1182,0.384511828423,1.120267,11.55,2.49992299079895,-0.285111,-0.57465725883508,0
0.989993035793304,0.7385942,0.489,0.0978,0.5637,0.704,0.2106,0.447098135948,4.07819,24.2,6.428195476531982,0.051088,0.593639440864942,0
0.890495479106903,0.2770647,0.113,-1.0006,0.0057,0.48,0.1473,0.530802845955,3.033367,21.2,5.505559639957403,-0.365454,-0.180824959615731,0
0.0484322346746922,0.12990633,0.226,-0.9007,0.0023,0.355,0.1467,0.251951277256,2.236308,17.83,4.194157660007477,-0.428922,-0.819216004398606,0
0.144214168190956,0.11800018,0.069,-0.9116,0.0021,0.198,0.0912,0.276491641998,-0.727656,0.065,5.105631733613459,-0.576487,-1.47524193734942,0
0.0214661157684883,0.0520567,0.112,-0.962,0.0774,0.172,0.0734,0.234683573246,-1.29945,0.009,3.5966659675783017,-0.448586,-1.80886738914306,0
0.0291989901349889,0.09880039,0.526,-0.8404,0.2338,0.284,0.1012,0.224292367697,0.125268,1.728,3.339089332113394,-0.238593,-1.21575603025094,0
0.137859687209129,0.18240547,0.119,-0.9103,0.0029,0.161,0.1122,0.274987518787,-0.328742,0.292,3.937109582294488,-0.559988,-1.02570373086889,0
0.592575967311859,0.24338883,0.178,-0.8119,0.0036,0.348,0.2227,0.288019806147,1.708905,15.34,4.804231584072113,-0.305207,-0.214494137945124,0
0.121217668056488,0.12726784,0.121,-0.9349,0.0045,0.362,0.21,0.352020859718,1.290301,12.84,2.932877134704893,-0.453472,-0.799736995943596,0
0.602927972240272,0.461318,0.178,-0.9392,0.0047,0.473,0.0856,0.278605103493,2.126822,17.34,2.9522297382354736,-0.302481,-0.206132546872849,0
0.0807947892200476,0.18081734,0.338,-0.8653,0.0011,0.281,0.1212,0.211947411299,0.182331,2.143,2.995489484269151,-0.478739,-1.66981363285636,0
0.0212911122699247,0.033639938,0.051,-0.947,0.0009,0.112,0.0749,0.210592061281,-0.046008,0.896,3.4675031642441194,-0.647792,-1.36416936007585,0
0.98117983341217,0.9333557,0.91,1.0882,0.9468,0.747,0.8573,0.491988986731,4.361728,25.0,8.277906122768483,0.431288,0.718646941667385,0
0.536589503288269,0.30624837,0.637,-0.2814,0.5426,0.433,0.1143,0.235561624169,0.205109,2.334,3.270182315544046,-0.0561403,-0.66449467015805,0
0.887669503688812,0.38840723,0.617,0.7379,0.8148,0.42,0.1079,0.371800780296,3.353367,22.3,4.325527027249336,0.0732245,0.366407588175786,0
0.518692791461945,0.27236938,0.547,-0.8392,0.2146,0.468,0.1388,0.25130969286,2.150813,17.45,3.764367312192917,0.102041,-0.526802148592597,0
0.154644250869751,0.18852821,0.39,-0.8454,0.31,0.271,0.1599,0.178889468312,0.537223,5.841,2.906423264347967,-0.245463,-1.02229297072998,0
0.997287273406982,0.8641197,0.801,0.8709,0.8728,0.692,0.7755,0.628068089485,4.883433,27.2,11.081306145083635,0.400859,0.834545859697536,0
0.0238680087895902,0.014928579,0.298,-0.9724,0.0103,0.207,0.0445,0.23949739337,0.924754,9.503,3.8121571008868487,-0.463504,-1.36068466628822,0
0.414305763994141,0.30736828,0.174,-0.9522,0.0043,0.502,0.0957,0.287815004587,2.140643,17.4,4.838649190962315,-0.265608,-0.582778460439741,0
0.0607482482857768,0.15661708,0.502,-0.5627,0.4268,0.161,0.0762,0.2201846838,0.062562,1.361,3.699963420629501,-0.16112,-1.09530659479291,0
0.196173906326294,0.15100527,0.215,-0.9451,0.0037,0.138,0.0827,0.246068477631,0.293476,3.202,3.934175491333008,-0.348668,-0.747300359694945,0
0.552185895115929,0.345481,0.143,-1.0495,0.0101,0.322,0.127,0.351174116135,3.186377,21.7,4.417153000831604,-0.337647,0.311209351634796,0
0.0378555634890143,0.20163423,0.253,-0.8851,0.0033,0.371,0.1156,0.19527079165,0.002169,1.08,2.155025008481099,-0.360837,-0.867121469528377,0
0.929459571838379,0.95867956,0.618,0.3653,0.7001,0.515,0.2318,0.400638282299,3.844402,23.6,9.64756214431858,0.110232,0.539797077022956,0
0.581414461135864,0.8276167,0.758,0.9622,0.8748,0.888,0.2968,0.555334568024,4.274112,24.8,10.978093749896113,0.0706355,0.962392694908136,1
0.420843607902426,0.2498607,0.537,-0.7734,0.2592,0.357,0.1123,0.225409239531,2.043468,16.95,3.576707571744919,0.0408663,-0.477572214661278,0
0.076857764250714,0.11503306,0.344,-0.5875,0.4499,0.264,0.11,0.222277134657,0.530179,5.771,2.7687896351147865,-0.185112,-1.57373578427688,0
0.992563545703888,0.84803665,0.621,0.1857,0.5525,0.797,0.7371,0.555267393589,4.588033,25.8,11.895885888926754,0.331297,0.628928256140772,1
0.940155267715454,0.37610823,0.163,-0.9794,0.0053,0.43,0.1595,0.309009969234,2.74244,20.1,3.042972650014154,-0.24192,0.235769650443339,0
0.030905649295387,0.0862557,0.331,-0.8806,0.0024,0.214,0.0714,0.276848256588,-0.628198,0.094,3.405839312359046,-0.538665,-1.14512529229811,0
0.502855902066097,0.4216922,0.593,0.7195,0.765,0.491,0.5674,0.485008865595,3.905821,23.8,7.344367384910583,0.0476319,0.421143826145692,0
0.107910543841679,0.14289367,0.398,-0.8519,0.2742,0.256,0.0726,0.209177657962,-1.933326,0.002,2.8769773150066813,-0.296503,-1.97570156096957,0
0.951896727085114,0.33258474,0.341,-0.1524,0.6237,0.305,0.0964,0.253196269274,2.714949,19.91,3.760580226778984,-0.0880746,-0.019008800900033,0
0.473947763442993,0.2452091,0.522,-0.4727,0.409,0.431,0.0876,0.269142508507,1.879339,16.18,2.6944500207901,-0.0432663,-0.123299661071324,0
0.960718989372253,0.6676076,0.44,-0.4329,0.5102,0.468,0.1148,0.329019159079,1.487284,14.11,5.159738212751456,-0.0772868,-0.153291618704264,0
0.807624484706985,0.64260244,0.32,-0.8285,0.2357,0.562,0.3069,0.301793754101,2.396017,18.54,9.950349356878814,-0.0858758,0.242038128992222,0
0.274970203638077,0.22203666,0.447,-0.4785,0.4286,0.507,0.1272,0.303049325943,1.825,15.92,3.462631195783615,-0.0505701,-0.590916811925719,0
0.0347280465066433,0.047246724,0.209,-0.9274,0.0017,0.179,0.0834,0.313221871853,-0.070915,0.813,3.0925453889025123,-0.489809,-1.21476931462738,0
0.251249539916893,0.17092773,0.427,-0.6681,0.5116,0.401,0.0779,0.256292670965,1.561027,14.54,4.919244444411241,-0.200733,-0.253412198218123,0
0.0363892801105976,0.086435646,0.422,-0.9343,0.0017,0.072,0.0514,0.275893867016,-0.419414,0.206,4.372748523950577,-0.445553,-1.40914782896317,0
0.0451956474662347,0.08645663,0.124,-1.0245,0.0837,0.169,0.0889,0.286867201328,-0.449749,0.183,4.069986736785214,-0.40834,-1.26097559458874,0
0.061856863399814,0.08020449,0.22,-0.877,0.003,0.311,0.0804,0.319558531046,0.085335,1.484,3.81934963382333,-0.538574,-1.98437425683488,0
0.967697083950043,0.8605713,0.746,0.2607,0.5878,0.911,0.9347,0.744426310062,3.849906,23.7,16.171453374947305,0.336293,0.673448667409553,1
0.0337237007915974,0.051817,0.267,-0.8748,0.2636,0.119,0.058,0.184687227011,-1.364536,0.007,1.4883808695909817,-0.354558,-1.95545898753936,0
0.920671701431274,0.24526426,0.221,-0.9617,0.1486,0.372,0.1463,0.406794607639,1.803753,15.82,3.939200669821434,-0.272634,-0.261750421428436,0
0.127263094304864,0.12174365,0.372,-0.7965,0.3049,0.311,0.0849,0.195025593042,-0.018571,0.997,2.1769411241731147,-0.261762,-1.0765737944663,0
0.0366246215999126,0.055425495,0.151,-0.9381,0.0009,0.192,0.0864,0.239886164665,-0.012122,1.022,3.2049294238587964,-0.510718,-1.08128831715433,0
0.0888208150863647,0.17098194,0.255,-0.895,0.0027,0.353,0.0963,0.223483324051,0.559511,6.062,2.761399115103996,-0.460411,-0.79502900515225,0
0.0382626487961215,0.041923672,0.427,-0.9974,0.0199,0.229,0.0702,0.240945726633,0.391745,4.298,2.4906889136257924,-0.244238,-1.00185675029357,0
0.0057347589953121,0.0071460307,0.204,-0.9308,0.0015,0.234,0.0728,0.195548444986,0.360109,3.942,3.705079805954491,-0.496642,-1.37192376492635,0
0.307815074920654,0.31254482,0.49,-0.6879,0.3188,0.464,0.1196,0.273102879524,0.256021,2.811,3.021157542983196,-0.195088,-1.31731774662256,0
0.925259828567505,0.5601378,0.533,-0.101,0.6328,0.557,0.1801,0.349409341812,3.742618,23.4,4.953808694773309,0.0571143,0.47938417347833,0
0.97865504026413,0.35703945,0.14,-1.1697,0.0559,0.45,0.2893,0.461083650589,3.339874,22.2,4.366686595454529,-0.17856,0.719534964811866,0
0.0574668385375666,0.11437172,0.438,-0.9012,0.2552,0.226,0.0862,0.251130878925,-0.198471,0.489,2.5207259358883323,-0.242653,-1.15674733695057,0
0.996948540210724,0.6387932,0.633,0.5345,0.7039,0.5,0.633,0.497290015221,3.871199,23.7,6.439451979115476,0.117475,0.633384905109756,0
0.988636314868927,0.942364,0.864,0.658,0.7536,0.805,0.9493,0.493104815483,4.579251,25.8,13.184472315013409,0.38045,0.814797853726747,1
0.0391108328441752,0.079749376,0.12,-0.9438,0.001,0.107,0.101,0.19378477335,-0.734278,0.064,1.9657568001218333,-0.562051,-1.1362689443262,0
0.945671021938324,0.34310845,0.105,-0.9043,0.0048,0.485,0.1161,0.514805793762,3.217884,21.8,2.702895164489746,-0.387828,0.286529106352446,0
0.637202680110931,0.7674465,0.521,-0.1047,0.6496,0.529,0.0835,0.27498871088,1.97374,16.63,3.072785130680968,-0.000503193,-0.413193679296225,0
0.156104773283005,0.18855014,0.215,-0.9043,0.0023,0.273,0.0708,0.274045199156,0.792072,8.212,3.945560377044015,-0.35522,-0.932402701783537,0
0.0372537560760975,0.10638943,0.204,-0.8379,0.318,0.193,0.074,0.196402966976,0.569498,6.16,4.337290142159962,-0.3231,-1.02735775362167,0
0.0258477667524965,0.12539598,0.373,-0.8938,0.2343,0.287,0.0662,0.300431847572,-0.033696,0.94,4.303768441081047,-0.254225,-1.17293893070173,0
0.93937075138092,0.44950488,0.244,-1.0911,0.0272,0.485,0.9622,0.617532491684,3.178162,21.7,2.560735942569094,-0.059889,0.396243611318619,0
0.9327592253685,0.30675277,0.092,-0.9422,0.0058,0.388,0.1537,0.265101850033,3.519622,22.8,4.302397131790692,-0.279487,0.0617949135978846,0
0.992640018463135,0.9557445,0.896,0.9201,0.853,0.926,0.9718,0.784619569778,4.742908,26.5,12.553085862755646,0.415944,0.923031302324865,1
0.129338324069977,0.11975187,0.054,-1.0396,0.0806,0.311,0.1098,0.328367441893,0.453313,4.973,3.367327970091732,-0.439761,-0.726357478926441,0
0.0298833710490975,0.0923228,0.087,-0.9084,0.0018,0.197,0.0943,0.226193726063,-0.282433,0.351,3.42827707028494,-0.554396,-1.4528904099897,0
0.990553438663483,0.65365666,0.588,0.4646,0.582,0.439,0.2563,0.325568079948,4.049744,24.2,8.515427797055283,0.0570587,0.460473179134546,0
0.175957784056664,0.13873363,0.634,-0.9789,0.0947,0.33,0.0897,0.273586004972,0.380366,4.17,4.26214195861369,-0.129269,-0.595874255552308,0
0.987303793430328,0.8892776,0.819,1.0524,0.9234,0.568,0.2933,0.323512107134,3.212873,21.8,4.162759184837341,0.286727,0.686605582732535,0
0.125584319233894,0.18916422,0.164,-0.9083,0.0032,0.406,0.0758,0.310927480459,1.270005,12.7,3.957412537153148,-0.325653,-0.759382513956739,0
0.279297083616257,0.12586275,0.24,-0.9069,0.0017,0.32,0.0895,0.230433568358,0.370292,4.057,3.6121836199406734,-0.43227,-1.04414429346051,0
0.148419931530952,0.171404,0.529,-1.0045,0.1276,0.345,0.0809,0.224026173353,1.681089,15.19,3.737904840770367,-0.0281291,-0.22395283087274,0
0.0468686821399942,0.061214656,0.149,-1.0163,0.1717,0.114,0.0802,0.238812863827,-0.34147,0.278,4.080342189151358,-0.413321,-1.3797721075995,0
0.661389887332916,0.1502324,0.186,-0.9445,0.197,0.283,0.1356,0.32466250658,0.842081,8.688,3.4068088829517365,-0.18961,-0.747423634041272,0
0.0953388959169388,0.098326474,0.195,-0.9116,0.0031,0.24,0.0761,0.195249199867,0.320885,3.502,4.061245222851835,-0.484587,-0.665210811568983,0
0.169984497647935,0.21553075,0.264,-0.8163,0.2894,0.247,0.0955,0.235895961523,1.810844,15.85,4.619315284797882,-0.238179,-0.618284769671632,0
0.0097411687382495,0.036500096,0.164,-0.9419,0.0839,0.204,0.0606,0.199237450957,-1.293905,0.009,2.236583402073952,-0.384303,-2.08736644011748,0
0.0178817617934311,0.027221799,0.04,-0.9525,0.0008,0.051,0.053,0.213539600372,-0.112942,0.689,3.004937350199792,-0.657204,-1.50843691997354,0
0.463117063045502,0.22853598,0.462,0.5842,0.9167,0.414,0.1707,0.358573973179,1.100598,11.38,3.552403235247598,0.0252074,-0.383907295776539,0
0.9193115234375,0.33866823,0.121,-0.8948,0.0044,0.374,0.1299,0.220212951303,1.25601,12.6,5.377114570285873,-0.426912,-0.513484173548899,0
0.479792684316635,0.40456638,0.37,-0.9348,0.182,0.368,0.2942,0.258266925812,0.971951,10.01,5.148917555809021,-0.245412,-0.956998854370146,0
0.21030330657959,0.34063074,0.187,-0.8922,0.0028,0.388,0.2637,0.268600821495,1.494611,14.15,3.168203294277191,-0.38748,-0.528172365922032,0
0.0442750462666873,0.16805306,0.157,-0.9266,0.0046,0.283,0.1311,0.307345032692,-0.029482,0.956,3.590066719338424,-0.488821,-0.963261941062631,0
0.334924638271332,0.23948702,0.296,-0.7329,0.3178,0.342,0.1106,0.237524360418,1.550258,14.48,3.66084641391954,-0.243116,-0.78649501420608,0
0.0314565449953079,0.0656555,0.344,-0.9466,0.0014,0.223,0.1657,0.225419282913,-1.053547,0.02,1.3876644632500177,-0.402838,-1.34144807068015,0
0.0683236345648766,0.07574874,0.102,-0.9213,0.0017,0.144,0.0872,0.234080985188,0.698452,7.369,3.266737788915634,-0.580366,-1.11978704474869,0
0.852136552333832,0.2894662,0.118,-1.0241,0.0057,0.452,0.1227,0.436790823936,2.768759,20.2,4.266981199383736,-0.307286,0.0912938859552006,0
0.0175689757240098,0.11859363,0.63,-1.0079,0.0573,0.282,0.0824,0.27504247427,0.247948,2.731,4.563539279584588,-0.128269,-1.15713737856288,0
0.0387380257898012,0.07615611,0.394,-0.716,0.3841,0.194,0.1053,0.236080676317,0.102636,1.585,3.950022677234216,-0.245403,-1.07138023731755,0
0.827942788600922,0.18405369,0.242,-0.8314,0.184,0.372,0.097,0.402692556381,3.371248,22.3,6.024037210270762,-0.0871724,-0.18990164952826,0
0.106646158554911,0.14717048,0.216,-0.8965,0.002,0.294,0.0767,0.344944417477,1.0005,10.34,4.6508653212948525,-0.417457,-0.886207123544595,0
0.0863088367068038,0.22351372,0.48,-1.0692,0.1059,0.325,0.1098,0.314610719681,2.155789,17.47,3.821859866380692,-0.110302,-0.326678048425998,0
0.479936689138412,0.22047442,0.528,-0.3313,0.5806,0.443,0.1088,0.274126380682,2.331589,18.26,3.282420978186538,0.0180305,-0.289888804547084,0
0.922575891017914,0.82309496,0.734,-0.042,0.6782,0.625,0.1246,0.350259244442,3.681232,23.2,3.7388190585289127,0.0428592,0.385844812089988,0
0.67561537027359,0.3304596,0.11,-0.9432,0.0065,0.379,0.0868,0.277979552746,1.538385,14.41,2.9415916915252582,-0.45143,-0.0387279114968736,0
0.759807407855988,0.40704358,0.438,-0.441,0.4822,0.4,0.073,0.31960439682,2.585538,19.37,4.0066164715010695,-0.101004,-0.0344464644445765,0
0.545191049575806,0.25682825,0.124,-0.8961,0.0036,0.447,0.1499,0.312946140766,0.564224,6.109,3.853862414850256,-0.40324,-0.586419826309532,0
0.964026510715485,0.72890055,0.675,0.3822,0.6591,0.476,0.4262,0.391985863447,3.861215,23.7,10.380127467782328,0.141818,0.700472082072137,0
0.656619489192963,0.25717613,0.121,-1.0378,0.0823,0.377,0.1478,0.295811146498,0.173676,2.075,5.067853307010393,-0.379784,-0.566136667155101,0
0.0179609958035886,0.10033497,0.535,-0.2974,0.6552,0.286,0.1303,0.292642235756,0.100445,1.572,4.781804643571377,-0.0834779,-0.845931997560426,0
0.344643727030391,0.19213983,0.206,-0.8393,0.0029,0.317,0.1082,0.36175352335,3.555131,22.9,2.8272492822455506,-0.332234,-0.174381626389762,0
0.647729337215424,0.41103026,0.591,0.2489,0.8425,0.586,0.0935,0.269726842642,3.054592,21.3,5.144534308449167,0.132691,0.075946936661976,0
0.0729750546878555,0.01745975,0.151,-0.9944,0.0592,0.273,0.0732,0.225393235683,-1.779602,0.002,2.591912552714348,-0.434611,-1.93296657494971,0
0.0673214336344138,0.11604282,0.135,-0.9244,0.002,0.189,0.0941,0.308862447739,0.396148,4.347,4.050545938558361,-0.503785,-0.866139273726787,0
0.0834079321921213,0.13452819,0.304,-0.9543,0.2218,0.225,0.0851,0.25827690959,0.367446,4.025,4.747010239734171,-0.313716,-1.0254556778392,0
0.960203647613525,0.5778948,0.662,0.693,0.7802,0.271,0.2056,0.421099543571,3.39074,22.4,6.654630224220917,-0.0733022,0.49042482680927,0
0.128327430255208,0.17008418,0.218,-0.925,0.0026,0.337,0.1218,0.259515821934,0.390092,4.279,2.588781882024234,-0.346362,-0.831080715653622,0
0.0242341347038746,0.07263893,0.084,-1.03,0.0875,0.112,0.0843,0.240123018622,0.225465,2.516,3.332952393528493,-0.421498,-1.38827122053391,0
0.0541145727038383,0.31261486,0.229,-1.0047,0.065,0.751,0.0653,0.326003521681,1.131272,11.65,1.982270093504198,-0.0997948,-0.469934559876807,0
0.0544663639991522,0.15610453,0.198,-0.8766,0.2161,0.347,0.145,0.278088837862,0.173674,2.075,3.685711139198407,-0.32956,-1.04347397043557,0
0.187648519873619,0.3250229,0.6,-0.4386,0.5041,0.355,0.087,0.288508176804,1.399626,13.57,3.7305075176161777,-0.0663674,0.108106356929822,0
0.409892857074738,0.24897236,0.122,-0.9563,0.0072,0.398,0.157,0.438911646605,1.932777,16.44,3.434964470980409,-0.388265,-0.116809134819984,0
0.127530336380005,0.15755829,0.153,-1.007,0.0942,0.353,0.1424,0.273463129997,1.632184,14.93,3.5908747383154336,-0.233775,-0.564746093118193,0
0.449238777160645,0.30039394,0.495,-0.8234,0.2363,0.486,0.1017,0.290066331625,1.710802,15.35,3.4618260264396667,0.111607,-0.341813271007394,0
0.72621762752533,0.22057515,0.115,-0.9097,0.0059,0.27,0.0905,0.417897850275,3.579008,22.9,3.771793633699417,-0.291941,0.126571618824665,0
0.339163064956665,0.28892893,0.414,-0.4776,0.4677,0.418,0.0725,0.331520199776,1.034957,10.73,3.4255900423211307,-0.133082,-0.117742615375734,0
0.107881633171515,0.11550772,0.122,-0.9031,0.0022,0.27,0.0795,0.284470945597,0.419818,4.609,3.0862506926059723,-0.49324,-0.942315120829319,0
0.035489734262228,0.12452474,0.254,-1.0339,0.1217,0.214,0.0717,0.196362614632,0.324883,3.547,3.801598514797387,-0.374175,-1.08775550241894,0
0.355038017034531,0.1697413,0.392,-0.2761,0.4932,0.299,0.0819,0.242513760924,1.238655,12.48,4.474075712263584,-0.247174,-1.38124671452947,0
0.0429091253728993,0.13942996,0.062,-0.9371,0.0025,0.185,0.0888,0.219588547945,-0.684676,0.076,2.6419091909725805,-0.561089,-1.15261187432302,0
0.188892902911622,0.13368791,0.176,-0.8695,0.1996,0.127,0.0759,0.297846198082,1.006081,10.4,4.009542658610118,-0.254668,-0.856199214625757,0
0.925078511238098,0.40224352,0.536,0.0904,0.7395,0.43,0.134,0.302793234587,3.431864,22.5,4.3319187437600615,0.00802266,0.531459993739749,0
0.97145938873291,0.91163635,0.785,0.9135,0.8527,0.788,0.4431,0.56118363142,4.530231,25.6,10.821128453786622,0.207368,0.963309396419418,0
0.147269651293755,0.08654228,0.059,-0.8851,0.004,0.143,0.0855,0.201354026794,-0.084391,0.771,2.996979525940537,-0.611452,-1.06665789882498,0
0.127078118975463,0.11069289,0.053,-0.9681,0.0044,0.093,0.0874,0.305253058672,1.301146,12.92,4.232268825173378,-0.607109,-0.55309485692421,0
0.0383030065398247,0.13386744,0.312,-0.9736,0.1701,0.4,0.0722,0.317127346992,1.697922,15.28,4.740742636757304,-0.291616,-0.993186472551038,0
0.833061993122101,0.39659533,0.221,-0.9373,0.0032,0.504,0.0834,0.282449841499,2.842561,20.5,3.64677790531156,-0.276108,-0.721323831991103,0
0.0570647920014337,0.1901817,0.532,-0.4392,0.5887,0.273,0.1028,0.248696982861,0.252063,2.772,3.584959179162979,-0.11988,-1.13639914115634,0
0.0189586479768764,0.053991824,0.033,-0.9204,0.0015,0.164,0.0871,0.227270051837,-0.778947,0.054,3.757353731780885,-0.614995,-1.61593587536763,0
0.0719543998535695,0.18731248,0.601,-0.2904,0.5721,0.215,0.0738,0.202002152801,0.580587,6.268,3.974460631608963,-0.0367996,-0.857628519355171,0
0.0759498029947281,0.14504123,0.497,-0.9567,0.0985,0.305,0.1626,0.276228904724,0.423725,4.652,3.2565182814011715,-0.157664,-0.580110816871483,0
0.0184150463398282,0.13155115,0.408,-0.8161,0.3197,0.284,0.1145,0.247980073094,1.551917,14.49,3.7484789733861583,-0.223129,-0.713401508693748,0
0.199953779578209,0.20519584,0.468,-0.8639,0.2346,0.16,0.0683,0.300319075584,1.49356,14.15,4.056559801101685,-0.136759,-0.403402513214186,0
0.989434778690338,0.57742,0.587,0.1257,0.6245,0.552,0.7467,0.578840374947,3.136454,21.5,8.2104403849167,0.0365302,0.242976504112302,0
0.997296154499054,0.9686315,0.832,0.9335,0.8664,0.844,0.9929,0.757605016232,4.095522,24.3,14.855039966350889,0.451556,0.756478959001603,1
0.997008740901947,0.89733887,0.861,1.0937,0.9504,0.765,0.8166,0.500569105148,4.33311,25.0,4.871324210290481,0.483148,0.782381416173496,0
0.729109168052673,0.34698132,0.418,0.0518,0.7555,0.426,0.1066,0.374568551779,3.359135,22.3,5.990848326417803,-0.108243,0.176920846280042,0
0.0794385726196563,0.12948528,0.214,-0.7949,0.0868,0.318,0.0869,0.277152121067,0.456133,5.003,3.02498301282212,-0.36115,-1.76667228420436,0
0.026545913932039,0.09173623,0.179,-0.894,0.0054,0.134,0.0994,0.268695771694,1.623896,14.89,4.194126158952713,-0.381873,-0.721736555490962,0
0.0147501340483047,0.11124241,0.171,-0.9134,0.0015,0.156,0.1218,0.225193709135,-0.599422,0.105,4.480939686667876,-0.538923,-1.25736102381007,0
0.127481175359613,0.16913638,0.171,-0.9197,0.0033,0.182,0.0898,0.261565715075,0.157872,1.955,3.7335246787141,-0.37311,-0.650905384182699,0
0.089412584900856,0.16383567,0.553,-0.9069,0.2529,0.409,0.0786,0.283175826073,1.481122,14.07,3.902097829242305,-0.130363,-0.879270738295048,0
0.423128724098206,0.13668123,0.247,-0.8917,0.0031,0.232,0.0826,0.188138306141,-0.456777,0.178,4.5650544902108585,-0.539279,-1.46050422803104,0
0.0561959777221692,0.14919591,0.609,-0.6307,0.4165,0.207,0.0983,0.208631008863,0.801659,8.301,2.5685631036758423,-0.0556802,-0.932462417879987,0
0.827447175979614,0.5261226,0.2,-0.9406,0.009,0.542,0.1207,0.389189749956,1.817774,15.89,4.496860504150391,-0.217667,0.0180427850032139,0
0.998890459537506,0.9370432,0.926,1.0538,0.9756,0.716,0.8018,0.515459835529,4.599621,25.9,5.235915170240459,0.533209,0.833243468572888,0
0.82030862569809,0.3412236,0.17,-0.8806,0.0061,0.409,0.1614,0.28983220458,2.322402,18.22,4.148003429174423,-0.376071,0.147545695687813,0
0.480091065168381,0.31345958,0.41,-0.6833,0.2806,0.396,0.2193,0.249372601509,2.147782,17.43,4.500432834029198,-0.03905,-0.169746037343234,0
0.0636659562587738,0.046353847,0.488,-0.9722,0.0094,0.309,0.092,0.283436059952,0.552958,5.998,2.347082734107971,0.0426642,-0.793042475474981,0
0.0771587416529655,0.14120522,0.561,-0.5003,0.5065,0.365,0.0773,0.247757986188,-0.077091,0.794,3.4524352848529816,-0.0112456,-0.86663386041522,0
0.767527401447296,0.5203973,0.157,-0.9223,0.005,0.439,0.1306,0.314199775457,1.88267,16.2,3.5940188215203497,-0.333898,-0.169185011349018,0
0.128427532310179,0.27234912,0.183,-0.9543,0.0038,0.352,0.1343,0.250541478395,0.896856,9.227,3.9800771474838257,-0.44078,-0.687789373195851,0
0.310722470283508,0.64552516,0.174,-0.901,0.0048,0.526,0.1084,0.294124931097,1.610219,14.81,3.66887550915996,-0.253706,-0.435913621211404,0
0.0834210444720718,0.14828211,0.366,-0.7889,0.313,0.347,0.0875,0.255408287048,0.573236,6.197,3.2419980838915508,-0.244447,-1.11697477090765,0
0.128354489803314,0.08792013,0.352,-0.9061,0.1975,0.271,0.0867,0.231536984444,0.869482,8.957,3.509563421990945,-0.265849,-1.27388453622038,0
0.92186039686203,0.8636167,0.697,0.7461,0.8086,0.761,0.5406,0.413633465767,4.950064,27.6,9.247551962558646,0.33008,0.831264690760515,0
0.997707366943359,0.69440985,0.46,-1.1962,0.0613,0.664,0.9745,0.590016245842,4.405845,25.2,3.8458084696348176,0.0965902,0.902860563321639,0
0.0294922608882189,0.11873853,0.307,-0.8327,0.2616,0.215,0.0833,0.299297899008,0.392837,4.31,4.739520926610806,-0.266636,-1.12617246759042,0
0.0302408344861763,0.076637775,0.024,-0.9096,0.002,0.121,0.0831,0.231993153691,-0.805645,0.049,3.4852729249972336,-0.651748,-1.41783160764545,0
0.0474646329090624,0.097512245,0.128,-0.9245,0.0031,0.2,0.0712,0.315336674452,0.332192,3.628,4.063865199685097,-0.518429,-0.837996220719084,0
0.363484472036362,0.24980435,0.159,-0.879,0.0027,0.298,0.1234,0.273673057556,0.569272,6.158,5.207460781114262,-0.427457,-0.438114239378697,0
0.783350169658661,0.7733258,0.638,0.8254,0.8299,0.527,0.1516,0.361477553844,4.439012,25.3,4.316254136175308,0.0490233,0.704564631916294,0
0.0514564476907253,0.018211722,0.24,-0.9522,0.198,0.276,0.0663,0.211978375912,-0.264301,0.377,2.991073960857295,-0.316337,-0.948410648037974,0
0.921555459499359,0.38247883,0.349,0.2836,0.5773,0.456,0.1641,0.383980125189,3.727662,23.3,7.792891174937367,-0.00425162,0.632864738692657,0
0.923062145709991,0.39312494,0.223,-1.0839,0.0161,0.404,0.0989,0.498218566179,4.12404,24.4,3.639826148748398,-0.389545,0.643174063082514,0
0.833622097969055,0.32315916,0.44,-0.8618,0.1626,0.381,0.1146,0.248632729053,2.863142,20.6,4.241095934210606,-0.0586078,0.0433499326752085,0
0.928950309753418,0.65195894,0.647,0.5283,0.6589,0.754,0.7753,0.662548065186,3.765675,23.4,15.621899233781733,0.122625,0.508131309872329,1
0.748510003089905,0.21045205,0.338,-0.2485,0.5691,0.43,0.0687,0.312418282032,2.514229,19.05,4.920820264653515,-0.0636371,-0.215197556113588,0
0.129100483119179,0.32045203,0.337,-0.6556,0.4112,0.411,0.1242,0.317830920219,1.819387,15.89,4.5732278898358345,-0.145642,-0.500437040974454,0
0.0467375269734105,0.037441045,0.121,-0.9461,0.0486,0.136,0.0744,0.267612814903,-1.444409,0.006,2.0795964308262924,-0.524991,-1.53575776768317,0
0.992020070552826,0.9799866,0.825,0.8933,0.8523,0.85,0.9013,0.474434614182,3.781274,23.5,14.294519785020384,0.345427,0.686936978106169,1
0.990556597709656,0.7788331,0.794,0.6321,0.7163,0.67,0.2354,0.473906815052,4.5122,25.6,4.339815455438675,0.146047,0.719961692145327,0
0.871473670005798,0.63437694,0.503,-0.1517,0.5355,0.583,0.147,0.426236152649,2.236322,17.83,3.924101546406746,0.0248012,0.0764031083887393,0
0.214856960977269,0.2347413,0.425,-0.7717,0.3183,0.37,0.1263,0.334299385548,2.214047,17.73,0.3813488353751538,-0.0932692,-0.182145601388479,0
0.0627382929059847,0.07250604,0.084,-0.9365,0.0021,0.175,0.0779,0.213612273335,0.671911,7.127,3.536997329187213,-0.544802,-1.17936564569316,0
0.0148356307867711,0.173239,0.262,-0.9287,0.0021,0.183,0.119,0.198865771294,-0.145201,0.606,3.973939941271348,-0.503505,-0.976462672502145,0
0.867832541465759,0.89142656,0.736,0.7009,0.7855,0.811,0.2868,0.602936148643,4.514597,25.6,5.498680604621768,0.33825,0.638865094117378,0
0.0198984203532968,0.103447735,0.58,-0.9891,0.1105,0.326,0.0813,0.295735239983,0.780228,8.104,2.9494118690490723,0.127577,-0.364787744873664,0
0.803867340087891,0.26781815,0.16,-0.9442,0.009,0.301,0.2992,0.368455410004,2.829488,20.5,2.804307969781436,-0.425084,0.198621692866379,0
0.0791975408792496,0.07164124,0.34,-0.931,0.1506,0.268,0.0721,0.224407538772,-0.376647,0.243,3.820868069778255,-0.286153,-0.991799120406552,0
0.238831922411919,0.23525393,0.469,-0.8203,0.2882,0.278,0.0889,0.226676255465,0.39294,4.311,4.015874145893975,-0.165146,-0.496198419646317,0
0.106623362989383,0.2465952,0.513,-0.5245,0.4279,0.501,0.0607,0.391336202621,2.34215,18.31,2.723309049199516,0.0217467,-0.514899923557746,0
0.785876512527466,0.19636449,0.207,-0.9216,0.0019,0.343,0.1254,0.189966097474,0.873891,9.001,3.0588525533676147,-0.423574,-0.840965982417225,0
0.940946757793427,0.45627123,0.412,-0.618,0.2289,0.51,0.1258,0.504822790623,2.240458,17.85,7.708852212222062,-0.136432,-0.19233914574681,0
0.98950606584549,0.9696852,0.79,0.9839,0.8922,0.748,0.6525,0.559629559517,4.81099,26.9,9.525351875623787,0.268468,0.776172381100135,0
0.0330380674508733,0.07090005,0.298,-0.9084,0.2372,0.176,0.0741,0.249454528093,-0.210388,0.467,3.8609714871774057,-0.302203,-1.276523280781,0
0.169900134205818,0.21978042,0.266,-0.9477,0.1778,0.434,0.0924,0.359273672104,1.595757,14.73,4.589832853814837,-0.0655972,-0.411769058690552,0
0.0468517496146995,0.24070257,0.188,-0.9103,0.0031,0.379,0.127,0.252378225327,0.79308,8.222,4.747663619794103,-0.356323,-0.559826480920498,0
0.94312858581543,0.43594685,0.327,0.0137,0.5428,0.473,0.1363,0.340657949448,4.299034,24.9,4.0857401034499405,-0.0650827,0.531889820014555,0
0.56428587436676,0.26299793,0.271,-0.9404,0.2196,0.322,0.6273,0.487042099237,0.780578,8.107,4.1336711848124565,-0.265714,-0.759358208788468,0
0.0333933857160776,0.109090894,0.169,-0.8732,0.0025,0.259,0.0848,0.22728317976,0.448352,4.92,5.024460420417473,-0.552846,-1.07946371706457,0
0.718504130840302,0.28607833,0.589,-0.0473,0.6564,0.439,0.2044,0.442234843969,1.248291,12.55,9.921713621282034,0.044537,-0.481721093612938,0
0.967468082904816,0.19479957,0.591,-0.3209,0.5211,0.327,0.1104,0.256072729826,0.664625,7.06,4.705304418679999,0.0270736,-0.726938171094094,0
0.706270396709442,0.20979843,0.262,-0.9109,0.1764,0.378,0.1082,0.478373527527,2.453698,18.79,6.917293546255678,-0.28097,-0.0132552121702036,0
0.682405650615692,0.12545416,0.057,-0.9279,0.004,0.263,0.0693,0.297332525253,0.80248,8.309,3.177184820175171,-0.540662,-0.504855753627095,0
0.928529143333435,0.60256433,0.584,-0.2302,0.6319,0.476,0.0956,0.295725464821,2.341097,18.3,4.47168730199337,-0.0249277,-0.0193148968576407,0
0.0840935904410943,0.10665855,0.214,-0.8977,0.0023,0.273,0.1355,0.263204842806,0.799981,8.286,3.770619094371796,-0.345173,-1.09590932157747,0
0.0163375300242669,0.071625054,0.19,-1.0215,0.1453,0.231,0.0849,0.184496715665,0.144917,1.861,4.011329652331447,-0.343595,-1.37448206986872,0
0.0487720419960811,0.110833794,0.186,-0.8844,0.0027,0.275,0.0814,0.303060859442,0.781349,8.114,4.426864536803111,-0.516557,-1.06172714157827,0
0.666654169559479,0.32886642,0.491,-0.7431,0.3485,0.26,0.1582,0.20994785428,0.417042,4.579,4.06411185175283,-0.160213,-0.405111311641596,0
0.969038546085358,0.31929266,0.186,-0.9232,0.0048,0.488,0.1461,0.263767838478,2.339991,18.3,2.9908498831483783,-0.222097,0.204600277435374,0
0.176863252525979,0.14660338,0.25,-1.0404,0.0577,0.317,0.3686,0.38204985857,1.604321,14.78,2.747270641339024,-0.405413,-0.685027595633421,0
0.856608688831329,0.4864957,0.598,-0.3437,0.3968,0.491,0.2078,0.388774096966,3.477352,22.6,2.447195810500099,-0.00535539,-0.0327149458443135,0
0.0904452843311715,0.11549038,0.384,-0.719,0.3705,0.222,0.0838,0.257824808359,0.884044,9.101,3.097517204031334,-0.165043,-0.635812446113272,0
0.86967259645462,0.4905292,0.506,-0.5449,0.4026,0.432,0.1505,0.327112138271,2.583123,19.36,3.318843600920349,0.107964,-0.445174248644136,0
0.128749536754487,0.32649454,0.172,-0.9165,0.0047,0.486,0.1118,0.271380722523,1.330928,13.12,4.268122582384103,-0.256535,-0.566095177764198,0
0.147650465369225,0.17228818,0.482,0.0868,0.7632,0.321,0.1029,0.232966169715,1.567705,14.58,3.088312119245529,-0.0119243,-0.68099063268083,0
0.588144540786743,0.18202826,0.244,-0.7052,0.297,0.288,0.1392,0.239678263664,1.447458,13.87,4.149972484193577,-0.197756,-0.136225744984813,0
0.0711055190706577,0.20793965,0.452,-0.766,0.3224,0.385,0.1043,0.259826362133,2.140928,17.4,3.593360169226172,-0.13106,-0.324642361007653,0
0.0784581607067892,0.10946733,0.083,-0.9089,0.004,0.295,0.0866,0.238790586591,0.585151,6.312,4.963325920015713,-0.508358,-0.853042155956066,0
0.138575494289398,0.124985695,0.548,-0.5162,0.2965,0.367,0.1011,0.296298921108,-0.416681,0.208,3.42755945817412,-0.143533,-1.379751776834,0
0.123782498365169,0.35573292,0.246,-1.0144,0.1188,0.491,0.1033,0.256302058697,1.370933,13.38,4.262135475504753,-0.165413,-0.824782592488202,0
0.0281999744474888,0.12098408,0.138,-0.9098,0.1026,0.259,0.0654,0.24302649498,-0.360596,0.258,3.469683893494077,-0.439073,-1.61792281217376,0
0.229746013879776,0.13562554,0.219,-0.9133,0.0024,0.325,0.1204,0.25857052207,1.293356,12.86,5.197710915338556,-0.333574,-1.36916459322803,0
0.0481842202816226,0.15182608,0.577,0.092,0.7575,0.298,0.0894,0.235171914101,0.278933,3.047,2.9944153591536025,0.0641601,-0.87799416358708,0
0.0849377538645163,0.084344655,0.191,-0.9638,0.0034,0.058,0.1223,0.228553071618,1.261647,12.64,4.241558253765106,-0.382433,-0.956579922758402,0
0.167833760380745,0.1310493,0.221,-1.0379,0.0605,0.343,0.1358,0.312589347363,1.334059,13.14,4.085816294204898,-0.437052,-1.11248181311026,0
0.992437660694122,0.7713368,0.826,1.1871,0.9124,0.584,0.2506,0.450821816921,3.739434,23.4,3.5886481848174525,0.161244,0.665764218621087,0
0.0615435208321159,0.12354711,0.065,-1.0593,0.0833,0.217,0.1177,0.30251532793,0.998856,10.32,4.306476226526532,-0.449904,-1.25984860511282,0
0.994276463985443,0.48870286,0.294,-1.2184,0.0513,0.497,0.7006,0.54335463047,4.315366,24.9,3.379850179747587,-0.272894,0.901655334895699,0
0.195755571126938,0.14918068,0.161,-0.9208,0.0023,0.287,0.0962,0.241992130876,0.102169,1.582,3.7193704347726686,-0.527775,-1.46998291635886,0
0.742849051952362,0.5516365,0.549,-0.4009,0.5265,0.56,0.161,0.320074975491,1.948202,16.51,3.335148721933365,-0.00181828,-0.374973827012492,0
0.172461643815041,0.15362167,0.1,-0.9136,0.0031,0.34,0.1374,0.320430964231,1.134695,11.68,3.4429579194151603,-0.470356,-1.12418085154639,0
0.966791927814484,0.53048825,0.344,-0.1801,0.4125,0.501,0.8451,0.478171467781,3.657466,23.2,11.899950668215752,-0.0619559,0.493042803654842,0
0.749048888683319,0.73243976,0.583,-0.2736,0.5584,0.573,0.096,0.304246008396,3.06691,21.3,3.5791279673576355,0.0158547,0.374011305430314,0
0.474143952131271,0.29182583,0.406,-0.8518,0.2975,0.521,0.1184,0.364922344685,2.956794,20.9,5.755902074108236,-0.10199,-0.579705073290199,0
0.0496274456381798,0.07758483,0.244,-0.9686,0.1109,0.207,0.0611,0.250529050827,0.722672,7.587,3.7722170621066633,-0.314597,-0.827150208040812,0
0.920477390289307,0.7884594,0.567,1.0045,0.9008,0.619,0.1542,0.404824405909,5.186972,29.1,4.889973874667226,0.15579,0.594033755663501,0
0.988414764404297,0.86725914,0.799,0.7421,0.7949,0.739,0.932,0.736586511135,4.597541,25.9,11.162398499525937,0.270216,0.899868858121855,1
0.84620810382979,0.3166009,0.281,0.2272,0.7654,0.451,0.0942,0.327889084816,3.692781,23.3,3.343322625371228,-0.100303,0.333385318817872,0
0.0856310556076588,0.09138322,0.441,-0.868,0.3363,0.263,0.0704,0.255282729864,0.702381,7.404,4.07380490467324,-0.23551,-1.49628748691768,0
0.830493569374084,0.3503086,0.091,-1.092,0.0154,0.399,0.084,0.323892444372,3.775263,23.5,3.544682508295788,-0.279605,0.66113009197139,0
0.0201683882623911,0.09063476,0.241,-0.9205,0.2352,0.279,0.0818,0.284799575806,-0.128825,0.647,2.989427953958512,-0.292692,-0.96591031123316,0
0.14659908612702,0.08016768,0.248,-0.871,0.0042,0.237,0.0945,0.297187209129,0.17197,2.062,3.622610706406902,-0.525885,-1.84053480201408,0
0.134393230080605,0.15311387,0.231,-0.9479,0.1456,0.325,0.1339,0.305234581232,1.273932,12.73,3.364513399175429,-0.319144,-0.790643360360661,0
0.138596857973065,0.17919192,0.219,-0.8488,0.0023,0.254,0.0757,0.249619334936,0.49486,5.41,3.705760127744426,-0.49881,-0.993148976065505,0
0.0301690868998302,0.12747219,0.314,-0.8747,0.3192,0.234,0.0758,0.22904497385,0.105994,1.606,4.890201962523779,-0.284765,-1.28392081509467,0
0.836742281913757,0.65667015,0.615,-0.2776,0.4333,0.803,0.1892,0.293705999851,2.860922,20.6,4.772225525422937,-0.0371935,0.165628119901239,0
0.0324630104005337,0.08232698,0.118,-0.9971,0.1792,0.299,0.0635,0.229426473379,-0.684997,0.076,4.790259181101098,-0.414872,-1.1925479489187,0
0.189636603713753,0.15211537,0.098,-1.0138,0.0973,0.328,0.0943,0.319179058075,0.979322,10.09,3.990470375357517,-0.364501,-0.689474536480444,0
0.0901981741189957,0.12819165,0.408,-0.635,0.4806,0.202,0.0734,0.244586080313,-1.472908,0.005,3.442276507616043,-0.240176,-1.49946191638616,0
0.773649215698242,0.48302025,0.095,-0.9402,0.0066,0.417,0.1257,0.313733696938,1.655202,15.06,4.890784117529459,-0.410694,-0.173626906784294,0
0.289216846227646,0.17169604,0.23,-0.9331,0.0042,0.424,0.0922,0.272398710251,0.144388,1.858,2.332950263957985,-0.358899,-0.730648158273916,0
0.81029200553894,0.21751642,0.472,-0.5485,0.416,0.344,0.2009,0.262877702713,2.510151,19.04,4.597714391173881,-0.154436,-0.483990163552214,0
0.796625316143036,0.38430858,0.513,-0.4127,0.5034,0.549,0.3282,0.463568806648,3.100856,21.4,7.582460820674896,0.00925367,-0.293802446913645,0
0.235156819224358,0.40796435,0.621,0.2566,0.7777,0.273,0.1226,0.253275036812,1.577089,14.63,2.782033068589029,0.0529,-0.37266010062306,0
0.845965445041656,0.57868123,0.649,0.2365,0.5597,0.552,0.2393,0.642939209938,4.19221,24.5,6.681881817977322,0.0264471,0.707047561975881,0
0.865792572498322,0.32787645,0.221,-1.1253,0.0222,0.506,0.5775,0.605895280838,3.35973,22.3,2.9771934151649475,-0.191392,0.399830170168622,0
0.208101391792297,0.0919725,0.107,-0.9548,0.0025,0.126,0.2289,0.37251546979,0.987553,10.19,4.677902311086655,-0.49591,-0.581158487800516,0
0.198320209980011,0.24423364,0.156,-0.8797,0.0033,0.252,0.0914,0.231996119022,0.682686,7.225,3.131962239742279,-0.458107,-0.438218106342011,0
0.854086697101593,0.49381337,0.654,0.2904,0.8175,0.434,0.2311,0.302451074123,1.711071,15.35,2.9903763401455272,0.111799,-0.207283801155402,0
0.123308554291725,0.06780404,0.254,-0.9047,0.0014,0.2,0.103,0.24013659358,0.268596,2.939,2.1338971851094644,-0.520986,-1.54192035523958,0
0.106936685740948,0.14605224,0.567,-0.6515,0.4996,0.268,0.0953,0.268573373556,0.051883,1.307,4.002829372882843,-0.0816452,-0.756599968332979,0
0.147396296262741,0.17922172,0.222,-1.0079,0.1554,0.432,0.0854,0.231589019299,0.581921,6.281,3.017767473230362,-0.335022,-0.806576072458447,0
0.047056460132711,0.045796573,0.132,-0.9375,0.0005,0.108,0.0631,0.204052373767,-0.289417,0.341,2.670454114675522,-0.584386,-1.51553859223261,0
0.0535502918064594,0.087133616,0.174,-0.857,0.0031,0.016,0.0715,0.205939769745,0.924682,9.502,3.07597416639328,-0.465304,-0.749999963105209,0
0.991523027420044,0.98277795,0.953,0.9815,0.9913,0.907,0.9955,0.777516007423,6.189698,34.0,10.608338243153412,0.535778,0.712234849417219,1
0.190307959914207,0.35681257,0.502,-0.5027,0.4086,0.406,0.112,0.237906843424,2.030981,16.9,4.257470257376535,-0.093977,-0.0932201805769619,0
0.168015343880051,0.1767059,0.295,-0.8241,0.0025,0.357,0.0965,0.175709605217,0.090426,1.513,4.2029375484099365,-0.41819,-1.16561624002115,0
0.997890174388885,0.9893054,0.956,1.0085,0.8943,0.927,0.9908,0.720237135887,4.598491,25.9,13.180354194122602,0.485882,0.91200800204826,1
0.985761761665344,0.69967735,0.716,0.7703,0.9102,0.491,0.2495,0.239144593477,3.472961,22.6,7.214706135640666,0.196703,0.424775588745305,0
0.84166145324707,0.61936736,0.196,-1.0237,0.0104,0.415,0.1199,0.267407178879,1.712256,15.36,3.6162878543994768,-0.271977,0.240154265198445,0
0.0562217122418296,0.054598004,0.428,-0.9431,0.001,0.063,0.0984,0.271002531052,-0.680657,0.077,4.279032111996452,-0.431411,-1.52767664347458,0
0.858000218868256,0.48194152,0.115,-0.8868,0.0027,0.477,0.2124,0.283012241125,0.978056,10.08,3.5684475729619254,-0.449643,-0.72906417006545,0
0.641978534023002,0.38930792,0.567,-0.1287,0.4619,0.547,0.13,0.514175057411,3.428722,22.5,9.373184206429867,-4.00573e-05,0.0636113059029857,0
0.886534094810486,0.47241473,0.183,-0.9033,0.0032,0.479,0.1779,0.344000160694,3.474098,22.6,4.906984018022555,-0.226245,-0.0798090350660688,0
0.0539216793901697,0.063020736,0.336,-0.8631,0.2899,0.33,0.073,0.276211202145,0.480766,5.264,2.2209398348726577,-0.215038,-1.05979904380983,0
0.78820663690567,0.6392645,0.627,0.477,0.6807,0.618,0.1696,0.451192975044,3.91083,23.8,8.451766243332473,0.0625966,0.338303520183071,0
0.0082554411077672,0.19167504,0.426,-0.6429,0.4991,0.199,0.1351,0.248397320509,-1.402452,0.006,3.241603046655655,-0.218494,-1.48827296367597,0
0.049982306931883,0.11217627,0.349,-0.8556,0.2321,0.27,0.0871,0.223821878433,0.311433,3.397,3.310608240187632,-0.245739,-1.06016495517277,0
0.276933953940242,0.32860303,0.149,-0.9159,0.0028,0.373,0.0883,0.274877786636,1.567772,14.58,4.344208641843341,-0.268736,-0.186324734914456,0
0.0403519406889588,0.07140386,0.093,-0.904,0.0025,0.198,0.0663,0.292854607105,0.213738,2.41,2.717944875359535,-0.554384,-1.16447814014237,0
0.0730498332729285,0.1512199,0.512,-0.547,0.4754,0.232,0.0733,0.208891153336,0.914959,9.406,4.154943555685152,-0.185066,-0.761430886341825,0
0.097465306520462,0.16778854,0.074,-0.9351,0.0053,0.38,0.1048,0.481218934059,1.54216,14.43,3.668800504622552,-0.453655,-0.522763142908784,0
0.966249465942383,0.87196416,0.497,-0.2598,0.5035,0.641,0.3893,0.421096622944,4.161639,24.5,11.713911722345562,-0.0117312,0.539708044736504,0
0.148610591888428,0.12342486,0.443,-0.7168,0.3274,0.337,0.0891,0.250026226044,0.256924,2.82,2.675773629955702,-0.116423,-0.876928043358728,0
0.808555424213409,0.27440125,0.159,-0.9896,0.0058,0.486,0.2763,0.471343070269,2.616789,19.5,3.827297204524244,-0.178605,0.242259087280369,0
0.628041684627533,0.764972,0.569,-0.5985,0.3296,0.587,0.151,0.332634270191,2.702239,19.86,3.3307248950004578,0.00246543,-0.0798828334971582,0
0.104230032862622,0.14094892,0.082,-0.9139,0.0034,0.23,0.0952,0.23319464922,1.163418,11.91,4.869604326784611,-0.495602,-0.619437426088321,0
0.689942061901093,0.21875831,0.158,-0.9205,0.1484,0.302,0.1253,0.27116549015,1.775143,15.67,3.8952110913672593,-0.20388,-0.2089423732397,0
0.144648000757582,0.322226,0.568,0.0874,0.7398,0.34,0.0851,0.220087766647,-0.142389,0.613,2.798655927181244,0.0288773,-0.664350153389462,0
0.903678119182587,0.68144286,0.479,-0.4497,0.477,0.543,0.2959,0.281900703907,2.678936,19.77,9.107681573721871,0.0261786,0.11915412832915,0
0.116277411580086,0.18437049,0.367,-0.2824,0.6,0.395,0.0849,0.278771936893,2.989999,21.1,3.9185128211975098,-0.0997317,-0.218740145141061,0
0.99866247177124,0.97717017,0.702,0.5385,0.7484,0.573,0.3939,0.417557120323,4.109102,24.3,6.7388294697094535,0.138837,0.766873916765051,0
0.900478482246399,0.5187564,0.622,0.3541,0.6776,0.457,0.3475,0.429480522871,3.361532,22.3,5.725168813020443,-0.0590493,0.347313896478782,0
0.0379019975662231,0.22074816,0.151,-0.934,0.0022,0.308,0.2653,0.33984041214,0.479233,5.248,1.9306858277112031,-0.451279,-0.94291213644425,0
0.128539457917213,0.1363889,0.031,-1.0343,0.0967,0.252,0.1617,0.334787636995,-0.198075,0.49,3.5891512648650123,-0.443541,-1.0771285824739,0
0.890540659427643,0.17281848,0.164,-0.9321,0.0051,0.277,0.1058,0.256670773029,1.943334,16.49,4.276290793132052,-0.369616,-0.434437572360666,0
0.0501455123404414,0.09113708,0.16,-1.0191,0.1205,0.228,0.1065,0.198816627264,0.922298,9.479,3.130087303998082,-0.334898,-0.913041220991786,0
0.423151344060898,0.2918553,0.58,0.2229,0.8375,0.362,0.075,0.272675067186,2.538942,19.16,3.570420770092441,-0.0405158,-0.0178684201281976,0
0.0670572793252017,0.16316584,0.464,-0.4757,0.5248,0.294,0.1006,0.228170752525,1.697181,15.28,3.1254704246360525,-0.185837,-0.619843631807908,0
0.0381229910876902,0.11721763,0.27,-0.8879,0.2455,0.169,0.0824,0.222239255905,-0.04533,0.899,2.762215460060537,-0.285004,-1.54949608311718,0
0.68068665266037,0.3465832,0.557,-0.1024,0.6266,0.486,0.0893,0.285913109779,1.886857,16.22,1.4809061884880066,0.0489762,-0.08963936498325,0
0.823007225990295,0.6645577,0.503,-0.5315,0.2806,0.397,0.1023,0.324925720692,1.935139,16.45,7.908410860183437,-0.235949,-0.279369476561647,0
0.929050385951996,0.40993708,0.242,-1.2444,0.0456,0.412,0.2709,0.412762582302,3.51447,22.7,2.773226320743561,-0.323256,0.688816022697531,0
0.498423427343369,0.17319822,0.149,-0.9048,0.0033,0.411,0.1013,0.313737004995,0.672122,7.129,4.200489584323285,-0.301402,-0.663159667314708,0
0.102288241431266,0.12660694,0.148,-0.9248,0.0021,0.206,0.1369,0.341910511255,0.871688,8.979,4.098485320806503,-0.457305,-0.785549791804437,0
0.0691319922338669,0.09712753,0.182,-0.9197,0.002,0.155,0.0812,0.247191041708,-0.12482,0.657,4.086376788658503,-0.492845,-1.10957191179928,0
0.0340613096835658,0.13084206,0.391,-0.6952,0.365,0.408,0.1369,0.351255357265,1.33911,13.17,6.868510490992,-0.144601,-0.534961285309778,0
0.0873578587523965,0.108968705,0.322,-1.0159,0.1113,0.251,0.0532,0.276623874903,-1.176748,0.013,2.8884858299173044,-0.357236,-1.96900456021417,0
0.645670771598816,0.28328043,0.548,-0.2594,0.6323,0.384,0.1082,0.273024857044,2.635997,19.59,3.8658691495656967,-0.00389279,-0.156102354541634,0
0.0839891873743261,0.11869761,0.523,-0.6948,0.383,0.254,0.0784,0.223893404007,1.289247,12.83,3.1078014895505,-0.221035,-0.817702774341166,0
0.0267523604220881,0.047009677,0.192,-0.9131,0.0451,0.302,0.0562,0.220303550363,-0.254581,0.391,4.163828178789378,-0.375299,-1.57388364860985,0
0.0223303633682243,0.11735627,0.444,-0.8308,0.3514,0.201,0.0735,0.246792018414,0.372751,4.085,4.798635222932814,-0.240832,-0.974340662164545,0
0.577871561050415,0.24761933,0.174,-0.8874,0.0075,0.376,0.1293,0.231509417295,1.633098,14.94,4.050662070512772,-0.262494,-0.407787088960471,0
0.0397272392118006,0.0591729,0.179,-0.8858,0.0024,0.095,0.0595,0.193019106984,0.943957,9.698,3.557927042245865,-0.498901,-1.02707713783981,0
0.0181198921054602,0.12411556,0.141,-0.9083,0.0013,0.32,0.1158,0.314870476723,-0.150453,0.593,3.474151795647306,-0.548333,-1.28793772571289,0
0.145770733860906,0.14356571,0.198,-0.9,0.0028,0.28,0.0953,0.29674077034,0.277431,3.031,3.874838709831238,-0.411147,-0.781442034519288,0
0.940544605255127,0.28857553,0.153,-0.374,0.3651,0.355,0.1262,0.385071903467,3.906473,23.8,3.878352738916874,-0.166995,0.653511878511129,0
0.419090867042542,0.29005265,0.575,0.5299,0.7634,0.429,0.1041,0.378353208303,2.461787,18.82,3.1778596341609955,0.0590172,-0.130738282973064,0
0.610126614570618,0.19392103,0.194,-0.7901,0.3121,0.354,0.1223,0.327737867832,1.289799,12.84,3.474631216407591,-0.241633,-0.482216157427846,0
0.0387716627839257,0.04114014,0.027,-0.9201,0.0014,0.103,0.0639,0.221465200186,-0.545412,0.128,3.346342145936916,-0.688213,-1.59588240631246,0
0.0306555450784504,0.107100666,0.338,-1.0072,0.1463,0.25,0.0737,0.214623272419,1.399709,13.57,2.8207494178975354,-0.321669,-1.08747389844672,0
0.134599741246474,0.06325126,0.504,-0.399,0.5013,0.317,0.085,0.240169495344,1.375845,13.41,3.5697008699987043,-0.0512475,-0.526571361125684,0
0.532630443572998,0.3982758,0.539,-0.8399,0.2,0.444,0.1007,0.320599138737,2.503775,19.01,3.5123700201511383,0.0276564,0.0917016096288201,0
0.0869205649419502,0.091422915,0.191,-0.9186,0.0017,0.187,0.066,0.230351045728,-0.829139,0.045,4.606347570153747,-0.540138,-1.51894970265591,0
0.823732972145081,0.75561607,0.592,-0.1068,0.5336,0.532,0.133,0.232304513454,1.70435,15.31,5.981630921363831,0.0708217,0.136434531642501,0
0.34934841472762,0.43848264,0.583,-0.2141,0.7317,0.515,0.1898,0.284900844097,1.969182,16.61,3.3490238360441875,0.095603,-0.513806639631104,0
0.300645083189011,0.34013483,0.142,-0.9357,0.004,0.498,0.143,0.329899609089,1.513012,14.26,3.239398837981381,-0.277113,-0.451451265173792,0
0.133210711409845,0.048336387,0.203,-0.9716,0.1314,0.307,0.0649,0.225440829992,0.451133,4.949,2.7588249216125345,-0.333116,-1.10316667445181,0
0.966722965240479,0.859719,0.745,0.153,0.7262,0.519,0.1497,0.344931602478,3.955013,23.9,3.8214326990801215,0.092395,0.703793028550664,0
0.974875330924988,0.79561806,0.794,0.4972,0.6794,0.802,0.8783,0.603311419487,4.61126,25.9,11.670414871358052,0.295888,0.904242989997449,0
0.108458915289022,0.1211229,0.171,-0.8938,0.0027,0.361,0.0782,0.302006959915,2.116903,17.29,3.6820884840574672,-0.443361,-0.679708398528112,0
0.749362170696259,0.14293224,0.168,-0.914,0.0022,0.219,0.0824,0.223906800151,0.145359,1.864,4.316722315215372,-0.336022,-0.595381830301188,0
0.114252842962742,0.13147447,0.133,-0.8578,0.0025,0.317,0.1587,0.338891327381,-0.509965,0.146,3.938132494688034,-0.390917,-0.890152010947505,0
0.0194709410615936,0.05916229,0.324,-0.9365,0.0018,0.109,0.0835,0.240315109491,-0.857285,0.041,3.167952060699463,-0.539178,-1.3395751737444,0
0.119814685450737,0.2283608,0.084,-0.9413,0.0025,0.29,0.1125,0.228715837002,1.052933,10.92,4.518523380160332,-0.517219,-0.979111434159386,0
0.936777472496033,0.81168413,0.614,0.3425,0.4978,0.509,0.5021,0.239219307899,3.773902,23.5,9.025384079577648,0.103001,0.210183224467742,0
0.611057221889496,0.23771492,0.314,-0.6601,0.3887,0.29,0.1006,0.388279914856,2.8683,20.6,2.215619124183852,-0.151924,-0.0501913412739059,0
0.824599862098694,0.1907711,0.359,-0.658,0.3943,0.477,0.1082,0.22420810163,1.104053,11.41,2.0867994129657745,-0.0969445,-0.505985937594045,0
0.0106763374060392,0.06390685,0.134,-0.8956,0.0023,0.145,0.0723,0.236039549112,-0.785387,0.053,3.333066173683445,-0.55183,-1.13008723169627,0
0.937438011169434,0.2702753,0.148,-0.9769,0.0062,0.365,0.1125,0.352114081383,3.28224,22.0,4.052715373544143,-0.396915,-0.17974357221953,0
0.7502720952034,0.38743874,0.616,0.6891,0.9165,0.361,0.0985,0.314073801041,1.205183,12.23,3.8312470420833433,0.326208,-0.221915341769607,0
0.687410295009613,0.24421218,0.288,-0.7451,0.2161,0.339,0.3751,0.44043648243,3.0444,21.2,4.065664088353515,-0.183949,-0.0271417357024861,0
0.0379662212857661,0.13604772,0.065,-0.9047,0.0024,0.203,0.0985,0.213872537017,1.12444,11.59,3.9892071661932382,-0.531399,-1.14879884426681,0
0.257180899381638,0.243265,0.113,-0.832,0.0049,0.303,0.0952,0.274421870708,1.072157,11.11,7.269944682717323,-0.523422,-0.638551957796021,0
0.0653420463204384,0.36398733,0.226,-0.9067,0.0039,0.295,0.1426,0.274375021458,0.962184,9.893,4.174300466493438,-0.286032,-1.03482569564634,0
0.989714801311493,0.7389671,0.721,0.8169,0.8482,0.503,0.1778,0.410296648741,3.772792,23.5,4.528382405638695,0.208727,0.718537691879247,0
0.0670744702219963,0.093724936,0.256,-0.893,0.2653,0.181,0.1249,0.212508931756,0.617228,6.619,5.325439393520355,-0.243709,-1.40967192299029,0
0.049534290323344,0.081311256,0.107,-1.005,0.1273,0.375,0.1637,0.34030687809,1.013339,10.48,2.968846534759373,-0.321977,-0.880456759514518,0
0.721597611904144,0.21487617,0.151,-0.8967,0.0034,0.284,0.1089,0.254289090633,1.411893,13.65,3.3300008475780487,-0.47525,-0.617077484166238,0
0.85895574092865,0.41359225,0.08,-1.044,0.0125,0.43,0.1376,0.451717674732,1.615178,14.84,3.332749944998647,-0.406046,-0.0138878980510981,0
0.868797183036804,0.4105161,0.259,-0.5715,0.3437,0.421,0.1161,0.33932185173,1.585972,14.68,4.983815811671425,-0.244412,-0.407062505708583,0
0.733538329601288,0.12885052,0.45,-0.7548,0.3064,0.409,0.0838,0.277367025614,1.096088,11.34,5.108627708384788,-0.107785,-0.542216872764158,0
0.329990118741989,0.27930403,0.537,-0.5485,0.4443,0.423,0.1254,0.255435496569,0.894774,9.207,3.924396974628796,-0.0788133,-0.523351902286424,0
0.596717655658722,0.21576452,0.311,-0.6488,0.2799,0.366,0.1132,0.310379564762,2.470486,18.86,5.725488105727622,-0.205695,0.0646551192903045,0
0.331411258252092,0.36344656,0.117,-0.864,0.0042,0.484,0.0824,0.31120839715,2.278262,18.02,4.781896399086564,-0.397207,-0.374795498156631,0
0.0373401325165727,0.0635947,0.048,-1.031,0.0866,0.157,0.0719,0.276348829269,0.359166,3.932,3.532138526291875,-0.452691,-1.27470168156206,0
0.049337275326252,0.06264052,0.09,-0.959,0.0941,0.145,0.1113,0.273417383432,-1.301776,0.009,3.012915214454824,-0.445496,-1.79410396693334,0
0.194955602288246,0.26314688,0.35,-0.8663,0.3428,0.205,0.1991,0.324138909578,0.86677,8.93,2.269432713163231,-0.183235,-0.597423634760384,0
0.179393604397774,0.32316476,0.273,-0.9467,0.1912,0.458,0.1114,0.316656410694,1.88066,16.19,2.209632328090477,-0.234989,-0.222058540721671,0
0.165123364855942,0.09100455,0.215,-0.9246,0.0037,0.21,0.0765,0.322792410851,2.382317,18.48,4.505927041172981,-0.0279129,-0.289499612977842,0
0.0665088593959808,0.20697168,0.2,-0.9269,0.0038,0.443,0.0989,0.253757953644,1.330912,13.12,5.085783275176127,-0.38597,-0.809774207784519,0
0.77818363904953,0.71527904,0.631,0.5086,0.7223,0.716,0.1792,0.494042485952,4.044027,24.2,5.978395655751228,0.264942,0.450992477214435,0
0.104806184768677,0.06877819,0.055,-0.9066,0.0021,0.182,0.0908,0.252880513668,-0.092857,0.746,3.465756773948669,-0.585893,-1.41182027485043,0
0.0137753506838479,0.07475582,0.383,-0.944,0.1742,0.36,0.0675,0.210610851645,0.99128,10.23,3.548268295869449,-0.287851,-1.54965922926614,0
0.369421541690826,0.48577234,0.444,-0.7141,0.3173,0.26,0.0842,0.24114985764,1.611964,14.82,4.061233147978783,-0.20055,-0.544345967469769,0
0.102383661707499,0.13039887,0.054,-0.8659,0.0035,0.23,0.0916,0.257826983929,1.495856,14.16,2.8603319227695465,-0.498268,-0.470620230814244,0
0.0712668970227242,0.09741664,0.424,-0.9973,0.0714,0.267,0.0977,0.282127320766,0.237611,2.631,3.898644120560725,-0.222609,-0.662762752741598,0
0.568564414978027,0.19004089,0.223,-0.7249,0.1651,0.142,0.089,0.361914634705,2.132102,17.36,4.403217507526279,-0.16091,0.127006109805894,0
0.0122532313913868,0.03392884,0.145,-0.9801,0.1025,0.126,0.0621,0.219971597195,0.436276,4.789,0.8246748745441437,-0.41885,-1.29675811389899,0
0.0875040796051838,0.109322876,0.129,-0.9269,0.0031,0.266,0.0996,0.249193921685,-1.645451,0.003,2.784051818716168,-0.546154,-1.56432602124834,0
0.988791346549988,0.7695573,0.575,0.3715,0.7528,0.53,0.1759,0.371734440327,3.170573,21.6,3.219465643167496,0.0447154,0.129363897131641,0
0.0897752068550445,0.006433964,0.481,-0.193,0.4883,0.432,0.1226,0.265860766172,2.669155,19.72,3.519035010147668,0.00842734,0.392761439444963,0
0.0816183686256409,0.108777344,0.196,-0.9207,0.0023,0.244,0.1398,0.27308422327,0.880166,9.063,3.3711084774137667,-0.362492,-0.764781898625462,0
0.0245089636688746,0.033673286,0.13,-0.9376,0.0009,0.09,0.0684,0.274939835072,0.546445,5.933,1.51271054148674,-0.558094,-1.2986532982729,0
0.984914611359217,0.79727674,0.804,0.7029,0.7832,0.584,0.3635,0.41683280468,4.77668,26.7,9.755847170672626,0.213439,0.753185023574704,0
0.146317139267921,0.13500622,0.188,-0.9303,0.0044,0.365,0.0605,0.22571310401,0.615443,6.602,2.6317813915908568,-0.494503,-0.869215179130059,0
0.984330475330353,0.5893069,0.582,0.3135,0.5049,0.484,0.1288,0.349672108889,3.888257,23.7,7.721772134646512,-0.0157955,0.561106282866669,0
0.0747569415778556,0.07707524,0.165,-0.9227,0.0028,0.162,0.0769,0.242060855031,0.194636,2.245,4.66857679746663,-0.464979,-0.845683930523596,0
0.0411662238496336,0.09288141,0.299,-0.8436,0.0034,0.211,0.146,0.212694853544,2.022495,16.86,4.073838353157044,-0.387513,-1.31074372197215,0
0.0135014627317927,0.0694848,0.347,-0.9285,0.0009,0.075,0.0747,0.309709787369,0.271313,2.967,2.2376251816749573,-0.469023,-0.932663452065897,0
0.0655246004462242,0.12958771,0.439,-0.8812,0.2737,0.284,0.1166,0.254343569279,1.81816,15.89,5.133861780166626,-0.0836318,-0.643692570611548,0
0.090011441349513,0.1329774,0.638,-0.9591,0.1025,0.423,0.1031,0.267934143543,0.866016,8.923,1.8494427800178528,0.111281,-0.571032691664479,0
0.882725894451141,0.66931367,0.584,0.6536,0.7858,0.51,0.6869,0.493888944387,3.947589,23.9,6.274350070855419,0.0955737,0.822381602733514,0
0.970258891582489,0.69763386,0.625,-0.1544,0.6867,0.6,0.1314,0.384660959244,2.586,19.37,6.545409094090427,0.0576135,0.237535929400133,0
0.23008424709163,0.19379768,0.592,-0.594,0.2993,0.613,0.11,0.313623666763,2.289985,18.07,2.502063930034637,0.0305125,-0.0138303012605669,0
0.278333062366133,0.43753296,0.457,-0.0664,0.4741,0.649,0.4261,0.47025090456,2.692611,19.82,4.626712908968329,0.0831868,0.105017279073318,0
0.0987676033039486,0.15068409,0.179,-0.8997,0.0029,0.201,0.109,0.233352020383,1.342573,13.2,2.774871218674595,-0.449151,-0.892309986644369,0
0.983437538146973,0.9003414,0.752,0.6815,0.7658,0.826,0.7259,0.450855255127,3.823742,23.6,13.325626391917467,0.305016,0.759619004700904,0
0.0748521184889,0.083376765,0.269,-1.0411,0.0764,0.227,0.0993,0.203131899238,-0.781009,0.054,2.91868325573784,-0.39055,-1.5000238694296,0
0.0298230244254752,0.056621045,0.523,-0.7963,0.296,0.086,0.0575,0.220313623548,-0.685533,0.076,3.362692534923553,-0.264138,-1.43555113400531,0
0.0113734568877048,0.045834124,0.283,-0.9264,0.0015,0.276,0.0831,0.253556728363,1.392993,13.53,2.9430994391441345,-0.182055,-1.43370072460444,0
0.983741402626038,0.41899973,0.516,0.7705,0.77,0.278,0.0799,0.309708237648,3.130477,21.5,2.837073783128596,0.00300712,0.555494297494214,0
0.995921492576599,0.67968535,0.573,-0.6795,0.2802,0.611,0.1037,0.290327072144,2.515925,19.06,2.8077202439308167,0.13389,-0.0887737182806762,0
0.0126118452368195,0.06918478,0.481,0.0499,0.7543,0.171,0.0631,0.184423685074,0.04864,1.29,4.064380535261939,-0.0343497,-0.868112737338895,0
0.636753439903259,0.20209715,0.11,-1.0021,0.1156,0.283,0.0858,0.270361542702,1.507807,14.23,4.508043489020312,-0.328502,-0.203317732910216,0
0.391082912683487,0.3233594,0.409,-0.4249,0.4871,0.374,0.0872,0.330302298069,1.535125,14.39,3.826319605112076,-0.122095,-0.558016175634387,0
0.660181283950806,0.21278098,0.255,-0.8055,0.0065,0.269,0.2059,0.248055934906,0.472973,5.182,4.493093541497024,-0.442249,-0.380279109012221,0
0.0379808800521038,0.05133459,0.422,-0.9807,0.0954,0.259,0.0602,0.328856348991,-0.082667,0.777,2.893229588866234,-0.302653,-1.63115291390587,0
0.0282764897041806,0.07996109,0.156,-1.0167,0.0534,0.221,0.2169,0.234988853335,-0.044631,0.901,2.556736809956901,-0.430878,-1.39203700505072,0
0.0459129121941286,0.13056168,0.257,-0.8023,0.3566,0.244,0.0707,0.214238554239,-0.407522,0.215,2.4959763752110167,-0.247344,-0.847523148518885,0
0.990671038627625,0.94538766,0.804,0.8022,0.7964,0.752,0.9753,0.431157231331,4.715897,26.4,17.529525763988406,0.344248,0.695841783868184,1
0.0737270191311836,0.12041411,0.339,-0.8934,0.2641,0.225,0.0835,0.245452195406,0.527841,5.747,3.5311728715896606,-0.230658,-0.933769522356935,0
0.16321587562561,0.23063436,0.163,-0.9349,0.0099,0.398,0.0776,0.253429561853,1.825366,15.92,3.3654183447360992,-0.284484,-0.275934535732048,0
0.535772204399109,0.6462554,0.466,-0.3997,0.6375,0.482,0.1075,0.270478844643,2.028992,16.89,6.459132626272162,-0.0513287,-0.191057429815407,0
0.371005654335022,0.22212014,0.138,-0.9605,0.0903,0.289,0.0934,0.291694283485,1.794842,15.77,3.415922742553157,-0.367319,-0.741600133811989,0
0.115403011441231,0.16158581,0.222,-0.8446,0.2085,0.312,0.168,0.256974637508,1.995436,16.73,3.8564552463952055,-0.115563,-0.538494421576495,0
0.828343629837036,0.51969117,0.427,-0.3956,0.5106,0.439,0.1087,0.335332214832,2.161993,17.5,2.5452072933977394,-0.139401,-0.322718491864392,0
0.909833252429962,0.65732294,0.43,-0.3442,0.5124,0.577,0.1502,0.358577460051,2.831777,20.5,3.528497353196144,-0.0726106,0.232891239759485,0
0.937353312969208,0.75653386,0.609,0.3086,0.5822,0.485,0.3217,0.369446128607,3.921776,23.8,9.540375928395196,0.0766829,0.369487853277703,0
0.138501346111298,0.06425643,0.216,-0.9834,0.0875,0.164,0.0513,0.212376266718,0.639493,6.828,3.526950076035666,-0.382203,-1.25994017358692,0
0.214331597089767,0.18877515,0.168,-0.9079,0.0028,0.399,0.0919,0.182043254375,0.580209,6.265,4.06579577922821,-0.333587,-0.665947848259846,0
0.178297383784016,0.15580142,0.218,-0.8653,0.0021,0.255,0.0674,0.21026724577,1.354197,13.27,2.9973228889453085,-0.350379,-0.60568670834754,0
0.59614086151123,0.65785015,0.474,0.0547,0.7345,0.498,0.1077,0.303131341934,2.580457,19.35,5.526109076603815,0.0418372,0.02683801277721,0
0.992513358592987,0.47407025,0.304,-1.1357,0.0542,0.531,0.629,0.567646324635,4.319055,24.9,4.215830814584704,-0.102294,0.817780354388737,0
0.0707065762073889,0.35263932,0.099,-0.9534,0.1474,0.674,0.0758,0.279875099659,1.715819,15.37,2.5010665580601747,-0.333416,-0.689260529736821,0
0.0239395004025212,0.10492754,0.164,-0.9079,0.1602,0.112,0.0929,0.195179924369,-1.077444,0.019,5.685316108167172,-0.414491,-1.75813311094619,0
0.124883100648631,0.13824216,0.261,-0.9029,0.0022,0.289,0.0823,0.358517974615,0.546317,5.932,3.963281041184859,-0.383669,-1.01739667880641,0
0.0927834623495252,0.17794472,0.323,-0.9643,0.1608,0.196,0.1036,0.220299243927,0.877678,9.038,3.045222957424527,-0.278419,-1.295515785381,0
0.0529011177055849,0.056064576,0.533,-0.8158,0.3024,0.205,0.0821,0.241191104054,-0.28785,0.343,2.3800684757487387,-0.228648,-1.101622211903,0
0.380917566234666,0.44168153,0.604,0.2446,0.6433,0.55,0.9559,0.701038122177,4.048655,24.2,2.6083657493804635,0.0555614,0.667772604799174,0
0.802728474140167,0.49002206,0.557,-0.5206,0.4699,0.511,0.1811,0.366523325443,3.078051,21.3,4.839256675571562,-0.0624692,0.0466705189450226,0
0.982683420181274,0.35253316,0.483,-0.2101,0.4464,0.338,0.118,0.379510372877,2.961413,21.0,5.919880438240185,-0.0015826,0.0576409744845525,0
0.0199501047884903,0.08536005,0.345,-0.9387,0.1934,0.224,0.1611,0.208061307669,0.494437,5.406,4.895667880773544,-0.264851,-1.10170289993063,0
0.046857605576082,0.28196597,0.152,-0.932,0.0021,0.175,0.1279,0.302631139755,-0.345328,0.274,3.6836000930305617,-0.48637,-0.933912621317266,0
0.300172835588455,0.3143556,0.152,-0.9309,0.0042,0.477,0.1274,0.244121655822,0.659065,7.009,4.019306898117065,-0.355175,-1.05584760160847,0
0.709650456905365,0.47415414,0.425,0.4636,0.7063,0.424,0.1193,0.334123790264,2.762948,20.2,3.581372231245041,-0.178393,-0.237134867939733,0
0.959082007408142,0.899601,0.781,0.9044,0.9227,0.552,0.356,0.462477207184,3.582089,23.0,4.606923152975154,0.215298,0.260251382226297,0
0.118737034499645,0.1574963,0.361,-0.8206,0.2616,0.378,0.0931,0.245702177286,0.977211,10.07,1.658303146124234,-0.121265,-0.698183217540408,0
0.0128702806914213,0.048570395,0.201,-0.9165,0.0021,0.151,0.0755,0.200590103865,-0.701857,0.072,4.278096108310462,-0.569554,-1.35977896869118,0
0.851551830768585,0.3995576,0.192,-0.7626,0.2702,0.448,0.1881,0.27653747797,1.978452,16.65,4.131958945675742,-0.129899,0.188060838371396,0
0.276165661561799,0.19648191,0.111,-0.9665,0.0051,0.171,0.1289,0.243388816714,1.989584,16.7,3.262659660354676,-0.401019,-0.484209235071102,0
0.0356949191921917,0.067956805,0.21,-0.9736,0.1327,0.166,0.0974,0.254999637604,-1.253011,0.01,4.0601411241703325,-0.404146,-1.48815875426468,0
0.0777824401262598,0.12316853,0.256,-0.8647,0.0023,0.321,0.0949,0.28021723032,0.767187,7.986,4.460338003144955,-0.461911,-0.88775252273583,0
0.0240863576962437,0.0712274,0.18,-0.9196,0.0017,0.208,0.078,0.253237426281,-0.565583,0.119,2.8889740906428263,-0.537551,-1.13105550849826,0
0.126471221446991,0.1450355,0.218,-0.982,0.168,0.223,0.0964,0.247320622206,0.264224,2.894,2.591480699759715,-0.382954,-1.13270388425546,0
0.166707982581399,0.21993706,0.154,-0.9043,0.0029,0.405,0.0979,0.264044255018,0.281824,3.077,3.945741148309789,-0.343122,-0.966400920490267,0
0.0619210429227496,0.114641756,0.199,-1.0103,0.1369,0.434,0.0806,0.326211631298,1.320737,13.05,3.352977018648625,-0.328433,-0.585323890933175,0
0.0823087874490395,0.0964078,0.048,-1.0409,0.065,0.24,0.099,0.287264317274,0.091402,1.519,2.163491149743398,-0.47395,-0.995949473566456,0
0.0293634663723989,0.06661737,0.163,-0.9455,0.0008,0.1,0.0721,0.218559741974,-0.553358,0.124,3.696830213069916,-0.576709,-1.40848940472385,0
0.149998247623444,0.1780374,0.114,-0.9605,0.1262,0.386,0.1232,0.270522356033,1.327557,13.1,4.917545783317675,-0.381084,-0.994946449003512,0
0.0334650581329019,0.018032014,0.486,-0.8488,0.0783,0.162,0.0624,0.236512377858,-0.447827,0.185,4.58812880719535,-0.206368,-1.69385622430682,0
0.713056147098541,0.443796,0.53,-0.2043,0.4358,0.522,0.1215,0.414356946945,2.557272,19.24,7.494167387485504,0.0286427,0.0207541721311011,0
0.914790987968445,0.7058174,0.45,-0.3193,0.5255,0.416,0.1124,0.257925331593,1.426012,13.73,7.189230625536188,-0.0632771,-0.36063476100389,0
0.826369404792786,0.854465,0.59,-0.083,0.5089,0.535,0.1099,0.479955494404,2.757144,20.2,3.9580655470490456,-0.0838268,0.397335840590355,0
0.277908531222807,0.25410414,0.287,-0.9105,0.1906,0.282,0.095,0.284989953041,1.826999,15.93,5.340017907740021,-0.270986,-0.412152601941028,0
0.225931137800217,0.13639736,0.477,-0.6839,0.3544,0.342,0.0954,0.284364849329,0.185137,2.166,3.198389972383436,-0.196541,-1.03521814929363,0
0.072951329080884,0.09616852,0.316,-0.9214,0.0015,0.191,0.0677,0.26149019599,-0.521709,0.14,3.742672301830327,-0.419362,-1.30735396954723,0
0.993905603885651,0.94042385,0.918,0.8837,0.8422,0.804,0.985,0.6983948946,4.853375,27.1,17.764817476847377,0.436817,0.890977631608938,1
0.240141630172729,0.27751946,0.395,-0.8028,0.2933,0.34,0.1241,0.24103063345,0.113454,1.652,3.840690984956564,-0.223812,-1.38836342723369,0
0.998874247074127,0.8172063,0.697,0.8504,0.8502,0.54,0.2148,0.445342004299,3.600123,23.0,3.1531012654304504,0.363899,0.528019887938029,0
0.688355207443237,0.3124003,0.179,-0.8716,0.0026,0.396,0.0821,0.24665799737,2.045266,16.96,2.4328999690027047,-0.388316,-0.536307530151278,0
0.95863468263872,0.6415217,0.602,0.7525,0.7239,0.482,0.2198,0.3846141994,4.172606,24.5,8.55455833059749,0.0405324,0.773591936608795,0
0.183879612286578,0.13439927,0.155,-0.9333,0.0059,0.361,0.1021,0.327803969383,1.472978,14.02,4.392965427135614,-0.384809,-1.05041207928258,0
0.0546743683516979,0.16169065,0.405,-0.9506,0.2178,0.479,0.0715,0.274684339762,0.560791,6.075,2.427512712776661,-0.259592,-1.32529350931897,0
0.307697802782059,0.23639295,0.562,-0.8669,0.1589,0.316,0.1047,0.222407728434,1.948813,16.51,3.923545718193054,0.0642856,-0.361071999314617,0
0.983704626560211,0.923146,0.747,0.709,0.791,0.849,0.9804,0.642540454865,4.07797,24.2,14.23619043920553,0.364464,0.555824637999724,1
0.302918046712875,0.47099826,0.573,-0.7968,0.2991,0.559,0.105,0.282663762569,1.079732,11.19,2.2071367502212524,-0.116603,-0.61581859718433,0
0.106305274958073,0.088668466,0.344,-0.9535,0.1892,0.293,0.0621,0.213298410177,-2.271282,0.001,2.934610483446522,-0.33455,-2.07463473350827,0
0.0548458099365234,0.09432989,0.531,-0.9244,0.293,0.294,0.0886,0.223031818867,-0.129064,0.646,3.161166016072196,-0.163276,-1.01421442617252,0
0.409635484218597,0.28383744,0.447,-0.6963,0.3025,0.299,0.1357,0.2652759552,2.096552,17.2,4.180329465075751,-0.0813633,-0.428172944821977,0
0.513014137744904,0.21307597,0.13,-0.939,0.0047,0.319,0.0677,0.326057136059,1.679331,15.18,3.2177032271531454,-0.372906,-0.150606341960259,0
0.0387427642474088,0.07296318,0.095,-0.9433,0.0023,0.137,0.0739,0.274545192719,-0.990254,0.025,2.794828951358795,-0.570392,-1.36387208383836,0
0.0976709008385413,0.09558973,0.302,-0.8963,0.0019,0.219,0.067,0.276573270559,0.183594,2.154,2.9746233522892,-0.358519,-1.01018349808037,0
0.0908767431974411,0.124179065,0.168,-0.9519,0.0985,0.318,0.0868,0.334096729755,1.104592,11.42,1.2401680967820867,-0.365379,-1.03085128728993,0
0.0803525894880295,0.13650891,0.211,-0.9092,0.003,0.332,0.1691,0.273874431849,0.824431,8.517,2.978063255548477,-0.350367,-0.921067159483727,0
0.0248267128815102,0.07955614,0.213,-0.9249,0.0018,0.189,0.0864,0.229384750128,0.886636,9.127,2.7836346474685807,-0.504295,-1.0208753193108,0
0.257497578859329,0.16944897,0.136,-0.8983,0.0037,0.373,0.0909,0.438405036926,1.591831,14.71,3.2656315994260643,-0.310252,-0.409486374934276,0
0.050214143882237,0.0677709,0.282,-0.9619,0.1698,0.261,0.3716,0.286373734474,0.995371,10.28,2.7490406619146386,-0.286301,-0.970149885221544,0
0.918417394161224,0.33486086,0.301,-0.3716,0.4816,0.391,0.1407,0.378344386816,1.613257,14.83,4.528269848411688,-0.0809555,-0.0284821740193049,0
0.343438863759434,0.3612455,0.436,-0.3413,0.574,0.37,0.1038,0.237756460905,1.891433,16.24,3.3146308064460754,-0.0926396,-0.234301211906406,0
0.842690050601959,0.28919476,0.152,-0.8485,0.1582,0.36,0.0989,0.294541180134,1.851196,16.05,4.376991907386867,-0.187546,-0.049666031447469,0
0.0933161303400993,0.13746816,0.254,-0.8987,0.0023,0.183,0.1048,0.219050884247,0.989445,10.21,3.804279475380152,-0.349334,-0.615298751876602,0
0.0244240348992725,0.07722089,0.352,-0.93,0.0726,0.159,0.0592,0.30171880126,-0.366353,0.252,3.6359242134753127,-0.378912,-1.4302884657189,0
0.0314843877601557,0.0494287,0.081,-1.0621,0.0266,0.17,0.1204,0.238655596972,-1.564288,0.004,3.5195329868759986,-0.530393,-1.60551131653108,0
0.0706068206734562,0.074320376,0.194,-0.9311,0.003,0.101,0.0646,0.211751908064,-0.50579,0.148,2.550992608070373,-0.517224,-1.40134451575924,0
0.503599166870117,0.265598,0.39,-0.7105,0.275,0.419,0.1092,0.270022809505,2.792429,20.3,3.869526785950383,-0.0386352,-0.0712247881448172,0
0.992876350879669,0.6542582,0.198,-0.8511,0.0039,0.558,0.1633,0.35890519619,2.618393,19.51,5.050166060359966,-0.222706,-0.146259236951387,0
0.987419426441193,0.9544668,0.861,1.0107,0.9149,0.764,0.9028,0.708637714386,4.7373,26.5,12.671240671042767,0.31467,1.02520837173973,1
0.0567121505737305,0.1321091,0.148,-0.925,0.2233,0.171,0.0758,0.250333279371,-1.662391,0.003,3.769268807346698,-0.403022,-1.5258327078691,0
0.305650538867379,0.1630319,0.284,-0.7552,0.3116,0.31,0.0792,0.240882366896,0.039228,1.245,2.723005727435765,-0.284571,-0.772957251826134,0
0.0320028506351312,0.08952436,0.122,-0.9008,0.0026,0.181,0.0683,0.194007813931,-0.123025,0.662,3.5120292603969574,-0.547662,-1.04190500440596,0
0.344795316457748,0.21264714,0.563,-0.9956,0.1292,0.373,0.0901,0.224513560534,0.977763,10.08,1.963993336761353,-0.0313289,-0.296398249257282,0
0.110642209649086,0.16987044,0.3,-0.8878,0.0031,0.315,0.0836,0.323858499527,0.351241,3.842,4.150738295032969,-0.41098,-0.894989062217127,0
0.984283804893494,0.5936676,0.577,0.2038,0.8266,0.441,0.1921,0.417710632086,3.960133,23.9,8.984146197203215,0.0479736,0.504198175624958,0
0.301773071289062,0.2077328,0.233,-0.8197,0.2861,0.372,0.1042,0.267285913229,0.282784,3.087,3.508725732946828,-0.302971,-0.486131326790995,0
0.61483742487399,0.4141563,0.272,-0.9611,0.0792,0.472,0.1138,0.241340786219,2.393458,18.53,9.173296507320796,-0.254414,-0.0486261905771162,0
0.0471234422025916,0.07695162,0.349,-0.8936,0.2108,0.289,0.1557,0.212014049292,0.696785,7.353,2.040692299604416,-0.238441,-1.04501726681493,0
0.706086695194244,0.44096884,0.645,0.0525,0.7464,0.392,0.253,0.286223232746,2.386834,18.5,7.259794348850846,0.095165,0.170954907508882,0
0.187121644616127,0.27110538,0.577,0.1671,0.8128,0.461,0.1329,0.28512391448,1.962923,16.58,4.584460425969224,0.0683571,-0.389762168140023,0
0.631515622138977,0.33998072,0.202,-0.9054,0.0025,0.356,0.1083,0.237894833088,0.812685,8.405,3.698372371825904,-0.373727,-0.52294311834303,0
0.0373386790378041,0.16584015,0.494,-0.8339,0.3914,0.248,0.103,0.240709275007,1.228801,12.41,4.578416820384905,-0.137442,-0.866202306766024,0
0.675608217716217,0.4567418,0.448,0.1292,0.8767,0.431,0.1286,0.250069797039,1.455703,13.92,4.098444908857346,-0.0175324,-0.290011006929929,0
0.0934376570553079,0.09433636,0.294,-0.709,0.3269,0.242,0.0711,0.251630246639,1.215516,12.31,3.9438367771246905,-0.207151,-0.752490834160514,0
0.0720850025543156,0.13406605,0.146,-1.0195,0.0695,0.462,0.1133,0.357215940952,0.182771,2.147,3.0042726970386524,-0.374699,-0.837086241657833,0
0.994415044784546,0.9160579,0.826,0.9104,0.8648,0.94,0.9963,0.528861761093,4.739035,26.5,18.49407245918701,0.456984,0.689075597570056,1
0.0872874077118531,0.17617834,0.546,-0.458,0.5997,0.361,0.0855,0.281309306622,2.008467,16.79,4.096321012317605,-0.0624973,-0.424111009867245,0
0.352162510156631,0.17779392,0.165,-1.011,0.08,0.3,0.1001,0.297024607658,1.729873,15.45,3.145394383306018,-0.328898,-0.583684467370149,0
0.0317118337520492,0.11002427,0.289,-1.0358,0.093,0.264,0.0613,0.295069038868,0.913183,9.388,3.1524381035321065,-0.327244,-1.22723792797898,0
0.705050918810163,0.46671477,0.422,-0.2064,0.3272,0.498,0.1341,0.281285822392,3.264918,22.0,2.4879493181708456,-0.0838489,0.141016580392777,0
0.202330857515335,0.16478828,0.232,-0.8578,0.0028,0.325,0.0993,0.276962667704,0.696824,7.354,4.567300856676297,-0.43964,-0.954234479644991,0
0.213300138711929,0.38821155,0.374,-0.4604,0.5056,0.426,0.1047,0.245099127293,1.688589,15.23,3.4825177271028087,-0.184442,-0.620172877081399,0
0.881230235099792,0.26416793,0.309,-0.7692,0.2291,0.454,0.0996,0.283370316029,3.178193,21.7,3.189919888973236,-0.114456,0.148829632682929,0
0.496077030897141,0.29726332,0.407,-0.5351,0.3885,0.507,0.104,0.303596258163,1.914283,16.35,3.4760374859992167,-0.138805,-0.410764649823146,0
0.133224074224953,0.29515532,0.469,-0.4739,0.4778,0.426,0.1177,0.317251741886,1.85405,16.06,4.439631946384907,-0.00703143,-0.373037685633697,0
0.488877266645432,0.24002871,0.542,-0.1412,0.6924,0.288,0.1131,0.311058521271,1.768081,15.64,3.853078931570053,0.0490741,-0.546939272165305,0
0.994787254057607,0.455948,0.308,-1.1768,0.0562,0.536,0.5739,0.567763328552,4.293986,24.8,4.371872053552969,-0.0980179,0.82581492003636,0
0.0405785720106333,0.032998055,0.084,-0.9571,0.001,0.108,0.0613,0.224599510431,-0.40134,0.221,3.579927242562457,-0.57271,-1.48096650157236,0
0.270963365354541,0.19652835,0.358,-0.6708,0.3091,0.349,0.1022,0.182821720839,1.132052,11.66,3.783863936477765,-0.120743,-0.637975254412992,0
0.945404291152954,0.43605465,0.449,0.0191,0.6876,0.418,0.1462,0.305096924305,2.660299,19.69,4.495818046991639,0.0197547,-0.137890097615037,0
0.984804034233093,0.59399617,0.635,0.5148,0.7238,0.554,0.2548,0.385656654835,4.176544,24.5,10.2367122837118,0.0593435,0.828502255327292,0
0.182885080575943,0.2034843,0.565,-0.1601,0.763,0.282,0.2044,0.272909939289,1.04113,10.79,3.026374101638794,0.0423589,-0.435513823660884,0
0.963783204555511,0.6582285,0.374,-0.0495,0.4389,0.551,0.7563,0.379814624786,4.430225,25.3,15.952697541797534,0.0559388,0.787301057811002,0
0.4279725253582,0.5015609,0.438,-0.8293,0.327,0.383,0.1447,0.28178358078,1.035758,10.74,2.678660704295829,-0.128929,-0.612037358413645,0
0.970748901367188,0.24630558,0.181,-0.9647,0.0031,0.487,0.2913,0.431254893541,1.962225,16.58,3.7522487007525687,-0.405156,-0.742027777492757,0
0.0172011775935153,0.044173837,0.057,-1.0064,0.0786,0.196,0.0605,0.249261796474,0.748333,7.817,2.429237872362137,-0.499293,-1.19798643237917,0
0.921301424503326,0.50735503,0.524,-0.1947,0.4739,0.411,0.1731,0.301780223846,2.755519,20.2,4.5817228904876925,-0.111133,0.359426326996752,0
0.829098105430603,0.6767835,0.288,-0.5469,0.2844,0.323,0.0819,0.292008936405,1.495612,14.16,3.374262913646388,-0.223768,-0.306583535243545,0
0.813238441944122,0.41648614,0.155,-0.9625,0.0098,0.48,0.17,0.295450389385,2.048078,16.98,4.258556485176086,-0.193007,-0.0688724707302453,0
0.0655610039830208,0.1337201,0.528,0.4212,0.8405,0.302,0.0704,0.208011254668,0.90429,9.301,2.492285118954912,0.0736336,-0.681078221727154,0
0.721511383305578,0.41632986,0.597,0.0708,0.5434,0.21,0.6686,0.421775579453,3.068993,21.3,8.295270137488842,0.159398,0.191482307943006,0
0.405277848243713,0.31833363,0.106,-0.9116,0.0056,0.444,0.1169,0.295464217663,0.771699,8.026,3.200549379207372,-0.410859,-0.430040690306184,0
0.793179214000702,0.41877127,0.406,0.0006,0.4426,0.332,0.0815,0.28362929821,2.411326,18.61,3.4969624280929565,-0.205033,-0.0580883336701299,0
0.474043846130371,0.19244877,0.415,-0.443,0.4959,0.441,0.1086,0.22931984067,1.923588,16.39,3.6198159197778494,-0.0603755,-0.438234547695181,0
0.953505635261536,0.5469761,0.624,0.0428,0.4749,0.609,0.282,0.516844034195,3.017318,21.2,3.767102152109146,-0.0307446,0.209270463458042,0
0.111830243340034,0.13345543,0.205,-0.9131,0.0033,0.241,0.1419,0.316806077957,1.373493,13.4,3.9906700551509857,-0.322831,-0.487236212601734,0
0.509528279304504,0.16389781,0.177,-0.9266,0.0046,0.21,0.0918,0.320387065411,2.042229,16.95,4.196785658597946,-0.315616,-0.285362720548323,0
0.565434396266937,0.21418166,0.439,-0.4956,0.4403,0.291,0.1003,0.215094745159,2.086088,17.15,3.851767748594284,-0.164759,-0.342535326261554,0
0.149201974272728,0.1201486,0.12,-0.9555,0.0037,0.274,0.0877,0.326891571283,0.488044,5.34,3.580988402510679,-0.518916,-1.14000745195825,0
0.126900792121887,0.17624858,0.061,-0.9975,0.0828,0.392,0.1112,0.251434743404,0.413374,4.538,2.099858506175474,-0.465955,-0.920901992941297,0
0.420371991939194,0.38130295,0.393,-0.5677,0.2326,0.418,0.1203,0.2735709548,2.362985,18.4,4.325913574502731,0.017376,0.153758061271486,0
0.310949891805649,0.08487126,0.116,-0.9033,0.0022,0.163,0.095,0.27659112215,-0.056523,0.86,3.2757873088121414,-0.504738,-1.15801721973359,0
0.0417117575317612,0.20543087,0.08,-0.9199,0.0022,0.32,0.0788,0.245631635189,2.059387,17.03,3.067096191482757,-0.546315,-0.902929549171978,0
0.264638423919678,0.17183974,0.184,-0.9404,0.0028,0.233,0.0914,0.269577711821,1.568133,14.58,3.920746839018738,-0.401681,-1.02656027132663,0
0.119052315118747,0.15695608,0.327,-0.3822,0.52,0.322,0.0859,0.24138790369,1.676074,15.17,4.334167301654816,-0.175142,-0.433587624833794,0
0.937997996807098,0.5657987,0.285,0.0926,0.5019,0.581,0.7462,0.462287783623,7.124469,35.0,9.805217227316462,0.00116554,0.796473252999418,1
0.234231725335121,0.15920517,0.361,-0.7476,0.321,0.466,0.0979,0.265396922827,2.50147,19.0,5.172826808678488,-0.143874,-0.629625177195574,0
0.0150519390085532,0.031956315,0.326,-0.9508,0.026,0.206,0.076,0.230665370822,-1.338937,0.008,3.478014541692767,-0.322326,-1.45820584679807,0
0.0985562361180377,0.1415124,0.207,-0.8837,0.0044,0.318,0.0825,0.239501953125,0.926426,9.52,4.964626379311085,-0.441823,-0.60871358819086,0
0.556251227855682,0.21934184,0.224,-0.9112,0.1753,0.332,0.1842,0.240373313427,1.600804,14.76,3.961536051492146,-0.22577,-0.335856544036296,0
0.0815983563661575,0.38090962,0.367,-0.9523,0.2181,0.334,0.1126,0.199556544423,1.220296,12.34,1.8758311867713928,-0.240917,-0.357419733001503,0
0.0347355050005353,0.07584587,0.042,-0.9376,0.0014,0.227,0.0865,0.24237164855,0.485766,5.316,4.057653832952466,-0.561103,-1.00814237362945,0
0.0209881397530578,0.044053167,0.075,-0.9732,0.0768,0.125,0.1048,0.262598395348,-1.961318,0.002,3.494316786714021,-0.517406,-1.72968853311572,0
0.229655191302299,0.08722663,0.209,-0.924,0.0037,0.188,0.1183,0.297945916653,0.477505,5.229,3.652959084256089,-0.370707,-1.12762460535613,0
0.120073586702347,0.0689314,0.029,-0.8994,0.0025,0.161,0.0648,0.205032587051,-0.498945,0.152,3.0749296774507675,-0.602964,-1.07304138012567,0
0.0543340109288692,0.12916279,0.238,-0.908,0.003,0.232,0.0856,0.242989271879,0.420042,4.612,4.208653018383544,-0.480219,-1.02402093303762,0
0.305634766817093,0.19398642,0.552,-1.0013,0.1138,0.325,0.1356,0.23924896121,1.064066,11.03,3.60314928847974,-0.00674143,-0.26041393534203,0
0.0733205101829715,0.07175356,0.116,-0.8867,0.0037,0.177,0.0752,0.300211310387,2.107847,17.25,2.589383602142334,-0.441707,-0.321917271415554,0
0.576707065105438,0.25396734,0.309,-0.6744,0.312,0.385,0.0898,0.256525456905,2.827642,20.5,5.042019322255513,-0.188494,-0.020250899041349,0
0.0161768899167175,0.023573577,0.068,-1.0616,0.0191,0.079,0.0785,0.205457910895,-1.238448,0.011,4.180474572867096,-0.548987,-2.42751864051173,0
0.0156400415338578,0.06674132,0.281,-0.9507,0.0011,0.172,0.0723,0.231877371669,-0.345769,0.273,2.803853996476702,-0.54051,-1.19058000359051,0
0.102002218365669,0.098862976,0.138,-0.9156,0.0023,0.22,0.0979,0.302040696144,0.65235,6.947,2.898254451910105,-0.501058,-1.01363275439925,0
0.0981673080965126,0.08745152,0.203,-0.9245,0.0015,0.188,0.0963,0.282486945391,-0.271239,0.366,3.913869028306313,-0.366407,-1.0936981783004,0
0.0606289654970169,0.22660017,0.261,-0.8784,0.003,0.436,0.1123,0.270123839378,0.333731,3.645,3.3586544775376987,-0.49369,-1.26428508200324,0
0.997703850269318,0.98766375,0.94,1.0254,0.9906,0.987,0.9925,0.603759407997,4.820054,26.9,13.61981928745081,0.578201,0.842845315645938,1
0.046142965555191,0.135403,0.051,-0.8867,0.0028,0.187,0.0838,0.191604018211,0.235033,2.606,3.0210734605789185,-0.58132,-1.11410694277126,0
0.0798106342554092,0.103286386,0.179,-0.909,0.0025,0.355,0.0998,0.235511884093,1.212795,12.29,2.567017784650959,-0.467427,-0.864207003026276,0
0.847919106483459,0.4765015,0.437,-0.0409,0.6547,0.528,0.1261,0.289544463158,2.509318,19.03,3.2052724063396454,0.024734,0.0632360993390758,0
0.108006495261886,0.15566558,0.206,-0.8885,0.0018,0.307,0.0844,0.26389297843,1.221604,12.35,4.57548297983462,-0.408042,-1.0081815140404,0
0.116263265141705,0.17209521,0.203,-0.886,0.0026,0.374,0.1001,0.274893701077,1.368633,13.37,3.4623584151268005,-0.297484,-0.567078285243345,0
0.01427595410496,0.3283351,0.395,-0.9135,0.2161,0.232,0.093,0.242597639561,-0.165341,0.559,2.52098055738824,-0.0470756,-1.04399189285985,0
0.121349930763245,0.08670595,0.091,-1.0081,0.1448,0.095,0.0786,0.256154835224,0.934266,9.599,3.635166421532631,-0.352823,-0.791509013042004,0
0.0413535887078913,0.47863463,0.561,-0.5564,0.5131,0.341,0.067,0.261767148972,0.296258,3.232,4.222732382929007,-0.052467,-0.936567962603129,0
0.993375837802887,0.7444166,0.58,0.3308,0.6178,0.6,0.4944,0.448523432016,4.244953,24.7,7.210558111999003,0.0910774,0.445752378153558,0
0.888677000999451,0.38312227,0.521,0.3368,0.8452,0.473,0.1032,0.270303785801,2.569372,19.3,4.013919860124588,0.110441,0.228244475992097,0
0.919913351535797,0.47842327,0.092,-0.8977,0.0079,0.444,0.1898,0.432657420635,3.829265,23.6,4.216036021709442,-0.21825,0.485858251650867,1
0.118646562099457,0.078563124,0.229,-1.0973,0.1131,0.184,0.08,0.25723451376,-0.263539,0.378,3.518247040400172,-0.499668,-1.38993523224134,0
0.183978170075965,0.19745862,0.134,-0.8411,0.0041,0.259,0.1301,0.304442822933,1.89891,16.28,5.5173080662328085,-0.455896,-0.680961605343823,0
0.0771226361393929,0.14803034,0.059,-1.0257,0.0811,0.355,0.0793,0.340764820576,-0.180878,0.525,2.289436328677422,-0.463852,-0.965512779602567,0
0.627918839454651,0.34590015,0.589,-0.5238,0.4448,0.315,0.1338,0.32323628664,2.78225,20.3,3.1087278689274624,-0.0242587,-0.559816501455309,0
0.177104834792256,0.22725093,0.354,-0.8491,0.2551,0.429,0.089,0.29599159956,1.01052,10.45,3.1679701769118807,-0.205665,-0.118891490956466,0
0.094870774983935,0.21298403,0.463,-0.4668,0.5595,0.353,0.1189,0.245577201247,1.642221,14.99,4.212582144585388,-0.176623,-0.235375003587655,0
0.0693097154696316,0.093607396,0.264,-0.9837,0.1957,0.191,0.0773,0.237776428461,0.329096,3.594,5.4259284004677015,-0.325011,-1.13711695278929,0
0.0249574854969978,0.0582653,0.499,-0.9387,0.2333,0.392,0.0616,0.47344827652,-0.369285,0.25,3.137499362230301,-0.116034,-1.57287609155977,0
0.0979775698996791,0.14510396,0.474,-0.7196,0.3241,0.321,0.0998,0.238824740052,0.360892,3.951,2.677822455169092,-0.233126,-0.812456745758867,0
0.129068434238434,0.1923882,0.148,-0.9188,0.004,0.403,0.0909,0.268699586391,1.620483,14.87,6.962289973582776,-0.387217,-0.802134285359567,0
0.978262066841125,0.55979913,0.316,-1.1977,0.0469,0.47,0.5641,0.529978275299,4.389846,25.1,4.24438606700427,-0.0862479,0.819083938812809,0
0.401996105909348,0.27657557,0.293,-0.9603,0.2016,0.475,0.2685,0.356408119202,0.652358,6.947,3.109122689254991,-0.208289,-0.78827974369884,0
0.479775071144104,0.24678639,0.138,-0.9319,0.007,0.4,0.1653,0.227528914809,1.650475,15.03,4.110511246763252,-0.291169,-0.342006749634488,0
0.790791451931,0.22031486,0.404,-0.5329,0.4428,0.469,0.1114,0.283220380545,1.082776,11.21,5.553008271922949,-0.0732684,-0.336293712789903,0
0.0350484148619516,0.10065642,0.196,-0.8739,0.0063,0.241,0.0711,0.286212742329,0.781058,8.111,3.843606364794754,-0.362762,-0.929115846766208,0
0.912449657917023,0.54762614,0.486,0.7255,0.9554,0.501,0.0851,0.298638105392,3.707561,23.3,3.311223663941081,0.22564,0.647746718027527,0
0.842355251312256,0.6287567,0.576,0.4413,0.6616,0.683,0.1287,0.34118282795,2.762684,20.2,7.582546949386597,0.0406612,-0.0330537206457777,0
0.465362659952688,0.34893447,0.392,-0.5793,0.5281,0.24,0.0948,0.240487977862,1.566227,14.57,4.7388987455626514,-0.163057,-0.121680405340367,0
0.431190609931946,0.17392713,0.609,0.4564,0.886,0.439,0.1381,0.245790719986,2.581552,19.35,3.689413011074066,0.226777,-0.450038055989353,0
0.0784208849072456,0.10699463,0.215,-0.9223,0.0017,0.289,0.1493,0.380918174982,0.258238,2.833,3.478773726995509,-0.415136,-0.960210217296798,0
0.0945210531353951,0.10091564,0.528,-0.8458,0.2354,0.333,0.1269,0.352120876312,1.357068,13.29,3.123869009315968,-0.097375,-1.02404092094236,0
0.882491886615753,0.31954676,0.154,-0.9832,0.0052,0.425,0.142,0.328196674585,3.764552,23.4,4.222959294915199,-0.211304,0.465302522266354,0
0.114114366471767,0.12045777,0.457,-0.873,0.3192,0.416,0.0757,0.286150246859,2.307997,18.16,4.194564336965271,-0.0656678,-0.65940883093184,0
0.034971110522747,0.14516619,0.291,-0.7105,0.367,0.279,0.0771,0.260989665985,1.564908,14.56,2.6777528554382872,-0.240229,-0.746433640993577,0
0.177955910563469,0.13673806,0.222,-0.9087,0.0025,0.385,0.0649,0.276449173689,0.618059,6.627,2.726334035396576,-0.374649,-0.888005165649936,0
0.441478908061981,0.13944432,0.568,-0.8927,0.134,0.408,0.1148,0.440954655409,2.369309,18.42,2.552242159843445,0.162068,-0.556565196795875,0
0.108174697473965,0.20071542,0.457,-0.7285,0.3248,0.339,0.097,0.288573533297,0.720417,7.567,3.0577326832982594,-0.053059,-0.654989869704831,0
0.0487551295272368,0.122339964,0.16,-1.0387,0.0973,0.137,0.1269,0.20856025815,-0.418047,0.207,2.83901873878383,-0.421497,-1.32045037352479,0
0.635445833206177,0.24673402,0.152,-1.0077,0.0101,0.37,0.2174,0.276883870363,2.924613,20.8,3.900095439519594,-0.268456,-0.129782648121532,0
0.0588956680516893,0.0911732,0.088,-0.9273,0.0029,0.233,0.0736,0.252361506224,0.226138,2.523,2.544617384672165,-0.496323,-1.04072269363854,0
0.999567449092865,0.9593605,0.854,0.9036,0.8355,0.837,0.9443,0.597894668579,4.654423,26.1,15.063026867056276,0.35996,0.943441045369099,1
0.584866762161255,0.21317816,0.141,-0.9403,0.0062,0.309,0.0744,0.257759600878,1.650896,15.03,2.6048852801322937,-0.407965,-0.0873086300375353,0
0.0725423765976962,0.13668266,0.322,-0.6573,0.3504,0.295,0.0872,0.235101550817,1.530038,14.36,3.293005287647248,-0.186584,-0.661470473247063,0
0.0508546548991559,0.12878826,0.144,-0.9347,0.0035,0.272,0.0639,0.327158331871,-0.527594,0.137,2.9738570317146684,-0.486781,-0.84872230794661,0
0.860655069351196,0.39697725,0.572,-0.4356,0.5441,0.448,0.2104,0.264324963093,2.720779,19.94,3.698368481321405,-0.0378346,-0.201672413304943,0
0.0247529070050472,0.092223704,0.168,-0.939,0.0016,0.235,0.1038,0.271303981543,0.644325,6.873,2.219444786354282,-0.511111,-1.10754840392555,0
0.237957030534744,0.1300503,0.141,-1.0566,0.0714,0.265,0.1306,0.327477514744,1.487161,14.11,4.237841128857663,-0.379542,-0.830174189145592,0
0.0174856294678631,0.054638624,0.208,-0.8977,0.2189,0.296,0.0733,0.245326042175,0.171141,2.055,3.737147524952889,-0.283473,-1.28924120556612,0
0.0986192256590931,0.11342928,0.291,-0.932,0.0017,0.325,0.0774,0.305449545383,-0.267596,0.372,3.184317265121384,-0.341504,-0.931494089091404,0
0.0609301764147296,0.2689825,0.2,-0.8859,0.0042,0.349,0.2008,0.259736776352,1.266421,12.67,2.9965476989746094,-0.432395,-0.7153678062691,0
0.102378587485538,0.11342698,0.337,-0.4719,0.4615,0.311,0.0811,0.242497518659,1.343418,13.2,4.498316019773483,-0.217373,-0.708527774060046,0
0.724452376365662,0.24242005,0.103,-0.6484,0.0057,0.231,0.1227,0.471298992634,3.54441,22.8,1.9300751686096191,-0.491252,0.241572019365834,0
0.830171465873718,0.16855645,0.11,-0.9769,0.0014,0.368,0.1789,0.301118582487,1.181869,12.06,4.063628686429626,-0.449475,-0.850926366045801,0
0.0283272087889723,0.07915023,0.089,-0.9962,0.1569,0.163,0.109,0.315977156162,0.263112,2.883,3.394289332514135,-0.365514,-0.897736741425424,0
0.0664222985506058,0.13253808,0.204,-0.835,0.0039,0.229,0.1547,0.198658466339,0.743725,7.775,3.5422715585953344,-0.465624,-0.828829217394875,0
0.918940484523773,0.54496574,0.546,-0.1493,0.6101,0.393,0.1515,0.300040900707,3.2557,21.9,6.0089758997783065,0.013513,0.564196855641071,0
0.0917831177623328,0.23651847,0.559,-0.5048,0.4514,0.298,0.0824,0.257365643978,0.730642,7.658,3.774985244695461,-0.0736452,-0.579628657049199,0
0.717041671276093,0.6601485,0.597,-0.479,0.4241,0.594,0.0886,0.413113415241,1.203532,12.22,4.42508452385664,-0.123241,-0.617410670235778,0
0.331258475780487,0.17998287,0.541,-0.5713,0.4623,0.324,0.0906,0.287198424339,0.431049,4.732,3.919607788324356,-0.0557701,-0.53889703790789,0
0.499246418476105,0.277444,0.328,-0.2377,0.6452,0.447,0.0891,0.314210087061,0.99656,10.29,4.306130111217499,-0.0932746,-0.25457705044556,0
0.866007626056671,0.45278797,0.392,-0.4607,0.4404,0.412,0.0771,0.404072970152,2.223259,17.78,2.2696736454963684,-0.138422,-0.420009209250266,0
0.069284323136232,0.10677537,0.266,-0.9697,0.004,0.262,0.0719,0.229870945215,0.255238,2.803,2.798123180866241,-0.357877,-1.41348878593499,0
0.051725321777992,0.09343344,0.17,-0.9151,0.002,0.193,0.1059,0.230535164475,0.514103,5.608,2.899897873401642,-0.463268,-0.847766281979707,0
0.0614563226699829,0.103209525,0.015,-1.0545,0.0392,0.2,0.0741,0.296220928431,-0.895727,0.035,3.384131471226789,-0.529531,-1.60783952313778,0
0.0657796040177345,0.32490945,0.439,-0.543,0.5594,0.223,0.0861,0.194140911102,-0.10754,0.704,2.893661379814148,-0.116581,-1.07903465443592,0
0.0253439303487539,0.046920568,0.166,-0.9955,0.0751,0.076,0.1001,0.231853306293,-0.307064,0.318,2.479271856574138,-0.525445,-1.45127034374735,0
0.0404829010367393,0.027897358,0.15,-1.0177,0.086,0.395,0.0872,0.361063301563,1.008824,10.43,4.4591199044871495,-0.391936,-0.857230138400413,0
0.36810764670372,0.35460648,0.199,-0.8776,0.0045,0.492,0.0873,0.294793128967,1.346975,13.22,3.218365296827534,-0.278676,-0.307239656867792,0
0.183428853750229,0.23790929,0.216,-0.913,0.0032,0.178,0.0885,0.245728045702,-0.04862,0.887,2.2098637852750453,-0.502775,-0.879493885049238,0
0.337792009115219,0.24497297,0.165,-0.9445,0.0085,0.354,0.1177,0.222805768251,1.803785,15.82,2.6168752459105984,-0.284843,-0.42328650456088,0
0.0280127323626394,0.13406998,0.211,-0.8791,0.0031,0.269,0.1265,0.30062520504,-0.105378,0.71,3.432560056447983,-0.365554,-0.858949318444155,0
0.293103665113449,0.5433014,0.166,-0.9355,0.0049,0.572,0.1407,0.298715084791,0.432537,4.748,3.2385387634338443,-0.165894,-0.520539130246438,0
0.0499911569058895,0.054113895,0.398,-0.9139,0.0019,0.06,0.0658,0.238793209195,-0.81915,0.047,3.47715711593628,-0.463191,-1.58227165256595,0
0.0943727384761695,0.13922635,0.188,-0.8804,0.0019,0.145,0.1046,0.269135832787,0.143213,1.849,2.020226240158081,-0.336127,-0.692159686798823,0
0.0248117611391853,0.07639533,0.033,-1.0601,0.0759,0.153,0.2212,0.27059084177,-0.099151,0.728,2.880006965663379,-0.544579,-1.01968328905303,0
0.0150464546299238,0.07054591,0.13,-0.9515,0.2165,0.292,0.0566,0.240721091628,0.644221,6.872,4.711413861950421,-0.292557,-1.20856618603594,0
0.0661743773951078,0.1021508,0.229,-0.9111,0.0019,0.217,0.074,0.230581790209,-0.304188,0.322,4.771824048577167,-0.432124,-1.12522469231836,0
0.765244364738464,0.2607743,0.197,-0.9939,0.1386,0.359,0.1338,0.340702831745,2.418275,18.64,4.015455634646736,-0.227629,-0.457388414839322,0
0.478488568390483,0.45197836,0.838,-0.7683,0.2303,0.411,0.1316,0.386216908693,2.068314,17.07,5.922134295105934,0.0592608,0.110572984440265,0
0.173652619123459,0.1329512,0.197,-1.0434,0.0942,0.432,0.0646,0.281810104847,1.265485,12.67,2.926740347475227,-0.348542,-0.656911116973165,0
0.147701025009155,0.18653324,0.26,-0.9767,0.1661,0.25,0.0873,0.282405227423,0.386422,4.238,3.712940669128544,-0.288266,-0.857912012128158,0
0.0325214909180543,0.12721577,0.587,-1.0114,0.0519,0.175,0.0842,0.231735050678,-0.621142,0.096,3.114550918340683,-0.146311,-0.865744907862592,0
0.758010566234589,0.50049216,0.403,-0.373,0.604,0.455,0.1952,0.271116137505,1.891613,16.24,3.628017325957468,-0.0976026,-0.518132074237564,0
0.410932086454285,0.2502112,0.424,-0.2694,0.6297,0.391,0.1065,0.199144750834,1.827308,15.93,2.809850430783192,-0.068336,-0.0663117219697413,0
0.386205719784811,0.27645624,0.521,-0.1318,0.6837,0.403,0.0799,0.278084456921,2.02827,16.88,3.765623520029704,-0.0125156,-0.111307296035574,0
0.899180829524994,0.3095848,0.524,-0.7539,0.2829,0.487,0.1156,0.307342708111,2.126648,17.34,3.43554550409317,0.0664967,-0.349205560143455,0
0.182706609368324,0.11202642,0.088,-0.9548,0.0039,0.305,0.1286,0.259146779776,-0.211519,0.465,3.508415004717247,-0.5299,-1.33695386501244,0
0.005922683620667,0.03287059,0.258,-0.9078,0.1145,0.134,0.0615,0.19373062253,0.412379,4.527,2.917466847826768,-0.329467,-1.43061932693479,0
0.951832098011165,0.60288274,0.264,-1.1934,0.0488,0.554,0.9304,0.714925765991,4.62196,26.0,3.849808171391487,-0.142455,0.418314293149884,0
0.0942233885319384,0.06726259,0.39,-0.9565,0.1491,0.281,0.0807,0.265895664692,1.9642,16.59,4.043516962907345,-0.227699,-0.491487939019362,0
0.835246622562408,0.23000693,0.227,-0.8866,0.2306,0.384,0.1488,0.318415045738,1.528495,14.35,2.769872836554124,-0.226081,-0.752333656406167,0
0.0772357285022736,0.08813611,0.252,-0.925,0.0018,0.269,0.1026,0.230174541473,-0.450217,0.183,2.804097034234519,-0.502383,-1.47026403844994,0
0.194011914986651,0.12867776,0.108,-0.9164,0.0043,0.227,0.0822,0.261553943157,0.959812,9.867,4.325165751051828,-0.481506,-0.368923338640566,0
0.121362486633444,0.6329501,0.379,-0.9026,0.2148,0.521,0.1029,0.309176743031,0.492678,5.388,2.672906806503663,-0.113707,-0.696139533339175,0
0.824539124965668,0.6177498,0.5,0.011,0.4799,0.575,0.8322,0.667490959167,2.805108,20.4,8.070011041127145,-0.147944,-0.715726278214747,0
0.164896756410599,0.08754429,0.208,-0.9126,0.0014,0.199,0.08,0.204191148281,-0.950377,0.029,3.303386138403097,-0.5327,-2.05097639213209,0
0.981562852859497,0.78149164,0.767,0.2209,0.9297,0.608,0.201,0.38946968317,3.570273,22.9,3.6740602180936266,0.180723,0.44726921863588,0
0.0399855972542743,0.11168021,0.392,-0.9097,0.2384,0.237,0.0718,0.261256277561,0.144461,1.858,3.457470986820575,-0.251183,-1.1079163305515,0
0.0320787184883844,0.04543495,0.075,-1.0,0.0457,0.159,0.0973,0.247615739703,-0.599956,0.104,3.924478420798631,-0.561418,-1.37983400012571,0
0.741116583347321,0.44423336,0.163,-0.907,0.0041,0.352,0.1885,0.308438062668,1.651699,15.04,2.38208325333524,-0.307531,0.0569434648533462,0
0.0782806294926264,0.36696708,0.266,-0.8888,0.185,0.427,0.1613,0.281813919544,-0.020817,0.988,2.8190949034621275,-0.294476,-1.11371966083399,0
0.0329065628058173,0.08853036,0.06,-0.923,0.0016,0.444,0.0588,0.355862617493,0.166621,2.02,2.4892452359199524,-0.617246,-1.00559725761414,0
0.374986678361893,0.1949805,0.536,-0.9771,0.1289,0.331,0.0982,0.236583903432,0.56164,6.083,2.218860730613489,-0.0237076,-0.708795379968692,0
0.36818391084671,0.14129043,0.119,-0.9365,0.0054,0.37,0.1416,0.317228615284,1.793811,15.77,4.682446150433041,-0.477756,-0.515558427903378,0
0.075455516576767,0.14598691,0.201,-0.8675,0.0039,0.337,0.1472,0.30466324091,1.054776,10.94,3.102429282572486,-0.344875,-0.739654436707569,0
0.0622763926522192,0.10919675,0.506,-0.8628,0.3145,0.215,0.0638,0.247323706746,0.894737,9.206,3.044314075885379,-0.0830304,-0.750611329568531,0
0.0436741026525215,0.119743526,0.372,-0.9646,0.1619,0.256,0.073,0.275824904442,0.402985,4.423,3.219027228732414,-0.245624,-1.01982611338979,0
0.949358344078064,0.43914655,0.533,0.0896,0.7315,0.554,0.1304,0.33125269413,3.941065,23.9,3.5090233853898165,0.105888,0.385593892686153,0
0.0439401182295524,0.04433027,0.104,-1.0074,0.0693,0.137,0.0619,0.255891621113,-0.432118,0.196,3.824082675896403,-0.422432,-1.26821859731501,0
0.212574794888496,0.13081846,0.229,-0.8889,0.0038,0.176,0.0756,0.246223419905,1.068052,11.07,2.380061089992523,-0.300147,-0.642326361288776,0
0.0929572656750679,0.1951276,0.404,-0.8537,0.2036,0.207,0.0764,0.286129713058,1.191098,12.13,3.146272405924033,-0.175155,-0.975668580525054,0
0.0258573051542044,0.09738052,0.284,-0.9032,0.0021,0.314,0.0879,0.230207324028,-0.144117,0.608,2.354508517808803,-0.50007,-1.39018232756415,0
0.763801157474518,0.24346504,0.345,-0.2915,0.6799,0.362,0.1791,0.233973026276,0.989074,10.21,3.67217058676605,-0.22416,-0.214364940643064,0
0.648179411888123,0.48894772,0.564,0.1129,0.5676,0.513,0.0956,0.29015058279,1.763044,15.61,2.8448009192943573,-0.0498105,0.356224800386493,0
0.988652050495148,0.8861024,0.785,0.5757,0.7275,0.734,0.3237,0.584694564342,4.420308,25.2,4.306457366225847,0.212619,0.630195727860519,0
0.0649486045055261,0.06895709,0.365,-0.9415,0.0009,0.103,0.0741,0.221116617322,0.045977,1.277,3.369643646521814,-0.535037,-1.55027736037204,0
0.0521245738277644,0.14846545,0.246,-0.9483,0.2251,0.181,0.0636,0.335781306028,0.912606,9.383,6.020401590649268,-0.243203,-0.969746870161485,0
0.948610365390778,0.55012906,0.582,0.9385,0.7887,0.527,0.1194,0.307644277811,3.999281,24.0,5.085051661134463,-0.00811551,0.510082093923228,0
0.886944174766541,0.5173268,0.613,0.5379,0.7301,0.467,0.1432,0.422281950712,3.076038,21.3,2.979341208934784,0.0526588,0.102852582091753,0
0.0482264125589339,0.13155335,0.181,-0.9069,0.0025,0.349,0.1851,0.247014343739,0.414348,4.549,2.872227004749313,-0.335628,-0.960650421450748,0
0.0784931501447068,0.13508183,0.548,-0.4961,0.412,0.253,0.0835,0.286888957024,0.127573,1.743,3.8246960490942,-0.153306,-1.06644144382741,0
0.22203031553037,0.19851583,0.418,-0.742,0.3154,0.345,0.0719,0.272744238377,1.677419,15.17,3.4296582639217377,-0.102935,-0.619974855448793,0
0.158829152584076,0.19340259,0.189,-0.907,0.0023,0.45,0.103,0.296882390976,0.332677,3.634,3.523761640965479,-0.437476,-0.748539385633026,0
0.0352040520561966,0.12792408,0.325,-0.8383,0.3035,0.274,0.0961,0.253144919872,0.735658,7.703,3.511878900394433,-0.263965,-0.975679041535542,0
0.0938642548064272,0.0988521,0.288,-0.9836,0.0029,0.073,0.0839,0.222614109516,-0.45313,0.181,4.8463762402534485,-0.470571,-1.63609311719861,0
0.867985606193542,0.39578205,0.599,-0.0989,0.6704,0.433,0.1103,0.348429203033,2.032649,16.9,4.142439143369043,-0.037909,-0.0855664870099934,0
0.040220957249403,0.08492279,0.084,-0.9068,0.0017,0.121,0.0744,0.243435323238,-0.519569,0.141,4.975441977011114,-0.594757,-1.50086353951797,0
0.0257203515638029,0.12814134,0.552,-0.9408,0.21,0.363,0.0792,0.254580408335,0.666016,7.073,1.3701759576797483,-0.152556,-1.08781196390115,0
0.167057901620865,0.2174761,0.163,-0.9224,0.0032,0.336,0.1192,0.225673288107,1.20693,12.25,5.715079032116693,-0.466899,-0.814519310339962,0
0.0851890668272972,0.09920633,0.196,-1.0036,0.1466,0.233,0.0757,0.289119541645,-0.679275,0.078,3.718907621941725,-0.368054,-1.0851275228964,0
0.0931318668562928,0.21561071,0.373,-0.7004,0.3426,0.368,0.1057,0.242669120431,1.352413,13.26,2.364151838023102,-0.220726,-0.467862891954789,0
0.0289151963162073,0.11933112,0.301,-0.9026,0.002,0.316,0.0738,0.253538280725,0.224045,2.503,4.454700297144085,-0.499384,-1.42070067496169,0
0.589163661003113,0.35892105,0.281,-0.9545,0.1628,0.457,0.554,0.244468837976,2.754221,20.2,10.738758014090928,-0.238346,-0.122232723754395,0
0.938422739505768,0.33957684,0.138,-1.1397,0.015,0.332,0.1216,0.340594530106,1.959506,16.56,4.573609646749491,-0.231546,0.260909023135355,0
0.594108104705811,0.24377373,0.122,-0.8887,0.0048,0.399,0.0823,0.242261514068,1.831948,15.95,4.670133297665813,-0.388199,-0.331635227031796,0
0.936362743377686,0.32496923,0.527,-0.3206,0.5311,0.409,0.2074,0.329031705856,1.682408,15.2,3.205775922935015,0.00509654,-0.162739687725373,0
0.199340894818306,0.26005515,0.332,-0.8369,0.2221,0.417,0.1126,0.328985542059,1.155542,11.85,4.558688861884374,-0.201611,-1.01355562483947,0
0.105608477405596,0.18023491,0.425,-0.7392,0.32,0.298,0.0881,0.205936580896,0.965646,9.931,2.091080393094,-0.199907,-0.803324487306019,0
0.282993774221133,0.45503262,0.583,0.2915,0.8527,0.407,0.0685,0.223445206881,2.211273,17.72,2.852580503774945,0.0750063,0.0895574781816937,0
0.066168692758403,0.045382738,0.068,-0.9433,0.0009,0.104,0.0545,0.234390228987,-0.438734,0.191,3.2828490948018136,-0.629496,-1.42448701904523,0
0.957517504692078,0.77572143,0.514,-0.5058,0.4558,0.515,0.3509,0.393534481525,2.692876,19.82,8.123005974907159,0.0245352,0.178328646014871,0
0.0437953071375533,0.05415255,0.318,-0.9859,0.0007,0.056,0.117,0.234126731753,0.679182,7.193,3.236156553030014,-0.363953,-0.73103028556538,0
0.0736341117157477,0.09637123,0.228,-0.9141,0.0032,0.154,0.1025,0.268614202738,0.682158,7.22,2.920287641667681,-0.397025,-0.820415102969968,0
0.97484278678894,0.9305075,0.807,0.824,0.844,0.86,0.9801,0.758330702782,4.766821,26.6,13.092954289517364,0.394644,0.632939488399059,1
0.190365829308399,0.28926504,0.172,-0.8958,0.0049,0.443,0.085,0.24589407444,2.098727,17.21,4.8575044721364975,-0.316198,-0.425786799310897,0
0.929221749305725,0.3246866,0.508,-0.2591,0.5747,0.431,0.118,0.283634305,2.511383,19.04,3.870575934648514,-0.130745,-0.0018660721373468,0
0.509194791316986,0.29507887,0.415,-0.693,0.3516,0.427,0.114,0.332297861576,2.142601,17.41,2.674853496450728,-0.0992023,-0.254198676842518,0
0.958988606929779,0.5003029,0.574,-0.3222,0.5013,0.492,0.09,0.399354070425,3.171586,21.6,6.230285430677265,0.0461034,0.448443812007558,0
0.254604309797287,0.12962344,0.153,-0.8835,0.003,0.201,0.0953,0.290141642094,1.344566,13.21,3.901193827390671,-0.344651,-0.548011933842348,0
0.996210336685181,0.8172566,0.724,0.5806,0.7163,0.606,0.555,0.52624297142,4.649659,26.1,7.587911596766484,0.141044,0.864114241789453,0
0.964985132217407,0.80592656,0.739,0.7055,0.802,0.467,0.0967,0.361415147781,2.552436,19.22,5.273568730988803,0.0413848,0.606847377977812,0
0.265051573514938,0.20481443,0.139,-0.9295,0.0039,0.445,0.1104,0.269841879606,1.593488,14.72,3.762224205843909,-0.4121,-0.758051474223071,0
0.996369242668152,0.66726416,0.591,0.4641,0.6883,0.531,0.5148,0.585566878319,4.523678,25.6,10.892596618595451,0.118105,0.759267387526029,0
0.552107334136963,0.88983846,0.279,-0.9526,0.1911,0.476,0.0881,0.319734215736,1.105113,11.42,3.106371581071348,-0.214498,-0.310389819783622,0
0.049901415733225,0.046661615,0.081,-1.0029,0.1283,0.303,0.1848,0.308425009251,0.730385,7.656,3.664545443468592,-0.36209,-1.03159012837415,0
0.0445427051453524,0.14067143,0.43,-0.7813,0.3012,0.306,0.0735,0.354580193758,1.052784,10.92,3.2836833428964614,-0.115257,-0.618530940745847,0
0.63500714302063,0.2577994,0.131,-0.8386,0.0026,0.347,0.0998,0.302719712257,1.798323,15.79,3.727090984582901,-0.386231,-0.58427431867048,0
0.896451056003571,0.8280853,0.682,0.6827,0.7555,0.606,0.191,0.482681810856,3.818427,23.6,5.584221847355366,0.0505642,0.616239995146814,0
0.799530506134033,0.29901952,0.138,-1.0482,0.0152,0.392,0.0894,0.279061228037,0.790988,8.202,4.543847277760506,-0.249679,-0.230913125599111,0
0.152701076673518,0.24161023,0.636,0.1365,0.7621,0.418,0.0875,0.246667772532,1.80412,15.82,2.4719792008399963,0.0149402,-0.496377775834377,0
0.0909063518047333,0.11776096,0.546,-0.8406,0.3208,0.342,0.0655,0.273730039597,0.204162,2.326,3.2816100739872587,-0.110846,-0.877546356366205,0
0.0503220409154892,0.16259643,0.252,-0.8554,0.3317,0.154,0.0745,0.249640136957,0.035512,1.227,3.666559689682148,-0.283429,-0.76521276474193,0
0.0315989081930554,0.08886629,0.122,-1.0407,0.0558,0.214,0.0824,0.249961823225,-0.173382,0.541,2.8501192343037283,-0.460543,-1.29337221732827,0
0.0264735213259254,0.03935659,0.026,-0.9181,0.0016,0.037,0.0541,0.232797205448,-0.948257,0.029,3.606023296713829,-0.826334,-1.36240961015086,0
0.877216100692749,0.40500444,0.394,-0.2001,0.5574,0.424,0.136,0.366268754005,2.327584,18.24,3.852907473098416,-0.152275,-0.189162841790813,0
0.999815165996552,0.9636872,0.917,1.0027,0.8979,0.737,0.8279,0.568315148354,4.620727,26.0,10.259412836908057,0.507504,0.697462815487292,0
0.97459477186203,0.24821201,0.106,-0.9597,0.0038,0.371,0.4546,0.506313145161,2.622562,19.53,3.7249490699302656,-0.417666,-0.301292681008848,0
0.768353760242462,0.35212243,0.397,-0.6853,0.3398,0.438,0.101,0.214790806174,5.557989,32.0,2.838102168451986,-0.0972646,-0.110701156388514,1
0.096262326253251,0.18725586,0.12,-0.887,0.0037,0.288,0.0871,0.230447798967,0.961613,9.887,3.653492579062198,-0.445618,-0.779517542409062,0
0.19672298684475,0.260203,0.153,-0.9402,0.0038,0.387,0.1134,0.245063021779,0.952964,9.793,4.4473076412787735,-0.334631,-0.513077027150646,0
0.248912289738655,0.16569218,0.274,-0.4044,0.4793,0.353,0.0973,0.32781419158,0.971599,9.998,3.262009561061859,-0.133285,-0.672718085587213,0
0.0371824701809434,0.18232346,0.176,-0.92,0.0031,0.171,0.1279,0.162526756525,0.779834,8.1,4.386900396676581,-0.36388,-0.578157417596143,0
0.399550836860419,0.1927501,0.628,-0.8797,0.2097,0.396,0.1044,0.246763050556,1.11803,11.54,4.711886197328568,0.0926262,-0.536577717510406,0
0.90339195728302,0.41342512,0.49,-0.7748,0.2593,0.51,0.2322,0.341042309999,2.235398,17.83,5.606670057432328,-0.078481,-0.0768559455222539,0
0.0707399254039465,0.15886337,0.515,-0.7266,0.3334,0.315,0.0798,0.257163733244,0.023435,1.172,3.3865024835603683,-0.174158,-0.953516736624829,0
0.870063245296478,0.70421803,0.657,0.2908,0.6435,0.671,0.4789,0.278390228748,3.109378,21.4,9.886864269967193,0.210271,0.261648207737193,1
0.0768196216278759,0.123767495,0.14,-0.9457,0.0062,0.412,0.0814,0.260367035866,2.175904,17.56,4.960100901760558,-0.445038,-0.681294458978575,0
0.947376608848572,0.5239985,0.271,0.0714,0.4897,0.478,0.167,0.324066579342,3.096695,21.4,4.775194728459749,-0.0795994,0.429880735396241,0
0.0489532438971532,0.064195424,0.535,-0.7759,0.2618,0.143,0.0726,0.234473600984,-0.329931,0.291,2.789000988006592,-0.162127,-1.48730442740509,0
0.98827064037323,0.9322403,0.743,0.3124,0.6189,0.792,0.9339,0.560011684895,4.823846,26.9,13.512940388068197,0.351238,0.817885221093365,1
0.197133882004727,0.23132336,0.394,-0.2621,0.5894,0.459,0.1015,0.314315617085,2.025582,16.87,4.6949469447135925,-0.086779,-0.394047232735982,0
0.02045118963513,0.05411154,0.223,-0.9279,0.0019,0.183,0.083,0.261832743883,1.346341,13.22,3.619676768779754,-0.463717,-1.00712477422836,0
0.844437301158905,0.83171296,0.499,0.0956,0.7591,0.519,0.0973,0.286549389362,2.712156,19.9,5.436415575444698,0.016479,0.0062444264587125,0
0.82004588842392,0.25645918,0.304,-0.926,0.2114,0.462,0.1231,0.378291755915,1.749537,15.55,3.795715881354507,-0.0856784,-0.636484238230557,0
0.0257020145684144,0.029901236,0.429,-0.9455,0.2538,0.264,0.2414,0.271075934172,-0.589965,0.108,2.0586828394621017,-0.2506,-1.19752610299761,0
0.0347371327163346,0.074202925,0.064,-1.0045,0.0863,0.15,0.0701,0.263039767742,0.602028,6.474,4.662998043142919,-0.509511,-0.981701544838558,0
0.0712154060602188,0.056637734,0.387,-0.9375,0.0014,0.104,0.0641,0.203788727522,-0.211861,0.464,2.959131091833114,-0.394083,-1.69183400253477,0
0.0320622935067773,0.1383228,0.331,-0.9108,0.0016,0.187,0.0883,0.246412247419,-0.320305,0.302,4.30543178319931,-0.43051,-1.22662965129698,0
0.0215993583755827,0.051481307,0.076,-0.9208,0.0021,0.127,0.0661,0.226441651583,0.155657,1.938,4.923821148269811,-0.559843,-1.27706263067398,0
0.0863997042179108,0.14489827,0.179,-0.9163,0.0037,0.433,0.1044,0.25051215291,0.642271,6.853,3.413405567373609,-0.305714,-0.657254364229897,0
0.361603438854218,0.13126907,0.314,-0.9927,0.1679,0.238,0.0686,0.224441558123,-0.796381,0.051,3.5643903958791623,-0.379427,-1.57990724111904,0
0.051693828576309,0.17773944,0.289,-0.7188,0.3306,0.293,0.0685,0.292354822159,0.518132,5.649,4.387863479554653,-0.218341,-0.800105022300758,0
0.0884334427567314,0.27627403,0.289,-0.8631,0.2127,0.307,0.2339,0.29947835207,1.747289,15.53,2.2839530193549287,-0.262653,-0.923221733567929,0
0.0949857800120417,0.10546863,0.116,-0.9414,0.0017,0.298,0.1563,0.268800854683,0.245405,2.706,3.4478677197113687,-0.520803,-1.07710659479446,0
0.0728232605086215,0.14684659,0.176,-0.9401,0.0036,0.191,0.1065,0.24260315299,0.30932,3.374,5.025782085955143,-0.491074,-0.751821322091385,0
0.0658270195126534,0.18100697,0.135,-0.913,0.0026,0.239,0.1129,0.239063307643,0.470234,5.153,3.2810686379671097,-0.545344,-1.04089256989903,0
0.0303983829912375,0.15522099,0.187,-0.8751,0.0037,0.234,0.077,0.230079010129,0.832729,8.598,3.4949669607795086,-0.455354,-0.52980172341008,0
0.0290062576532364,0.1045298,0.083,-0.921,0.0023,0.139,0.1065,0.243802368641,-1.205072,0.012,2.90716308795918,-0.560345,-1.10884525642706,0
0.700674593448639,0.35470894,0.142,-0.8303,0.0044,0.39,0.1781,0.251006990671,2.004191,16.77,3.997479978350425,-0.378005,-0.142290126895764,0
0.258428168415791,0.2248806,0.135,-0.8712,0.0053,0.343,0.0895,0.28866904974,1.787399,15.74,4.568326681852341,-0.457857,-0.402978069276721,0
0.984577476978302,0.8043883,0.835,-0.4324,0.3408,0.791,0.9283,0.625118374825,3.991742,24.0,3.1300840973854065,0.493434,0.351256531399055,1
0.796527126261338,0.72150713,0.548,0.0027,0.4211,0.573,0.0734,0.531833291054,2.922515,20.8,2.62876033782959,-0.0220326,-0.0663547464439632,0
0.878839552402496,0.5844583,0.614,0.6033,0.7397,0.495,0.1227,0.459338665009,2.729348,19.97,5.12366977147758,0.0840156,0.50528391423225,0
0.0912706069576508,0.2168186,0.148,-0.9318,0.2243,0.263,0.0941,0.22414162755,0.44404,4.873,2.968682252334403,-0.278957,-0.594472860928301,0
0.11001183934765,0.27821693,0.561,-0.2044,0.5911,0.349,0.1909,0.442362248898,2.006593,16.78,6.77260035276413,0.0231354,-0.667372011259963,0
0.98611706495285,0.85189223,0.639,0.5408,0.6297,0.567,0.171,0.516515254974,3.234223,21.9,6.432066753040999,-0.0970217,0.535007465615123,1
0.232453271746635,0.37332857,0.49,-0.5586,0.4678,0.416,0.1124,0.278506189585,1.798031,15.79,2.671468141944942,-0.107731,-0.339954255500655,0
0.099755734205246,0.19202241,0.188,-0.9122,0.003,0.31,0.0757,0.284563601017,0.69225,7.312,2.5139706556402643,-0.474839,-0.850377966085421,0
0.49258103966713,0.40400308,0.696,0.7179,0.8357,0.512,0.1613,0.451395243406,3.851155,23.7,8.231162904761732,0.195515,0.189669185982622,0
0.484093487262726,0.5147541,0.511,0.1241,0.6121,0.462,0.0984,0.246198311448,4.681864,26.2,8.275627063160943,0.0115381,0.706289041427663,0
0.790820240974426,0.46168023,0.523,-0.6671,0.3373,0.397,0.1564,0.188199952245,3.050582,21.3,2.3237029910087585,-0.0131374,0.244901836539914,0
0.008470479574805,0.024044156,0.352,-0.8869,0.095,0.182,0.0696,0.256440848112,0.420091,4.612,3.4267329669341136,-0.279103,-1.26715359779866,0
0.0292784683406353,0.061853528,0.029,-1.0497,0.0394,0.108,0.09,0.249869778752,-0.358963,0.26,2.6483148630623248,-0.593197,-1.7020161715276,0
0.957976758480072,0.423114,0.49,-0.1707,0.6454,0.398,0.1532,0.311858952045,1.640491,14.98,4.703962654646634,-0.0218274,-0.0644383767116486,0
0.413310468196869,0.37767223,0.532,-0.4332,0.3171,0.299,0.0863,0.325262784958,0.633954,6.776,4.191941499710083,-0.144239,-0.152271507105738,0
0.754499852657318,0.20468521,0.155,-0.9905,0.0055,0.355,0.097,0.327172338963,2.615337,19.5,3.3180368341116484,-0.264633,-0.341157857604245,0
0.517840802669525,0.34256664,0.192,-0.8809,0.0022,0.283,0.0976,0.234086066484,1.984901,16.68,5.113491458996034,-0.380557,-0.769711115279095,0
0.0129201439577091,0.0360685,0.563,-0.2514,0.5933,0.184,0.0584,0.179377883673,-0.758417,0.058,2.8145184093862,-0.101719,-1.53751545435196,0
0.984281182289124,0.9145,0.694,0.8608,0.8549,0.8,0.8814,0.545271277428,4.2445,24.7,8.5615688500111,0.0417362,0.755719943455581,0
0.993000030517578,0.5180883,0.644,0.1082,0.4688,0.677,0.3911,0.518848598003,3.684891,23.2,3.4363754987716675,0.00082181,0.465759127635236,0
0.999506115913391,0.98535293,0.912,1.0578,0.9144,0.865,0.8757,0.656322777271,4.700023,26.3,12.976684568265496,0.538683,0.866617628189393,1
0.961515128612518,0.35998243,0.208,-0.2887,0.3634,0.41,0.0914,0.405322492123,4.308787,24.9,2.436106049826884,-0.0295842,0.674617717512773,0
0.602262020111084,0.37024686,0.311,-0.6825,0.3388,0.433,0.0685,0.285044103861,2.836111,20.5,3.882649429142475,-0.182537,0.0304160714186287,0
0.0194470752030611,0.07010132,0.105,-0.9161,0.0017,0.204,0.1449,0.199801683426,-0.726196,0.065,2.835925535668164,-0.593472,-1.39940712962371,0
0.87593138217926,0.3094448,0.436,-0.2756,0.6295,0.344,0.259,0.301765739918,1.328008,13.1,4.30187414586544,-0.000767774,-0.530630354411236,0
0.999090433120728,0.7667575,0.607,-0.3136,0.3879,0.421,0.1884,0.456138372421,2.992731,21.1,4.224835455417633,0.27477,0.262917463682688,0
0.0438488170984799,0.15891197,0.544,-0.8488,0.3047,0.501,0.0986,0.258255630732,0.445206,4.886,3.241240108774226,-0.146854,-1.11710886249193,0
0.148114660178107,0.22463092,0.201,-0.9225,0.0036,0.281,0.104,0.270447075367,-0.791405,0.052,3.2856266765847586,-0.47883,-1.2587277784928,0
0.0154386407760557,0.11517614,0.559,-0.1635,0.721,0.289,0.1243,0.317961573601,1.422106,13.71,3.363710105419159,0.0320603,-0.66495272875405,0
0.0263955146074295,0.08938348,0.048,-0.8549,0.003,0.172,0.0737,0.22846955061,-0.795503,0.051,3.679274791613171,-0.614455,-1.24323204661016,0
0.98505300283432,0.87045336,0.659,0.6249,0.7394,0.5,0.1921,0.434398829937,3.23957,21.9,7.476690238394189,0.306721,0.697729767641764,1
0.948616921901703,0.8350612,0.687,0.6524,0.9418,0.649,0.2278,0.356937229633,4.172539,24.5,4.491947955755327,0.242228,0.645834896540871,0
0.9966059923172,0.98548293,0.9,1.0936,0.9678,0.904,0.9976,0.641402959824,4.922639,27.5,13.860250593861563,0.53302,0.719123343000223,1
0.654529809951782,0.21892744,0.493,-0.5735,0.4137,0.344,0.1155,0.36658090353,2.856694,20.6,4.020184695720673,0.0319898,-0.0741715074860623,0
0.758846879005432,0.27084225,0.192,-0.8749,0.0039,0.416,0.1022,0.305722802877,1.655441,15.06,4.65625988832423,-0.29099,-0.26662196196453,0
0.918459236621857,0.26537067,0.171,-0.8719,0.0037,0.361,0.0758,0.275661528111,2.692673,19.82,4.849583998322487,-0.401257,-0.0990203730019127,0
0.290565878152847,0.14580706,0.108,-1.0124,0.1018,0.163,0.1945,0.280427664518,-0.215143,0.458,3.435522421824865,-0.460167,-1.06564619383893,0
0.155459107231346,0.21467096,0.458,-0.4859,0.3792,0.354,0.0982,0.348358929157,1.950611,16.52,5.441999381922517,-0.109462,-0.0131460868716972,0
0.12692593193862,0.11268571,0.291,-0.8444,0.3259,0.218,0.0698,0.197166591883,0.619928,6.644,3.719253981272332,-0.293779,-0.48759888742138,0
0.742689907550812,0.34658104,0.546,0.2184,0.7339,0.437,0.0954,0.37378975749,2.201569,17.68,3.738049367053743,0.0776821,0.296755721204326,0
0.960102796554565,0.5619065,0.541,-0.1365,0.69,0.506,0.1451,0.279610335827,0.213242,2.405,3.25413094007255,-0.0548472,-0.313299380009318,0
0.0263583819600697,0.24988809,0.321,-0.9695,0.1863,0.415,0.1044,0.232949152589,1.129895,11.64,2.5403615472437657,-0.232923,-0.870131378530804,0
0.0762588502060932,0.16657367,0.269,-0.905,0.0039,0.317,0.1355,0.206693843007,0.487032,5.329,4.709381166560277,-0.421869,-0.952735519421258,0
0.126567259430885,0.105649024,0.371,-0.9902,0.1681,0.315,0.1031,0.291152626276,0.713112,7.501,1.5542895106579806,-0.174436,-1.00209172107252,0
0.0165047740207936,0.17039493,0.237,-0.9089,0.149,0.35,0.2968,0.273757576942,0.439323,4.822,4.852253810471427,-0.359531,-0.9439076326253,0
0.847127735614777,0.44766554,0.648,0.2573,0.8224,0.485,0.2572,0.312906712294,2.377659,18.46,3.687505289360411,0.117228,-0.0571352841929424,0
0.386928051710129,0.1971564,0.056,-1.0016,0.0791,0.426,0.1892,0.43388915062,1.062367,11.02,3.5270414350478045,-0.397912,-0.681055073678049,0
0.996213853359222,0.73176366,0.683,-0.1746,0.6449,0.691,0.5951,0.369140207767,2.210684,17.72,4.38905427325145,0.184162,0.0691151990348944,0
0.998777449131012,0.97238237,0.826,0.7616,0.7873,0.831,0.9707,0.614233970642,4.574195,25.8,13.591258765932666,0.415752,0.83037928938154,1
0.0795271557512088,0.20877403,0.647,0.0187,0.7251,0.303,0.1737,0.275994509459,0.003493,1.086,3.2073463201522827,-0.000303118,-0.704777445828167,0
0.102261893535565,0.15092948,0.549,-0.2171,0.5883,0.318,0.0943,0.236454293132,1.421504,13.71,2.9889820091292667,-0.0134365,-0.672230045947921,0
0.0532203878688867,0.045905292,0.031,-0.9337,0.0013,0.17,0.081,0.317164361477,-0.928375,0.032,3.0785699950862897,-0.621521,-1.31100972136791,0
0.973110318183899,0.8606538,0.606,0.5749,0.7093,0.485,0.1349,0.419592261314,3.45,22.5,6.061207962194708,0.101868,0.642844200098834,0
0.059322714805603,0.14467373,0.248,-0.9315,0.0019,0.276,0.1387,0.242814958096,-1.241846,0.011,2.1314183037166936,-0.437013,-1.25178232303003,0
0.455877482891083,0.4139599,0.557,-0.2621,0.6213,0.398,0.1094,0.257232874632,1.682116,15.2,4.014783391936137,-0.0500798,-0.223750781057794,0
0.539958477020264,0.24376163,0.489,-1.01,0.0764,0.457,0.1231,0.277295768261,1.948974,16.51,6.158833891153336,0.0247028,-0.621593060620904,0
0.0570678063757296,0.12434816,0.073,-0.8942,0.0028,0.376,0.068,0.255533158779,0.059105,1.343,3.6238101029439975,-0.537523,-1.06477386125225,0
0.625522375106812,0.36940742,0.159,-0.9956,0.0097,0.42,0.1536,0.311718523502,2.018931,16.84,3.976846188101006,-0.299517,-0.0738558835712912,0
0.130768942169995,0.31289303,0.253,-0.88,0.0023,0.171,0.091,0.263639509678,1.33112,13.12,2.597083494431938,-0.503876,-0.757958645476602,0
0.142838209867477,0.09019336,0.054,-1.0819,0.0685,0.194,0.0788,0.26676890254,0.463994,5.087,2.737340662873776,-0.495224,-1.21746588692204,0
0.249203905463219,0.121346235,0.277,-0.9882,0.1714,0.214,0.0828,0.246797606349,-0.938249,0.03,4.738783942116063,-0.345643,-1.78639614190601,0
0.984440326690674,0.9536451,0.918,1.0921,0.9703,0.745,0.9102,0.514417350292,4.348901,25.0,8.541514052829362,0.482009,0.735274452281174,0
0.177700594067574,0.15472037,0.266,-0.8843,0.0021,0.356,0.0614,0.26095032692,1.55763,14.52,3.1514534747751366,-0.479769,-1.06328420966766,0
0.0430859357450476,0.045036584,0.14,-0.9331,0.0013,0.095,0.0687,0.183957248926,-0.100769,0.723,3.590657666325569,-0.538326,-1.53796490156941,0
0.15143715894636,0.1841341,0.236,-0.7527,0.2651,0.237,0.1005,0.253232359886,1.562729,14.55,4.6661067248752826,-0.264064,-0.647266637791829,0
0.387344241142273,0.2132813,0.148,-0.8558,0.0031,0.261,0.144,0.268438011408,1.754338,15.57,4.031256973743439,-0.333984,-0.364839709838596,0
0.0150656158264662,0.0065045655,0.334,-0.9407,0.0023,0.209,0.0786,0.240238144994,-0.234322,0.424,2.480868140856425,-0.211414,-1.39502937928443,0
0.500266015529633,0.24794921,0.534,-0.7271,0.3335,0.261,0.0911,0.228011459112,1.93183,16.43,3.97328203022348,-0.127644,-0.44001852476064,0
0.313654601573944,0.1615746,0.383,-0.3302,0.5039,0.248,0.1011,0.245792225003,1.671663,15.14,3.479713350534439,-0.174115,-0.397346627809787,0
0.018582190470559,0.15150294,0.38,-0.6948,0.319,0.354,0.1039,0.29849588871,0.55723,6.04,3.2533985674381256,-0.219917,-0.834634789268181,0
0.0297516947838889,0.045533836,0.368,-0.9541,0.0011,0.094,0.052,0.266559690237,0.132251,1.774,4.126290798187256,-0.393564,-1.65440311326644,0
0.0513492934405804,0.1445877,0.243,-0.8964,0.0023,0.426,0.0862,0.282168269157,0.168524,2.035,2.3348175287246704,-0.363432,-1.12956130436374,0
0.380243909881217,0.24749857,0.485,0.1346,0.7563,0.371,0.0804,0.222912430763,1.1649,11.93,3.102872967720032,-0.0396729,-0.286182392476227,0
0.0456921185855035,0.118691474,0.201,-0.9944,0.1077,0.186,0.502,0.310356318951,0.170463,2.05,2.650735518876332,-0.397341,-1.01244168139233,0
0.0309382457421749,0.05935219,0.088,-0.9165,0.0016,0.126,0.1031,0.198889970779,-0.49843,0.153,2.758980877445656,-0.574147,-1.36200803272875,0
0.772018015384674,0.26055235,0.135,-0.9069,0.0051,0.356,0.1727,0.278168261051,2.706696,19.88,4.336992055177689,-0.292109,-0.157331525662689,0
0.985655546188354,0.38966998,0.16,-1.1595,0.0171,0.474,0.5027,0.481050789356,4.287016,24.8,2.3935555472958514,-0.140974,0.786200354372477,0
0.857033014297485,0.30565202,0.506,-0.6851,0.1875,0.381,0.1736,0.247445434332,2.841802,20.5,5.70799699934756,0.0136096,0.0681661423396284,0
0.211873189772827,0.23430258,0.257,-0.8399,0.2132,0.393,0.1233,0.259302735329,0.442752,4.859,2.877183177718783,-0.260167,-0.597904088647538,0
0.999209523200989,0.99174935,0.932,0.9542,0.9936,0.944,0.9926,0.785163521767,5.131873,28.7,12.083426356650309,0.57077,1.02349914216731,1
0.425478994846344,0.24221084,0.526,-0.0786,0.6526,0.323,0.1003,0.274494230747,2.329155,18.25,4.582393929362297,-0.0254455,0.0180248999355202,0
0.909146368503571,0.32295984,0.531,0.0283,0.7031,0.539,0.0973,0.252047896385,2.402817,18.57,3.99586421251297,-0.00498342,-0.0343749581376839,0
0.239728763699532,0.34838498,0.516,-0.4637,0.3835,0.383,0.0904,0.275802850723,2.475308,18.88,4.515198557096874,-0.135269,-0.112432810504568,0
0.0358653329312801,0.09176302,0.503,-0.8876,0.3513,0.276,0.1123,0.250019431114,-0.371175,0.248,2.119350396446591,-0.222284,-0.850512779646244,0
0.017901546316406,0.089444935,0.511,-0.627,0.3168,0.036,0.0581,0.216032087803,-1.498612,0.005,2.1091076135635376,-0.133515,-1.73700602395263,0
0.958505272865295,0.7306057,0.536,-0.5559,0.298,0.386,0.1584,0.282406955957,2.735433,20.0,6.598073422908783,-0.0983654,-0.0360109505488901,0
0.983891546726227,0.96421874,0.764,0.5975,0.7195,0.73,0.6585,0.621333241463,3.481091,22.6,7.552890008315444,0.102933,0.464382816117951,0
0.196552753448486,0.12571457,0.253,-1.0213,0.1422,0.295,0.0648,0.258505582809,-0.008041,1.038,3.472171719055516,-0.380073,-1.04673601467569,0
0.130556613206863,0.20495135,0.097,-0.8946,0.0026,0.188,0.0785,0.215902298689,0.381548,4.184,2.7320396155118942,-0.508774,-0.661237533820708,0
0.0440795594340205,0.08122975,0.071,-0.9757,0.0583,0.268,0.1051,0.308073937893,-0.08755,0.762,2.6835798339492207,-0.496323,-1.48839030057157,0
0.454789102077484,0.20594385,0.562,-0.5082,0.4595,0.356,0.0842,0.281727254391,0.686726,7.262,3.880796641111374,-0.0937329,-0.740501130491418,0
0.11784720803188,0.09730643,0.205,-0.9072,0.0014,0.23,0.0907,0.215966433287,0.896943,9.228,4.101430300881908,-0.383438,-1.02139891354207,0
0.201411172747612,0.37286976,0.519,-0.6926,0.3416,0.389,0.1047,0.23125270009,0.998773,10.32,4.225863575935364,-0.0268483,-0.391271357849659,0
0.0506407369126164,0.07853219,0.244,-0.9286,0.0018,0.187,0.0705,0.246795117855,-0.1939,0.499,3.980881968948041,-0.438889,-1.19118350010318,0
0.10485602915287,0.12901676,0.203,-0.958,0.1676,0.269,0.1302,0.329596996307,1.100678,11.38,4.480153431121077,-0.331326,-0.834973872987388,0
0.269580334424973,0.20702904,0.535,-0.5023,0.4721,0.337,0.1727,0.233993053436,0.646494,6.893,4.409422146976333,-0.10727,-0.796845115634022,0
0.972145974636078,0.62647814,0.468,0.0668,0.4808,0.498,0.1703,0.413306057453,4.264421,24.8,4.547303275766466,0.0258713,0.657275327674178,0
0.0528578571975231,0.16627327,0.557,-0.0299,0.7951,0.362,0.0852,0.269694328308,0.867544,8.938,3.219733509460908,0.116999,-0.839857652467914,0
0.0568123271658813,0.12771505,0.378,-0.9368,0.2613,0.308,0.115,0.229138672352,-0.042272,0.91,3.36904546170462,-0.271235,-1.1644268707526,0
0.180446803569794,0.22351071,0.136,-0.9034,0.0026,0.391,0.0854,0.269567251205,0.391667,4.297,2.811291595493205,-0.459051,-0.851217647352723,0
0.540121376514435,0.47266164,0.526,-0.4329,0.4196,0.369,0.1019,0.258265078068,1.374859,13.41,4.072663098292536,0.0350841,-0.282353667671852,0
0.249889746308327,0.15445921,0.209,-0.8056,0.0023,0.222,0.1041,0.254928588867,1.912662,16.34,3.6875731348991394,-0.326826,-0.161604015133753,0
0.137830123305321,0.32952166,0.456,-0.3114,0.4475,0.469,0.0937,0.395033240318,2.738844,20.1,4.631816888228059,-0.100002,-0.0989784514259993,0
0.119112849433504,0.13354439,0.217,-0.8811,0.0024,0.157,0.0967,0.2661703825,1.020562,10.57,4.362617075443268,-0.383971,-0.73651356630539,0
0.0246273550570592,0.07102376,0.558,-0.7903,0.2505,0.118,0.0865,0.209073394537,0.010028,1.113,3.685381054878235,-0.13483,-1.20332844624562,0
0.756384611129761,0.26086754,0.128,-0.9197,0.0032,0.426,0.13,0.428239703178,2.245036,17.87,3.680814753953807,-0.415722,-0.541052172732806,0
0.570219278335571,0.20731676,0.192,-0.9774,0.0036,0.294,0.0939,0.273141354322,2.402794,18.57,4.007977983591431,-0.377297,-0.329371542615758,0
0.234239041805267,0.22060645,0.491,-0.5882,0.3689,0.293,0.0949,0.250121057034,1.046163,10.85,4.42974932630114,-0.130942,-0.407557677062005,0
0.845809102058411,0.13278398,0.147,-0.9314,0.0028,0.189,0.1401,0.282870382071,-0.291304,0.339,3.2013901561115348,-0.535327,-1.23506606836227,0
0.0445945748025938,0.063685,0.25,-0.9113,0.0023,0.176,0.0886,0.212037473917,0.965544,9.93,3.1391001081133822,-0.367237,-0.950359255457449,0
0.0290448291813128,0.07035285,0.063,-0.943,0.0013,0.127,0.0622,0.306284278631,-1.218631,0.012,3.8560761206689262,-0.642448,-1.40578336077363,0
0.766513514822277,0.1911684,0.529,-1.0299,0.1278,0.585,0.1454,0.295829355717,3.641581,23.1,3.830051600933075,0.21692,-0.409719174327392,0
0.581954866713263,0.6650866,0.637,-0.2776,0.4106,0.663,0.1584,0.502093672752,2.483052,18.92,1.788395881652832,0.166405,0.197906524829527,0
0.673356533050537,0.343488,0.43,-0.1142,0.3625,0.263,0.0735,0.303428381681,3.250533,21.9,3.289034669387892,-0.133767,0.148372871741629,0
0.0230516952979763,0.03118071,0.246,-0.9177,0.118,0.279,0.0549,0.255603045225,-0.838905,0.043,2.5720279431170594,-0.401161,-1.78982787993515,0
0.0588496108985871,0.119339585,0.173,-0.9853,0.1252,0.278,0.1256,0.21513491869,0.963389,9.907,5.2676485552435945,-0.377876,-1.05070203836296,0
0.925789594650269,0.90910476,0.777,0.717,0.799,0.784,0.1774,0.552562594414,3.736959,23.4,9.409966490292092,0.195502,0.701745039781411,0
0.234500229358673,0.20090398,0.175,-0.9416,0.1901,0.322,0.3286,0.36560767889,1.209693,12.27,9.638513125153036,-0.30504,-0.948250945601578,0
0.367302596569061,0.13186076,0.188,-1.0038,0.0026,0.318,0.1567,0.237559586763,0.358826,3.928,3.310853869590094,-0.370224,-1.1203207447602,0
0.0644538883703806,0.111724615,0.064,-0.887,0.0023,0.25,0.064,0.270752251148,0.295508,3.224,2.918649502400818,-0.499612,-1.14608269053831,0
0.993402540683746,0.9290881,0.758,0.6959,0.7944,0.819,0.4239,0.485010176897,4.351049,25.0,7.498335973359644,0.373101,0.755074039544636,0
0.479999572038651,0.12083539,0.225,-1.0135,0.082,0.339,0.1191,0.317723751068,0.239927,2.653,2.9352681711580053,-0.327065,-0.900555565478879,0
0.245263069868088,0.28832692,0.348,-0.8471,0.2336,0.247,0.1545,0.261255949736,1.563808,14.55,5.058197155594826,-0.229392,-0.663061741971092,0
0.871669232845306,0.585884,0.625,0.8976,0.8667,0.6,0.1585,0.603431403637,5.048723,28.2,8.213872879743576,0.199952,0.743261291040352,0
0.0659444481134415,0.044727832,0.256,-0.8983,0.0012,0.163,0.0897,0.242522478104,-1.007179,0.024,3.2342676520347595,-0.506872,-1.70801223196299,0
0.907082796096802,0.3451453,0.408,-0.2652,0.3506,0.283,0.0985,0.296535789967,2.205608,17.7,3.662504612722064,-0.124944,0.0091468373314702,0
0.315559330957265,0.11859116,0.244,-1.2285,0.0344,0.468,0.35,0.555913031101,4.909472,27.4,7.094266884028912,-0.15738,0.814937210422076,0
0.224456691315203,0.15527368,0.081,-1.0601,0.0853,0.236,0.0836,0.299536347389,0.833376,8.604,4.392788451431903,-0.445556,-0.391506656896434,0
0.0588350786866723,0.18496627,0.211,-0.9166,0.0022,0.265,0.1225,0.20579379797,0.250048,2.752,4.3769882160298295,-0.496656,-0.755951518149781,0
0.0218579135835171,0.07084483,0.414,-0.5164,0.4205,0.279,0.0732,0.24580219388,-0.455821,0.179,2.52501720796477,-0.252722,-1.70289299962777,0
0.622584342956543,0.21076307,0.14,-0.8637,0.0037,0.293,0.1163,0.237403646111,1.285194,12.81,3.974178791046143,-0.30045,-0.420697197832085,0
0.74740469455719,0.47728124,0.671,0.3325,0.8514,0.508,0.0785,0.320041000843,2.666883,19.72,4.052273675423519,0.107828,-0.177761828736888,0
0.437431037425995,0.23709014,0.136,-0.8955,0.0043,0.351,0.1413,0.440308213234,1.535534,14.39,2.842150693639029,-0.339147,-0.256778334825462,0
0.619274973869324,0.34117153,0.205,-0.9704,0.1109,0.346,0.1329,0.286245077848,2.784875,20.3,4.474274594606575,-0.236327,-0.0965298365229124,0
0.0836956558045397,0.12537187,0.239,-0.8835,0.003,0.229,0.0764,0.280000299215,0.406836,4.466,3.304796767237129,-0.46501,-0.868587916481178,0
0.0732176080346107,0.1203295,0.265,-0.9506,0.144,0.23,0.0876,0.223712682724,0.57748,6.238,3.1051978994753338,-0.331599,-0.765714454931027,0
0.943957328796387,0.71006656,0.195,-1.0264,0.0105,0.569,0.2381,0.304164648056,2.462081,18.83,7.1814694871241205,-0.228647,0.138797757875753,0
0.129738477945692,0.38694194,0.383,-0.8814,0.2547,0.465,0.1206,0.291623711586,1.985061,16.68,5.291278157543306,-0.119962,-0.587999197400811,0
0.0974098059070268,0.15006417,0.552,-0.6617,0.3384,0.25,0.1077,0.264741957188,0.804903,8.332,3.1637350618839264,-0.129938,-0.767726021531641,0
0.810435116291046,0.4572801,0.569,-0.3601,0.5654,0.454,0.0966,0.333505541086,3.066622,21.3,4.002700684011131,0.0690986,-0.0149277658060814,0
0.0423033923222036,0.09014058,0.185,-0.9443,0.0035,0.123,0.0781,0.255504488945,-0.130541,0.642,3.2599710822105408,-0.417762,-1.05933170514944,0
0.0565334377549652,0.38213176,0.18,-0.9583,0.1491,0.26,0.0493,0.324434638023,0.640447,6.837,2.587638732458988,-0.317918,-0.907145609950418,0
0.98619544506073,0.9263324,0.742,0.797,0.8037,0.573,0.4275,0.423442006111,4.208597,24.6,4.632419385370121,0.112528,0.717969442172165,0
0.839740872383118,0.36630183,0.122,-0.946,0.0057,0.363,0.1147,0.252445101738,1.901141,16.29,3.3852138645282275,-0.304786,-0.445393808401654,0
0.102963347410009,0.13191023,0.146,-0.9234,0.1855,0.393,0.0901,0.265253067017,0.307034,3.349,3.5422111459091137,-0.332292,-0.630148319696527,0
0.94389420747757,0.15296361,0.082,-0.9631,0.1462,0.293,0.0878,0.258524477482,0.580445,6.267,2.90597201027182,-0.396261,-0.900287951145299,0
0.105208247169049,0.22149411,0.151,-0.9034,0.004,0.404,0.072,0.363375604153,2.075572,17.1,3.041318655014038,-0.290298,-0.384618497636429,0
0.9505335688591,0.77365685,0.751,0.6292,0.7313,0.754,0.1884,0.576497077942,4.358021,25.0,3.6771942343853614,0.243426,0.773346078716122,0
0.0591205768287182,0.11427027,0.215,-0.9133,0.0026,0.231,0.0969,0.259957164526,-0.26363,0.378,3.5523678550112168,-0.439921,-0.916156920441529,0
0.156391471624374,0.33302808,0.353,-0.7384,0.315,0.441,0.1031,0.278635501862,1.570284,14.59,5.707462569698691,-0.197858,-0.88796220429329,0
0.820884585380554,0.465482,0.502,0.2519,0.6249,0.309,0.1097,0.421762228012,4.156004,24.5,5.393227421521126,-0.0721557,0.669789206749402,0
0.995481610298157,0.68445843,0.731,0.1976,0.5608,0.508,0.1262,0.399716258049,3.598743,23.0,3.957946687936783,0.138632,0.375282599119964,0
0.550827980041504,0.3607076,0.168,-0.8629,0.1064,0.382,0.1018,0.386398553848,2.510687,19.04,2.639073211443399,-0.377382,-0.0671539617686057,0
0.987416088581085,0.43851855,0.158,-1.1646,0.0157,0.488,0.3156,0.315912932158,3.566927,22.9,3.4115154684647733,-0.137785,0.574677596666492,0
0.350285977125168,0.20520651,0.175,-0.8877,0.0035,0.273,0.1873,0.297000199556,1.990187,16.71,3.1739842295646667,-0.361414,-0.504186326428868,0
0.0130901748202483,0.031528443,0.432,-0.8918,0.0013,0.052,0.0581,0.208448916674,-1.258904,0.01,2.961682915687561,-0.440314,-1.88420778298657,0
0.0817915424704552,0.14795715,0.25,-1.0445,0.0926,0.455,0.6693,0.434427559376,0.517884,5.646,2.7148452144098045,-0.161643,-1.11993655636213,0
0.18990983068943,0.3439273,0.174,-0.9036,0.002,0.363,0.1207,0.251408994198,0.692189,7.312,3.5545631469668653,-0.403019,-0.817359093219296,0
0.0493382729355962,0.17627221,0.125,-0.9728,0.151,0.361,0.0758,0.277821630239,0.034948,1.225,3.551600026574037,-0.355451,-1.15580163333154,0
0.0402290932834148,0.11422032,0.33,-0.9219,0.1573,0.235,0.0678,0.273065209389,0.761464,7.934,3.114891171455384,-0.230757,-0.872549584418207,0
0.971197962760925,0.81346244,0.592,-0.1977,0.4621,0.556,0.8825,0.447777956724,3.578297,22.9,9.718999023044129,0.00402179,0.138311682792365,0
0.0251928056645832,0.1366559,0.221,-0.915,0.0033,0.241,0.1099,0.255847543478,0.804759,8.33,3.808904856443405,-0.335971,-0.769053487464395,0
0.930956423282623,0.4706885,0.187,-0.5503,0.2894,0.441,0.0976,0.32390755415,3.959885,23.9,0.239896975069036,-0.179917,0.5745705664677,0
0.114088982343674,0.20099393,0.31,-1.0218,0.1001,0.513,0.0862,0.294475018978,0.895062,9.21,3.199715424039563,-0.213219,-1.11707479468302,0
0.033747064652675,0.066577464,0.097,-0.8943,0.0034,0.19,0.0882,0.240996226668,-0.198606,0.489,2.9790562342534783,-0.554599,-1.3225056933615,0
0.0271275828551011,0.048630297,0.561,-0.6271,0.4559,0.25,0.1036,0.252161920071,1.186201,12.09,3.393932364979864,-0.166495,-1.47105933071611,0
0.673835192395812,0.38320908,0.342,-0.2551,0.6481,0.432,0.0954,0.286933481693,1.907995,16.32,5.118139544576616,-0.0874879,-0.129191877496544,0
0.0843474102533264,0.06643814,0.098,-0.8822,0.0024,0.125,0.0736,0.282316535711,-0.444523,0.187,3.519441455602646,-0.582058,-1.56842759213146,0
0.0745179611582989,0.15164396,0.046,-0.9217,0.0028,0.198,0.081,0.432983219624,0.153957,1.926,3.432115243368417,-0.529083,-1.02128416355202,0
0.99785041809082,0.9274924,0.821,1.0227,0.9843,0.785,0.9308,0.643219470978,4.922223,27.5,8.726471349829808,0.56,0.926790221261851,0
0.0736219510436058,0.11801362,0.156,-0.9123,0.0019,0.233,0.0777,0.180402219296,0.045666,1.276,3.3620729307817223,-0.555475,-1.48776469316747,0
0.0606134099292874,0.0926635,0.074,-0.9453,0.0021,0.169,0.0746,0.275012284517,0.256125,2.812,2.7824378196801733,-0.528143,-1.16288502846807,0
0.158314794301987,0.15534022,0.135,-0.9393,0.0043,0.182,0.077,0.32362228632,1.243591,12.51,4.296766430139542,-0.43582,-0.346181511013983,0
0.0504457649709937,0.06945062,0.107,-1.0327,0.0817,0.216,0.1124,0.225626975298,0.186442,2.177,3.587124716346337,-0.394854,-1.34413747281081,0
0.0502812051056221,0.18244511,0.185,-0.9022,0.0032,0.411,0.1233,0.246975600719,0.208393,2.363,3.688443160234709,-0.464397,-1.18651936551388,0
0.399721304910598,0.23793375,0.561,0.4894,0.888,0.46,0.1198,0.292347729206,2.395923,18.54,4.8333078026771545,0.130728,-0.327085940009468,0
0.134541675448418,0.13801095,0.464,-1.0155,0.0979,0.312,0.1022,0.284400761127,1.052143,10.91,3.96108016371727,-0.0116158,-0.358873102621707,0
0.0340487725939348,0.07578844,0.097,-0.9189,0.0037,0.149,0.0943,0.280639946461,0.253812,2.789,4.930116006378885,-0.519646,-0.835449323919094,0
0.0357889036825388,0.05716136,0.181,-0.9439,0.001,0.169,0.09,0.249771401286,-0.03595,0.932,3.449882780278197,-0.5053,-1.11607972910847,0
0.143273602326219,0.10292548,0.133,-0.9235,0.0039,0.231,0.1012,0.329758107662,0.423051,4.645,2.6713618187978545,-0.477372,-1.25049277817601,0
0.77797520160675,0.3369329,0.285,-0.6642,0.2714,0.359,0.2319,0.396878063679,1.438877,13.81,3.278670504103739,-0.246121,-0.203875000129097,0
0.0775169059634209,0.21317372,0.226,-0.9199,0.0022,0.382,0.1233,0.223275959492,0.016907,1.143,2.982667631216007,-0.394868,-0.901511630661869,0
0.386101198965466,0.63632363,0.72,0.4624,0.6951,0.756,0.436,0.798079252243,4.465531,25.4,7.386463930830359,0.0859889,0.405012566446439,0
0.968954145908356,0.49490252,0.122,-0.9738,0.0096,0.481,0.3012,0.472505390644,2.805058,20.4,4.455729266603845,-0.223437,0.421254886936525,0
0.0386430414480757,0.11616337,0.193,-0.8957,0.0024,0.153,0.0572,0.272723764181,0.364664,3.994,3.352152854204178,-0.380426,-1.03398196749691,0
0.987002611160278,0.21906847,0.113,-0.9525,0.0068,0.379,0.1217,0.273945808411,3.196464,21.7,4.731341062809604,-0.317356,-0.0285509297421135,0
0.0646026930164132,0.26791298,0.399,-0.4947,0.4178,0.427,0.0953,0.256228864193,0.622608,6.669,2.068537652492523,-0.15052,-0.62802238479215,0
0.41978404335196,0.22467473,0.471,-0.2302,0.6572,0.079,0.1071,0.295210033655,1.333552,13.14,6.2359974309802055,-0.0176845,-0.363259620919536,0
0.564247846603394,0.504089,0.656,0.342,0.8698,0.362,0.1416,0.271323502064,1.809252,15.84,3.298812180974101,0.192913,-0.0893588086674834,0
0.968572199344635,0.58816636,0.602,-0.5285,0.4435,0.419,0.1694,0.258183985949,1.833651,15.96,4.0303563598831325,-0.0427507,-0.257831650994123,0
0.93325483364596,0.77710336,0.682,0.7982,0.8885,0.659,0.5676,0.339101552963,2.981269,21.0,11.463319912552834,0.318318,0.501959165640186,0
0.0355805978178978,0.08433041,0.182,-0.9046,0.0026,0.138,0.1024,0.203817948699,-0.326555,0.295,3.141979604959488,-0.408343,-1.08677408679234,0
0.0681093111634254,0.07093716,0.334,-0.9104,0.0017,0.119,0.0856,0.232052534819,-0.106574,0.707,3.371368169784546,-0.463861,-1.04808676533225,0
0.0652066969332447,0.13715866,0.219,-0.8484,0.3417,0.203,0.0743,0.252952337265,0.814005,8.418,4.592436105777801,-0.295782,-0.895691808352044,0
0.593331344325078,0.78978837,0.789,0.8469,0.8399,0.822,0.6381,0.706851959229,4.624577,26.0,7.148336352081969,0.427522,0.887136619737212,0
0.986209213733673,0.5666409,0.632,0.7268,0.7918,0.409,0.1447,0.302273154259,3.08511,21.4,7.112492535679868,0.0562036,0.459272012588114,0
0.0827613174915314,0.17049468,0.558,-0.5069,0.4986,0.325,0.0838,0.199039787054,0.690598,7.297,2.4911386237108424,-0.0805421,-0.654287146016936,0
0.397965043783188,0.15676081,0.58,-0.7523,0.2796,0.342,0.1101,0.290830373764,0.490197,5.362,3.4976793974637985,-0.111187,-0.762585998450774,0
0.959641337394714,0.8035058,0.633,0.518,0.7281,0.515,0.1333,0.349131941795,4.179512,24.5,4.60814926123498,0.0260315,0.655756573205563,0
0.973999619483948,0.5755212,0.465,-0.0549,0.7313,0.462,0.2875,0.29662001133,2.180653,17.58,4.74317741083948,-0.10424,0.151493175977915,0
0.998231709003448,0.7522079,0.683,0.3453,0.627,0.517,0.312,0.411568582058,4.109653,24.3,9.03642708203848,0.0648918,0.688535210245309,0
0.0269818731070219,0.15780526,0.165,-0.9371,0.0032,0.322,0.0754,0.28513482213,0.215019,2.421,4.003019333143255,-0.464861,-0.989223261407972,0
0.0742055997526805,0.1431208,0.517,0.2421,0.8052,0.256,0.0922,0.212801545858,0.08831,1.501,2.3845888036287595,0.00525175,-0.732815523361709,0
0.0307353083044291,0.060704887,0.19,-0.902,0.0022,0.156,0.0674,0.285143077374,-0.392336,0.228,2.260963380336761,-0.56332,-1.71606355908889,0
0.0672732889652252,0.18894228,0.153,-0.8984,0.0026,0.346,0.1632,0.376929312944,1.260954,12.64,3.732170988080822,-0.457566,-0.689308037093222,0
0.129200741648674,0.21005988,0.222,-0.897,0.0025,0.205,0.092,0.370957195759,2.276561,18.01,3.2539587020874023,-0.443449,-0.488358430976266,0
0.442138165235519,0.28503382,0.199,-0.9935,0.0047,0.358,0.095,0.292049407959,1.290506,12.84,3.323024239387382,-0.413836,-0.535738038976864,0
0.0239923449091325,0.096906245,0.355,-0.898,0.2279,0.295,0.0757,0.203723654151,-0.514623,0.144,3.464637111241686,-0.203787,-0.865391592588043,0
0.0339771467991539,0.067252606,0.465,-0.9239,0.0013,0.101,0.059,0.26182705164,-0.462129,0.175,2.4412465108164234,-0.4032,-1.48142275510046,0
0.215662121772766,0.15942869,0.12,-0.9987,0.1131,0.248,0.0892,0.24331574142,0.909234,9.349,2.658613783936751,-0.345526,-0.79851210740328,0
0.0374752990061479,0.10488927,0.561,-0.6712,0.3683,0.426,0.078,0.358366966248,1.930102,16.42,5.345014706254005,-0.086502,-0.467907889313642,0
0.960039615631104,0.50729173,0.527,0.0455,0.5594,0.465,0.8073,0.451397925615,3.614838,23.0,9.040686441585422,-0.108719,0.486233559009086,0
0.730854829149003,0.43047902,0.548,0.4727,0.7479,0.591,0.2123,0.518027424812,3.242578,21.9,3.188586175441742,0.0857483,0.171006815902109,0
0.0657130852341652,0.11532128,0.212,-0.9303,0.0032,0.288,0.0814,0.323743075132,1.120369,11.56,3.4712681025266647,-0.463406,-0.769170544210598,0
0.958864092826843,0.39718863,0.593,0.0412,0.7877,0.477,0.1837,0.435483664274,2.03356,16.91,-0.0804207315831557,0.0263538,0.0895748880705258,0
0.293538630008698,0.10019454,0.06,-0.9038,0.0036,0.116,0.0961,0.354519724846,1.555197,14.51,2.9576431214809418,-0.604022,-0.788665946333077,0
0.887273550033569,0.3934835,0.095,-1.1513,0.0152,0.418,0.2051,0.462357699871,4.202458,24.6,4.418452329105821,-0.27422,0.621460978889785,0
0.997706413269043,0.9776627,0.758,0.6351,0.7826,0.623,0.6968,0.494674891233,4.004676,24.1,7.942261086903721,0.205049,0.76434307056437,0
0.545351266860962,0.25771958,0.511,-0.1695,0.626,0.371,0.1003,0.203853935003,0.585433,6.315,3.3667660665763224,-0.154787,-0.618666260767473,0
0.287843197584152,0.24491104,0.141,-0.9096,0.0053,0.445,0.1627,0.253621786833,1.746452,15.53,2.058244788299011,-0.304121,-0.204303737371909,0
0.460323303937912,0.2891502,0.505,-0.5909,0.521,0.346,0.0834,0.305141091347,0.715579,7.523,3.933985124170449,-0.0268944,-0.692938962766785,0
0.225491926074028,0.13812432,0.543,-0.7593,0.3715,0.274,0.0876,0.28974711895,0.016676,1.142,4.038109689950943,-0.10362,-1.16983693354781,0
0.0346814567470974,0.105294526,0.331,-0.9929,0.0936,0.292,0.0852,0.23058205843,0.049687,1.296,3.03326566239636,-0.36648,-1.09959199576315,0
0.0521686815727414,0.054858357,0.111,-0.9872,0.0777,0.214,0.2862,0.256638348103,0.131275,1.768,2.278288700446885,-0.419728,-1.56113284231558,0
0.15908851265083,0.14895377,0.408,-0.6304,0.4301,0.313,0.0931,0.253520280123,1.388445,13.5,2.577909441871098,-0.171948,-0.690897807987426,0
0.939416408538818,0.96569204,0.613,-0.0067,0.6825,0.626,0.2124,0.4148696661,4.070182,24.2,3.147485073966,0.0453581,0.448362144623242,0
0.967197358608246,0.8040124,0.531,0.3187,0.5725,0.584,0.9337,0.640965342522,3.980409,24.0,7.043319431555343,0.0551713,0.580916108857755,0
0.0198459097526624,0.07604799,0.032,-0.9347,0.0017,0.049,0.0659,0.259335577488,-1.032146,0.022,3.065324140929231,-0.658989,-1.47957096666634,0
0.0550815425813198,0.12950572,0.275,-0.9069,0.0026,0.239,0.1783,0.268363177776,0.013592,1.129,4.272964980680242,-0.457841,-0.982985362634415,0
0.279261708259583,0.3818376,0.57,-0.3493,0.5684,0.444,0.0822,0.3350007236,2.292069,18.08,2.759727340404742,-0.135622,-0.329884410743074,0
0.935606420040131,0.36088228,0.513,-0.3503,0.4765,0.464,0.0833,0.26238566637,2.386357,18.5,4.056953547650858,-0.0234558,-0.329237926902436,0
0.040774886431965,0.14189753,0.565,0.2101,0.7972,0.186,0.0876,0.236806005239,1.180617,12.05,2.337133407592773,0.0105264,-0.545729483985885,0
0.86893892288208,0.4949273,0.174,-0.8516,0.2197,0.497,0.2223,0.323975473642,2.263296,17.96,5.528446443195897,-0.203077,-0.207001676664054,0
0.0967895537614822,0.08460051,0.175,-0.9174,0.0013,0.193,0.3858,0.358680814505,0.096473,1.548,2.570247391516346,-0.517157,-1.21750916586176,0
0.0801337951971714,0.6287245,0.55,-0.5173,0.5257,0.469,0.1102,0.23260602355,2.576517,19.33,3.923403084278106,0.152656,-0.887375642735564,1
0.973903298377991,0.8392335,0.676,1.032,0.8171,0.667,0.1853,0.375572711229,2.822651,20.4,4.440448171741021,0.142541,0.616625027230098,0
0.517020523548126,0.30621824,0.138,-0.8503,0.0062,0.357,0.112,0.310341358185,3.180789,21.7,4.836744397878647,-0.415735,0.120235770644705,0
0.643143832683563,0.3654459,0.181,-0.949,0.0035,0.276,0.1012,0.249158382416,1.180328,12.05,2.1335028330232526,-0.380662,-0.376581081133415,0
0.973082780838013,0.7057138,0.42,0.1806,0.5306,0.583,0.5815,0.459749996662,4.408807,25.2,7.495825019665062,0.122311,0.661549547321757,0
0.0570441000163555,0.18265787,0.444,-0.2051,0.6169,0.29,0.1291,0.263368844986,0.291258,3.178,3.31080761551857,-0.152435,-0.870471802549126,0
0.0411636158823967,0.13536549,0.47,-0.7853,0.2116,0.268,0.0676,0.272381126881,-1.097912,0.017,2.800224721431732,-0.262185,-1.56247989117471,0
0.990263819694519,0.7914264,0.671,0.6,0.7628,0.659,0.3476,0.668142199516,4.340345,25.0,7.539569326573665,0.175714,0.822146376034848,0
0.946997702121735,0.60335207,0.434,-0.0583,0.6932,0.512,0.1035,0.291366845369,2.306529,18.15,3.639903556365724,-0.0128533,0.189316585154401,0
0.368202368204975,0.29662925,0.622,-0.2374,0.585,0.386,0.1144,0.370649218559,2.186137,17.61,4.265071394196717,-0.00383648,-0.2834301237235,0
0.339385032653809,0.48810855,0.441,-0.9015,0.1942,0.4,0.1665,0.242539852858,2.80274,20.4,5.365836466662724,-0.133724,-0.282001041161238,0
0.856890201568604,0.50871193,0.57,0.3476,0.5412,0.632,0.0837,0.274033725262,3.303052,22.1,9.697534168954007,0.0944852,0.234568843325684,0
0.225856572346655,0.19966158,0.289,-0.5627,0.3143,0.386,0.1093,0.245251744986,1.628639,14.91,4.452743908354269,-0.197119,-0.0991502467816658,0
0.0185941848903894,0.05773157,0.113,-0.959,0.0434,0.154,0.0808,0.285929143429,-1.19464,0.013,3.63787679859712,-0.488328,-1.65965871099738,0
0.992304146289825,0.6767592,0.822,0.6306,0.9049,0.473,0.1266,0.282362282276,3.892798,23.8,6.801970720291138,0.176412,0.597276390051228,0
0.978042840957642,0.8476506,0.771,0.8665,0.8542,0.776,0.668,0.633984446526,4.680102,26.2,11.670254555530846,0.40483,0.736105560508472,0
0.1970075070858,0.2417953,0.155,-0.9309,0.0049,0.518,0.123,0.245353788137,2.9952,21.1,6.6906029833813285,-0.250427,-0.640650841997141,0
0.774750530719757,0.4560976,0.49,-0.8764,0.2166,0.536,0.1118,0.255103230476,2.275987,18.01,2.9822198152542114,-0.0497791,-0.184309239305149,0
0.0546882387152082,0.15870377,0.218,-0.9077,0.0023,0.344,0.0999,0.246749445796,0.798327,8.27,3.872605198978544,-0.490429,-1.34762631448466,0
0.21209280192852,0.4050118,0.301,-0.7946,0.2516,0.504,0.1284,0.299921154976,1.827465,15.93,4.707593214026418,-0.0784842,-0.763991900244046,0
0.0627627000212669,0.07577145,0.207,-0.9052,0.0025,0.219,0.2436,0.241204380989,0.599533,6.451,2.525682210922241,-0.445513,-1.1155716826388,0
0.803124189376831,0.29621693,0.477,-0.4144,0.5534,0.316,0.1349,0.264110505581,1.997054,16.74,3.742528824332057,-0.0261311,-0.34518878866327,0
0.921944081783295,0.7383996,0.771,0.7843,0.8447,0.715,0.9687,0.589740395546,5.595102,32.0,14.114879272601684,0.379546,0.599291329441403,1
0.900478482246399,0.5900937,0.163,-1.0177,0.01,0.509,0.1639,0.314445495605,3.98405,24.0,3.9190822822860807,-0.209857,0.605404372273922,0
0.275235384702682,0.19058734,0.182,-0.8458,0.003,0.373,0.1727,0.274877727032,1.232704,12.43,4.124301373958588,-0.308254,-0.41905344586965,0
0.926951587200165,0.43877888,0.621,0.4665,0.6538,0.268,0.2113,0.3681858778,3.179856,21.7,5.740708410739899,0.118919,0.27287506027634,0
0.0364150373890026,0.079621434,0.43,-0.9455,0.2538,0.264,0.2414,0.271075934172,-0.551572,0.125,2.0586828394621017,-0.250649,-1.19752610299761,0
0.0143042052853693,0.025133282,0.389,-1.0044,0.1537,0.231,0.0776,0.215708389878,-3.215131,0.001,2.545717334451737,-0.359907,-2.30591168344344,0
0.0429265978227066,0.12402797,0.345,-0.7126,0.364,0.287,0.0704,0.213545039296,-0.447097,0.185,2.1550710430756785,-0.208912,-0.775060629450298,0
0.907855331897736,0.44700223,0.43,-0.3145,0.4524,0.456,0.0976,0.329998195171,3.754493,23.4,3.851567828910248,0.0141496,0.0810546202820646,0
0.983547508716583,0.75392336,0.492,0.0752,0.4836,0.619,0.9184,0.493430316448,4.687882,26.3,12.38396361877676,0.0954032,0.848478842985883,0
0.0218003810310738,0.16169241,0.225,-0.8095,0.3,0.234,0.0824,0.243861794472,0.180636,2.13,4.949286956834386,-0.263462,-0.914137752887525,0
0.996744751930237,0.97478,0.918,1.0585,0.9188,0.732,0.6937,0.569625735283,5.185209,29.1,4.630231474085002,0.340349,0.787817954067652,1
0.0707614049315453,0.10670778,0.635,-0.5333,0.5742,0.323,0.0797,0.250511616468,0.282487,3.084,2.8046599626541138,-0.0484921,-0.944237449592703,0
0.838023602962494,0.21667394,0.442,-0.8934,0.2061,0.43,0.1752,0.264734566212,2.382104,18.48,3.2359866201877594,-0.0953983,-0.302864357564851,0
0.013355128467083,0.10658687,0.187,-0.9184,0.003,0.364,0.122,0.3306671381,-0.300575,0.326,2.7344538156901392,-0.502213,-1.18847110687227,0
0.0443295656142143,0.103232086,0.05,-1.0352,0.09,0.125,0.1221,0.280590593815,0.566404,6.13,4.032266206517314,-0.431059,-1.0669809207326,0
0.0262582027199301,0.0486134,0.228,-0.982,0.1472,0.231,0.0772,0.213533446193,0.700402,7.386,3.630523911167722,-0.341191,-1.28821842306706,0
0.03280222854247,0.10452843,0.198,-0.9431,0.001,0.176,0.064,0.23286023736,0.947401,9.734,3.300405270236904,-0.542397,-0.925957657286153,0
0.919114291667938,0.87980115,0.597,0.5198,0.7586,0.65,0.2928,0.460011184216,3.239189,21.9,8.712027153000236,0.0558974,0.117794578970402,0
0.0287986680320384,0.02796489,0.151,-1.0327,0.11,0.19,0.0769,0.206694513559,-0.48248,0.162,3.877928636954933,-0.38574,-1.06710400520026,0
0.208253216885649,0.3285237,0.552,0.1425,0.8161,0.426,0.1322,0.275559395552,0.298269,3.253,4.193124182241139,0.020068,-0.669551816979278,0
0.0789980691785972,0.17873472,0.224,-0.9375,0.003,0.419,0.1479,0.200385451317,-0.496653,0.154,3.866558223962784,-0.404383,-1.41667671794099,0
0.0228543759987104,0.08771911,0.086,-0.995,0.0772,0.119,0.3034,0.358553349972,0.816101,8.438,1.139670486541374,-0.39486,-0.967400553327644,0
0.297066940120227,0.18815294,0.522,-0.9636,0.1244,0.328,0.0929,0.242455869913,1.73666,15.48,3.2073353954856425,-0.0325494,-0.278501887086107,0
0.69724707593313,0.28749225,0.155,-0.8247,0.0069,0.425,0.1653,0.420971870422,3.398272,22.4,3.376772760861148,-0.232521,0.282849313937733,0
0.265649497509003,0.21989137,0.069,-0.9068,0.0028,0.375,0.0985,0.434054642916,1.562784,14.55,3.0458609883655647,-0.450836,-0.416961364666793,0
0.502157245098856,0.7220942,0.469,-0.7546,0.3386,0.467,0.1614,0.258577018976,2.19725,17.66,5.103638301058533,-0.0605851,-0.156007098752279,0
0.626738965511322,0.25208896,0.599,0.2663,0.7126,0.608,0.162,0.332003831863,2.683679,19.79,3.0091165900230408,0.0510415,0.0279874236807269,0
0.932713389396667,0.804271,0.629,0.802,0.8253,0.508,0.2195,0.58867251873,4.125068,24.4,5.0929765701293945,0.0157907,0.550031826504703,0
0.179974585771561,0.2537549,0.532,0.1151,0.7366,0.279,0.0983,0.295303940773,1.854666,16.06,4.651620611517137,-0.00558279,-0.53239739666932,0
0.204343780875206,0.1581003,0.042,-0.9118,0.0042,0.343,0.0595,0.3353266716,1.56295,14.55,3.049031615257263,-0.485355,-0.522611717188611,0
0.039121233040547,0.06021908,0.442,-0.9104,0.2687,0.193,0.1133,0.205728411674,0.579878,6.261,2.775081635695316,-0.235864,-0.765432985389513,0
0.0115276780996823,0.060319573,0.484,-0.8901,0.2137,0.434,0.0839,0.350738942623,1.430774,13.76,1.7096598744392395,-0.0993067,-1.1884159853808,0
0.0480148098504013,0.14122108,0.122,-0.9089,0.0028,0.273,0.1035,0.320704966784,0.062823,1.362,4.048535215124126,-0.469191,-1.07640610528722,0
0.820878803730011,0.51125836,0.495,-0.4697,0.5165,0.616,0.2564,0.323515176773,1.924566,16.4,6.403674729747438,0.0632305,-0.260511065366205,0
0.209433840644336,0.18645087,0.104,-0.8606,0.0026,0.378,0.1052,0.320736706257,0.30303,3.305,3.490158827040561,-0.475352,-0.608583443990564,0
0.195136950839446,0.20403206,0.524,-0.8296,0.2293,0.394,0.0812,0.280868291855,1.993341,16.72,3.7653055042028414,-0.0475666,-0.846052595899411,0
0.0792155585108876,0.10286605,0.109,-0.9243,0.0016,0.325,0.1011,0.281631141901,0.057823,1.336,3.325652119365754,-0.52902,-0.980344900827903,0
0.092052533900387,0.1070708,0.243,-0.9217,0.0015,0.151,0.0801,0.260233283043,1.263476,12.65,3.764968261122704,-0.355904,-0.749049372743534,0
0.0367887653410435,0.052306235,0.357,-0.8949,0.0023,0.082,0.1028,0.26875820756,-0.267952,0.371,3.930798918008804,-0.424156,-1.4504654543139,0
0.978359758853912,0.6046776,0.493,0.0889,0.4313,0.427,0.1114,0.399978578091,4.056639,24.2,6.091403417306499,-0.0441081,0.531277954729027,0
0.165454230910351,0.27200413,0.343,-0.8385,0.292,0.227,0.0964,0.244592189789,1.08497,11.24,4.789426038071352,-0.245523,-0.265677093862782,0
0.064268633723259,0.044015884,0.467,-0.9089,0.0015,0.227,0.0699,0.225285291672,0.129772,1.757,2.0980528593063354,-0.430677,-1.57037689898895,0
0.0726581811904907,0.1341497,0.237,-0.9273,0.0026,0.235,0.1152,0.222726866603,0.942116,9.679,3.9738630652427673,-0.385399,-0.789787036375597,0
0.318189829587936,0.14452168,0.35,-0.7473,0.2821,0.258,0.1309,0.265493035316,1.157438,11.87,4.356246328296423,-0.199176,-0.552065241493414,0
0.0417251519334672,0.14308673,0.376,-0.8519,0.0028,0.315,0.0826,0.203481674194,-0.043013,0.907,2.2445044128347944,-0.451382,-1.02969203080445,0
0.949701845645905,0.48267934,0.139,-0.9367,0.0063,0.516,0.1103,0.255819678307,2.850228,20.5,4.356674867033186,-0.235143,-0.0293763689952954,0
0.0757816806435585,0.11425215,0.245,-0.7443,0.3766,0.287,0.0706,0.299014151096,1.057967,10.97,4.611433338226476,-0.216076,-0.777625493071328,0
0.425641149282455,0.45499533,0.493,-0.4287,0.5115,0.425,0.09,0.237548306584,2.497107,18.98,2.9932222654606138,-0.0630337,-0.327907946286936,0
0.096924638913281,0.1496672,0.164,-0.9095,0.004,0.304,0.0806,0.290842294693,1.387872,13.49,4.521608250038401,-0.360047,-0.64844496782531,0
0.972333490848541,0.94237566,0.851,0.9438,0.885,0.879,0.8047,0.724548816681,4.545551,25.7,11.264964598652744,0.429389,0.981551976688947,1
0.0980915799736977,0.15652943,0.392,-0.9037,0.1719,0.345,0.0934,0.221245646477,-0.039709,0.919,4.415581755340099,-0.266058,-1.49879691046929,0
0.0620849467813969,0.12949532,0.305,-0.7906,0.3086,0.216,0.1062,0.291408717632,0.042347,1.26,3.9564622928311817,-0.261696,-0.940934071100267,0
0.118183232843876,0.12250599,0.167,-0.918,0.0026,0.303,0.1047,0.241209313273,0.734506,7.693,2.179793550677636,-0.375153,-0.79324816065899,0
0.370898395776749,0.22418594,0.123,-0.8999,0.0047,0.399,0.1336,0.326535344124,1.360368,13.31,5.279754780599456,-0.334463,-0.311240786235628,0
0.41144005413026,0.2022973,0.109,-0.9391,0.0068,0.315,0.1358,0.300347387791,1.876655,16.17,6.069306863194712,-0.341644,-0.0432689435097602,0
0.710704982280731,0.29758024,0.143,-1.002,0.0052,0.334,0.1033,0.299328178167,2.511324,19.04,4.112654238939285,-0.235811,0.186944968995321,0
0.83654797077179,0.63074005,0.482,-0.5809,0.3019,0.444,0.3297,0.407905936241,3.167246,21.6,5.224888912344332,-0.200499,-0.0797479013282806,0
0.189329475164413,0.18495056,0.508,-0.3703,0.5483,0.32,0.0868,0.286536812782,0.522624,5.694,4.657738000154495,-0.173155,-0.599666032555832,0
0.999224543571472,0.9758512,0.851,1.0901,0.9551,0.745,0.9707,0.550810933113,5.172301,29.0,14.844220548527218,0.39301,0.793646817323629,1
0.103462524712086,0.390441,0.187,-0.9836,0.0052,0.505,0.0941,0.261453926563,1.093709,11.32,4.372887940158457,-0.322175,-0.536712517388926,0
0.219149082899094,0.1268715,0.293,-0.697,0.2988,0.259,0.2093,0.291600108147,1.362802,13.33,5.6477008599092775,-0.235096,-0.52758303077209,0
0.934402287006378,0.6130327,0.485,-0.1615,0.5958,0.517,0.0868,0.328642070293,3.245378,21.9,3.3959411829710007,-0.167538,-0.0475820954145951,0
0.030000656986418,0.10783875,0.534,-0.6864,0.3884,0.204,0.0663,0.280461281538,-1.036017,0.022,3.2945530712604523,-0.149478,-1.22154252235616,0
0.0792616053786741,0.10325703,0.111,-0.9825,0.1258,0.379,0.1128,0.430003762245,2.109255,17.26,4.033520183825025,-0.340982,-0.908964599119578,0
0.280964940786362,0.056604117,0.171,-0.9075,0.003,0.157,0.076,0.352434813976,1.228048,12.4,2.6433597803115845,-0.441185,-0.781041219755637,0
0.813165605068207,0.34265003,0.3,-0.6804,0.3236,0.38,0.1319,0.270329147577,1.713864,15.36,4.425303960719371,-0.140147,-0.0520158841545678,0
0.0979687422513962,0.14036372,0.198,-0.8888,0.003,0.384,0.0822,0.263292074203,0.838372,8.652,2.743367942145441,-0.386773,-1.06667405762938,0
0.0596102215349674,0.14131927,0.182,-0.927,0.0038,0.237,0.1318,0.325135409832,0.403889,4.433,3.468070149421692,-0.385499,-0.784828339682696,0
0.996138036251068,0.8230748,0.693,1.0186,0.8587,0.607,0.1901,0.395031988621,3.930725,23.9,4.163643106818199,0.168206,0.677206038639447,0
0.717803776264191,0.24578121,0.481,-0.4801,0.4241,0.414,0.0878,0.310064733028,2.416136,18.63,5.740280890989013,-0.0691333,-0.435860094802969,0
0.545352951060978,0.8993064,0.489,0.2201,0.7753,0.509,0.1221,0.27398276329,2.391394,18.52,5.368882236536592,-0.056512,0.194050550878718,0
0.769825339317322,0.38406584,0.387,-0.7333,0.2926,0.33,0.1055,0.244407311082,2.039272,16.94,3.3743566677699994,-0.179482,-0.233872821145671,0
0.787982523441315,0.7496167,0.68,0.0342,0.5026,0.764,0.0928,0.381898611784,1.7319,15.46,2.1924933791160583,0.0831523,-0.125073500150136,1
0.803355693817139,0.6683152,0.484,0.1724,0.729,0.645,0.2125,0.32594820857,3.167475,21.6,7.859796819742769,0.115292,0.249257196373687,0
0.247999995946884,0.11322901,0.176,-0.9385,0.0018,0.257,0.1604,0.225156798959,0.526341,5.732,4.203387378912342,-0.48024,-0.995442918733296,0
0.828488051891327,0.41586944,0.581,0.799,0.8657,0.375,0.1569,0.221039995551,3.786812,23.5,5.56010764837265,0.243031,0.221642182632104,0
0.0891619846224785,0.13767758,0.317,-0.9225,0.0015,0.268,0.0808,0.194256201386,0.111501,1.64,4.9143583615584445,-0.477967,-1.17829372397108,0
0.0978860230491029,0.3211753,0.5,-0.2879,0.5568,0.444,0.1174,0.296673119068,1.737571,15.49,4.022105470299721,-0.0210664,-0.656775023049779,0
0.0198599589266746,0.06337035,0.256,-0.9011,0.0025,0.154,0.1025,0.268614202738,0.271955,2.974,2.920287641667681,-0.436434,-1.30952372438668,0
0.996994972229004,0.9881954,0.94,1.0004,0.9919,0.972,0.9994,0.793638646603,5.008243,28.0,13.825913923836197,0.561289,0.742546612620754,1
0.197006722384994,0.19943011,0.574,-0.1762,0.7117,0.373,0.1016,0.3286498487,1.19759,12.18,5.380662143230438,0.0506847,-0.630543353940014,0
0.963168919086456,0.8893323,0.666,0.5363,0.7169,0.856,0.9858,0.54033267498,3.730159,23.4,13.85588639974594,0.407448,0.487136503429728,1
0.960572004318237,0.7414923,0.675,0.3128,0.679,0.684,0.2381,0.361654043198,3.10867,21.4,4.6599866404967205,0.211163,0.352872579864026,0
0.94572776556015,0.92297316,0.544,0.7948,0.7881,0.634,0.6228,0.481235057116,4.584112,25.8,10.924078494474193,0.118668,0.776700068367979,1
0.042216937056394,0.10636589,0.459,-0.7642,0.3048,0.266,0.0968,0.252617686987,1.650904,15.03,2.275877524337835,-0.123388,-0.890448044161308,0
0.0311649993530778,0.10155159,0.249,-0.8538,0.2322,0.157,0.0748,0.242819726467,0.416023,4.567,4.365312481988459,-0.302932,-1.06856333183836,0
0.0241504553705454,0.07176411,0.239,-0.9452,0.0021,0.247,0.1012,0.256160289049,0.103161,1.588,3.067809283733368,-0.365991,-1.15264104473664,0
0.0586723392361309,0.17769662,0.447,-0.5501,0.4706,0.228,0.1022,0.29883530736,1.049095,10.88,4.14052240550518,-0.10175,-0.840536934455579,0
0.971921980381012,0.5837711,0.702,-0.2084,0.4339,0.472,0.1687,0.306798994541,3.39774,22.4,4.129552841186523,0.172077,0.299653103485081,0
0.616486310958862,0.37554651,0.491,-0.2725,0.3623,0.532,0.473,0.704449772835,1.991134,16.71,10.663802999581094,-0.0823023,-0.014632731953661,0
0.0463081085014512,0.20371073,0.369,-0.9188,0.2325,0.232,0.1204,0.239429026842,0.92689,9.525,5.151182289241552,-0.245124,-0.837591886528667,0
0.587147235870361,0.24755144,0.576,-0.6567,0.3382,0.418,0.1173,0.236636742949,1.723229,15.41,4.044162516066862,0.0632794,-0.53000421336731,0
0.722498714923859,0.34069133,0.385,-0.8361,0.2333,0.418,0.1373,0.26705300808,2.512055,19.04,3.4247637540102005,-0.247567,-0.076438659210387,0
0.133465811610222,0.071383625,0.411,-0.6695,0.4227,0.289,0.1166,0.309142291546,0.896006,9.219,4.179803310399147,-0.193219,-0.949912254985874,0
0.7727170586586,0.25703245,0.348,-0.8267,0.3614,0.289,0.0902,0.26684448123,1.766724,15.63,4.054746448555464,-0.145141,-0.30986534941422,0
0.961228907108307,0.5313604,0.47,-0.4234,0.5806,0.391,0.1145,0.189378887415,1.74508,15.52,3.2980049863562475,-0.0345901,-0.311236067505633,0
0.0545006401734558,0.10432312,0.223,-0.8945,0.0032,0.195,0.0813,0.264850348234,0.355782,3.893,3.834192799023295,-0.405769,-0.868394855655714,0
0.227792878512576,0.5472953,0.611,0.1719,0.6497,0.489,0.2818,0.681939065456,2.012844,16.81,3.299077354371548,0.0858452,-0.134840319699851,0
0.0515940196199626,0.19997793,0.223,-0.9095,0.003,0.445,0.2111,0.339757084846,0.632568,6.763,1.844662070274353,-0.355216,-0.802028247565241,0
0.0622868910431862,0.11258373,0.053,-0.9111,0.0014,0.127,0.0756,0.23425874114,0.042847,1.262,2.564511529272932,-0.614848,-1.12294924820626,0
0.900263905525208,0.4712077,0.123,-0.9387,0.0114,0.46,0.2597,0.524343371391,6.751828,35.0,4.104848623275757,-0.349639,0.585898288019754,1
0.8909872174263,0.34981474,0.54,-0.1084,0.636,0.553,0.0953,0.375922739506,2.915523,20.8,9.183555057330524,0.00378645,-0.0185744009285764,0
0.994588255882263,0.8682538,0.645,0.4489,0.6646,0.879,0.9588,0.601139783859,4.690343,26.3,18.419999021687545,0.339046,0.742770166517539,1
0.0638684034347534,0.18864858,0.233,-0.9097,0.0019,0.359,0.1368,0.179211378098,0.204305,2.327,4.158479987688179,-0.490016,-1.49971625387897,0
0.735864758491516,0.40227014,0.149,-0.8268,0.0038,0.529,0.1629,0.27673175931,1.122766,11.58,3.111501574228587,-0.375127,-0.750449523929754,0
0.672687828540802,0.30273408,0.437,-0.3314,0.4818,0.364,0.0752,0.318751215935,3.695028,23.3,4.564200119970805,0.0314243,0.253524786900091,0
0.982980489730835,0.42797726,0.248,-1.2063,0.0589,0.585,0.7075,0.569974422455,4.070405,24.2,4.61542272567749,-0.21057,0.810080652077552,0
0.287721812725067,0.21483028,0.318,-0.906,0.2148,0.273,0.1253,0.28297778964,0.850466,8.77,2.1049699297077726,-0.232162,-0.824441742365638,0
0.0292587764561176,0.05537039,0.449,-0.8296,0.3515,0.262,0.0914,0.305000573397,0.632154,6.759,2.393349193534369,-0.193754,-0.748852522199955,0
0.0331042428500313,0.056254596,0.2,-0.9331,0.0016,0.117,0.0817,0.194522619247,-0.084914,0.77,2.3981520616074685,-0.378676,-1.1587680020595,0
0.182810053229332,0.10668334,0.354,-0.5617,0.433,0.236,0.0891,0.316154956818,0.41652,4.573,3.640265576526581,-0.175184,-0.55078270445035,0
0.950550377368927,0.76198244,0.717,0.3986,0.9231,0.414,0.1065,0.330455005169,3.447332,22.5,4.127066047174028,0.201803,0.237426740540165,0
0.518103659152985,0.6484348,0.672,0.1763,0.5683,0.567,0.9338,0.495182931423,4.030719,24.1,8.584476664662361,0.0653004,0.598623999456268,0
0.0757254585623741,0.112387,0.149,-0.9158,0.0035,0.226,0.0731,0.277159512043,0.225728,2.519,4.1323094081362175,-0.493193,-0.761749652869268,0
0.0460867540937179,0.100899816,0.166,-0.8914,0.0028,0.181,0.0798,0.243549793959,-0.580841,0.112,3.794703900814056,-0.529994,-1.27348844872779,0
0.992263674736023,0.7361431,0.646,0.7161,0.7795,0.525,0.2115,0.408683359623,4.473005,25.4,4.449105742513122,0.0793487,0.716609195184077,0
0.570175647735596,0.46505782,0.187,-0.9185,0.0046,0.433,0.172,0.304348677397,3.280483,22.0,5.787059971639098,-0.252698,0.229021026915276,0
0.0561896376281269,0.094118744,0.041,-0.9081,0.0025,0.113,0.066,0.266712337732,1.386133,13.48,3.0629929900169373,-0.609611,-0.733847488008396,0
0.27975332736969,0.19009933,0.329,-0.8719,0.2719,0.408,0.067,0.328744053841,1.513122,14.26,5.924488298951847,-0.171991,-0.670774460592075,0
0.172247995159181,0.19310725,0.527,0.2906,0.7969,0.359,0.0836,0.275183975697,2.330225,18.25,4.39748178422451,0.0117715,-0.419134276699069,0
0.983393371105194,0.6113918,0.552,0.6417,0.8133,0.399,0.1403,0.287452369928,3.441383,22.5,3.3827322125434875,0.0674861,0.313051825301143,0
0.922896206378937,0.9636812,0.545,0.7564,0.7995,0.602,0.1325,0.535019040108,4.166043,24.5,3.208472728729248,-0.0591767,0.716831177346681,0
0.988752663135529,0.69363666,0.453,0.1827,0.5452,0.529,0.1594,0.399778723717,3.651782,23.2,7.107591432053596,0.000863589,0.770376470161864,0
0.675062894821167,0.41659528,0.155,-0.9184,0.0055,0.364,0.1301,0.30477553606,2.023213,16.86,3.69105199687588,-0.303653,-0.187695614984477,0
0.0469646708090674,0.08213666,0.373,-0.8777,0.097,0.295,0.0496,0.335162848234,1.372599,13.39,0.4153527187200353,-0.21058,-1.24301956505938,0
0.471742397268387,0.34001544,0.482,-0.2923,0.6006,0.424,0.0907,0.281541675329,2.014845,16.82,5.197679415345192,-0.0459874,-0.235969112913275,0
0.944244861602783,0.5650403,0.688,0.556,0.6623,0.524,0.2911,0.414379686117,3.328296,22.2,6.654270255449558,0.114831,0.520352232812402,0
0.956221520900726,0.6127338,0.679,0.6914,0.7846,0.402,0.1065,0.411384284496,3.741982,23.4,3.79475174844265,0.122466,0.319115237776358,0
0.0851289732795897,0.105636925,0.103,-0.9322,0.0027,0.153,0.0782,0.222502604127,0.319838,3.49,4.4081234314594,-0.50629,-1.04676670415168,0
0.495906591415405,0.38024187,0.359,-0.9093,0.1885,0.489,0.3162,0.28547719121,1.978866,16.65,10.979232646222869,-0.245807,-0.214479350185785,0
0.918428659439087,0.60822624,0.604,0.2093,0.7558,0.519,0.8454,0.632425904274,4.682551,26.2,9.217495215125382,0.127381,0.462311607102024,0
0.456131517887115,0.23573881,0.159,-0.8903,0.0046,0.429,0.1239,0.312256932259,1.714082,15.37,3.5149428248405457,-0.262944,-0.419974384666188,0
0.628183722496033,0.25538826,0.124,-0.9433,0.0068,0.367,0.1682,0.469808369875,1.797049,15.78,4.130132794380188,-0.347989,-0.204566299910505,0
0.0464366055232246,0.03874305,0.099,-0.9451,0.0014,0.108,0.0729,0.243632674217,-0.846254,0.042,2.369418083077075,-0.583378,-1.67389233670982,0
0.0364620238542557,0.10081065,0.326,-0.923,0.0018,0.205,0.0975,0.246831476688,0.511947,5.586,3.2713106832795784,-0.50595,-1.24781054414403,0
0.82377427816391,0.2684672,0.528,-0.5183,0.4435,0.301,0.1019,0.238660946488,2.64993,19.64,3.96719089555988,0.025006,-0.150071207121437,0
0.0902527025424995,0.14356369,0.307,-0.8318,0.3285,0.308,0.1111,0.251289725304,0.469174,5.142,2.841489705005883,-0.259857,-1.03647750539971,0
0.154348507523537,0.16111812,0.216,-0.913,0.0029,0.279,0.4753,0.359156489372,1.033008,10.71,2.419507209242706,-0.429251,-0.726706292869451,0
0.271629682138976,0.5061581,0.168,-0.9388,0.0073,0.48,0.1898,0.257792651653,1.930763,16.43,4.006774996179633,-0.318977,-0.0151021798983132,0
0.20580518245697,0.12234855,0.182,-0.9054,0.0022,0.216,0.0842,0.284185945988,0.287224,3.135,2.571193295557993,-0.495847,-0.918071801367437,0
0.0784224494557699,0.21529496,0.236,-0.7914,0.3503,0.366,0.1075,0.244259446859,0.840856,8.676,3.6713245608582,-0.25057,-0.683693239151333,0
0.0080223789052086,0.065457344,0.362,-0.9513,0.0005,0.064,0.0529,0.285937547684,0.740543,7.747,2.732655107975006,-0.362221,-1.27883035394429,0
0.983195841312408,0.7891089,0.743,0.8682,0.8447,0.528,0.2635,0.465269267559,4.873658,27.2,6.271216080017348,0.165891,0.635120339090442,0
0.0756821557879448,0.08684397,0.221,-0.9088,0.0014,0.234,0.0843,0.2947447896,0.468778,5.137,4.138657674193382,-0.490594,-1.42173595881354,0
0.942282438278198,0.61438596,0.221,-0.9315,0.01,0.576,0.2131,0.30029591918,3.658356,23.2,4.911373681795917,-0.182076,0.14439664203607,0
0.330254018306732,0.3373178,0.529,-0.2666,0.6302,0.328,0.1114,0.273935079575,1.481823,14.08,2.663036733865738,-0.0406917,-0.282687966887888,0
0.449922055006027,0.32054502,0.189,-0.8781,0.0028,0.312,0.1328,0.265920132399,1.349379,13.24,3.579445943236351,-0.332991,-0.465694088229138,0
0.0528240501880646,0.08600536,0.195,-0.9672,0.0028,0.233,0.0728,0.211590856314,-1.394022,0.007,3.540216714143753,-0.451376,-1.08310724587146,0
0.160198672844964,0.25052285,0.436,-0.7101,0.295,0.417,0.2284,0.312671512365,1.414259,13.66,3.9856684483843714,-0.0928744,-0.475899844921991,0
0.058209814428424,0.11518937,0.176,-0.9047,0.0041,0.339,0.1128,0.268835783005,1.390478,13.51,4.552443876862526,-0.487542,-0.805323563583064,0
0.121604225755841,0.13170406,0.217,-0.8811,0.0024,0.157,0.0967,0.2661703825,0.999623,10.33,4.362617075443268,-0.383987,-0.73651356630539,0
0.989642977714539,0.39846936,0.147,-1.0873,0.0135,0.421,0.1913,0.334457993507,2.641074,19.61,5.975282047836042,-0.200696,0.0637392761253938,0
0.0288043304374451,0.086232215,0.061,-1.0647,0.0989,0.254,0.107,0.264531224966,-0.125649,0.655,3.227744682972507,-0.449487,-1.27228506967852,0
0.387990832328796,0.3774275,0.136,-0.8588,0.0026,0.349,0.1579,0.261357426643,2.423957,18.66,3.571205526590348,-0.276933,-0.278149894918677,0
0.89245343208313,0.2811852,0.145,-0.9604,0.1508,0.33,0.1232,0.295547008514,1.892043,16.24,2.7220829759487453,-0.222259,-0.166489706609002,0
0.103701122105122,0.14262629,0.349,-0.4441,0.5263,0.323,0.0809,0.212465211749,-0.047065,0.893,3.306902277662031,-0.180831,-0.739096792167874,0
0.116517181634677,0.14951745,0.5,-0.4451,0.4527,0.283,0.2021,0.237557202578,1.161219,11.9,4.797000922262669,-0.0987329,-0.617514038821134,0
0.403605967760086,0.4620767,0.452,-0.409,0.451,0.4,0.1947,0.179637461901,1.110968,11.47,3.616324499089914,-0.203007,-0.948740611271223,0
0.0594842820513012,0.09743777,0.319,-0.8511,0.2314,0.311,0.1049,0.206969916821,-0.128572,0.647,3.561187973021887,-0.2281,-0.881356869403953,0
0.555996596813202,0.13741794,0.18,-0.9065,0.0021,0.244,0.1063,0.233417540789,0.146764,1.874,3.8833715902145793,-0.509412,-1.18461048350646,0
0.24018020927906,0.16810504,0.433,-0.7249,0.2656,0.357,0.0866,0.223659366369,3.094301,21.4,2.503039898019349,-0.172975,-0.557572126140224,0
0.108958728611469,0.05619386,0.253,-0.9672,0.0953,0.308,0.102,0.27810883522,0.850143,8.767,3.164953005311638,-0.292692,-1.05004096593434,0
0.0528691746294498,0.06615746,0.134,-0.9567,0.0997,0.151,0.1044,0.22680953145,-0.294509,0.334,3.056345477700233,-0.398313,-1.634747166813,0
0.0769258737564087,0.32209927,0.284,-0.7597,0.3204,0.216,0.1068,0.237399294972,0.617493,6.621,2.731923631069348,-0.281899,-0.868491502198938,0
0.973346769809723,0.67895603,0.526,0.1647,0.577,0.54,0.221,0.443424552679,2.456112,18.8,4.053329955084095,0.00835877,0.42751449687271,0
0.94981849193573,0.86397743,0.61,-0.3899,0.4211,0.615,0.8578,0.457580566406,2.290704,18.08,6.331853890791535,-0.0614411,-0.24706065689679,0
0.480510383844376,0.04395914,0.43,-0.9347,0.1342,0.198,0.0673,0.241728484631,0.985738,10.17,2.8116746205594225,-0.253698,-1.16027041490452,0
0.0987340583809508,0.11832067,0.461,-0.556,0.423,0.229,0.0604,0.253124594688,0.883363,9.094,4.193005128683581,-0.148117,-0.952868267594811,0
0.554087460041046,0.20240465,0.123,-0.9376,0.0046,0.368,0.1308,0.366555273533,0.295918,3.228,3.320278263024074,-0.46631,-0.597637071445756,0
0.0507350326215919,0.14388505,0.248,-0.9076,0.0024,0.363,0.1133,0.31619399786,1.317047,13.02,2.428500499385491,-0.387826,-1.22649323137548,0
0.0999462828040123,0.09956136,0.246,-1.0223,0.1184,0.187,0.132,0.352912545204,0.534598,5.815,3.769580499307141,-0.316381,-0.964986336879627,0
0.484969794750214,0.23504025,0.092,-0.9322,0.0045,0.402,0.2032,0.219414696097,1.327717,13.1,3.8614492520746975,-0.399672,-0.48298908860865,0
0.0756356103159675,0.1449349,0.185,-0.8929,0.0045,0.29,0.0822,0.343617469072,0.549285,5.961,3.5039512515068054,-0.313226,-0.80865366049128,0
0.742880940437317,0.4314492,0.311,-0.7717,0.2413,0.32,0.1991,0.21248883009,1.040304,10.78,4.481116861349193,-0.258846,-0.835903751876931,0
0.276670575141907,0.20316422,0.417,-0.6762,0.3336,0.376,0.0698,0.278280496597,0.303233,3.307,3.9046012714657694,-0.16112,-0.390146109560911,0
0.325793504714966,0.2656994,0.18,-0.9395,0.0061,0.337,0.1117,0.32241410017,0.224743,2.51,3.895486831665039,-0.32449,-0.223857043458603,0
0.993356227874756,0.7927023,0.66,0.7383,0.8367,0.738,0.1729,0.420614898205,3.520109,22.8,5.644151329994202,0.156751,0.390524390568763,0
0.284444898366928,0.23304844,0.519,-1.0242,0.0889,0.384,0.0941,0.208841502666,0.961393,9.885,4.442684584650092,-0.141037,-0.408602974541296,0
0.844547390937805,0.5185364,0.601,0.2923,0.8188,0.425,0.1261,0.309966683388,2.046147,16.97,2.442203669735663,0.0769311,-0.239445280474907,0
0.0193609911948442,0.13184327,0.273,-0.9337,0.234,0.106,0.0958,0.253404796124,0.093585,1.532,3.529172670888186,-0.308594,-0.842187599477172,0
0.284867823123932,0.18304375,0.153,-0.9876,0.0039,0.216,0.0782,0.286478340626,1.226581,12.39,4.140063749590717,-0.361029,-0.219272530139544,0
0.038531731814146,0.057145953,0.012,-0.9048,0.0022,0.096,0.0746,0.233889073133,-1.467862,0.005,4.013504454414933,-0.701812,-1.37448541574789,0
0.920056521892548,0.27115822,0.092,-0.8399,0.0033,0.425,0.0919,0.294289022684,1.443063,13.84,4.620331846177578,-0.391614,-0.306365407585464,0
0.133754521608353,0.28162876,0.401,-0.5658,0.3844,0.397,0.153,0.304890573025,1.277835,12.75,3.693845245896793,-0.23108,-0.546875183228058,0
0.800731360912323,0.58008933,0.638,-0.187,0.5638,0.496,0.091,0.372777968645,3.229611,21.9,4.094580585088084,0.00431671,0.183100681615841,0
0.911031835263689,0.36271435,0.418,-0.3956,0.5475,0.306,0.1015,0.387555390596,3.255745,21.9,7.464380474450296,-0.0917271,0.421927960818825,0
0.0196590777486563,0.03581232,0.255,-0.9265,0.001,0.185,0.1849,0.266281574965,0.086529,1.491,3.2044956982135773,-0.386468,-1.25436771012967,0
0.42614026420684,0.30704647,0.493,0.7445,0.8752,0.476,0.1346,0.381484031677,3.248324,21.9,3.3149054646492004,0.200194,0.155781146168636,0
0.300073593854904,0.19792664,0.171,-0.907,0.0042,0.393,0.0778,0.268639981747,1.94537,16.5,2.9769866728475374,-0.362798,-0.360001581485999,0
0.0325959056711067,0.02413854,0.155,-0.9788,0.0966,0.184,0.0849,0.282219082117,0.035148,1.226,2.830491166338815,-0.377334,-1.49182042587606,0
0.986524701118469,0.7932836,0.559,0.1084,0.5158,0.682,0.2698,0.43041241169,4.676545,26.2,4.756510935123319,0.0687885,0.660560176639241,0
0.0579870635868367,0.124720216,0.357,-0.9416,0.2074,0.245,0.061,0.210997074842,-1.165797,0.014,3.162251893175485,-0.351057,-1.55671759705449,0
0.268035113811493,0.22449034,0.145,-0.9643,0.1389,0.416,0.0962,0.42361959815,1.532145,14.37,3.989358259900074,-0.308447,-0.350427241414104,0
0.078323360908881,0.07611346,0.036,-0.9015,0.0025,0.119,0.0691,0.256611436605,0.328153,3.583,2.8734521406299,-0.561252,-0.898446237005727,0
0.338458243405813,0.17840812,0.113,-0.9069,0.0046,0.375,0.0763,0.219377189875,1.270368,12.7,4.318190039700444,-0.329089,-0.301975045591869,0
0.0490387356220665,0.11458501,0.061,-0.9095,0.0018,0.178,0.064,0.217501550913,-0.792939,0.051,2.850991666316986,-0.611227,-1.50201718828288,0
0.70192939043045,0.24826443,0.197,-0.9012,0.1508,0.301,0.1591,0.444097757339,1.194703,12.16,3.293686973446938,-0.363562,-0.105799715915125,0
0.0246574357151985,0.036196053,0.028,-0.9872,0.0322,0.092,0.0732,0.297136366367,-0.359932,0.259,2.7471670905749,-0.562555,-1.30857066566635,0
0.998700737953186,0.9725901,0.861,0.9454,0.899,0.765,0.871,0.529745280743,4.447638,25.3,11.800717262647522,0.458824,0.731461694343813,0
0.0327299233713714,0.101591736,0.154,-0.9152,0.0027,0.241,0.0739,0.277297616005,0.16349,1.997,3.11227422952652,-0.532845,-1.01647811732115,0
0.210215747987479,0.22380644,0.238,-0.8704,0.002,0.261,0.13,0.238338723779,2.428485,18.68,3.6172478149649407,-0.442337,-0.319113920910043,0
0.107975192368031,0.100548774,0.252,-0.8442,0.1908,0.263,0.0986,0.273217260838,1.197307,12.17,3.970607022104862,-0.147598,-0.370642548731913,0
0.0631883814930916,0.07201725,0.151,-0.9774,0.1277,0.141,0.1078,0.266917169094,-0.497529,0.153,5.209895489062139,-0.407445,-1.14839228200906,0
0.804850459098816,0.17383811,0.07,-1.0091,0.0083,0.19,0.122,0.282341629267,2.878914,20.7,4.985283523797989,-0.425962,-0.00269239057597,0
0.714471459388733,0.25363964,0.396,-0.7584,0.2972,0.275,0.1557,0.353858649731,2.032895,16.91,2.019814939424129,-0.14106,-0.0462602204155123,0
0.667649388313293,0.5197135,0.538,0.4393,0.6739,0.48,0.1627,0.353704750538,3.454888,22.6,5.023296475410461,-0.0109455,0.633558063545448,0
0.52126133441925,0.31042,0.39,-0.8425,0.1878,0.37,0.1083,0.335521161556,2.628072,19.55,3.3892277064002387,-0.190612,-0.356039809337211,0
0.0400875526872866,0.15575537,0.445,-0.8968,0.2141,0.282,0.1594,0.35956466198,0.466293,5.111,2.909816456147256,-0.160743,-1.20308854145208,0
0.064747966321876,0.019618243,0.257,-0.8997,0.0732,0.192,0.0763,0.282315909863,-0.077731,0.792,2.1623660410055328,-0.33843,-1.60031146628092,0
0.0251705884487958,0.060174644,0.298,-0.9056,0.0022,0.072,0.0702,0.269921243191,-0.944433,0.03,3.669276088476181,-0.558817,-1.3752390465227,0
0.951997399330139,0.41423547,0.335,-0.6982,0.3521,0.395,0.0849,0.257453918457,1.891543,16.24,4.883822449277135,-0.0886078,-0.267118971663686,0
0.0135684942864235,0.028295606,0.036,-0.8927,0.0009,0.022,0.0658,0.217029035091,-1.148184,0.015,3.644868969917298,-0.880745,-1.91194978419609,0
0.033652833822345,0.07843846,0.244,-0.9292,0.0029,0.239,0.095,0.254543423653,-0.040166,0.917,2.7489268100760693,-0.473601,-1.17491765809525,0
0.990552067756653,0.88314676,0.86,0.6874,0.7738,0.902,0.9696,0.798874735832,4.947803,27.6,14.72007520752959,0.393419,0.7604484490238,1
0.0631174725434957,0.029305995,0.159,-1.0112,0.0407,0.108,0.0474,0.263753056526,-1.40248,0.006,2.109488613973161,-0.452584,-1.63972956403101,0
0.0164823428476442,0.069615096,0.037,-0.9877,0.037,0.085,0.0881,0.240423262119,-0.772664,0.055,2.854800449259355,-0.580174,-1.3045325426613,0
0.982203602790833,0.89861953,0.77,0.5838,0.7606,0.539,0.541,0.386666536331,3.822871,23.6,4.140396365355671,0.21479,0.496955439648505,0
0.0234320167298813,0.04499668,0.443,-0.977,0.1342,0.35,0.0949,0.287865817547,1.04803,10.87,3.141422152519226,-0.178299,-1.13732402005216,0
0.0146552117887341,0.13508275,0.215,-0.9534,0.0033,0.245,0.1164,0.35029989481,-0.100678,0.723,3.338402390480041,-0.396003,-1.21003104509854,0
0.184611573815346,0.21780753,0.171,-0.9311,0.0037,0.237,0.0687,0.228662014008,0.947098,9.731,2.300125369907604,-0.393471,-0.713864920908529,0
0.0492192563135101,0.09032172,0.373,-0.937,0.0017,0.107,0.0476,0.310928553343,-1.419264,0.006,3.535330057144165,-0.492258,-1.37550132868269,0
0.903537571430206,0.23260936,0.116,-0.9927,0.008,0.385,0.0949,0.214471578598,2.621548,19.52,3.930947244167328,-0.248054,0.349902394110293,0
0.754082143306732,0.21611276,0.158,-0.8111,0.2977,0.415,0.0742,0.252873808146,1.53017,14.36,3.062755100404388,-0.255344,-0.475323170053048,0
0.0811297725855951,0.11822495,0.453,-0.7735,0.3233,0.169,0.0744,0.240116238594,-0.279146,0.355,2.7684097247052977,-0.221082,-0.712301308006087,0
0.618170499801636,0.5129817,0.461,-0.7845,0.2652,0.535,0.1276,0.232126295567,1.242165,12.5,4.687908198872437,0.0127093,-0.59716573482436,0
0.687412142753601,0.44151646,0.138,-0.9866,0.0114,0.577,0.2605,0.358914732933,2.050806,16.99,3.636841297149658,-0.234586,-0.131363057680751,0
0.204844415187836,0.17267498,0.127,-0.9236,0.0044,0.335,0.1078,0.304292559624,1.611782,14.82,4.115847706794739,-0.301878,-0.542971444120545,0
0.0352303866287732,0.103777885,0.36,-0.8715,0.1931,0.309,0.0803,0.246340066195,1.284776,12.8,2.7825361490249634,-0.253482,-0.962912308316081,0
0.296169565455248,0.22603998,0.241,-0.8365,0.2331,0.298,0.2001,0.251853644848,0.698266,7.367,3.385597634809604,-0.276604,-0.874621245888941,0
0.0792112418465596,0.11674285,0.551,-0.4887,0.5834,0.261,0.0809,0.208808809519,-0.795147,0.051,2.8985149016979515,-0.071344,-2.03378796542149,0
0.102862657127037,0.14217976,0.234,-0.9069,0.0029,0.243,0.0983,0.268928647041,0.472382,5.176,2.404797223134355,-0.449011,-0.795796936114068,0
0.1451424213686,0.19396427,0.538,0.3682,0.8377,0.346,0.084,0.244481995702,1.257164,12.61,4.71636881462275,0.0702476,-0.81633203274577,0
0.15819539129734,0.23941195,0.083,-0.926,0.0037,0.475,0.2503,0.36181807518,0.890967,9.169,3.117880165576935,-0.296814,-0.486553893781959,0
0.215718947647633,0.1655938,0.106,-0.9033,0.0022,0.413,0.0794,0.320624232292,0.672624,7.133,3.016647699261479,-0.468413,-0.52820046544707,0
0.0148265310657023,0.11293295,0.092,-1.0439,0.1074,0.436,0.0798,0.269719958305,1.384251,13.47,2.8402215101485293,-0.329362,-0.859175292906746,0
0.867838621139526,0.6316566,0.523,-0.0098,0.6561,0.443,0.1243,0.258355855942,3.216189,21.8,4.121329887712219,-0.0509956,0.201497339074244,0
0.169680014252663,0.104128,0.221,-0.9029,0.0022,0.183,0.1216,0.263031482697,-0.023634,0.978,3.0542801503651464,-0.426035,-0.922546220003437,0
0.960680246353149,0.57412493,0.679,0.6968,0.7898,0.546,0.162,0.540876805782,3.498758,22.7,3.471680164337158,0.11114,0.675451892970082,0
0.96561861038208,0.59569585,0.57,0.5886,0.6961,0.411,0.1172,0.416292011738,3.899724,23.8,8.192094386827934,0.00198818,0.716018374565915,0
0.877800762653351,0.45713428,0.353,-0.782,0.2787,0.453,0.2094,0.280949294567,1.468045,13.99,5.993847773336173,-0.126474,-0.359163078380313,0
0.0356412489966967,0.08890888,0.23,-0.9989,0.1459,0.162,0.1571,0.339235156775,0.736964,7.715,3.160577964846374,-0.245879,-0.669647593647213,0
0.982981860637665,0.86643565,0.78,0.8001,0.8144,0.76,0.9574,0.730627715588,4.572792,25.8,11.883261492222484,0.309933,0.934253066453926,1
0.0451237764391891,0.15669265,0.179,-0.9969,0.0699,0.24,0.0948,0.306685388088,-0.529152,0.136,3.7144755894532655,-0.426907,-1.19782227094063,0
0.995664536952972,0.6274177,0.301,-0.0408,0.4786,0.66,0.3986,0.612195789814,4.815,26.9,7.243337151558691,0.0754449,0.819228101425076,0
0.100877671526727,0.13072392,0.345,-0.5155,0.4906,0.361,0.1166,0.258768618107,0.575224,6.216,2.873341442686617,-0.196481,-0.810274088907976,0
0.249173261291251,0.4259776,0.571,-0.357,0.5486,0.367,0.0913,0.235063821077,1.809128,15.84,3.7266137042934457,-0.113583,-0.224569166160718,0
0.911003053188324,0.28197622,0.117,-0.9187,0.0088,0.28,0.1219,0.440638780594,2.026193,16.87,3.524118449186699,-0.37896,-0.124593034356583,0
0.987251996994019,0.38551304,0.326,-0.417,0.5402,0.627,0.1457,0.304871290922,2.553867,19.23,3.8260433453735447,-0.0352501,-0.0571916233623186,0
0.0399549641083326,0.07736334,0.162,-1.0011,0.1176,0.202,0.0722,0.264061510563,0.082217,1.467,3.5463496479167143,-0.401522,-1.27669309582456,0
0.0297403782606125,0.14356402,0.57,-0.652,0.3293,0.074,0.0869,0.245955109596,-1.680089,0.003,2.162027359008789,-0.126867,-1.94252232757809,0
0.0223539999051049,0.24289948,0.246,-1.0003,0.156,0.123,0.2328,0.317876905203,0.29687,3.238,3.469073066777377,-0.351155,-1.41617047988325,0
0.977374732494354,0.45735455,0.297,-0.4581,0.2841,0.523,0.1318,0.523517787457,3.960666,23.9,6.391156830040464,-0.00433934,0.541469472922845,0
0.169764670631401,0.1848552,0.493,-0.4728,0.4605,0.372,0.0874,0.284984350204,1.81902,15.89,3.379687540333759,-0.1612,-0.43726271080855,0
0.0134308014955773,0.046613276,0.543,-1.0354,0.0221,0.356,0.061,0.234693318605,0.93771,9.634,3.48859041929245,0.019254,-0.881694971897844,0
0.104439631104469,0.1009835,0.252,-0.9623,0.1051,0.147,0.0972,0.207828521729,0.901956,9.278,4.591025626620697,-0.347824,-0.988158400922554,0
0.376636564731598,0.3262008,0.473,-0.6904,0.3583,0.414,0.0854,0.239147379994,0.189356,2.201,1.7583731687497155,-0.162741,-0.947932922295608,0
0.780931816672408,0.4115224,0.506,0.1216,0.7439,0.444,0.12,0.427740097046,3.418354,22.5,3.688823985318627,-0.105431,0.241414647407241,0
0.97622162103653,0.41738665,0.246,-0.7062,0.2801,0.395,0.1226,0.313007682562,2.729818,19.97,4.284983883940022,-0.13621,0.0437110099169731,0
0.139246905049266,0.14326742,0.377,-1.0241,0.2738,0.284,0.0807,0.252487510443,0.746473,7.8,4.704353227393532,-0.197143,-0.93096430498673,0
0.87026834487915,0.44435892,0.162,-0.8421,0.0025,0.49,0.0932,0.325227886438,3.19024,21.7,3.3127357065677643,-0.25551,0.0068721357915039,0
0.969797611236572,0.4438267,0.233,-1.1027,0.0195,0.528,0.8381,0.716105699539,3.659619,23.2,2.2664328813552856,-0.204464,0.515932452152589,0
0.986189544200897,0.6419342,0.46,0.0234,0.482,0.536,0.1656,0.546238362789,4.326468,24.9,7.719296572886971,-0.0250943,0.631183042581002,0
0.101620048284531,0.14478472,0.307,-0.9472,0.1962,0.285,0.0718,0.236694544554,-0.708827,0.07,3.488691054885843,-0.280376,-0.844299317080044,0
0.145584085086988,0.19042799,0.436,-0.6597,0.3962,0.202,0.1252,0.239446416497,2.090172,17.17,4.491859347500951,-0.204857,-0.527066748877197,0
0.792619705200195,0.38484627,0.557,-0.1305,0.6311,0.48,0.1059,0.278114259243,1.869065,16.13,4.09147116342284,-0.0359506,-0.621398405778814,0
0.103938193975203,0.14755723,0.45,-0.4571,0.4465,0.233,0.1232,0.224443823099,0.408677,4.486,4.327775746583939,-0.18977,-0.86555604691767,0
0.275534987449646,0.1819171,0.53,-0.5001,0.4501,0.266,0.1638,0.24459823966,0.592574,6.384,2.670973393833905,-0.202117,-0.719366604772409,0
0.994898617267609,0.98716843,0.943,1.0415,0.9108,0.841,0.889,0.658898234367,4.671063,26.2,12.928814904026554,0.486745,0.91200800204826,1
0.366385638713837,0.49689615,0.691,0.3566,0.877,0.429,0.1372,0.337535113096,1.529697,14.36,4.038986528095534,0.0825789,-0.270004598315896,0
0.0966240653571912,0.16215953,0.412,-0.4465,0.4373,0.307,0.0957,0.254177927971,-0.238087,0.418,3.7491285420789033,-0.256537,-0.99965648206446,0
0.0488439567472625,0.064181626,0.058,-0.9251,0.0019,0.129,0.0955,0.228578224778,-0.095461,0.738,3.202050930123669,-0.619961,-1.25344562103135,0
0.95472127199173,0.60749704,0.466,-0.3042,0.4323,0.553,0.8945,0.476469635963,3.472781,22.6,9.201144650725947,-0.139853,0.321348412463533,0
0.944697201251984,0.8415911,0.639,0.7019,0.7942,0.721,0.4121,0.588655591011,3.798926,23.5,6.282516969367862,0.181513,0.575897338619285,0
0.139987379312515,0.21093881,0.553,-0.6831,0.4039,0.29,0.1108,0.254465520382,0.504144,5.506,2.8559627816432345,-0.0907216,-1.03360312561979,0
0.0284886479645764,0.07985392,0.357,-0.9313,0.0018,0.191,0.0608,0.230347171426,-0.122679,0.663,2.2824929092755046,-0.388706,-1.42170674902282,0
0.0274492762982845,0.038193405,0.038,-1.0322,0.0646,0.302,0.0781,0.289809376001,0.020408,1.158,3.3599503744382067,-0.498271,-1.04474794499303,0
0.125587317869284,0.20770362,0.533,-0.232,0.7222,0.327,0.1943,0.230114400387,0.62054,6.65,2.1901471614837646,-0.017524,-0.457675116518349,0
0.0519398488104343,0.089133054,0.177,-0.9024,0.0021,0.182,0.1048,0.191858679056,0.653687,6.959,3.864833831787109,-0.464593,-0.998281453691262,0
0.750305399777604,0.27868342,0.513,-0.103,0.7484,0.357,0.1625,0.397960007191,2.824918,20.4,6.660851550744842,-0.0686779,-0.165784153493001,0
0.762413144111633,0.45523965,0.322,-0.0637,0.3468,0.405,0.1383,0.347618579865,3.006319,21.1,2.632697343826294,-0.0466565,0.0967825042433722,0
0.964294910430908,0.6089514,0.489,0.287,0.6751,0.537,0.1401,0.339271515608,2.996599,21.1,3.0865266919136047,0.0192504,-0.204917877263659,0
0.0745809932350877,0.16456804,0.103,-1.057,0.1032,0.414,0.0697,0.307381629944,0.048011,1.287,3.2231100362771024,-0.327497,-0.960548401857744,0
0.904225051403046,0.39989278,0.344,-0.0449,0.6303,0.435,0.1018,0.284630179405,3.28118,22.0,4.788431445417106,0.00685963,0.397753717438422,0
0.988101601600647,0.67361766,0.59,-0.0584,0.6626,0.368,0.1186,0.322687923908,0.825075,8.524,4.621078860027414,-0.0297076,-0.325722576134677,0
0.821916401386261,0.46327177,0.589,-0.9952,0.1055,0.497,0.1647,0.340391516685,2.670814,19.73,5.5057981647141965,0.0383912,-0.149044018344706,0
0.681621789932251,0.2655681,0.519,-0.9832,0.1146,0.495,0.2213,0.346213936806,1.937228,16.46,3.396036288555338,-0.112812,-0.282393344007855,0
0.135555118322372,0.092258155,0.095,-0.9943,0.1517,0.178,0.1477,0.250980854034,0.185418,2.168,3.2901473861570656,-0.392276,-0.878001042372495,0
0.980961978435516,0.5639513,0.496,-0.0417,0.4704,0.506,0.135,0.376025229692,3.655708,23.2,8.030162924719473,-0.167405,0.62435289982764,0
0.070198023270706,0.11014789,0.212,-0.8435,0.0028,0.165,0.0823,0.223127931356,0.711397,7.486,4.199808090925217,-0.456017,-0.813154947813231,0
0.99954479932785,0.98692286,0.938,1.1011,0.9505,0.814,0.9809,0.497448533773,4.664635,26.2,18.617650634174616,0.579656,0.82958438086272,1
0.90218061208725,0.38448712,0.225,-1.1775,0.0351,0.428,0.3436,0.596751928329,3.720362,23.3,3.675156891345978,-0.183131,0.647751742439706,0
0.883748114109039,0.20698413,0.375,-0.4692,0.3159,0.395,0.1898,0.24357226491,1.518486,14.29,4.437137454748154,-0.203334,-1.05401989718156,0
0.0607026715738926,0.06898832,0.205,-1.0548,0.0757,0.17,0.0816,0.282148450613,0.138587,1.817,4.386422768235207,-0.362957,-1.40118312027687,0
0.988471508026123,0.6525935,0.698,0.4619,0.6113,0.661,0.3363,0.516118407249,4.380375,25.1,3.2784056663513184,0.326379,0.591694733458942,0
0.835614383220673,0.426914,0.62,0.0551,0.7694,0.43,0.1079,0.374616086483,2.872474,20.6,3.724541299029394,0.034825,0.175088014659667,0
0.0163434101400002,0.0799433,0.078,-0.9089,0.002,0.302,0.0657,0.260393470526,0.092387,1.525,3.9851323137184926,-0.583734,-1.31496485987394,0
0.0724232720563175,0.15032807,0.434,0.356,0.8096,0.306,0.0937,0.262536585331,1.513817,14.27,4.607054931679059,-0.0375951,-0.928987984030952,0
0.209088727831841,0.22509426,0.345,-0.5914,0.3744,0.373,0.1992,0.27704834938,1.874499,16.16,3.660456644248872,-0.234976,-0.834027395216252,0
0.0371788216328203,0.099513054,0.168,-0.9161,0.0036,0.303,0.146,0.275841534138,0.471783,5.169,4.496424838900566,-0.365644,-0.82675835681349,0
0.953794002532959,0.8719268,0.237,-0.8502,0.2192,0.543,0.1828,0.366311758757,1.685576,15.22,5.480254360855243,-0.140886,-0.306661260317703,0
0.978053092956543,0.73189104,0.702,0.2711,0.6342,0.524,0.3686,0.518409311771,3.775732,23.5,9.403045437261124,0.13214,0.490551513726544,0
0.789709866046906,0.37048697,0.194,-1.0029,0.0109,0.39,0.0983,0.302906572819,2.072594,17.09,3.82907166637365,-0.287439,-0.44585874557438,0
0.218012273855789,0.33893752,0.339,-0.8125,0.2932,0.33,0.0838,0.256304383278,1.819414,15.89,5.079008077613271,-0.219534,-0.622591481351211,0
0.0784251459989288,0.16944015,0.107,-0.9979,0.095,0.288,0.1149,0.255693882704,0.546076,5.93,3.335989194252912,-0.433709,-0.949054845865903,0
0.0335422172882799,0.08076444,0.195,-0.8736,0.0033,0.264,0.0789,0.23437255621,-0.068683,0.82,3.7441658675670624,-0.463573,-1.04724785880071,0
0.0685680924309306,0.1055941,0.168,-0.9364,0.004,0.151,0.2437,0.327484816313,1.421598,13.71,3.786990374326706,-0.437323,-0.951148051122956,0
0.0733135699181733,0.12231219,0.147,-0.8964,0.0017,0.314,0.1114,0.265948206186,0.64021,6.834,4.257049819139269,-0.546761,-1.64508147284264,0
0.840745067093265,0.7252935,0.737,0.7561,0.9048,0.423,0.1828,0.420466840267,3.11033,21.4,5.026478607207537,0.125674,0.495365714270072,0
0.056641262024641,0.053348094,0.019,-0.9294,0.0018,0.043,0.0721,0.208423867822,0.206428,2.345,4.196786284446716,-0.643287,-1.12790334446969,0
0.0489576784646593,0.11830607,0.275,-0.8654,0.3336,0.185,0.0785,0.259995132685,0.037962,1.239,4.005152053675078,-0.298654,-0.945156986348637,0
0.114309270686487,0.14176685,0.506,-0.3424,0.5076,0.297,0.081,0.296786665916,0.807197,8.353,4.171611070632935,-0.148475,-0.587439234060785,0
0.347958534955978,0.20691755,0.461,-0.2752,0.4582,0.449,0.0902,0.369659781456,1.634646,14.95,4.271221125498414,-0.131331,-0.39607462675382,0
0.973370134830475,0.88930976,0.685,0.7148,0.7167,0.84,0.4651,0.515905082226,4.439314,25.3,6.551866833984084,0.298881,0.733481629983651,0
0.380530595779419,0.12322307,0.183,-0.9302,0.0033,0.252,0.095,0.236992165446,0.935213,9.609,2.599994076616322,-0.368115,-0.603357566585542,0
0.99015337228775,0.91475743,0.659,0.477,0.7056,0.693,0.1872,0.300984472036,3.161379,21.6,4.208074495196343,0.24173,0.333775885102766,0
0.0559533352584822,0.09646252,0.235,-0.9059,0.0028,0.123,0.0777,0.2279728055,-0.606855,0.102,3.4242529635500984,-0.532598,-1.35852362322117,0
0.104939376826044,0.24297792,0.207,-0.9072,0.0027,0.291,0.1399,0.278333008289,0.659495,7.013,2.220541792226627,-0.343635,-0.781089314491283,0
0.952044188976288,0.66016567,0.56,0.0,0.6891,0.541,0.1947,0.398671925068,3.664499,23.2,7.052663078733537,0.113685,0.302076051397564,0
0.0506592474091118,0.13682222,0.024,-1.0007,0.0725,0.246,0.078,0.220531404018,0.557067,6.038,2.944355002019932,-0.485273,-0.989840314801627,0
0.0229888149051402,0.10436803,0.578,-0.7309,0.36,0.281,0.0792,0.260303705931,0.604011,6.493,3.0173715249822424,-0.0676856,-0.846095659652953,0
0.0553224038756888,0.14456043,0.087,-0.8965,0.0037,0.459,0.1259,0.276330530643,0.502915,5.493,2.153106618908618,-0.483011,-1.10176841166092,0
0.499536475313425,0.8559476,0.721,0.5747,0.7737,0.745,0.1573,0.369573503733,3.090225,21.4,8.148846291005611,0.248613,0.201789819786149,0
0.397906303405762,0.2459844,0.399,-0.8662,0.1805,0.307,0.0708,0.279431283474,2.570367,19.3,3.22496732353581,-0.186388,-0.31135934386271,0
0.995928466320038,0.83269924,0.767,0.8134,0.8005,0.615,0.743,0.336708039045,3.925418,23.8,3.531621292233467,0.160261,0.738076082160912,0
0.0194397568702698,0.07117066,0.18,-0.9196,0.0017,0.208,0.078,0.253237426281,-0.580198,0.112,2.8889740906428263,-0.537539,-1.13105550849826,0
0.9048752784729,0.38458043,0.498,-0.2019,0.6147,0.322,0.0848,0.38463768363,3.120135,21.5,4.801076985895634,-0.105476,0.275989419917828,0
0.116489367314418,0.1902867,0.187,-0.9216,0.0023,0.294,0.0867,0.208956375718,-0.086529,0.765,3.3894820741743503,-0.468128,-1.04457248152049,0
0.763469159603119,0.2659453,0.157,-0.9024,0.0089,0.436,0.0937,0.32411056757,2.243362,17.87,4.462499695886862,-0.401529,-0.187547249071121,0
0.187374979257584,0.11449894,0.162,-1.0097,0.1566,0.217,0.0802,0.260229557753,-0.121622,0.665,4.470761589855123,-0.321649,-1.18166890621264,0
0.131244000282582,0.14900571,0.098,-0.9399,0.0035,0.386,0.1097,0.331096589565,1.045762,10.84,3.7545167207717896,-0.499579,-0.61026732472942,0
0.424979627132416,0.36564702,0.514,-0.0514,0.5216,0.396,0.1053,0.350392013788,2.100683,17.22,6.320586654804233,-0.149128,0.250488230510483,0
0.0232083853334188,0.073432595,0.116,-0.9189,0.0024,0.158,0.0888,0.249831110239,0.180552,2.129,3.5265273782221085,-0.545012,-0.96314804495958,0
0.0152312321588397,0.08629829,0.328,-0.9143,0.0018,0.143,0.0723,0.26180139184,0.886739,9.128,3.511713802814484,-0.356626,-1.36704461253973,0
0.052950955927372,0.13962638,0.536,-0.8032,0.3709,0.405,0.0762,0.23824390769,0.656263,6.983,3.889537174882834,-0.119448,-1.0284738614727,0
0.0265370100815442,0.119383216,0.227,-0.8981,0.0031,0.107,0.0847,0.194057628512,0.654999,6.972,2.839604616594744,-0.358732,-0.761380575983007,0
0.26385161280632,0.24077302,0.174,-0.9147,0.004,0.291,0.113,0.290343612432,1.01793,10.54,4.883685412847704,-0.366245,-0.561231196930763,0
0.991626143455505,0.7000388,0.418,-1.1809,0.0775,0.586,0.9665,0.658922791481,4.927819,27.5,2.213858962059021,-0.0905508,0.835490403224565,1
0.898456990718842,0.605654,0.745,0.6906,0.6989,0.408,0.2527,0.321500301361,2.846982,20.5,9.505157232284546,0.0858897,0.349312583669091,0
0.262407898673336,0.16304523,0.577,-0.2776,0.6417,0.295,0.2435,0.385519623756,1.478663,14.06,6.601903818959703,-0.0416195,-0.513515383578965,0
0.452347159385681,0.25361717,0.373,-0.8962,0.2011,0.294,0.2437,0.276743143797,1.286106,12.81,6.416639471240314,-0.225288,-0.684395568937457,0
0.973470211029053,0.9792774,0.677,0.5852,0.7424,0.575,0.3541,0.402965098619,3.276422,22.0,12.325831066355205,0.105928,0.328741789194212,0
0.0219594335215239,0.05694878,0.026,-0.905,0.002,0.031,0.0672,0.188124835491,-0.502685,0.15,4.378750860691071,-0.741297,-1.2455692897379,0
0.943653404712677,0.63035446,0.37,-0.0744,0.4602,0.475,0.1134,0.364959061146,3.078764,21.3,8.948591728451822,-0.0248936,0.584069378059322,0
0.993629157543182,0.9466405,0.68,0.555,0.791,0.807,0.9722,0.539891242981,3.527557,22.8,10.176658051204868,0.000626197,0.482624622025757,1
0.892276883125305,0.3391233,0.209,-0.9396,0.1872,0.456,0.2,0.364391744137,2.830119,20.5,3.9435724600568287,-0.258845,-0.693922227744218,0
0.137562945485115,0.21390164,0.132,-0.9345,0.0034,0.464,0.0961,0.296052485704,0.940528,9.663,3.722215389536737,-0.467664,-0.573073069346201,0
0.997661828994751,0.85631096,0.822,1.0717,0.9202,0.737,0.1918,0.547530174255,4.356945,25.0,6.870565610937774,0.103787,0.776066386844916,0
0.649458527565002,0.5101049,0.164,-0.9199,0.0033,0.526,0.2019,0.435641646385,2.892877,20.7,2.5860198498683493,-0.245737,-0.483641392270707,0
0.0821409193883615,0.17108741,0.386,-0.8957,0.2789,0.37,0.1114,0.242862388492,1.321088,13.05,4.876471824860062,-0.192061,-0.88238755320217,0
0.100023916300523,0.11410743,0.37,-0.8429,0.2427,0.336,0.1479,0.258021086454,0.694617,7.334,3.8842816608253057,-0.134369,-0.902330396967004,0
0.0814507077854374,0.10357979,0.075,-0.8757,0.0013,0.223,0.0665,0.352831274271,0.901762,9.276,3.4817312359809875,-0.732173,-1.62383528780447,0
0.0421107501611238,0.060582876,0.549,-0.3166,0.5932,0.195,0.0531,0.23534360528,-0.725239,0.066,3.0841853269006263,-0.0288084,-1.97830255619227,0
0.261331051588058,0.11074185,0.124,-0.9181,0.0023,0.209,0.1366,0.252311885357,-0.025462,0.971,3.442933520933876,-0.487141,-1.15011632146466,0
0.990500509738922,0.9314529,0.762,0.798,0.8096,0.771,0.7222,0.609150648117,4.571772,25.8,11.178999691332235,0.161118,0.84334168055333,0
0.960633158683777,0.5426594,0.176,-1.1584,0.0049,0.496,0.1325,0.254254162312,1.066239,11.05,3.985483458545227,-0.36451,-0.610237038229579,0
0.44148913025856,0.26290905,0.532,0.9252,0.903,0.458,0.0981,0.363686829805,2.95528,20.9,4.143004953861237,0.140648,0.127393697407225,0
0.623317420482635,0.5800601,0.467,-0.1989,0.4603,0.576,0.7779,0.476702988148,2.201233,17.68,5.656402220949531,0.0100439,-0.312156419340476,0
0.170673757791519,0.13213229,0.241,-0.9003,0.0021,0.334,0.0984,0.251635849476,0.402391,4.417,1.952087758241876,-0.334865,-0.870834640887568,0
0.03285838291049,0.06516224,0.319,-0.9884,0.1798,0.312,0.0879,0.2302210778,-8.4e-05,1.071,2.992419873867993,-0.311936,-1.14267513151656,0
0.030990032479167,0.12034622,0.229,-0.8698,0.0038,0.393,0.0731,0.416029721498,0.670719,7.116,3.56646528840065,-0.37428,-1.29629876554545,0
0.0466691665976114,0.15740815,0.268,-0.8716,0.1791,0.368,0.0651,0.300771743059,0.695509,7.342,2.7476163440642973,-0.298371,-0.470734470189967,0
0.0526765770942804,0.13951322,0.206,-0.9158,0.0059,0.324,0.0955,0.231411039829,0.884554,9.106,4.04739373922348,-0.360544,-0.969787372416982,0
0.0767093449831009,0.061232448,0.171,-0.9557,0.1715,0.183,0.0543,0.219497263432,-1.242731,0.011,5.286885099789464,-0.32536,-1.49045752535112,0
0.0421058962019449,0.04597047,0.032,-0.9281,0.0014,0.019,0.1609,0.234524250031,-0.048856,0.887,1.801555871963501,-0.778227,-1.08932916540458,0
0.605994880199432,0.25933808,0.264,-0.7384,0.3628,0.288,0.0819,0.248950153589,2.209372,17.71,3.947000942540529,-0.179605,-0.383538972343993,0
0.150015098665292,0.13397315,0.177,-0.9259,0.0041,0.279,0.0921,0.271944254637,1.264375,12.66,4.78108112514019,-0.334816,-0.676196902073751,0
0.0812353294690413,0.13559896,0.175,-0.9064,0.0051,0.269,0.0646,0.346385598183,0.086307,1.49,3.641694307327272,-0.444123,-0.81944385644297,0
0.0354747209111276,0.08802685,0.122,-1.0403,0.0754,0.191,0.0766,0.207032561302,-0.36213,0.257,3.7541661574666847,-0.430427,-1.23362879279546,0
0.914927303791046,0.76295364,0.458,-0.3332,0.5802,0.477,0.1362,0.310356140137,2.61318,19.49,7.509471009196206,0.00962477,0.0439109061061142,0
0.891692519187927,0.6817165,0.498,-0.046,0.6566,0.506,0.3998,0.41634362936,2.478166,18.9,5.753389208425303,-0.0449027,0.0548479743530033,0
0.127758239603513,0.1526784,0.474,0.2944,0.6965,0.293,0.096,0.390633314848,1.771852,15.66,5.478603810071945,0.180964,-0.443733728567753,0
0.0243730302900076,0.076663315,0.267,-0.9174,0.0019,0.132,0.0776,0.309551358223,1.040604,10.79,3.50287988781929,-0.416392,-1.1256145306214,0
0.974965155124664,0.8125518,0.487,0.144,0.5699,0.65,0.4408,0.561764955521,4.82136,26.9,10.086899077152587,0.12077,0.804062985577371,0
0.993831276893616,0.7235373,0.576,-0.2404,0.561,0.499,0.2312,0.239902183414,3.347258,22.3,7.24197781458497,0.0126535,0.480970332109842,0
0.952566921710968,0.30259103,0.128,-0.8909,0.0034,0.474,0.0988,0.383401274681,3.456393,22.6,4.181078352126997,-0.367532,0.0860778488296265,0
0.0974385961890221,0.102301896,0.369,-0.8633,0.2964,0.154,0.0992,0.252452343702,1.464422,13.97,6.078877374529839,-0.216344,-0.684656226196404,0
0.150558844208717,0.44638738,0.449,-0.5368,0.416,0.374,0.0958,0.301435709,0.999887,10.33,5.992677280810481,-0.150664,-0.620831956788736,0
0.50946044921875,0.23093015,0.445,-0.1895,0.657,0.459,0.1242,0.386620044708,2.591228,19.39,3.300652145702846,-0.152351,-0.135692135701471,0
0.51253616809845,0.2815594,0.599,0.0357,0.7602,0.332,0.1194,0.365793645382,3.417715,22.5,7.3070538137709455,-0.067272,0.0250270769681984,0
0.0490350364148495,0.08865741,0.19,-0.9264,0.0017,0.206,0.0778,0.238638237119,0.037564,1.237,3.098208238788848,-0.498806,-1.07211955568921,0
0.276689052581787,0.28086025,0.586,-0.8448,0.228,0.389,0.0869,0.262670844793,0.579251,6.255,3.829065591096878,0.0280956,-0.41330664574805,0
0.134164693981026,0.09446049,0.305,-0.9159,0.1815,0.251,0.1483,0.237848594785,0.68726,7.267,4.011379048228264,-0.211628,-0.987346958140052,0
0.06217335537076,0.11564827,0.201,-0.9015,0.0021,0.315,0.0701,0.355475723743,1.023882,10.6,3.622009754180908,-0.365392,-0.665510123864561,0
0.965591728687286,0.78930646,0.645,0.3652,0.584,0.612,0.1694,0.422325402498,3.556026,22.9,5.310261691343303,0.049872,0.457382986503127,0
0.188296541571617,0.19002417,0.294,-1.0251,0.1474,0.44,0.1152,0.272916913033,1.483995,14.09,5.639517398753099,-0.215689,-1.23532919319979,0
0.119563011049686,0.24182716,0.097,-0.9186,0.0016,0.211,0.0934,0.30945917964,0.667059,7.082,3.538753492907916,-0.523927,-0.902295900045447,0
0.027472907122711,0.09833124,0.061,-0.9116,0.0034,0.094,0.0731,0.20094653964,0.420819,4.62,3.062449663877487,-0.533538,-0.972683997907959,0
0.819684743881226,0.48636404,0.581,-0.7434,0.2899,0.535,0.1562,0.250149190426,1.769571,15.65,2.514991617723334,0.106929,-0.387701890296186,0
0.141173258423805,0.81360435,0.243,-0.9023,0.0048,0.66,0.1003,0.26853069663,0.4964,5.426,4.4261470363388105,-0.202499,-0.866140943914884,0
0.0333016067743301,0.08871719,0.068,-1.0069,0.0662,0.172,0.0702,0.259731084108,-0.713471,0.069,2.730612158036138,-0.414745,-1.3317029208193,0
0.0246159266653308,0.13514414,0.324,-0.8726,0.3515,0.181,0.0668,0.255908727646,0.289161,3.155,4.699821392506319,-0.287213,-0.991166793551136,0
0.491466283798218,0.124860406,0.283,-0.6861,0.36,0.327,0.0943,0.221891909838,0.374542,4.105,5.237834535627129,-0.255746,-1.28726750693276,0
0.0524941108046822,0.072500825,0.172,-0.8954,0.003,0.283,0.0951,0.196858197451,-0.324498,0.297,3.461140046385281,-0.50266,-1.46815079678531,0
0.873795926570892,0.30136022,0.479,-0.7046,0.2507,0.494,0.202,0.336424827576,4.294806,24.8,4.446780558361504,0.0718925,0.171361703306667,0
0.984835565090179,0.8910248,0.626,0.9681,0.872,0.899,0.9072,0.517643451691,4.027678,24.1,15.014859698261716,0.144191,0.74019933341046,1
0.0726827010512352,0.10731998,0.411,-0.7642,0.3048,0.291,0.1418,0.268850803375,1.808413,15.84,2.02201899878624,-0.176737,-0.890448044161308,0
0.20377653837204,0.25323784,0.211,-0.808,0.249,0.367,0.1077,0.323175579309,0.509925,5.565,3.335308660217032,-0.260724,-0.555021382638762,0
0.049494564045233,0.25888616,0.498,-0.8717,0.2112,0.351,0.0707,0.273213267326,0.031403,1.208,3.593019607330385,-0.0527095,-1.23945045911877,0
0.522124528884888,0.3411743,0.436,-0.4275,0.4516,0.405,0.0787,0.321747004986,1.735939,15.48,5.52498631059767,-0.126401,-0.233649912764861,0
0.382925077160168,0.2742101,0.152,-0.9677,0.0069,0.408,0.153,0.310897052288,2.032548,16.9,4.495917737483978,-0.299016,-0.165411174736159,0
0.338900566101074,0.12929285,0.191,-0.9151,0.0027,0.29,0.084,0.24490454793,0.8636,8.899,3.523349514552731,-0.337911,-0.681553053645779,0
0.216021639336759,0.20443171,0.512,0.4281,0.8888,0.542,0.1698,0.340954482555,2.51501,19.06,3.643209218978882,0.177868,-0.170566063110602,0
0.830167293548584,0.4805828,0.305,-0.7673,0.25,0.496,0.1244,0.336837589741,3.906924,23.8,7.727050660503929,-0.140679,0.510681377597062,0
0.779219806194305,0.2558393,0.502,-0.0392,0.5163,0.347,0.1569,0.379896938801,2.288567,18.07,3.1466992504502374,-0.0723496,0.0122449876884385,0
0.949810743331909,0.45262343,0.515,-0.0129,0.5869,0.45,0.1394,0.316172361374,4.104733,24.3,4.403435815028569,-0.0110411,0.542164577600151,0
0.353004536010782,0.33900046,0.225,-0.9636,0.1625,0.464,0.1202,0.282705485821,1.228144,12.4,4.06350597834271,-0.169499,-0.325360570178135,0
0.996389269828796,0.49079126,0.389,-1.2184,0.0513,0.688,0.8319,0.707806229591,4.376593,25.1,4.701383982206135,0.0176162,0.835151344644426,0
0.259298384189606,0.15063202,0.128,-0.9121,0.0034,0.342,0.1371,0.21963852644,1.658132,15.07,4.751579212727196,-0.48211,-0.517618477607718,0
0.989514470100403,0.76569295,0.772,1.0765,0.9818,0.566,0.2622,0.441000282764,4.188522,24.5,4.445540190962171,0.176433,0.832612808036355,0
0.0432845452984022,0.17598104,0.495,-0.9176,0.2105,0.473,0.068,0.348142504692,1.145124,11.77,0.5646092891693115,-0.0990724,-1.12700680666321,0
0.0472812417344315,0.07786536,0.088,-1.0568,0.1079,0.093,0.102,0.286338150501,-0.289919,0.34,3.430937375905695,-0.45736,-1.24513517608902,0
0.0700146809573542,0.09051046,0.328,-0.8422,0.235,0.296,0.0894,0.240436166525,1.174315,12.0,3.5010460317134857,-0.225779,-0.976927320588663,0
0.264216840267181,0.27794045,0.234,-1.0002,0.1297,0.44,0.1712,0.351941585541,-0.100857,0.723,4.066571044126448,-0.292529,-1.07706432887767,0
0.655142366886139,0.36621326,0.238,-0.739,0.305,0.371,0.1065,0.341322511435,1.227966,12.4,4.222796897242591,-0.247126,-0.223922925753754,0
0.532026827335358,0.29282755,0.133,-0.8777,0.0031,0.407,0.0812,0.266689538956,1.864667,16.11,1.7321925163269043,-0.267857,-0.332675904946346,0
0.564492762088776,0.6868663,0.163,-0.9076,0.0041,0.497,0.0778,0.309781491756,1.415623,13.67,3.3611154127440432,-0.278548,-0.64018387430491,0
0.0510093107968521,0.13538253,0.558,-0.9754,0.0997,0.277,0.0927,0.234970033169,1.729348,15.44,3.9829642574116697,-0.0688578,-0.201081298236751,0
0.560866773571417,0.22187266,0.133,-1.0294,0.0037,0.371,0.1529,0.260733425617,1.747619,15.54,3.52597813308239,-0.435822,-0.485369494665505,0
0.0168574112522069,0.092303544,0.536,-1.0059,0.0879,0.236,0.1126,0.236342221498,-0.058436,0.854,4.237699925899506,-0.0633128,-0.711268459020298,0
0.123098537325859,0.08358562,0.331,-0.9037,0.0015,0.201,0.1513,0.248749673367,0.294627,3.214,3.919364886443785,-0.495303,-1.48984416779814,0
0.99247533082962,0.93667847,0.771,0.7683,0.8026,0.758,0.3736,0.640021800995,4.972991,27.8,5.1946659731828015,0.220066,0.890437954062183,0
0.0519008082933149,0.13309377,0.244,-0.9036,0.0025,0.259,0.0863,0.245629251003,0.751866,7.848,4.291706204414368,-0.433666,-1.00623344303899,0
0.974115669727325,0.9726641,0.713,0.4499,0.6754,0.879,0.9881,0.57180672884,4.800711,26.8,11.085067354142666,0.312534,0.739169155267577,1
0.0476108193397522,0.12246832,0.112,-1.0098,0.0633,0.369,0.2701,0.28562361002,-0.375938,0.243,3.60067085498622,-0.439398,-1.43363854773209,0
0.085781030356884,0.1819076,0.212,-0.8924,0.0027,0.271,0.1117,0.238644629717,0.515563,5.623,3.137257212563494,-0.437074,-0.828156774487144,0
0.065967932343483,0.09271008,0.216,-1.0064,0.0572,0.388,0.0679,0.279720157385,-0.487738,0.159,3.5871919615291388,-0.451861,-1.09416973906937,0
0.957701146602631,0.5358319,0.597,0.8371,0.8434,0.752,0.1725,0.628920197487,4.611792,25.9,8.887248009443283,0.314558,0.740790805864156,0
0.538929879665375,0.58173126,0.431,-0.6697,0.3577,0.47,0.1482,0.273175746202,0.249203,2.743,3.559265384654587,-0.132529,-0.712000580211995,0
0.0295821971318465,0.086147815,0.128,-0.9263,0.0027,0.179,0.114,0.266976177692,0.780074,8.102,2.988181626195334,-0.509129,-0.897869586305472,0
0.0987908754051737,0.18928796,0.243,-0.8865,0.0028,0.386,0.1011,0.268013477325,1.134893,11.68,4.616458020988848,-0.373707,-0.701714392321733,0
0.0715470178444648,0.088891596,0.117,-1.0638,0.0853,0.211,0.0733,0.228371843696,0.493263,5.394,4.859809057933398,-0.420554,-0.874266414209437,0
0.0829372853040695,0.13037378,0.492,-0.6936,0.3854,0.315,0.0716,0.283149242401,1.582763,14.66,3.5401955395936966,-0.144758,-0.891601991349774,0
0.666241347789764,0.3168251,0.466,-0.2888,0.5876,0.349,0.1081,0.282807528973,1.240447,12.49,4.26789465546608,-0.145131,-0.113638441064413,0
0.154447987675667,0.2699784,0.449,-0.576,0.4875,0.279,0.0882,0.25031298399,0.453691,4.977,4.503804016597691,-0.131462,-0.598640620035872,0
0.0544228069484234,0.09226215,0.165,-1.0004,0.1125,0.133,0.0897,0.205505698919,-0.163537,0.563,3.245431290550976,-0.40765,-1.30046165661749,0
0.0504320146288839,0.13788465,0.196,-0.949,0.2298,0.206,0.0957,0.247444421053,-0.208829,0.47,4.064148270609712,-0.362665,-0.981297142315489,0
0.0280866434941861,0.18154156,0.192,-0.9463,0.0038,0.362,0.1197,0.213144719601,-0.072872,0.807,2.886616915464401,-0.447418,-0.852580886251141,0
0.773285627365112,0.57023185,0.215,-0.7476,0.3116,0.482,0.1702,0.354949355125,2.259314,17.94,3.24677965372745,-0.127113,-0.104459923956195,0
0.0988114145335626,0.10048729,0.282,-0.9922,0.0027,0.135,0.1019,0.226704716682,-0.866474,0.039,2.935841381549835,-0.427227,-1.67462370722801,0
0.0266566284003284,0.024018884,0.101,-0.9971,0.1275,0.143,0.1067,0.219759374857,-0.474091,0.167,-0.979949027299881,-0.388184,-1.6768376885569,0
0.556830942630768,0.26306117,0.109,-0.8017,0.0101,0.335,0.1659,0.308472514153,2.498548,18.99,3.4904927015304565,-0.26129,0.426046871329938,0
0.113316655158997,0.09896022,0.043,-1.0674,0.0569,0.152,0.0946,0.273824959993,0.226628,2.527,4.427353840350412,-0.487113,-0.908841221522375,0
0.224090248346329,0.17260164,0.147,-0.9103,0.2136,0.306,0.1011,0.275829792023,0.226369,2.525,4.349435615550274,-0.266391,-0.674987688678778,0
0.980636537075043,0.89603317,0.663,0.5012,0.7545,0.751,0.3167,0.58683180809,3.806385,23.5,4.855685830116272,0.135768,0.418938263395707,1
0.65312671661377,0.2163027,0.125,-0.8913,0.0044,0.331,0.1154,0.38256752491,0.727277,7.628,3.620269157826733,-0.466101,-0.257123986752216,0
0.0118633385252635,0.16689321,0.591,-0.5612,0.5577,0.173,0.0731,0.227804630995,0.037994,1.239,0.8216479288596266,-0.0521876,-1.10141157450225,0
0.180164933252474,0.16667935,0.289,-1.0068,0.1146,0.326,0.0804,0.282070726156,2.028234,16.88,3.707660585641861,-0.110502,-0.386271531444175,0
0.951510488986969,0.37044472,0.331,-0.6194,0.3159,0.454,0.2248,0.256688266993,3.558207,22.9,3.349320411682129,-0.0522714,-0.0066948174594026,0
0.0392259396612644,0.08443242,0.185,-0.9153,0.0022,0.192,0.0958,0.251027852297,1.063215,11.02,3.7578899264335632,-0.386406,-0.863834677061811,0
0.0259495582431555,0.06662431,0.092,-1.0363,0.0636,0.178,0.0734,0.244876027107,-0.438783,0.191,3.866224719685967,-0.464919,-1.09717269090484,0
0.0213656428543722,0.018242717,0.041,-0.9559,0.0008,0.116,0.0765,0.210010454059,-0.519852,0.141,1.9005233579178973,-0.599712,-1.54772925490197,0
0.374833762645721,0.21126792,0.149,-0.9861,0.1235,0.352,0.1444,0.259913414717,0.47451,5.198,2.888704689286362,-0.35577,-1.22350276855012,0
0.0285095361788284,0.048291504,0.181,-0.968,0.0793,0.133,0.0663,0.286824405193,1.008772,10.43,0.6421670497956685,-0.355507,-1.07498304175142,0
0.549210369586945,0.25438416,0.349,-0.4453,0.5108,0.317,0.1581,0.271642029285,0.758213,7.905,3.3367082253654603,-0.166616,-0.520952310244614,0
0.0383775606751442,0.07357448,0.564,-0.0641,0.6757,0.334,0.0796,0.248023614287,0.552613,5.994,3.741484612226486,0.0855656,-0.764236727658345,0
0.489697638191666,0.726263,0.451,-0.7128,0.2481,0.657,0.1469,0.304367959499,3.428148,22.5,1.7329307794570925,0.0210511,-0.322346583088346,0
0.896845638751984,0.92545754,0.667,0.0028,0.5681,0.568,0.1328,0.329540461302,2.756525,20.2,7.095425457479737,0.029339,0.22058605064765,0
0.957557857036591,0.64620835,0.639,0.1398,0.7412,0.562,0.1856,0.296119630337,3.039858,21.2,4.182539850473404,0.0329703,0.486562062772803,0
0.94463050365448,0.40916204,0.326,-0.6978,0.2365,0.457,0.2819,0.43061709404,2.537189,19.15,5.542544945246861,-0.115611,0.153019369852366,0
0.389264920122477,0.29016173,0.075,-1.0165,0.0047,0.272,0.0872,0.24318164587,3.256449,22.0,3.755771040916443,-0.483812,-0.224762731856778,0
0.981088399887085,0.8178104,0.57,-0.1389,0.4223,0.649,0.1675,0.405463725328,4.360567,25.0,7.332725226989702,0.257518,0.73211622097707,0
0.20100474357605,0.15712467,0.101,-0.8903,0.0022,0.375,0.1194,0.504920184612,1.350064,13.25,3.927568649209292,-0.466653,-0.718274624325765,0
0.170640021562576,0.21251321,0.183,-0.9026,0.0024,0.415,0.1146,0.374226927757,4.291317,24.8,4.615408733487129,-0.278955,-0.406147993079241,1
0.545667224099693,0.22840661,0.205,-0.8825,0.0058,0.361,0.1119,0.253255307674,2.342532,18.31,3.731415450572968,-0.29009,-0.241555713822406,0
0.956291019916534,0.83842087,0.648,0.6597,0.7686,0.662,0.0836,0.387672662735,3.449152,22.5,4.6661041896370135,0.06351,0.54800704623445,0
0.24150712788105,0.20734078,0.321,-0.8624,0.3067,0.308,0.1605,0.223539888859,1.115418,11.51,1.8645819158952337,-0.218895,-0.795894789011439,0
0.950044751167297,0.87147045,0.776,0.8468,0.8447,0.717,0.8637,0.74363386631,4.267525,24.8,13.037647831253707,0.26579,0.571219216593532,0
0.0686576217412949,0.10026842,0.307,-0.9853,0.1915,0.323,0.0802,0.217050462961,-0.316399,0.307,3.463258615125551,-0.319459,-1.40592199615218,0
0.0416819974780083,0.21433547,0.181,-0.9059,0.0032,0.301,0.0998,0.231946706772,-0.44853,0.184,1.7935094005415655,-0.500133,-0.935373373817847,0
0.0597605147249263,0.12298474,0.163,-0.8373,0.0026,0.246,0.1472,0.291388094425,-0.069563,0.818,3.305148988962173,-0.340527,-0.740804975331107,0
0.046268917620182,0.09078261,0.101,-0.8759,0.0028,0.233,0.0957,0.260956346989,0.060955,1.353,2.764553874731064,-0.548767,-1.01250726726571,0
0.935385048389435,0.76450336,0.598,-0.0211,0.5942,0.577,0.0869,0.376708447933,2.71417,19.91,8.542662782475505,0.0839682,0.0288415462278135,0
0.0524886235157247,0.05182886,0.16,-0.9488,0.0008,0.096,0.0914,0.24510037899,-1.033372,0.022,2.8931068481784408,-0.561474,-1.41467383289745,0
0.784734785556793,0.25386202,0.428,-0.5743,0.3911,0.354,0.1875,0.441404998302,2.293213,18.09,3.208384030971766,-0.0791933,-0.41133515817506,0
0.0171384828665763,0.087765425,0.402,-1.0168,0.0439,0.319,0.0781,0.209170848131,0.335914,3.67,4.795341520669868,-0.252746,-0.889288837395565,0
0.994067311286926,0.83296204,0.662,0.1728,0.5422,0.557,0.5112,0.468310803175,4.440467,25.3,10.43044626892836,0.0835095,0.737469805389206,0
0.0291033836557144,0.06829432,0.232,-0.975,0.0026,0.264,0.1128,0.276992380619,0.462022,5.066,4.116061866283417,-0.441317,-1.13573550602692,0
0.875458657741547,0.36105636,0.157,-0.9249,0.0054,0.352,0.0984,0.258155077696,1.169204,11.96,4.251349978861867,-0.251525,-0.0623393837580012,0
0.173924080743395,0.59965515,0.506,0.6632,0.8957,0.469,0.0985,0.214784711599,1.279087,12.76,2.9326595675972227,0.369968,-1.07286285601533,0
0.374081380952629,0.44513652,0.449,-0.7206,0.3668,0.29,0.111,0.312572151423,0.870059,8.963,3.8631202763310464,-0.143622,-0.1438239263757,0
0.0819517448544502,0.1482296,0.197,-0.9079,0.0018,0.108,0.0732,0.210328996181,0.42413,4.657,2.076032221317292,-0.513496,-0.847217073089461,0
0.903968513011932,0.65738976,0.645,0.757,0.9371,0.555,0.152,0.331401795149,1.908018,16.32,5.5713962994191695,0.219154,-0.0656699822916106,0
0.265460610389709,0.21960232,0.587,-0.9589,0.1273,0.233,0.0774,0.276107043028,0.411425,4.517,4.6516817808151245,-0.0241799,-0.551613300056385,0
0.129743673369783,0.24905103,0.571,0.4164,0.8684,0.389,0.129,0.266249597073,0.707539,7.451,2.73407518863678,-0.035631,-0.725838333887916,0
0.0303267600226364,0.16615012,0.638,-0.3077,0.5973,0.382,0.0935,0.263483256102,0.817275,8.449,3.390209307861577,-0.0193051,-0.857643513429912,0
0.233979957777115,0.24803314,0.63,-0.0428,0.5389,0.428,0.4655,0.406144678593,2.677166,19.76,7.505057805646346,-0.143727,0.0710424158438088,0
0.0167539164935682,0.14527157,0.226,-0.9348,0.0025,0.314,0.0722,0.283430874348,1.146941,11.78,3.086701638995777,-0.463251,-0.987112074149248,0
0.955957233905792,0.5932487,0.405,-0.2706,0.3974,0.379,0.4099,0.459701597691,3.174333,21.7,4.832067549228668,-0.187762,-0.0088344087201688,0
0.756865832136095,0.61573684,0.649,0.1263,0.5478,0.638,0.4001,0.647608757019,4.851159,27.1,13.492543478496373,0.103124,0.412669923412263,0
0.667127549648285,0.21355781,0.468,-1.0273,0.0983,0.505,0.1364,0.544045031071,2.535569,19.15,4.367544018200626,-0.0384299,-0.0236308682360852,0
0.120815730359536,0.5477482,0.381,-0.9125,0.2301,0.479,0.1769,0.253536462784,1.581449,14.65,4.580747028916964,-0.163305,-0.660851666058977,0
0.0423877090215683,0.15531364,0.257,-0.9007,0.0022,0.216,0.172,0.304564774036,0.71006,7.474,3.409265905618668,-0.382615,-1.38435597533687,0
0.99286687374115,0.7763684,0.612,0.9152,0.7557,0.598,0.1914,0.311776280403,3.328017,22.2,5.317039216239454,0.0958062,0.698246849322834,0
0.0389863602246441,0.06871447,0.32,-0.9016,0.0023,0.134,0.0767,0.175984054804,-0.712675,0.069,2.3794074654579163,-0.429005,-1.26456497685667,0
0.793388247489929,0.41911852,0.392,-0.6437,0.3944,0.312,0.0807,0.333980083466,0.252136,2.772,3.836304070089112,-0.277171,-0.285882067702729,0
0.396097481250763,0.13492548,0.152,-0.9372,0.0038,0.229,0.0856,0.233874827623,1.881697,16.19,2.493531558382593,-0.418448,-0.536797252062748,0
0.0357004466433156,0.06421605,0.297,-0.9335,0.001,0.156,0.0619,0.240196958184,0.475643,5.21,3.1510380276450825,-0.506997,-0.92866674609494,0
0.889641079634714,0.5383459,0.506,0.8545,0.7983,0.47,0.1207,0.317245185375,3.142971,21.6,4.340975341094892,0.112048,0.586082498828228,0
0.0390158697702116,0.11272234,0.309,-0.8931,0.2295,0.344,0.0709,0.267751783133,0.12533,1.728,4.324060536090085,-0.284075,-1.31068552097365,0
0.895808837039843,0.85118747,0.613,0.1956,0.8774,0.605,0.1862,0.323607325554,3.322534,22.2,7.000584423760017,0.322592,0.312595768587067,0
0.996099591255188,0.6193554,0.562,0.2465,0.5603,0.585,0.262,0.648075461388,4.341848,25.0,7.137704183641594,-0.0133419,0.757804198804686,0
0.823972821235657,0.30949032,0.216,-0.8538,0.1832,0.419,0.1779,0.259832471609,3.151942,21.6,5.422945328056812,-0.141233,0.0440320349402384,0
0.211941555142403,0.09361878,0.127,-0.9749,0.0058,0.315,0.1,0.250256359577,2.137407,17.39,4.424048010524426,-0.443614,-0.510578941796203,0
0.516994416713715,0.27513742,0.58,-0.4044,0.5003,0.394,0.12,0.287875473499,1.847229,16.03,3.490498930215836,-0.107797,-0.526370530584599,0
0.996935129165649,0.9882809,0.917,0.9506,0.9929,0.96,0.9979,0.675295710564,4.205329,24.6,15.194311380472756,0.564948,0.858366991492479,1
0.0719414055347443,0.13985214,0.28,-0.9159,0.1916,0.132,0.0967,0.259544044733,-0.631348,0.093,4.399834074046436,-0.307197,-1.07105163232988,0
0.542464256286621,0.25581428,0.421,-0.9999,0.28,0.395,0.0707,0.258608490229,1.056769,10.96,3.9662645806218393,-0.150331,-0.818646838053127,0
0.0357895046472549,0.14107847,0.529,-1.0177,0.0589,0.259,0.0883,0.238788634539,0.286636,3.128,3.228724320890589,-0.192452,-0.311777101120302,0
0.864638328552246,0.51691645,0.507,-0.1817,0.6288,0.319,0.167,0.295596301556,2.03403,16.91,5.06555123211726,-0.12697,-0.0823238300888454,0
0.0696084421726362,0.109123915,0.319,-0.5836,0.4203,0.236,0.0764,0.255731880665,0.569883,6.164,4.098905879267657,-0.195924,-0.614213502711416,0
0.0391880520245839,0.27158093,0.404,-0.6654,0.3416,0.281,0.1208,0.26203635335,0.28513,3.112,3.075401710137841,-0.276866,-1.03242889076728,0
0.93300074338913,0.38370162,0.548,-0.3537,0.3892,0.429,0.1045,0.291043579578,2.2055,17.7,5.195605860371261,0.0140164,0.0681342994871594,0
0.239936724305153,0.18792477,0.198,-0.7831,0.0025,0.28,0.1009,0.300373584032,1.737885,15.49,2.9227550625801086,-0.287536,-0.489215915503647,0
0.0414851731152065,0.1600183,0.43,-0.5063,0.4523,0.224,0.1015,0.235029429197,0.116941,1.674,3.998517110943794,-0.244133,-0.674074676174476,0
0.238468870520592,0.23636904,0.279,-0.9385,0.2203,0.44,0.103,0.309447318316,1.724747,15.42,3.4133491939561766,-0.200609,-0.732943299683304,0
0.0573186549482597,0.10237405,0.185,-1.0456,0.0776,0.159,0.0942,0.239452451468,-0.199582,0.487,1.2074340393509249,-0.353773,-1.0968571009914,0
0.0604234183583403,0.09131685,0.472,-0.8926,0.309,0.293,0.0761,0.206044927239,0.590676,6.366,2.745139013996445,-0.203669,-0.979954652260801,0
0.968774318695068,0.8245684,0.701,0.8283,0.8339,0.597,0.9194,0.674920558929,4.485858,25.5,9.59662909549661,0.418544,0.653322695543935,1
0.297582387924194,0.14030957,0.481,-0.9783,0.0757,0.278,0.0956,0.229619279504,0.627857,6.719,4.764145480324609,-0.184216,-0.722444222331083,0
0.0334084633804999,0.09027967,0.535,-0.9348,0.2934,0.209,0.1199,0.292551994324,0.162934,1.993,3.260032954715007,0.00625497,-0.931340276026564,0
0.0868726166531942,0.07696962,0.027,-0.9256,0.0024,0.027,0.0617,0.204341769218,0.067493,1.387,3.5339313745498657,-0.699072,-1.09977063993591,0
0.926669895648956,0.38966426,0.398,-0.0445,0.722,0.441,0.0796,0.283039569855,2.771582,20.2,3.311135197915219,-0.0389272,0.0615375340504198,0
0.021133940666914,0.14355466,0.432,-0.8518,0.3278,0.355,0.093,0.283450424671,0.858438,8.848,3.8696388602256775,-0.197178,-0.935146627301979,0
0.809155821800232,0.54565537,0.46,-0.0391,0.5536,0.468,0.1281,0.325037062168,2.434032,18.7,2.9378114573488854,-0.048838,0.306272598375732,0
0.0391033402441796,0.052524954,0.173,-1.0099,0.0394,0.155,0.0732,0.320072710514,0.921387,9.47,4.047297775745392,-0.35737,-0.729315675684984,0
0.987081348896027,0.9231488,0.559,-0.162,0.4645,0.445,0.1927,0.198493003845,2.748563,20.1,5.1158313155174255,-0.0367912,0.288758118212054,0
0.992917060852051,0.7369454,0.53,-0.3736,0.4426,0.551,0.248,0.458224892616,3.870969,23.7,6.871381223395759,-0.0217641,0.53615185134623,0
0.0298417008989625,0.04473847,0.024,-0.9492,0.0009,0.092,0.0615,0.205974400043,-1.812571,0.002,3.087871626402509,-0.67578,-1.74745085873189,0
0.977210760116577,0.5835711,0.587,0.57,0.7901,0.481,0.2396,0.676462590694,3.176383,21.7,8.266001048226506,0.0425379,0.34051369660083,0
0.205333217079515,0.15045318,0.316,-0.8808,0.1453,0.441,0.0865,0.318740427494,1.447262,13.87,3.763545036315918,-0.142037,-0.626432847600895,0
0.558285523149981,0.68476856,0.522,-0.5287,0.3711,0.369,0.3806,0.32472422719,2.609522,19.47,8.175225855830428,-0.067273,-0.389030530162033,0
0.67512059211731,0.1792961,0.174,-0.7042,0.1985,0.481,0.1284,0.388879537582,3.471126,22.6,4.537279026372331,-0.153861,0.313609343005832,0
0.0654438028505213,0.16244674,0.145,-0.9231,0.0024,0.215,0.0786,0.221507966518,-0.094049,0.742,4.577588354984163,-0.546517,-1.20217951523794,0
0.964443385601044,0.73859274,0.854,1.0804,0.9331,0.427,0.2012,0.457529842854,3.921827,23.8,4.7664449997246265,0.210255,0.602187929133828,0
0.0470766797661781,0.23042142,0.311,-0.695,0.3096,0.246,0.2619,0.271733492613,0.5205,5.673,2.375612809548429,-0.257052,-0.659736760143744,0
0.0841346457600594,0.12720698,0.128,-0.9208,0.003,0.223,0.1062,0.319349765778,0.983542,10.14,2.555840341842977,-0.465585,-0.878841742503456,0
0.790753960609436,0.20831081,0.136,-1.0024,0.0087,0.197,0.0843,0.307973712683,3.153711,21.6,4.439440727233887,-0.34817,0.31504007368184,0
0.996393740177155,0.8255569,0.772,0.8977,0.8557,0.83,0.8963,0.579614937305,3.820945,23.6,11.724028080701828,0.424943,0.691821504492153,1
0.859852487399351,0.710456,0.308,-0.4473,0.2685,0.528,0.155,0.323051869869,3.309374,22.1,5.62046903223732,-0.109306,0.42064033619364,0
0.0459404517846403,0.042524993,0.035,-0.9073,0.0006,0.077,0.09,0.297381162643,-1.915414,0.002,3.020665521702841,-0.653397,-1.81693643340648,0
0.662921071052551,0.13708934,0.19,-1.0512,0.1247,0.3,0.2558,0.221184968948,1.481087,14.07,5.58730005763711,-0.198962,-0.400310719082221,0
0.11454800516367,0.07234943,0.237,-0.9144,0.0019,0.166,0.0952,0.224802449346,0.978544,10.09,3.430880207704014,-0.500141,-1.16535965163731,0
0.619482576847076,0.21911761,0.506,-0.47,0.2973,0.291,0.1172,0.2916264534,1.740479,15.5,3.2661245185794394,-0.0258548,0.0325311716963532,0
0.0475506149232388,0.075050324,0.469,-0.903,0.1898,0.252,0.1024,0.257861882448,1.109257,11.46,4.116363471523314,-0.21501,-1.16605373331848,0
0.675933957099915,0.28498128,0.51,-0.338,0.5456,0.342,0.1056,0.273726403713,1.63219,14.93,4.094593947439987,-0.184869,-0.0948660484710522,0
0.635438323020935,0.4103647,0.528,0.5464,0.8988,0.571,0.1126,0.229093760252,2.013797,16.82,4.955694228410721,0.148698,-0.331730640333173,0
0.252033174037933,0.354881,0.166,-0.9566,0.0049,0.496,0.1207,0.262325495481,0.426357,4.681,5.114846706390381,-0.469653,-1.15670288638677,0
0.0245999321291566,0.16724184,0.6,0.0255,0.8045,0.3,0.0769,0.295798361301,0.458504,5.028,4.896521244462053,-0.0309957,-0.656192770406721,0
0.0725243573715486,0.15811095,0.226,-0.8884,0.0027,0.366,0.1271,0.226224586368,0.363262,3.978,3.584082132956361,-0.480006,-0.846604457426028,0
0.403975333784641,0.25867647,0.39,-0.9091,0.1793,0.328,0.1304,0.276230275631,1.876899,16.17,6.708620707731546,-0.208977,-0.672524533549981,0
0.426038086414337,0.1833857,0.209,-0.9861,0.1062,0.259,0.0787,0.384147584438,2.499782,18.99,3.2171971797943115,-0.295653,-0.518549046829477,0
0.0374850098693426,0.080901295,0.206,-0.8984,0.0033,0.194,0.116,0.270484298468,0.35437,3.878,3.2213109981220582,-0.452658,-0.836387951917919,0
0.934405148029327,0.7382194,0.562,-0.6223,0.2578,0.569,0.2207,0.394144415855,3.512227,22.7,3.438518497595138,-0.0217633,0.047967441743791,0
0.0624288991093636,0.13139611,0.35,-0.9009,0.0024,0.28,0.099,0.27623090148,0.039699,1.247,2.031640032807195,-0.527876,-1.19819583681313,0
0.856464922428131,0.39910048,0.491,-0.458,0.6048,0.432,0.1882,0.217547208071,0.762794,7.946,4.115572750733628,-0.0251746,-0.399530320841197,0
0.0351560386589128,0.16786695,0.125,-0.9516,0.0038,0.241,0.0725,0.225590899587,0.403736,4.432,3.063639662626344,-0.485135,-0.933055833851217,0
0.428922355175018,0.18426928,0.21,-0.8875,0.002,0.407,0.0743,0.269367575645,2.085537,17.15,3.763080294994895,-0.398617,-0.287065708956154,0
0.252102345228195,0.1282467,0.164,-0.8972,0.0049,0.209,0.0765,0.359404206276,1.635058,14.95,3.022744357585907,-0.407355,-0.391113681450226,0
0.0086834312569443,0.036809057,0.342,-0.9458,0.0008,0.054,0.0635,0.263858020306,0.030776,1.205,2.971921026706696,-0.427625,-1.45514426379319,0
0.991790056228638,0.8694532,0.812,0.6851,0.7752,0.698,0.4926,0.609107971191,4.381764,25.1,8.747116160575287,0.218549,0.769827732976922,0
0.993950128555298,0.71781754,0.717,0.4632,0.6903,0.548,0.4777,0.58460777998,4.044653,24.2,10.481360028592244,0.0654876,0.659462321036458,0
0.648236095905304,0.15610567,0.196,-0.9515,0.0041,0.395,0.2292,0.284219413996,1.329913,13.11,4.457334860751611,-0.429996,-0.929832527536689,0
0.0627090298695561,0.1051535,0.302,-0.7674,0.2884,0.275,0.1247,0.230534255505,0.113056,1.649,3.19538477063179,-0.230269,-0.821761610173765,0
0.99274605512619,0.74701893,0.571,-0.1682,0.5996,0.524,0.3328,0.273705542088,4.387779,25.1,9.870014152789585,0.0649927,0.556955941180394,0
0.0161220598965883,0.09579006,0.434,-0.9735,0.1922,0.304,0.0729,0.232967630029,0.083747,1.475,3.17677458921192,-0.272561,-1.29576845324532,0
0.0217317177892564,0.097546786,0.105,-0.8881,0.0028,0.181,0.0739,0.239110946655,0.356416,3.901,3.162125093850513,-0.534349,-0.875730280771253,0
0.942550897598267,0.756031,0.72,1.1125,0.8794,0.788,0.8076,0.47983238101,4.771763,26.7,10.588138544932008,0.404041,0.746338884689876,1
0.0625807044317526,0.0930624,0.052,-0.8962,0.0021,0.294,0.0784,0.25473934412,-0.223543,0.443,4.12703893740866,-0.588119,-1.79503799856088,0
0.995271861553192,0.98820895,0.902,0.9983,0.9904,0.857,0.9728,0.699415922165,4.836545,27.0,12.167692184550106,0.571641,0.989492702691468,1
0.0809094189123717,0.12644306,0.15,-0.9948,0.004,0.219,0.0814,0.252985477448,0.952704,9.791,2.6773634552955627,-0.504471,-1.05572858538442,0
0.10642011947073,0.44312856,0.552,-0.6318,0.574,0.304,0.1079,0.246841147542,1.220487,12.35,3.936097025871277,-0.064023,-0.636145472194192,0
0.108926460146904,0.12040573,0.122,-0.874,0.004,0.233,0.0792,0.203133493662,0.462616,5.072,3.375745793575924,-0.542315,-1.01456911137404,0
0.087344191968441,0.13285264,0.259,-0.9012,0.0021,0.4,0.0953,0.278708577156,0.172324,2.064,3.8067643401157056,-0.500503,-0.926300386956496,0
0.0278360862274032,0.10036531,0.036,-1.0126,0.0684,0.205,0.0731,0.278274536133,1.026766,10.64,3.2953453967659847,-0.465231,-0.747498121640601,0
0.108738929033279,0.02212581,0.251,-0.9451,0.0023,0.729,0.0915,0.196693882346,0.160399,1.974,3.763186671676864,-0.159609,-1.35583655858238,0
0.107335098087788,0.087498695,0.241,-0.9206,0.0022,0.226,0.0749,0.189683884382,0.928486,9.541,3.807435266518136,-0.423079,-0.899144329474975,0
0.764917433261871,0.33915004,0.477,0.5977,0.8924,0.367,0.1239,0.323744386435,0.72638,7.62,4.474828760658996,0.0280838,-0.299923128282657,0
0.857650399208069,0.5605692,0.525,0.06,0.6926,0.697,0.102,0.279242962599,2.356482,18.37,2.606317013502121,0.0668338,0.0572080527410599,0
0.0395591855049133,0.085342616,0.139,-0.9371,0.0019,0.313,0.0859,0.293403655291,0.686591,7.261,3.5095706044443165,-0.506252,-0.945185673691986,0
0.420409023761749,0.30688068,0.532,-0.384,0.5219,0.417,0.093,0.307006537914,2.242155,17.86,4.542498587801904,-0.0677493,-0.347109494327637,0
0.0554164134639056,0.13158464,0.344,-0.8468,0.3117,0.279,0.1205,0.208415985107,0.167496,2.027,3.754681327308005,-0.230347,-1.02886889461079,0
0.990462958812714,0.94292223,0.658,0.7551,0.8141,0.552,0.3925,0.431152999401,3.259089,22.0,7.044740908249809,0.167158,0.53543856352724,0
0.0556986177550789,0.09593016,0.255,-0.8583,0.3067,0.129,0.0831,0.282718241215,0.242672,2.679,3.3919607952437465,-0.222777,-0.843470485209853,0
0.997412502765656,0.8999903,0.663,0.9877,0.891,0.519,0.4777,0.386188447475,3.684555,23.2,9.008946395322376,0.220831,0.77360132167024,0
0.274312973022461,0.18575978,0.087,-0.8742,0.0041,0.239,0.1216,0.279177963734,0.9302,9.558,3.361503941980602,-0.476214,-0.542019242682964,0
0.945770740509033,0.45486268,0.121,-1.1529,0.0308,0.516,0.1859,0.348435461521,3.561266,22.9,5.457014292478561,-0.204754,0.650253406310505,0
0.0702598571677945,0.29335207,0.395,-0.7748,0.2882,0.44,0.0725,0.221337407827,0.679773,7.199,2.491974547908005,-0.132443,-0.922491238607152,0
0.0337137285675101,0.03932461,0.076,-0.9349,0.0021,0.213,0.0737,0.376721173525,0.628682,6.727,3.5209620594978333,-0.594811,-1.18276291789898,0
0.848238945007324,0.45650464,0.576,-0.0109,0.8412,0.484,0.2033,0.331535726786,3.1009,21.4,3.744975584361231,0.10995,-0.0339031527844808,0
0.187480899584564,0.2616207,0.601,-0.0848,0.6767,0.385,0.1254,0.288403838873,2.103001,17.23,3.2816737294197083,0.0224415,-0.664137551998117,0
0.0667365771741956,0.08622739,0.141,-1.0369,0.0497,0.262,0.0905,0.196205511689,0.055514,1.325,4.719851481977101,-0.440362,-1.19059577193138,0
0.542122900485992,0.20879576,0.144,-1.0093,0.091,0.31,0.0824,0.293027102947,0.835051,8.62,4.390335049724747,-0.328247,-0.670254687245733,0
0.232161656022072,0.10522038,0.045,-0.886,0.0016,0.228,0.1102,0.26787340641,-1.055695,0.02,1.4752288280811243,-0.653758,-1.69659881331347,0
0.0991506582440392,0.15088797,0.203,-0.8803,0.0102,0.348,0.0848,0.298774302006,0.719489,7.558,4.470558564860987,-0.32364,-0.741442324971343,0
0.0519853234555099,0.19338518,0.081,-0.9183,0.0029,0.249,0.1055,0.274076342583,0.511021,5.576,3.741845455857232,-0.509402,-0.675969456417107,0
0.973730444908142,0.5819459,0.556,0.179,0.6548,0.532,0.1245,0.318417280912,1.385519,13.48,4.034114077687264,0.0156389,-0.0165806024290924,0
0.964289307594299,0.49323946,0.167,-0.8692,0.0034,0.501,0.0931,0.238588869572,2.564157,19.27,4.281886129088907,-0.217937,-0.283354609514257,0
0.371304467147741,0.7097565,0.619,0.4963,0.733,0.534,0.2163,0.480733126402,4.437807,25.3,6.207867458462715,-0.0288497,0.733203524970134,0
0.953132629394531,0.29536313,0.474,0.1117,0.7917,0.421,0.1077,0.271804302931,3.431151,22.5,4.7342353340637136,-0.0288919,0.282284872586627,0
0.688550591468811,0.21105164,0.234,-0.7598,0.1844,0.287,0.1566,0.279977977276,1.839002,15.99,3.622930109211482,-0.306143,-0.571911380529567,0
0.161561697721481,0.5213934,0.34,-0.7029,0.3736,0.401,0.1233,0.329734861851,1.529044,14.36,5.821087766108438,-0.178946,-0.428260430820621,0
0.595995306968689,0.53579426,0.176,-0.8537,0.0043,0.426,0.1627,0.226547300816,2.322257,18.22,4.322513163089752,-0.296439,0.105194896640288,0
0.0364102758467197,0.12298301,0.087,-0.9226,0.0017,0.204,0.0817,0.259513437748,1.118873,11.54,3.671962708234787,-0.648145,-0.851162791849831,0
0.841384708881378,0.25282103,0.149,-0.9462,0.0055,0.394,0.1085,0.289418458939,1.887399,16.22,4.64628528180451,-0.23985,-0.451184689385581,0
0.0183768585480581,0.061896324,0.058,-0.926,0.0018,0.152,0.0675,0.27280408144,-0.509945,0.146,4.517759721390079,-0.613487,-1.3826229743454,0
0.164322733879089,0.15006673,0.087,-0.8429,0.002,0.228,0.0795,0.274214506149,1.572148,14.6,4.404984153950277,-0.483319,-0.663480759580251,0
0.0651172490562969,0.081165165,0.408,-0.7314,0.4037,0.264,0.0842,0.27682197094,-1.099514,0.017,2.7214498014329944,-0.216286,-1.44874843894359,0
0.421582698822021,0.13564178,0.139,-0.922,0.0032,0.223,0.0784,0.248426541686,0.925197,9.508,2.154855817556381,-0.49144,-0.700982800746816,0
0.659732043743134,0.18063718,0.243,-0.9417,0.1684,0.255,0.1755,0.4120695889,2.847862,20.5,0.4692642954770796,-0.228254,-0.687849254259333,0
0.0122240852769209,0.07807246,0.53,-0.8342,0.2921,0.252,0.0909,0.220616087317,1.772209,15.66,3.0190985562787045,-0.0172959,-0.63994251325328,0
0.976615786552429,0.55212104,0.662,0.0568,0.5427,0.464,0.3238,0.421149849892,4.339505,25.0,8.858912650401235,0.0480997,0.628389097174099,0
0.0589139610528946,0.10665229,0.073,-0.964,0.1158,0.202,0.0973,0.228433430195,0.379782,4.164,3.8306238381776287,-0.464054,-0.89376153289737,0
0.994600296020508,0.8747735,0.753,0.9473,0.8602,0.859,0.7047,0.503091514111,3.880777,23.7,4.997327476739883,0.361933,0.686929981331826,0
0.034520835656669,0.0901801,0.289,-0.8924,0.0022,0.167,0.0756,0.243027806282,0.249363,2.745,3.451176866889,-0.461884,-0.934084986890666,0
0.175804302096367,0.17374414,0.16,-0.9113,0.0018,0.369,0.124,0.462697029114,0.941308,9.671,3.797287937639368,-0.481111,-0.809307435533003,0
0.896628201007843,0.047056973,0.584,-0.2797,0.6022,0.203,0.1101,0.210991218686,-0.97895,0.026,3.8739305436611176,0.0483937,-1.38471503550009,0
0.0353826520310373,0.068008244,0.408,-0.9747,0.2282,0.285,0.0822,0.289198726416,-0.390237,0.23,3.737129322356415,-0.283665,-1.38197479513003,0
0.866366217978138,0.5152421,0.494,0.613,0.7782,0.474,0.1567,0.328019589186,4.559651,25.7,3.9707311084436143,0.000479143,0.792133783961657,0
0.321191281080246,0.1545502,0.398,-0.9286,0.2976,0.196,0.1035,0.226988941431,0.734605,7.694,4.21083465964804,-0.220483,-1.10469994384375,0
0.994405150413513,0.9873353,0.908,0.9855,0.9028,0.929,0.9159,0.760235309601,5.213233,29.3,10.958974362144223,0.483249,1.04020089295,1
0.97291362285614,0.8610602,0.748,0.4814,0.7047,0.79,0.1028,0.439689040184,4.216602,24.6,5.555729477960212,0.22162,0.487923968750217,0
0.103841832613338,0.26758188,0.553,-0.7012,0.381,0.348,0.0699,0.242684692144,0.703683,7.416,2.9040710197195567,-0.181554,-0.679922110848915,0
0.938645482063293,0.8402501,0.789,0.7884,0.8221,0.701,0.471,0.675595760345,4.417725,25.2,10.692251147003844,0.296417,0.800505542857427,1
0.0544921838856896,0.14779478,0.45,-0.6622,0.3322,0.332,0.0898,0.356152951717,2.426303,18.67,5.418127105977855,-0.108855,-0.332132732074179,0
0.535199165344238,0.22454166,0.156,-0.8849,0.0054,0.416,0.093,0.24839939177,1.374438,13.41,3.836727738380432,-0.283482,-0.221638311125956,0
0.808159053325653,0.29648516,0.412,-0.4815,0.5076,0.399,0.09,0.299842387438,2.333873,18.27,2.389902098988707,-0.105185,-0.0872953847858718,0
0.080020454194218,0.12686387,0.172,-0.9197,0.0021,0.183,0.0961,0.273149877787,-1.328136,0.008,4.234030634029412,-0.541127,-1.36603327602226,0
0.0746856322622953,0.22482425,0.295,-0.6267,0.441,0.41,0.0706,0.2519274652,1.52692,14.34,3.844589199091905,-0.184255,-0.701480169617203,0
0.143140710631621,0.15507984,0.131,-0.9155,0.0026,0.309,0.0744,0.262941539288,0.970501,9.986,4.100020467710022,-0.441672,-0.628120778987801,0
0.993013441562653,0.7067308,0.688,0.7003,0.7807,0.528,0.4446,0.545734405518,3.829554,23.6,9.882713059019904,0.133391,0.710738922559808,0
0.978960275650024,0.7016432,0.192,-0.7207,0.0042,0.496,0.1819,0.331307590008,3.201008,21.8,4.060821238281504,-0.208461,0.26363412755433,0
0.0371189713478088,0.09184536,0.2,-0.9021,0.002,0.233,0.063,0.240260019898,-0.931591,0.031,2.292243855379444,-0.559175,-1.39925274442019,0
0.0766797533742996,0.17625386,0.11,-0.9068,0.0028,0.233,0.0759,0.21268838644,-0.155003,0.582,3.819479946848361,-0.501696,-1.11303735537799,0
0.0329091913960517,0.041022718,0.478,-0.9674,0.0101,0.23,0.0933,0.263951838017,-0.430292,0.197,3.260005861520767,-0.119234,-1.41344972768241,0
0.7828289270401,0.41038778,0.577,-0.0957,0.4457,0.567,0.119,0.54028403759,3.931557,23.9,7.093692781869322,0.0334669,0.156202881003697,0
0.0390430514531367,0.08384979,0.483,-0.9173,0.2725,0.356,0.0686,0.21650840342,0.469131,5.141,2.727269386955551,-0.167933,-1.19779667616417,0
0.990399897098541,0.8675625,0.754,0.8193,0.8323,0.654,0.4217,0.476628601551,4.747424,26.5,7.122051335457881,0.217021,0.84793880188629,0
0.510713875293732,0.6325102,0.492,-0.4151,0.4915,0.456,0.0915,0.273624897003,0.951693,9.78,4.250554075163183,-0.0296798,-0.50213434791854,0
0.248702675104141,0.22228831,0.357,-0.4707,0.4122,0.309,0.1046,0.285563856363,0.584432,6.305,2.972746348897708,-0.174111,-0.327387365708679,0
0.186060501123798,0.35235703,0.51,-0.4683,0.4948,0.441,0.0921,0.258434832096,2.233377,17.82,5.078199766941796,-0.0983617,-0.501602360260044,0
0.222686365246773,0.151256,0.119,-1.0648,0.0048,0.436,0.159,0.350587904453,1.007461,10.42,2.8501818137749675,-0.45172,-0.705349772073148,0
0.0357556676128562,0.08346528,0.329,-0.9511,0.1603,0.25,0.1266,0.278058469296,0.493906,5.4,3.058471031154595,-0.269356,-1.23973329300519,0
0.0389574964811972,0.1449011,0.467,-0.6633,0.3445,0.207,0.1346,0.212227150798,0.258666,2.838,3.195579350444276,-0.170908,-0.891145750952674,0
0.868099093437195,0.45083243,0.442,-0.0718,0.6225,0.413,0.1707,0.355924755335,2.074168,17.1,4.008319613362633,-0.198063,0.469249646051139,0
0.996360242366791,0.8334979,0.737,0.9837,0.8587,0.63,0.2997,0.400184303522,6.019154,34.0,4.181568846106529,0.185499,0.680180077875057,0
0.985566973686218,0.9241586,0.709,0.6206,0.7432,0.673,0.326,0.418145298958,4.461346,25.4,7.779157662764192,0.112945,0.71589901939625,0
0.193950086832047,0.21267134,0.142,-0.9362,0.0043,0.253,0.0889,0.29357406497,0.470389,5.154,4.675401644112939,-0.45233,-0.379134856030546,0
0.498743236064911,0.38172513,0.552,0.5048,0.7918,0.494,0.4644,0.559187233448,2.614237,19.49,3.560623601078987,0.146503,-0.0331372219429619,0
0.264826229433062,0.14814624,0.211,-0.9299,0.0033,0.146,0.1057,0.325478971004,1.157316,11.87,2.7931172251701355,-0.330406,-0.674385040416359,0
0.596345833049105,0.6535785,0.541,-0.6147,0.4055,0.443,0.143,0.194795176387,2.417844,18.63,2.5083293318748474,-0.0730994,0.196594544837498,0
0.987781167030334,0.7001124,0.619,0.5035,0.669,0.835,0.5001,0.489246785641,4.591658,25.9,4.36362637206912,0.151109,0.548843359733528,0
0.216870136469897,0.31305343,0.428,-0.1624,0.4964,0.394,0.1108,0.286428153515,2.846166,20.5,3.696230576354449,-0.0964849,-0.214653035826777,0
0.38042551279068,0.28545243,0.427,-0.2429,0.5155,0.446,0.0873,0.325877785683,1.526373,14.34,4.109065100550652,-0.085104,-0.0620745644304321,0
0.551804636928831,0.37503648,0.516,0.3869,0.7249,0.44,0.0991,0.231595009565,3.546539,22.8,3.403652846813202,0.197212,-0.0698791605998576,0
0.05700613627691,0.18732566,0.525,-0.9585,0.127,0.316,0.0949,0.213254585862,0.710772,7.48,3.5460069966249144,0.0250817,-0.736744380955437,0
0.148642373366143,0.16011155,0.492,-0.5191,0.4778,0.382,0.1179,0.249814867973,1.533661,14.38,3.951890468597412,-0.093382,-0.593607362391774,0
0.931938230991364,0.6929442,0.521,0.6101,0.7379,0.485,0.1685,0.385802388191,4.364237,25.1,4.365991870656834,0.0712172,0.622073277021961,0
0.866076231002808,0.24983686,0.129,-0.9647,0.0069,0.439,0.1332,0.277159452438,2.441424,18.74,5.740068871540702,-0.400571,-0.311118672942301,0
0.516801595687866,0.4452397,0.411,-0.5914,0.4622,0.505,0.0863,0.291806519032,2.02649,16.88,4.082068708485338,-0.155916,-0.29653652954823,0
0.218109109291656,0.31987935,0.533,-0.0095,0.6638,0.387,0.0953,0.232567369938,2.767584,20.2,2.8609393898612683,0.0335575,-0.322296161904699,0
0.997701466083527,0.80212396,0.759,1.1088,0.9681,0.559,0.2099,0.382001638412,2.848182,20.5,4.607876063156889,0.301201,0.516704817211236,0
0.739896357059479,0.34137622,0.385,-0.53,0.4849,0.411,0.0978,0.235154271126,1.60145,14.76,4.8842492773586486,-0.218124,-0.509620620585943,0
0.0776953399181366,0.16253915,0.282,-0.917,0.0027,0.4,0.0801,0.251377046108,0.370945,4.064,3.1504829902671525,-0.420876,-0.988270218571025,0
0.353770762681961,0.22486922,0.115,-0.9946,0.1013,0.269,0.0933,0.312215775251,1.418351,13.69,4.75536201644944,-0.357398,-0.643645890114967,0
0.960702896118164,0.38841534,0.11,-0.9195,0.0053,0.573,0.3772,0.362250864506,3.819647,23.6,2.8686371657886034,-0.361463,0.35385727999433,0
0.996301889419556,0.935123,0.844,0.9681,0.8751,0.879,0.7788,0.652082800865,4.584745,25.8,14.457728431501856,0.205264,0.921867081112576,1
0.976408660411835,0.2915595,0.165,-0.8114,0.0029,0.44,0.1243,0.27929776907,2.49039,18.95,3.787116354565173,-0.268711,-0.356520149382524,0
0.0236997941809014,0.068327755,0.375,-1.0404,0.0007,0.083,0.0751,0.289999455214,1.098366,11.36,2.1843801140785217,-0.393848,-1.12087456506107,0
0.137456617207278,0.10199046,0.362,-0.7494,0.3699,0.213,0.0757,0.219907939434,-0.411795,0.212,3.6790455319991935,-0.232376,-0.915508640125943,0
0.0455771919778112,0.036576033,0.162,-0.9236,0.0527,0.115,0.0626,0.265502691269,-0.503748,0.149,1.861158094514641,-0.377058,-1.62313161594735,0
0.0206861551851034,0.056068003,0.353,-0.9625,0.2102,0.222,0.0764,0.213399216533,0.878989,9.051,4.332987882196903,-0.268778,-1.00915829157469,0
0.0434122664021991,0.06345537,0.091,-1.0362,0.0435,0.188,0.0694,0.229556202888,0.430769,4.729,4.767070424815132,-0.486345,-1.25131958147193,0
0.922146618366241,0.70405686,0.647,0.3363,0.6285,0.702,0.3133,0.4946860075,3.323994,22.2,7.509280583821237,0.11841,0.570787671272592,0
0.586357831954956,0.1886583,0.149,-1.0105,0.1003,0.364,0.1014,0.292842149734,2.025548,16.87,3.892404993995669,-0.288722,-0.352829340057802,0
0.017958665266633,0.06488991,0.257,-0.918,0.002,0.223,0.2152,0.227413579822,-0.079921,0.785,2.1869112253189087,-0.446359,-1.23361731728536,0
0.0364600922264026,0.0574432,0.228,-0.9371,0.0011,0.138,0.0816,0.222812116146,-0.228123,0.435,2.0555235233012588,-0.58032,-1.4330319625065,0
0.980492770671844,0.68378264,0.614,0.6516,0.7082,0.516,0.1674,0.36770761013,3.721333,23.3,6.118084258765549,0.0358878,0.699722166600239,0
0.179588705301285,0.1602171,0.313,-0.8078,0.2471,0.433,0.0856,0.249066472054,0.832653,8.597,3.845417549315545,-0.113786,-0.678830755646986,0
0.0844888091087341,0.11465323,0.333,-0.5804,0.446,0.266,0.2058,0.252595722675,0.844568,8.712,2.434136915248255,-0.188962,-0.74572398476421,0
0.987655758857727,0.4727453,0.582,0.6099,0.7555,0.443,0.396,0.501495182514,4.708466,26.4,3.66019084381861,0.116628,0.868742840959223,0
0.996087852048527,0.5361127,0.384,-1.1901,0.0265,0.509,0.6096,0.631822228432,4.453398,25.3,4.176177414519293,-0.0879272,0.814720162294613,0
0.330865740776062,0.24447805,0.128,-0.9145,0.0021,0.296,0.137,0.245123296976,0.797859,8.266,3.129631072282791,-0.430414,-0.581073759608915,0
0.35302010178566,0.15327421,0.221,-0.8658,0.0047,0.339,0.0885,0.291943579912,1.890479,16.24,2.8090697824954987,-0.350733,-0.966358054577554,0
0.242443636059761,0.3820589,0.125,-0.9043,0.0074,0.451,0.1572,0.334766924381,2.143231,17.41,3.897389829158783,-0.326092,-0.318384399082104,0
0.961576879024506,0.49611613,0.437,0.0015,0.767,0.525,0.1268,0.265759408474,1.345134,13.21,3.920811980962753,0.0337221,-0.34372346798077,0
0.137434298046428,0.30809057,0.477,-0.5594,0.3452,0.396,0.0936,0.213282495737,1.340033,13.18,3.7569020523672063,-0.0840305,-0.54887336793168,0
0.0965161811700593,0.10840958,0.182,-0.9365,0.0028,0.288,0.1015,0.222757309675,1.350924,13.25,3.132752625461106,-0.457295,-0.939543656433292,0
0.903449177742004,0.33683503,0.337,-0.2455,0.5437,0.327,0.1444,0.29556787014,3.305068,22.1,4.929122843235007,-0.0217612,0.531097414431015,0
0.033167023045887,0.09160292,0.278,-0.952,0.0022,0.208,0.0729,0.224026352167,0.117849,1.68,3.709884699939381,-0.500509,-1.32881967078204,0
0.967242181301117,0.6531804,0.771,-0.529,0.3129,0.575,0.1189,0.376490712166,4.010273,24.1,4.383566185832024,0.326054,0.335297864479588,0
0.261841693954898,0.3938729,0.499,-0.3397,0.5787,0.419,0.2808,0.236631259322,1.106488,11.43,1.6973194981687487,-0.0640543,-0.410801482433332,0
0.782643496990204,0.2679683,0.16,-0.9081,0.0057,0.396,0.1567,0.288433253765,2.741818,20.1,4.328761279582977,-0.240016,-0.109184538945666,0
0.488242674802353,0.42296976,0.179,-0.9255,0.0087,0.465,0.1581,0.279250055552,2.557978,19.25,5.144854355105347,-0.257778,-0.0961036884344703,0
0.16831122939034,0.20200488,0.195,-0.9496,0.0042,0.238,0.0865,0.268896877766,1.675436,15.16,4.1661257083926015,-0.422524,-0.691718711702615,0
0.841362595558167,0.28713697,0.567,0.6416,0.7925,0.501,0.297,0.292757570744,2.96403,21.0,2.7351588010787964,0.0703194,0.34772446806015,0
0.160554394125938,0.12840542,0.221,-0.9273,0.0033,0.315,0.0971,0.221109986305,0.831585,8.586,5.846842180875719,-0.404018,-1.07795961980633,0
0.79009090496018,0.23829034,0.108,-1.0765,0.0091,0.238,0.0977,0.391014814377,2.483708,18.92,5.501942589879036,-0.42035,0.171029968016991,0
0.0316262304122162,0.07471901,0.058,-1.0501,0.0955,0.144,0.0821,0.247147679329,0.404007,4.435,2.8569661587484454,-0.468998,-1.27480123146658,0
0.0470512138172548,0.122413665,0.288,-0.9076,0.002,0.395,0.0805,0.281107664108,0.019763,1.156,2.870160887537961,-0.472003,-1.14612090962584,0
0.879651188850403,0.5254234,0.461,0.3469,0.8106,0.493,0.1356,0.301735341549,3.183459,21.7,3.681874048848599,0.0664008,-0.160194231636306,0
0.0285639443731075,0.17997807,0.266,-0.9214,0.0026,0.331,0.2177,0.307622730732,0.231649,2.574,1.2348390817642212,-0.387093,-1.07146501873747,0
0.0423220409188849,0.103224814,0.418,-0.9455,0.1875,0.244,0.1181,0.224894613028,-1.084941,0.018,2.003002725285037,-0.047329,-1.25168488778168,0
0.146566132866423,0.17401013,0.194,-0.9126,0.0061,0.319,0.0942,0.308256804943,1.473846,14.03,4.677995219826698,-0.444675,-0.646147004294499,0
0.933032512664795,0.56275284,0.436,-0.4252,0.2717,0.428,0.1646,0.382287681103,3.520821,22.8,3.279977927583412,-0.0327406,0.331804990511409,0
0.986840724945068,0.69051397,0.716,1.0206,0.9094,0.55,0.2345,0.411008745432,4.68917,26.3,6.123489812394601,0.240599,0.752737436548732,0
0.0188671353080768,0.037115633,0.027,-1.0554,0.04,0.103,0.0702,0.272132992744,-0.416612,0.208,2.850432391061108,-0.599629,-1.41736866316366,0
0.20100974648358,0.15302452,0.178,-0.9142,0.0039,0.223,0.1262,0.214225709438,0.943678,9.696,3.674440072494164,-0.440286,-0.645582701191395,0
0.860784471035004,0.39084378,0.302,-0.5248,0.5422,0.469,0.0717,0.318863153458,2.551138,19.22,4.043340612984271,-0.221856,0.0159703481476928,0
0.152277573943138,0.14680886,0.058,-0.9078,0.0031,0.273,0.0962,0.31900292635,1.564887,14.56,3.110787034034729,-0.460344,-0.623290334789415,0
0.996173679828644,0.8333987,0.756,0.8847,0.8557,0.821,0.9504,0.566032588482,4.150151,24.4,13.317771404981611,0.424966,0.726994002117938,1
0.0440616972434136,0.07001349,0.13,-1.0258,0.1146,0.126,0.0838,0.209894388914,0.512134,5.588,2.493796986357291,-0.381037,-0.98269112107119,0
0.938295960426331,0.6942556,0.606,0.2531,0.6646,0.345,0.2219,0.257747709751,2.536343,19.15,10.515590052886372,-0.0745846,0.281210540235583,0
0.883950293064117,0.36582598,0.517,-0.2578,0.5248,0.389,0.1295,0.405841469765,2.44701,18.76,4.326818659701332,0.0226974,0.105123797867648,0
0.932333886623383,0.41588914,0.329,-0.5905,0.2681,0.425,0.0783,0.335964381695,2.280301,18.03,4.481043496227427,-0.0613136,0.344943315345176,0
0.435497105121613,0.22339192,0.198,-0.906,0.0044,0.427,0.0991,0.325543761253,1.903279,16.3,3.5349178838465094,-0.409602,-0.447600895998446,0
0.459833800792694,0.44614133,0.535,0.036,0.7229,0.462,0.2178,0.39639955759,3.484951,22.7,7.2551134273246225,-0.0175303,-0.175510574044864,0
0.789103984832764,0.31181896,0.536,-0.1038,0.7374,0.447,0.0866,0.243591487408,1.007998,10.42,4.170965160419476,-0.0302051,-0.742583271157078,0
0.234910160303116,0.18084222,0.171,-0.9171,0.0033,0.422,0.1144,0.290768563747,1.095125,11.33,4.189864157169309,-0.259758,-0.689846687609626,0
0.0288308772501235,0.082258075,0.41,-0.8049,0.2507,0.295,0.1167,0.204790711403,0.567618,6.142,2.633054211813529,-0.133925,-1.03730708797495,0
0.0862973722624683,0.19064847,0.547,-0.61,0.3992,0.258,0.0724,0.251563876867,0.733313,7.682,3.243593782186508,-0.0366365,-1.14483263292038,0
0.0435070422032638,0.032791138,0.14,-0.9655,0.0402,0.08,0.0855,0.254566013813,-0.465836,0.172,3.5074141497321527,-0.453896,-1.70204904075303,0
0.0377562096089174,0.10620394,0.088,-0.9309,0.0037,0.251,0.0869,0.235965892673,1.120683,11.56,3.6540371979575728,-0.478261,-0.86745957778533,0
0.0162675894138031,0.038586438,0.05,-1.0658,0.0446,0.198,0.1505,0.297025859356,0.921149,9.467,3.509949045612247,-0.558523,-1.53675175761734,0
0.176290154457092,0.17955309,0.208,-1.0372,0.0505,0.291,0.0978,0.29942971468,-0.758889,0.058,4.061854106628096,-0.424743,-1.45849921422463,0
0.509393155574799,0.25397146,0.205,-1.0494,0.1112,0.275,0.1125,0.28457185626,0.049286,1.294,3.1677461192485903,-0.384415,-0.481747743862659,0
0.015186874681365,0.0706124,0.25,-0.9021,0.002,0.229,0.0803,0.324560046196,0.409088,4.491,3.442057639360428,-0.497113,-1.19336860711811,0
0.654219627380371,0.28684187,0.366,-0.476,0.5085,0.313,0.0807,0.361582517624,1.730103,15.45,7.435693671125803,-0.17768,0.0628850853345718,0
0.358132153749466,0.27614492,0.098,-0.8283,0.0021,0.33,0.0829,0.251183867455,-0.837376,0.044,3.669573525997391,-0.512413,-0.614397890974155,0
0.294837027788162,0.14739564,0.191,-0.9436,0.0032,0.271,0.1604,0.223184973001,1.125715,11.6,2.8639729747076084,-0.420082,-0.595612774924441,0
0.0692895352840424,0.112948954,0.259,-0.8984,0.0037,0.251,0.0641,0.240501716733,-1.112444,0.017,4.25636090588441,-0.508443,-1.17889896981488,0
0.995994210243225,0.9915267,0.94,0.9518,0.9931,0.969,0.9735,0.672244608402,4.905389,27.4,13.945123553610756,0.573647,0.960222941640119,1
0.159607809660089,0.10027295,0.259,-0.7431,0.2678,0.429,0.1001,0.335944116116,1.711568,15.35,3.481214076280594,-0.234058,-0.745705619960503,0
0.0473763830959797,0.123919815,0.253,-0.926,0.0019,0.421,0.0856,0.276855170727,0.636088,6.796,2.192904591560364,-0.374345,-0.987100035324947,0
0.0557509921491146,0.1538037,0.422,-0.9794,0.0813,0.214,0.0889,0.254328459501,0.247413,2.726,2.66957206584682,-0.199146,-0.722849116928673,0
0.0403725468252858,0.1434626,0.344,-0.935,0.002,0.233,0.0654,0.187483489513,-0.639355,0.09,4.032687801261746,-0.501244,-1.28594348608771,0
0.969337403774261,0.48688754,0.608,0.0632,0.718,0.478,0.1245,0.274753451347,2.54569,19.19,4.267583757638931,0.0604707,0.254230108487795,0
0.0946277305483818,0.21528783,0.132,-0.9018,0.0042,0.497,0.092,0.251617282629,0.511032,5.576,4.408818419594998,-0.30228,-0.720692996485318,0
0.0882869579798934,0.16417593,0.278,-0.8902,0.0026,0.288,0.0791,0.26068213582,-0.930993,0.031,4.112377613782883,-0.430033,-1.33196056972545,0
0.120991635513002,0.43654642,0.625,0.2248,0.5767,0.849,0.9071,0.556430637836,4.154078,24.4,8.362275233492255,0.207542,0.570057192115011,0
0.0469786227698578,0.0781523,0.14,-0.8915,0.0024,0.124,0.0774,0.23483940959,-0.199824,0.487,3.780797713053526,-0.560063,-1.05667719798225,0
0.977172791957855,0.903447,0.752,0.2049,0.5918,0.71,0.8119,0.600508093834,4.283353,24.8,12.701123945001914,0.198536,0.648050956432649,0
0.0286684962983179,0.02889049,0.345,-1.0764,0.0363,0.123,0.0778,0.215977549553,-1.313892,0.009,2.591716766357422,-0.428152,-1.84898120880688,0
0.548451999577334,0.37619132,0.143,-0.8797,0.0039,0.551,0.1126,0.345870912075,1.77347,15.67,3.464258700609207,-0.284216,-0.45695113986206,0
0.15607458636091,0.13098535,0.223,-0.9543,0.0036,0.253,0.085,0.250324964523,0.410681,4.508,4.162106374378904,-0.367069,-0.921880129019003,0
0.923195064067841,0.37045872,0.214,-0.9773,0.004,0.325,0.1162,0.481157392263,0.797997,8.267,3.766649542190301,-0.264945,-0.259621812583125,0
0.122278526425362,0.12115842,0.155,-0.9171,0.0031,0.315,0.0964,0.28356719017,0.602394,6.478,3.0959513422570577,-0.50377,-0.945680895650771,0
0.149233371019363,0.19924241,0.565,-0.1601,0.763,0.282,0.2044,0.272909939289,1.044831,10.83,3.026374101638794,0.0424012,-0.435513823660884,0
0.933811485767365,0.9893521,0.938,0.9597,0.9926,0.991,0.9965,0.791101574898,4.735177,26.5,12.413053281750765,0.564551,0.87933323205674,1
0.05938691376888,0.1495738,0.194,-0.9078,0.0018,0.158,0.0874,0.203851312399,0.273295,2.988,2.85466068983078,-0.485565,-1.08259766712129,0
0.817902207374573,0.5559547,0.619,-0.78,0.2363,0.409,0.1435,0.291337788105,2.651699,19.65,3.4977072038187065,0.0969058,-0.177547188297892,0
0.330539792776108,0.4812886,0.377,-0.9995,0.1529,0.831,0.093,0.330252230167,2.098607,17.21,8.236810317263007,0.0951557,-0.377561838303207,0
0.848297953605652,0.6175355,0.561,-0.5824,0.3229,0.472,0.1383,0.390172272921,3.2943,22.1,5.245396411401435,0.0204386,-0.227860518090778,0
0.997693955898285,0.8012487,0.52,-0.4151,0.4785,0.517,0.4983,0.369497597218,2.578669,19.34,4.926499545574188,-0.0848678,0.182038129730738,0
0.546326994895935,0.5627883,0.475,-0.5838,0.3177,0.425,0.1132,0.28477281332,2.368772,18.42,8.44092244555194,-0.0433733,-0.0019702764744407,0
0.278743743896484,0.3009066,0.579,-0.6962,0.3523,0.439,0.0704,0.29491341114,1.62426,14.89,2.310958453618049,-0.06626,-0.800773660003636,0
0.19353153980991,0.21110564,0.172,-0.9408,0.0092,0.274,0.1124,0.228020340204,1.203224,12.22,3.371123731136322,-0.372861,-0.319539500939488,0
0.76688279970397,0.89681363,0.805,0.3004,0.6416,0.92,0.9646,0.746374487877,4.59873,25.9,15.068969892454334,0.315986,0.415382168019237,1
0.933495700359344,0.35092652,0.6,0.048,0.7297,0.474,0.4306,0.301862776279,3.021635,21.2,5.304471742243065,0.037776,0.212698122808885,0
0.363733857870102,0.21222317,0.42,-0.4058,0.4543,0.372,0.1045,0.253850281239,1.290609,12.84,3.500179558992386,-0.0813996,-0.481831825564715,0
0.0546641768961265,0.058044136,0.197,-0.9874,0.0017,0.206,0.1072,0.266365617514,1.211723,12.28,3.5253397822380066,-0.373604,-0.612553651956388,0
0.947013735771179,0.6094234,0.673,0.6462,0.7541,0.477,0.3245,0.396283149719,4.670626,26.2,8.590401632782706,0.153444,0.840768347956861,0
0.0459832440869855,0.19064519,0.466,-0.785,0.264,0.241,0.0702,0.309347569942,1.733394,15.46,4.023536920547485,-0.12601,-0.454533040900679,0
0.0591183369534591,0.11444476,0.214,-0.9197,0.0017,0.192,0.1318,0.21965816617,-0.019666,0.993,3.67425348643053,-0.387689,-1.13476440721153,0
0.892573297023773,0.6128648,0.574,0.4777,0.6801,0.471,0.1813,0.390821605921,3.648588,23.1,6.568825453519821,-0.0345809,0.397151202653021,0
0.363510817289352,0.24686188,0.182,-0.8779,0.0024,0.719,0.0879,0.266214907169,2.138179,17.39,4.3362907277143,-0.229461,-0.583083875400304,0
0.0349471269440598,0.124221325,0.187,-0.957,0.0037,0.405,0.0706,0.271921902895,1.323781,13.07,3.533993303775788,-0.315825,-0.853615121235002,0
0.307594835758209,0.23458952,0.52,-0.5673,0.4176,0.306,0.0813,0.298725157976,0.453707,4.977,3.860937048396892,-0.0889923,-0.733678287203846,0
0.992395401000977,0.7287402,0.743,0.8445,0.8674,0.658,0.1956,0.432876348495,2.166081,17.52,9.264087133770136,0.229891,0.189818788503881,0
0.0306652696826236,0.058455795,0.387,-1.0749,0.0535,0.195,0.1007,0.255038738251,-0.232596,0.427,4.425641252298119,-0.245348,-1.05289548683385,0
0.0674448381831464,0.10958916,0.224,-0.9475,0.2305,0.147,0.0824,0.255348026752,-0.051692,0.877,4.71492780906765,-0.35077,-1.36568743378781,0
0.560606181621552,0.522224,0.581,0.8454,0.8828,0.399,0.1067,0.237528309226,1.566507,14.57,2.826785215552728,0.161093,-0.322966153494171,0
0.0732679938790665,0.14096403,0.2,-0.9104,0.0035,0.372,0.063,0.242314845324,1.049885,10.89,2.9859927892684937,-0.380849,-0.822767286861898,0
0.852897942066193,0.24954844,0.5,-0.9662,0.116,0.45,0.2259,0.239402353764,2.047308,16.97,4.52574125570273,0.0493279,-0.369865244403323,0
0.150704685071654,0.22672084,0.346,-0.488,0.6276,0.334,0.0808,0.248672232032,0.919627,9.452,2.283491017185244,-0.140928,-0.434113676016686,0
0.179309830069542,0.13144705,0.228,-0.9248,0.002,0.328,0.1835,0.392418980598,0.806177,8.344,3.7397595850997054,-0.494192,-1.06814006171801,0
0.0613543215146534,0.1737265,0.291,-0.541,0.4495,0.312,0.2575,0.232475847006,1.735454,15.47,3.800700346832056,-0.261481,-0.906854871435524,0
0.0265213586390018,0.079233974,0.296,-0.8347,0.3052,0.131,0.0768,0.207640767097,1.19627,12.17,3.817686319351196,-0.302771,-1.00496816247081,0
0.817429602146149,0.46089813,0.608,0.4167,0.7038,0.52,0.4784,0.543822824955,4.459707,25.4,6.205524695105851,0.0716944,0.2968844516413,0
0.103451031311196,0.17274565,0.144,-0.926,0.0037,0.455,0.1106,0.230303227901,0.783258,8.131,3.743940903827933,-0.329732,-0.635544443737874,0
0.339247167110443,0.25669152,0.155,-0.8867,0.0038,0.351,0.1413,0.440308213234,1.833719,15.96,2.842150693639029,-0.3446,-0.0867915893784348,0
0.955456733703613,0.5206133,0.639,-0.29,0.4446,0.503,0.1217,0.391706168652,3.057604,21.3,3.317274485787131,0.0963255,0.298534739554624,0
0.979113876819611,0.5084318,0.44,-0.7089,0.2556,0.355,0.1628,0.3460945189,3.150027,21.6,3.690810473905544,-0.0687985,-0.0241237131173993,0
0.978085213903429,0.7313791,0.588,0.199,0.6107,0.535,0.6691,0.46632668376,4.180663,24.5,6.963630619201666,0.0573811,0.77103733686087,0
0.0271457172930241,0.12704799,0.089,-0.9324,0.0031,0.33,0.0975,0.310155153275,0.967517,9.952,2.481760621070862,-0.550226,-0.656614942575716,0
0.132603053412194,0.19029608,0.543,-0.206,0.4918,0.395,0.0918,0.397686392069,1.23099,12.42,3.670594832714914,-0.0330098,-0.644198874015519,0
0.81127256155014,0.19258231,0.1,-0.8636,0.0042,0.348,0.1171,0.407801926136,2.21979,17.76,4.658038900117795,-0.347927,-0.294484198754737,0
0.989522397518158,0.8374326,0.852,0.428,0.6531,0.821,0.8312,0.660356104374,5.784834,33.0,14.517903798841871,0.339182,0.759574545844739,1
0.0174775981648961,0.29524484,0.307,-0.8559,0.2911,0.399,0.0746,0.331156551838,0.398248,4.37,3.124064871540411,-0.273067,-1.18719442959156,0
0.0339104026934642,0.1179924,0.308,-0.9854,0.2582,0.254,0.0905,0.194799184799,-0.115682,0.681,3.2452389147073726,-0.305288,-1.20902515022849,0
0.759939961600746,0.2678495,0.126,-0.8253,0.2399,0.189,0.0835,0.299117177725,3.259972,22.0,3.900822089985013,-0.291032,0.514950019320733,0
0.254837225533954,0.18809468,0.205,-0.803,0.2247,0.397,0.1149,0.339003324509,1.402193,13.58,5.419184041265143,-0.276547,-0.767053831898072,0
0.0307994413844041,0.1143761,0.422,-0.709,0.3343,0.293,0.0772,0.282384097576,-0.108423,0.701,3.3812174950084497,-0.208703,-0.869559964826238,0
0.929896235466003,0.7493883,0.699,1.0112,0.9159,0.591,0.1463,0.591278195381,3.393945,22.4,1.1444491147994995,0.27791,0.461357347283458,0
0.960017383098602,0.53780574,0.388,-0.3216,0.5277,0.385,0.1042,0.285965263844,2.398822,18.55,2.420928388834,-0.0935733,0.0106790034051226,0
0.0547328794147919,0.12718087,0.089,-0.8979,0.0034,0.221,0.1355,0.231252580881,0.88111,9.072,3.957473817461645,-0.535734,-1.0187445472546,0
0.590699080546985,0.31755674,0.474,-0.0028,0.4157,0.456,0.125,0.466324090958,3.882966,23.7,4.125903316529615,0.035572,0.419179445136398,0
0.818705916404724,0.5953626,0.661,0.1596,0.6825,0.513,0.146,0.52628660202,2.659706,19.69,8.488874293875051,0.0250771,-0.0394392170238495,0
0.0159052349627018,0.09257224,0.498,-0.9992,0.035,0.249,0.0838,0.231736168265,0.650496,6.93,3.2498151003275533,-0.235536,-0.946595076015452,0
0.100161619484425,0.1861521,0.522,-0.7514,0.3334,0.263,0.6377,0.33688557148,0.285568,3.117,2.214851687309648,-0.0942675,-1.13096280387182,0
0.856303870677948,0.36872888,0.595,-0.3802,0.3728,0.408,0.1024,0.365509182215,1.808518,15.84,4.10602730512619,0.0447955,0.0268561108910721,0
0.0471250116825104,0.10147661,0.276,-0.8715,0.0015,0.343,0.1278,0.225545525551,0.149226,1.892,2.9356773433497505,-0.421439,-1.34813717370073,0
0.846474528312683,0.154894,0.213,-0.939,0.1239,0.275,0.1429,0.517811834812,3.239775,21.9,3.951714036986232,-0.241465,-0.116631284852025,0
0.89520937204361,0.3341568,0.156,-0.8582,0.0046,0.361,0.3891,0.522560298443,4.681826,26.2,2.480891466140747,-0.264901,0.217025067382552,1
0.15738171339035,0.17304456,0.287,-0.816,0.2445,0.284,0.0862,0.287021875381,0.80857,8.366,5.041805296695747,-0.23939,-0.573557140738329,0
0.110607251524925,0.102386445,0.256,-0.9055,0.0049,0.262,0.0933,0.196493372321,2.346579,18.33,3.92003612886617,-0.34503,-0.42619903180011,0
0.0616877041757107,0.13509628,0.169,-0.8871,0.0017,0.206,0.0892,0.279942512512,1.033348,10.71,3.393880426883697,-0.314946,-0.666407244877125,0
0.635011255741119,0.6691464,0.447,-0.5907,0.4018,0.44,0.1027,0.23159982264,1.930094,16.42,4.717461518995412,-0.0823726,-0.282340599775521,0
0.0565899424954377,0.123010844,0.228,-0.8673,0.0035,0.239,0.0746,0.233417272568,0.745753,7.794,5.004179306328297,-0.479391,-0.723037168576202,0
0.523381173610687,0.32066283,0.549,0.6029,0.7974,0.427,0.1453,0.340071499348,3.397484,22.4,4.607043191790581,0.098789,0.434421702489947,0
0.882388472557068,0.28513503,0.438,-0.2638,0.5588,0.285,0.0921,0.275365591049,3.016908,21.2,4.879004458274393,-0.0936615,-0.0830325695385724,0
0.0174775076859171,0.116542995,0.547,-0.0141,0.7808,0.203,0.0955,0.310347408056,-0.393684,0.227,3.5980692207813263,-0.048039,-0.790759902493833,0
0.895495533943176,0.5598418,0.569,-0.0936,0.6012,0.472,0.095,0.340231329203,2.950231,20.9,2.92097193999012,0.0036666,0.0465669809336131,0
0.126977611709423,0.13681859,0.474,-0.5462,0.4305,0.348,0.0933,0.230427235365,1.436672,13.8,3.10762906074524,-0.0600601,-0.697381401422788,0
0.763234198093414,0.39717594,0.189,-0.8326,0.004,0.49,0.1747,0.422991544008,3.252574,21.9,2.562818169593811,-0.246548,0.193107409536127,0
0.590926885604858,0.20904657,0.337,-0.9345,0.2269,0.307,0.5344,0.299838393927,1.003091,10.37,2.5566235821127563,-0.194976,-0.592139971066854,0
0.108387539518893,0.16098812,0.085,-0.9543,0.0051,0.378,0.0833,0.276592195034,1.392794,13.52,3.189921702091809,-0.436605,-0.445718944258696,0
0.060539824334865,0.2153205,0.405,-0.588,0.3776,0.239,0.081,0.186658978462,1.052774,10.92,2.0853107552224137,-0.237685,-0.822435186686596,0
0.0553042167209951,0.13366726,0.259,-0.9495,0.0049,0.199,0.0706,0.268450409174,0.731706,7.668,3.890030130743981,-0.345902,-0.703529907625598,0
0.0626304894685745,0.16976243,0.435,-0.7141,0.3612,0.394,0.1137,0.227357804775,1.535954,14.4,3.174713194806613,-0.162499,-1.22828713917682,0
0.0276847079651161,0.12511995,0.363,-0.6977,0.3023,0.37,0.1108,0.216589599848,0.622796,6.671,2.631375130675229,-0.178754,-0.691177359779919,0
0.0948811947687368,0.1845212,0.54,0.2509,0.8175,0.341,0.1058,0.214650243521,0.305869,3.336,2.992875044363588,0.116593,-0.687993840159993,0
0.0333783412258536,0.09248969,0.309,-0.8978,0.2084,0.263,0.0882,0.264191716909,0.516454,5.632,3.34231886378959,-0.247729,-0.930734935718257,0
0.0401701157573009,0.067093164,0.065,-1.0335,0.0568,0.157,0.0769,0.236303016543,0.451115,4.949,3.4612585141667167,-0.470671,-1.14213588650651,0
0.104650817811489,0.22738367,0.165,-1.0009,0.1,0.367,0.1211,0.279794573784,1.136695,11.7,2.055436161559852,-0.371844,-0.975944233899634,0
0.92877733707428,0.51181734,0.452,0.0284,0.7342,0.54,0.0899,0.328461706638,3.817502,23.6,6.168917503411953,0.0528292,0.31752818386042,0
0.0234464345401117,0.08957216,0.196,-0.9137,0.0027,0.195,0.1114,0.255752056837,1.11224,11.48,2.517153114080429,-0.422831,-0.822763566460931,0
0.0722416914142089,0.11107594,0.174,-1.0318,0.1024,0.281,0.0736,0.274227768183,0.108006,1.618,2.988957401721925,-0.351649,-1.0664232697662,0
0.716415643692017,0.6111977,0.182,-0.995,0.0897,0.534,0.1176,0.2631957829,1.73295,15.46,3.4560118896797394,-0.110893,-0.530624273573569,0
0.213145732879639,0.1238035,0.094,-0.9382,0.0033,0.21,0.0771,0.279388725758,1.864044,16.11,3.617635995149613,-0.455754,-0.704201751033772,0
0.9918612241745,0.8913847,0.734,0.7155,0.8043,0.784,0.4006,0.49296438694,3.827571,23.6,7.266409055329859,0.265168,0.62426078591429,0
0.279244341661879,0.4015635,0.178,-0.82,0.0036,0.503,0.1202,0.302929520607,0.975725,10.05,4.643616578226297,-0.274329,-0.334771595130469,0
0.0205101149935953,0.11326897,0.357,-0.9539,0.2206,0.199,0.0832,0.235217005014,0.572501,6.19,4.779124180557506,-0.215255,-0.978973854657959,0
0.0772243095376395,0.13569978,0.068,-1.0218,0.0765,0.248,0.1079,0.30096668005,1.648229,15.02,3.58482196221523,-0.401172,-1.00791949365631,0
0.995187103748322,0.88247347,0.838,0.9779,0.879,0.673,0.4098,0.536456763744,4.543477,25.7,9.430238994391392,0.259264,0.655140945343293,0
0.0553532110383213,0.15393537,0.149,-0.9943,0.1411,0.201,0.4291,0.286055982113,1.14026,11.73,2.634178597721188,-0.372915,-0.983295497857158,0
0.0621435828506947,0.059016258,0.108,-0.9259,0.0014,0.248,0.0706,0.192742988467,-0.703464,0.071,3.3746690071637486,-0.576262,-1.42967714763268,0
0.950099945068359,0.9338941,0.756,0.891,0.8712,0.647,0.3417,0.572095394135,4.659467,26.1,9.358505628627336,0.164982,0.943031185781716,0
0.0528558190506303,0.114987165,0.569,-0.5318,0.4895,0.13,0.0694,0.236980363727,2.430028,18.69,4.195071562875177,-0.0598381,-0.333686782239517,0
0.0334610050243044,0.05644554,0.507,-0.8209,0.1601,0.166,0.1046,0.391511917114,-0.305824,0.32,4.55449503660202,-0.120624,-1.53615845500593,0
0.888364493846893,0.8662573,0.72,0.4372,0.7267,0.499,0.16,0.360163897276,2.789382,20.3,7.253567149622097,0.0632132,0.203519564152702,0
0.142396539449692,0.16704866,0.54,-0.4312,0.5105,0.362,0.1015,0.276005744934,-0.483803,0.161,2.8451667726039886,-0.0825541,-1.10994435333131,0
0.0370412580668926,0.07756594,0.234,-0.9676,0.1178,0.228,0.0818,0.262104809284,1.599858,14.76,2.7804801166057587,-0.209466,-0.663597761881581,0
0.120975255966187,0.35316047,0.199,-0.9667,0.0023,0.453,0.1124,0.334759145975,2.138584,17.39,2.685957431793213,-0.285053,-0.418075713418917,0
0.942693054676056,0.65482914,0.581,0.0422,0.6773,0.526,0.1176,0.343400359154,2.667904,19.72,4.14103411126673,-0.0159592,0.664291662678271,0
0.03488582758996,0.03811145,0.032,-1.0201,0.036,0.09,0.0806,0.235601335764,-0.841577,0.043,2.9970510624586795,-0.601111,-1.47068966087954,0
0.856505692005157,0.5057834,0.551,-0.1327,0.4392,0.463,0.2429,0.357543885708,3.241895,21.9,5.85425548360348,-0.210657,0.287325446933871,0
0.0644339323043823,0.102244765,0.049,-0.9115,0.0029,0.367,0.0878,0.301684439182,2.663952,19.7,4.031850725412369,-0.552705,-0.640126042240631,0
0.0561772401835319,0.06932908,0.361,-0.9017,0.0025,0.144,0.084,0.228558167815,-0.265076,0.375,4.925634354352951,-0.457178,-1.11870325697241,0
0.0300966574886129,0.08752924,0.211,-1.0285,0.0033,0.188,0.1085,0.227410599589,0.560812,6.075,2.445634543895721,-0.356278,-0.797168523210934,0
0.0372325404263651,0.030376554,0.125,-0.9338,0.0461,0.104,0.0732,0.230758592486,-0.670037,0.08,2.768331958383494,-0.512418,-1.95831146776933,0
0.858814477920532,0.33398992,0.52,-0.7692,0.3175,0.485,0.1073,0.252881079912,1.903172,16.3,4.157256752252579,-0.0308567,-0.29668813021947,0
0.437956482172012,0.17095095,0.226,-0.9142,0.1767,0.156,0.101,0.264510691166,1.62475,14.89,3.3796099135809112,-0.25447,-0.573535608506216,0
0.088848814368248,0.13922444,0.153,-0.917,0.0031,0.291,0.1277,0.239058226347,0.752089,7.85,2.7492513910534857,-0.36156,-0.700824343472874,0
0.233458965234379,0.3335224,0.276,-0.8832,0.0023,0.352,0.1045,0.274183779955,1.980232,16.66,3.387378516769638,-0.415961,-0.682682654507322,0
0.750285089015961,0.19283181,0.318,-0.7094,0.3018,0.27,0.0943,0.227623477578,2.909754,20.8,4.7807448599703335,-0.17111,-0.479257827359793,0
0.934792280197144,0.57640594,0.516,-0.4128,0.4106,0.335,0.1127,0.255553424358,1.797955,15.79,7.830148738083682,-0.157718,0.0119198817306875,0
0.999224066734314,0.14503926,0.491,-0.8751,0.3054,0.151,0.0862,0.236467063427,0.517006,5.637,3.1959788442844066,-0.216303,-1.10503364881866,0
0.762589991092682,0.19667411,0.511,-0.4326,0.4555,0.352,0.0847,0.273287653923,1.98359,16.68,2.7371173607405344,-0.073453,-0.196479953815412,0
0.151563704013824,0.12532958,0.117,-0.9105,0.003,0.232,0.0868,0.280639797449,1.591064,14.71,2.6374254243127435,-0.452219,-0.707707653590146,0
0.020615192130208,0.0643312,0.135,-0.9514,0.1106,0.147,0.0811,0.26949557662,-0.382387,0.237,4.252457112424379,-0.428273,-1.41890930091369,0
0.446033626794815,0.36358184,0.448,-0.0047,0.5492,0.35,0.0855,0.263939976692,1.903113,16.3,3.958918934687972,-0.116012,-0.530546068958638,0
0.970942497253418,0.7063582,0.511,-0.7509,0.3007,0.404,0.1716,0.283354640007,2.179953,17.58,4.181609120219946,-0.0716951,0.117933207603968,0
0.058612775626255,0.105106115,0.354,-0.8849,0.2503,0.217,0.0759,0.198314905167,-0.764083,0.057,3.990682929754257,-0.279678,-1.35394007524594,0
0.033955751373412,0.12067041,0.335,-0.9307,0.002,0.229,0.0821,0.187040567398,-0.645355,0.088,2.58382880724011,-0.432913,-1.32715341219531,0
0.882701516151428,0.27953017,0.151,-1.1742,0.0171,0.33,0.1168,0.359957873821,4.466565,25.4,3.3667844235897064,-0.381904,0.478153101720846,0
0.864751815795898,0.40045258,0.489,-0.5606,0.4091,0.442,0.117,0.35658749938,2.771571,20.2,6.82950585478811,-0.0240934,0.0360429800085049,0
0.129670962691307,0.104248375,0.178,-0.9144,0.0025,0.275,0.0942,0.26719045639,0.398838,4.377,3.614004671573639,-0.499219,-1.09746056956205,0
0.999139070510864,0.9165456,0.878,1.0916,0.9496,0.683,0.6759,0.407684445381,4.41567,25.2,2.359468737612036,0.477671,0.843796857430674,0
0.886348068714142,0.71420944,0.652,0.022,0.5848,0.554,0.2396,0.457712978125,2.951885,20.9,5.043999022570897,-0.0169953,0.170972849489847,0
0.436286509037018,0.2683915,0.42,-0.3782,0.5516,0.429,0.086,0.372119426727,1.782728,15.71,4.944353472441435,-0.090041,-0.439660743764892,0
0.0397178621058791,0.15011716,0.279,-0.8612,0.2279,0.259,0.1041,0.263222336769,1.167529,11.95,4.087758545292644,-0.220155,-0.840128609466372,0
0.380439519882202,0.40000054,0.425,-0.1351,0.5426,0.394,0.1314,0.305781245232,2.362699,18.4,4.173428132629185,-0.160582,-0.223783629229208,0
0.566160619258881,0.13992295,0.148,-0.9577,0.0041,0.161,0.1017,0.280402898788,0.952373,9.787,4.165216282010078,-0.337373,-0.485004810059927,0
0.987522780895233,0.5678585,0.176,-1.1801,0.0272,0.626,0.9381,0.596627354622,4.482322,25.4,4.86111997729286,-0.0560896,0.745089447184801,0
0.99462354183197,0.46408647,0.249,-1.1987,0.0612,0.463,0.507,0.576213479042,4.535919,25.6,3.68200071976382,-0.175212,0.895937114651174,0
0.195401441787928,0.2500617,0.423,-0.8259,0.2171,0.362,0.1258,0.263199925423,1.666943,15.12,3.997881929480655,-0.116509,-0.630766217814961,0
0.0612405436525329,0.08699033,0.069,-1.006,0.0658,0.273,0.088,0.344762742519,1.094958,11.33,3.659726999558021,-0.461044,-1.12454348698817,0
0.0146564645692706,0.05323574,0.223,-0.9352,0.0006,0.15,0.0613,0.278990507126,0.272916,2.984,3.790899438171783,-0.533724,-1.45427514611027,0
0.29999566078186,0.19731855,0.379,-1.0318,0.1201,0.356,0.1189,0.259646803141,1.715623,15.37,2.6814458932336627,-0.314106,-0.619237886369134,0
0.0387616753578186,0.12229377,0.275,-0.9062,0.0028,0.136,0.0646,0.229278028011,0.246861,2.72,2.579000172955215,-0.461621,-1.19176902061512,0
0.0374936803261716,0.061998874,0.037,-0.957,0.0009,0.124,0.0749,0.226728349924,-0.516202,0.143,4.797484763467434,-0.701313,-1.71262212720381,0
0.199793145060539,0.21643373,0.132,-0.9519,0.0048,0.277,0.1217,0.310983181,1.599002,14.75,3.887740575904054,-0.3791,-0.539053946350116,0
0.0504411719739437,0.07326892,0.215,-0.9444,0.256,0.107,0.0625,0.205943971872,-0.104859,0.711,3.2160033272497714,-0.411314,-1.4625220296344,0
0.0097081336702205,0.047331303,0.322,-0.9086,0.001,0.11,0.0711,0.20103302598,0.251242,2.763,3.891630053520202,-0.40038,-1.46541448202875,0
0.079012967646122,0.3222252,0.232,-0.9044,0.0025,0.217,0.0951,0.241027384996,0.371152,4.067,2.7682069219901697,-0.348624,-0.791509646720136,0
0.0806422881311203,0.1489389,0.483,-0.6607,0.3377,0.327,0.1073,0.311722606421,0.33134,3.619,2.974999985954764,-0.149362,-1.15752183378567,0
0.925253808498383,0.38687038,0.493,0.6995,0.6579,0.424,0.0879,0.294241368771,3.491117,22.7,3.524230100094062,0.0836687,0.466818719433367,0
0.20237858023363,0.123312235,0.494,0.4817,0.7638,0.339,0.2742,0.212314516306,2.11392,17.28,2.3049272894859314,0.198229,-0.254413932499536,0
0.0605680149739469,0.0731045,0.076,-0.8742,0.0013,0.143,0.1225,0.208904102445,-0.010516,1.029,3.5675110707157387,-0.553696,-1.63491122672509,0
0.466524660587311,0.3189909,0.197,-0.9064,0.0021,0.312,0.1113,0.214988723397,-0.316811,0.306,3.4276108929171314,-0.312847,-0.680231083820864,0
0.806850373744965,0.70758283,0.56,-0.1107,0.6356,0.485,0.1842,0.326113045216,2.516634,19.06,3.043228432536125,0.0342148,0.388938980074088,0
0.361698031425476,0.39703804,0.569,0.1047,0.7894,0.405,0.0882,0.351200461388,2.663089,19.7,4.537221782150537,0.0377347,0.0075207790282718,0
0.564976036548615,0.2185022,0.348,-0.8115,0.2545,0.271,0.1692,0.295948565006,-0.22142,0.447,3.7718996494405297,-0.268704,-1.08869878795302,0
0.958144426345825,0.5434555,0.627,0.7991,0.8458,0.681,0.2889,0.640315294266,4.250681,24.7,9.511325793224389,0.193923,0.479381509029121,0
0.0492799077111341,0.12524506,0.217,-0.904,0.0024,0.293,0.081,0.195068597794,1.504151,14.21,4.326439635356934,-0.462279,-0.937605329974201,0
0.0781499483591023,0.18255255,0.568,-0.9079,0.1435,0.249,0.1011,0.236028283834,0.3604,3.946,3.691066533327103,-0.0459777,-0.499624284998551,0
0.0718610659241676,0.11004856,0.159,-0.9805,0.176,0.089,0.0866,0.216498851776,0.322159,3.516,2.8394964762606056,-0.353674,-1.02752197791114,0
0.986024558544159,0.8184643,0.684,0.5877,0.7262,0.549,0.0837,0.37010294199,3.568149,22.9,6.271669983863831,0.0665971,0.745764983024524,0
0.977019369602203,0.8879776,0.766,0.1966,0.7084,0.718,0.2256,0.392549812794,3.525012,22.8,3.56715558995457,0.201534,0.556623553302744,0
0.764021933078766,0.19739264,0.522,-0.7851,0.2311,0.46,0.1964,0.301849603653,3.047378,21.3,4.053716063499451,0.138773,-0.100373859254114,0
0.185560451655024,0.42281955,0.474,-0.3927,0.5157,0.382,0.0753,0.231469273567,0.421604,4.629,2.9392545131103525,-0.0378581,-0.597047950262119,0
0.986250162124634,0.90225947,0.82,0.7717,0.8021,0.881,0.9506,0.746252954006,4.930766,27.5,14.917567760505673,0.314702,0.865401406010884,1
0.105532828366854,0.202079,0.169,-0.934,0.0037,0.354,0.1189,0.276584923267,1.387432,13.49,4.787975860526678,-0.377795,-0.582229216105431,0
0.590100049972534,0.24807492,0.479,-0.1233,0.6577,0.314,0.0836,0.229080960155,1.58529,14.68,4.001606978476048,-0.130036,-0.0566543114555852,0
0.0473890602588654,0.07004157,0.258,-0.9142,0.2378,0.107,0.0703,0.212974131107,-0.463063,0.174,3.606896528874416,-0.293551,-1.16436404537454,0
0.039553839713335,0.1447505,0.313,-0.9503,0.2023,0.23,0.0992,0.314307391644,-0.021663,0.985,1.853746015802471,-0.313643,-0.957841095620375,0
0.0397866256535053,0.1208539,0.226,-0.9129,0.0022,0.309,0.1194,0.41060307622,0.566782,6.134,2.90470027923584,-0.37255,-0.869077443104834,0
0.0856230780482292,0.30133682,0.257,-0.8728,0.0033,0.308,0.1009,0.306122124195,1.153323,11.83,4.8589986122855136,-0.369117,-0.904257266398965,0
0.914740324020386,0.53293806,0.643,0.2733,0.7851,0.485,0.436,0.307038605213,2.996381,21.1,5.267074805322546,0.0929602,0.319716836933241,0
0.0514106493352476,0.07412207,0.271,-0.8902,0.3185,0.279,0.0825,0.297123074532,1.304355,12.94,2.807181919641034,-0.283022,-0.868921522833436,0
0.486792325973511,0.18078586,0.172,-0.9586,0.0033,0.431,0.0926,0.350297361612,0.992633,10.25,3.0488139616741345,-0.434526,-0.946320747405713,0
0.145308300852776,0.16558143,0.321,-0.9937,0.1733,0.244,0.108,0.270717859268,1.740224,15.5,5.89425164215606,-0.233733,-0.684518018859622,0
0.114783808588982,0.2920351,0.501,-0.785,0.3462,0.445,0.0846,0.324747473001,0.645557,6.884,2.446220096765409,-0.082695,-0.577699449083905,0
0.211568559483756,0.1607227,0.16,-0.8307,0.0038,0.277,0.1457,0.318079471588,2.23794,17.84,4.695138931274414,-0.294264,-0.609907204283319,0
0.856221735477448,0.40530086,0.417,-0.2908,0.5171,0.456,0.0805,0.266684055328,1.354874,13.28,4.0069567819286105,-0.163974,-0.33392516426626,0
0.998347878456116,0.9922054,0.96,0.9548,0.9925,0.925,0.9922,0.76552593708,5.457252,32.0,12.542075395670508,0.557649,0.913814212662158,1
0.264528810977936,0.3132732,0.529,-0.3283,0.6004,0.268,0.0909,0.276954650879,1.414912,13.66,4.20464988052845,-0.102349,-0.74257947250724,0
0.206161633133888,0.18746248,0.133,-0.9551,0.0043,0.346,0.0988,0.224109515548,1.77421,15.67,3.5275876785258773,-0.374794,-0.824104081096415,0
0.0478610880672932,0.21958104,0.151,-0.934,0.0022,0.308,0.2653,0.33984041214,0.572916,6.194,1.9306858277112031,-0.451302,-0.94291213644425,0
0.980364441871643,0.8268529,0.633,0.6416,0.8171,0.662,0.3414,0.475625157356,3.138919,21.5,10.013673841053343,0.138631,0.533962882362398,0
0.448240131139755,0.27442724,0.129,-0.9231,0.1872,0.361,0.1111,0.333883583546,1.502574,14.2,4.832488990426734,-0.349541,-0.312923397366292,0
0.994186282157898,0.7106083,0.748,0.824,0.9609,0.499,0.0974,0.298282086849,3.619275,23.1,4.146366029977799,0.200822,0.65202968059061,0
0.217044845223427,0.27412707,0.466,-0.2769,0.5804,0.386,0.1255,0.298111200333,1.269025,12.69,3.284851115533893,-0.118368,-0.484435215810414,0
0.0489272443059204,0.09469989,0.534,-0.7295,0.376,0.303,0.0734,0.194388538599,-0.348911,0.27,3.894812414081947,-0.169423,-1.09931490431575,0
0.42202599116725,0.25121373,0.539,-0.1986,0.6368,0.365,0.1159,0.285095334053,1.695023,15.27,4.386436939239502,-0.0256031,-0.217229251095759,0
0.950261056423187,0.76032984,0.39,-0.019,0.4845,0.777,0.3795,0.40377175808,3.703844,23.3,8.981198872193973,-0.0041016,0.615536485466003,1
0.9964839220047,0.8051288,0.75,0.8483,0.7905,0.576,0.5995,0.440251380205,3.781685,23.5,4.509009219377152,0.119891,0.514793905865837,0
0.0756978092462032,0.16612786,0.338,-0.654,0.3651,0.291,0.1616,0.395500808954,1.065284,11.04,4.005817597789276,-0.241794,-0.509271708518941,1
0.0602076947689056,0.06123084,0.034,-0.913,0.0018,0.174,0.0777,0.224266946316,1.305115,12.94,2.819961726689054,-0.580109,-1.07725032166283,0
0.0407251550998748,0.07964778,0.14,-0.9211,0.0023,0.246,0.076,0.214537978172,0.361204,3.955,2.881423114921549,-0.514252,-1.07039262050435,0
0.126594230532646,0.17450142,0.12,-0.8949,0.0017,0.326,0.0909,0.272828936577,0.799696,8.283,4.477613406781405,-0.493116,-1.03740342779898,0
0.0461738438145508,0.046147794,0.553,-0.2704,0.6196,0.32,0.0634,0.228787958622,0.110846,1.636,2.7688828706741333,0.0540065,-1.21642430158867,0
0.983532667160034,0.5461935,0.624,0.007,0.5421,0.439,0.4356,0.505700409412,2.942167,20.9,4.795195647934608,-0.100276,0.24567349310886,0
0.997847557067871,0.51710355,0.3,-1.1965,0.0248,0.454,0.4659,0.494723707438,4.737198,26.5,4.038673866156655,-0.0979956,0.840817161677079,0
0.214060589671135,0.24078637,0.246,-0.8904,0.003,0.363,0.1336,0.275738745928,1.113908,11.5,6.346417699123032,-0.350634,-0.755223380314692,0
0.980256736278534,0.521621,0.269,-1.0827,0.0183,0.593,0.3014,0.600156247616,5.92799,33.0,3.8535172939300537,-0.16935,0.664550644999454,1
0.469967710285075,0.6132817,0.312,-0.3765,0.3371,0.535,0.2969,0.401372730732,4.363438,25.1,6.451461334687038,-0.0799255,0.62513869992144,0
0.956326603889465,0.5080257,0.574,0.5154,0.6972,0.441,0.1447,0.49813336134,4.240415,24.7,4.987638886867934,0.011552,0.710220170871605,0
0.885668754577637,0.53495055,0.599,-0.1533,0.4515,0.727,0.3794,0.485545575619,2.007041,16.79,6.491528497077525,0.0425874,-0.430390397757232,0
0.740579426288605,0.24174339,0.142,-0.8632,0.0028,0.365,0.1233,0.294101506472,2.557084,19.24,3.516333192586899,-0.300605,-0.420346663343222,0
0.754994034767151,0.62130713,0.166,-0.9116,0.0047,0.445,0.086,0.268386214972,0.969259,9.972,2.208355759671265,-0.35238,-0.050689013374746,0
0.635371387004852,0.28575104,0.555,0.106,0.8556,0.455,0.0973,0.234191164374,1.944476,16.49,5.140265386990396,0.0125781,-0.603568500487302,0
0.109026849568877,0.074379176,0.037,-0.9351,0.0021,0.128,0.0759,0.186289593577,1.222469,12.36,4.343212187290192,-0.661908,-1.09565272613874,0
0.724066317081451,0.4567234,0.602,0.1158,0.7406,0.453,0.3846,0.301062643528,2.213678,17.73,2.250871056793312,0.0709103,-0.0573113375670385,0
0.78466784954071,0.52766937,0.542,1.0483,0.9313,0.528,0.16,0.365949034691,2.701138,19.86,4.730980733409524,0.219859,0.361544663388068,0
0.147039707637382,0.15425357,0.368,-0.273,0.6589,0.26,0.0906,0.2417524755,0.945929,9.719,3.2468049824237823,-0.171817,-0.676677128906543,0
0.0554215387284715,0.09577647,0.531,-1.0116,0.0387,0.235,0.1436,0.295465290546,-1.181982,0.013,2.04772279814163,-0.239491,-1.05726715496413,0
0.0914942900687909,0.08922464,0.093,-0.9986,0.1786,0.309,0.0901,0.298756420612,0.697715,7.362,3.0201290103696024,-0.308874,-0.973257151980034,0
0.395042568445206,0.13350189,0.134,-0.9054,0.0041,0.271,0.2213,0.372972726822,0.262141,2.873,2.906501024961472,-0.404866,-0.866026233520144,0
0.525419950485229,0.044735372,0.129,-1.0633,0.0755,0.167,0.0611,0.251319438219,0.486299,5.321,2.1467323685125,-0.422257,-1.75980081741619,0
0.263355225324631,0.15020642,0.197,-0.8963,0.0027,0.408,0.1086,0.26162135601,1.454427,13.91,4.520656139095066,-0.2887,-0.851947282502173,0
0.411338865756989,0.15071237,0.094,-1.0345,0.0848,0.243,0.1103,0.300365805626,1.106809,11.44,5.328882596686525,-0.421741,-1.23110736916941,0
0.995765089988708,0.9607455,0.789,0.887,0.852,0.823,0.7149,0.487911880016,4.493179,25.5,13.303335550401243,0.201105,0.684732550116269,1
0.193297564983368,0.11394757,0.233,-0.8403,0.0017,0.221,0.0821,0.255316495895,0.813035,8.409,2.491295158863068,-0.414223,-1.00461697155066,0
0.768113195896149,0.2817332,0.201,-0.9004,0.0071,0.285,0.0862,0.231528252363,1.659741,15.08,3.619950329963421,-0.371943,-0.245749076513059,0
0.0331590824856786,0.106636524,0.432,-0.6565,0.3574,0.22,0.0968,0.206358417869,-0.046436,0.895,3.615516941563114,-0.157826,-0.992666948784007,0
0.395988553762436,0.28448105,0.16,-0.955,0.0047,0.258,0.0832,0.226579651237,0.612277,6.572,4.759591704147561,-0.492647,-0.58100328030287,0
0.240917101502419,0.16405684,0.136,-1.0403,0.1153,0.258,0.1401,0.230497658253,1.45719,13.93,3.815687665365586,-0.305253,-0.678271125932882,0
0.0726820589683047,0.14901042,0.546,-0.2869,0.602,0.342,0.0837,0.172924876213,1.997029,16.74,3.993744624957425,-0.130535,-0.801640537168312,0
0.373881548643112,0.3502136,0.211,-1.0071,0.1622,0.503,0.1994,0.505789518356,1.581249,14.65,1.6095442015254564,-0.317917,-0.816207492520999,0
0.857173264026642,0.4188903,0.585,0.661,0.7795,0.46,0.1453,0.497970700264,3.083018,21.4,3.66623654961586,-0.0373031,0.449028157463791,0
0.738535702228546,0.09944996,0.397,-0.3577,0.4532,0.14,0.1191,0.249520897865,1.486438,14.1,2.697549672865102,-0.257843,-0.863999408268844,0
0.0215623912619477,0.10665786,0.214,-0.9199,0.0016,0.158,0.0948,0.226353257895,0.10505,1.6,2.2429838517176384,-0.527082,-0.996143381623147,0
0.0850396081805229,0.09958747,0.267,-0.9151,0.0016,0.191,0.1365,0.293454170227,0.232021,2.578,4.316814672245328,-0.415527,-1.07789663821477,0
0.0533579262843253,0.064572185,0.256,-1.0566,0.1402,0.244,0.0646,0.239509701729,1.081612,11.2,2.5113412849102668,-0.311047,-1.17753189980065,0
0.0287954708483783,0.08851579,0.524,-0.9015,0.2871,0.345,0.0901,0.219168230891,-0.417213,0.208,1.2857579377873138,-0.202391,-1.33139291027483,0
0.275578677654266,0.07442105,0.33,-1.0583,0.1426,0.187,0.0647,0.230671256781,0.616606,6.613,4.108431969244463,-0.300624,-1.30089964269937,0
0.0149866084918156,0.067521155,0.088,-0.8977,0.0037,0.161,0.0743,0.268843352795,0.269778,2.951,2.935428872704506,-0.538485,-1.14052533452614,0
0.023999746888876,0.07540074,0.532,-0.7519,0.4173,0.381,0.0616,0.236490562558,0.548769,5.956,6.201092810370028,-0.0456424,-1.39039658817052,0
0.994175374507904,0.9423943,0.713,0.7858,0.8145,0.729,0.4178,0.514686882496,4.740912,26.5,4.3502710465805485,0.15011,0.873344788717489,0
0.114004338274839,0.20580968,0.206,-0.9688,0.0055,0.443,0.1048,0.259899586439,1.520115,14.3,4.362657992245521,-0.302316,-0.653383723821685,0
0.128907441391047,0.13614282,0.434,-0.7015,0.2981,0.376,0.1122,0.212339997292,-0.547421,0.127,3.045036605813252,-0.178746,-1.33140914873905,0
0.102048556739676,0.2529068,0.206,-0.9036,0.0026,0.442,0.1243,0.269294261932,1.002746,10.36,5.450007304549217,-0.341069,-0.799604234140277,0
0.0999869586927209,0.17933899,0.501,-0.9951,0.0901,0.327,0.0979,0.287980318069,0.926419,9.52,4.208494095407946,-0.126895,-0.496481667265231,0
0.159254908561707,0.28065938,0.428,-0.9815,0.1898,0.439,0.0833,0.328509926796,1.709435,15.34,2.901814954546655,-0.131852,-0.78172450102693,0
0.871989607810974,0.59376466,0.711,0.5197,0.734,0.457,0.3517,0.343817412853,3.386398,22.4,7.882922887802124,0.0580644,0.439584368942871,0
0.313339512124208,0.42068994,0.511,0.347,0.8827,0.434,0.1244,0.296611487865,1.562851,14.55,4.541277075570476,0.163562,-0.116561119502301,0
0.898770034313202,0.7407051,0.541,0.1782,0.6192,0.604,0.1652,0.24503031373,4.346611,25.0,9.067092301786587,0.0525013,0.714134065348348,0
0.105402504993537,0.22031236,0.379,-0.8987,0.2348,0.471,0.0699,0.236218243837,0.630019,6.739,2.54580938725398,-0.0872927,-0.769780003961148,0
0.906449198722839,0.7151434,0.635,0.4341,0.6896,0.466,0.1341,0.322470009327,3.081908,21.4,6.226150175910795,0.0263572,0.415037128866498,0
0.120084725320339,0.14757174,0.299,-0.9713,0.1756,0.302,0.0899,0.265887469053,1.298371,12.9,4.723921468975684,-0.257405,-0.835054559479867,0
0.0769370421767235,0.057421327,0.051,-0.9188,0.0013,0.16,0.0726,0.281637310982,-1.389044,0.007,3.2330798674438985,-0.613738,-1.5205532619209,0
0.0681568619461034,0.1714386,0.466,-0.5825,0.4949,0.391,0.0911,0.308990895748,1.353558,13.27,4.085930271261628,-0.0956256,-0.763722403033956,0
0.0615893825888634,0.09593773,0.206,-0.9488,0.2892,0.217,0.0763,0.190270006657,0.112859,1.648,2.9577744327384963,-0.336628,-1.22831757866633,0
0.301160633563995,0.2717325,0.164,-0.9293,0.004,0.397,0.0906,0.207620799541,2.346579,18.33,4.532580407362972,-0.417197,-0.538372845517601,0
0.0102513500969229,0.08306503,0.228,-0.8999,0.0771,0.238,0.0566,0.244730085135,-0.397119,0.224,0.7482573500129288,-0.289129,-1.25818376590386,0
0.0848785191774368,0.08345947,0.258,-1.0404,0.1159,0.377,0.089,0.336175143719,0.839293,8.661,3.64284677909056,-0.26589,-0.85250069848459,0
0.491451531648636,0.2127116,0.315,-0.6097,0.3275,0.317,0.1014,0.334934949875,1.270133,12.7,5.185840837550053,-0.212634,-0.13192689144392,0
0.0978189805076281,0.08972648,0.031,-0.9202,0.0024,0.198,0.091,0.242927789688,-0.151678,0.59,3.035453283098996,-0.573265,-1.12587955601169,0
0.683752059936523,0.28361475,0.126,-0.9394,0.0062,0.515,0.1634,0.272945463657,2.194372,17.65,4.747005015611649,-0.29177,-0.223693800316059,0
0.354737907648087,0.29736134,0.207,-0.9122,0.0029,0.267,0.1291,0.248462826014,1.902091,16.29,3.7823270559310913,-0.301488,-0.427821501096596,0
0.783610880374908,0.36262682,0.556,-0.0572,0.6581,0.519,0.1666,0.291753411293,2.395853,18.54,3.1755129323566464,0.0462109,0.12381127429835,0
0.0834065964406161,0.13742042,0.534,-1.0181,0.1081,0.337,0.0789,0.2400867939,1.22569,12.38,3.6314192468021,0.00422382,-0.43214967821281,0
0.990971684455872,0.94897807,0.825,0.7709,0.8768,0.892,0.982,0.590993881226,3.635848,23.1,13.028401885181664,0.27191,0.472146004421846,1
0.100064285301624,0.13786185,0.404,-0.5274,0.4164,0.361,0.1166,0.258768618107,0.824194,8.515,2.873341442686617,-0.18582,-0.825794268777406,0
0.945234894752502,0.7111235,0.368,-0.7615,0.2712,0.548,0.1113,0.307130634785,2.33487,18.27,4.343329382130817,-0.0265888,-0.26709858743878,0
0.905045807361603,0.39716214,0.514,-0.3296,0.5695,0.471,0.266,0.490093767643,3.356832,22.3,6.379018246964195,-0.121132,0.0261790458496267,0
0.0365067402408907,0.07094368,0.076,-1.087,0.0461,0.248,0.1095,0.349974513054,-0.090514,0.753,3.478324389118705,-0.538606,-1.73079895176891,0
0.909139633178711,0.29635698,0.155,-1.0346,0.0119,0.465,0.2234,0.529636442661,3.562433,22.9,3.719047278165817,-0.231501,0.309302571010497,0
0.0288749292202884,0.16010156,0.303,-0.9081,0.0035,0.478,0.0854,0.281317532063,1.090408,11.29,3.5227211117744446,-0.48639,-1.09011399025472,0
0.0776477679610252,0.112960994,0.391,-0.7948,0.2933,0.168,0.0741,0.256985872984,0.486843,5.327,4.0964416563510895,-0.276113,-1.03687249483039,0
0.941319704055786,0.45236298,0.53,-0.8352,0.2127,0.585,0.6773,0.52811974287,6.02551,34.0,4.467851059988477,0.165184,0.613383047057577,1
0.0427954705873253,0.05668223,0.325,-0.9093,0.0021,0.245,0.1009,0.231937646866,1.015658,10.51,3.74824321269989,-0.381729,-1.42784132075255,0
0.984215199947357,0.90487057,0.876,0.8425,0.8338,0.82,0.5463,0.757619380951,4.859258,27.1,11.024960087960649,0.37163,0.844752689017616,0
0.0306968313165594,0.053960085,0.183,-0.9544,0.084,0.211,0.0732,0.23699387908,-0.114294,0.685,1.8822849776598376,-0.36344,-1.67852631515404,0
0.0271594863098797,0.01789406,0.576,-0.1405,0.652,0.42,0.0886,0.348969459534,1.289435,12.83,3.613392312749359,0.0145273,-0.695752734474272,0
0.113883972167969,0.17949364,0.203,-0.957,0.003,0.39,0.0878,0.27425891161,1.089688,11.28,3.3854650705680545,-0.374862,-1.08482741459735,0
0.114448818679125,0.08068478,0.094,-0.9013,0.0015,0.18,0.097,0.281026393175,-0.94454,0.03,2.951982472719177,-0.594305,-1.65177688412676,0
0.0327997077746231,0.1126802,0.152,-1.0605,0.0834,0.243,0.0608,0.221861511469,-1.036927,0.022,2.059150750051744,-0.3791,-1.01590003655294,0
0.0400428929925447,0.03789857,0.205,-1.0832,0.0643,0.165,0.1105,0.25562953949,-0.837263,0.044,4.415813323031125,-0.479346,-1.58440023928417,0
0.666748881340027,0.6669066,0.585,0.3243,0.6634,0.574,0.2386,0.418504595757,3.094022,21.4,9.51794805447571,-0.0805782,0.115732472454554,0
0.879523456096649,0.47595522,0.573,0.0069,0.453,0.466,0.0843,0.338088333607,2.454352,18.79,5.396006279889371,0.0608273,-0.0976452110983917,0
0.206482291221619,0.16967618,0.288,-0.9213,0.0016,0.281,0.0859,0.286919653416,0.502397,5.488,1.251621323481284,-0.474488,-1.23111412456344,0
0.11126671731472,0.10388288,0.35,-0.9136,0.0033,0.331,0.1368,0.292506277561,0.044898,1.272,2.147167325038669,-0.51797,-1.81980952322191,0
0.790028193854014,0.36174032,0.5,-0.5356,0.3702,0.394,0.1473,0.316271007061,3.748045,23.4,4.277619157617761,-0.148621,0.366512073243717,0
0.303317457437515,0.11639246,0.206,-1.1036,0.061,0.337,0.1013,0.316360712051,1.307813,12.96,3.606166450581124,-0.246171,-0.683108888359136,0
0.996650516986847,0.86050594,0.872,0.9012,0.847,0.829,0.9865,0.551459908485,4.53623,25.6,16.62079283595085,0.440089,0.726024524789197,1
0.956013679504395,0.8244466,0.617,0.4352,0.6862,0.605,0.0999,0.438151717186,3.717912,23.3,7.178077735006809,0.0437041,0.67867331207876,0
0.957197725772858,0.86109024,0.684,0.6222,0.7765,0.508,0.5808,0.415709733963,4.508287,25.5,3.346936794091888,0.170197,0.829229796451921,0
0.046226978302002,0.0713526,0.304,-0.9369,0.0016,0.115,0.1111,0.203680902719,0.000443,1.073,1.9880443215370176,-0.432618,-1.22462921408328,0
0.104112753475526,0.09200907,0.278,-0.8893,0.0021,0.302,0.0948,0.232839763165,-0.922598,0.032,4.914354559753793,-0.528935,-1.72852521103625,0
0.965849876403809,0.62795526,0.62,0.2038,0.8266,0.441,0.2004,0.40064895153,4.090357,24.3,8.004647461424657,0.0386853,0.498838600318075,0
0.440868973731995,0.36331224,0.234,-0.8202,0.0041,0.23,0.106,0.225348860025,0.550372,5.972,3.87947792789744,-0.313504,-0.302516461387485,0
0.0158746165153016,0.042932183,0.162,-0.9211,0.0977,0.138,0.0668,0.217018172145,-0.916583,0.033,3.08916666391964,-0.425255,-1.82390548818399,0
0.598545014858246,0.37782678,0.43,0.1108,0.5359,0.56,0.0841,0.336612254381,2.109559,17.26,4.405697584152222,-0.130003,-0.356665001713991,0
0.967297613620758,0.28486383,0.166,-0.9021,0.0053,0.421,0.1955,0.424880117178,4.198208,24.6,4.203389499974664,-0.214774,0.490463079824475,0
0.721694469451904,0.17609432,0.136,-0.9531,0.135,0.221,0.0935,0.330088734627,3.102343,21.4,6.855757899582386,-0.281117,-0.102928340204228,0
0.0167070103095947,0.058635175,0.316,-0.9228,0.0015,0.111,0.0823,0.293085545301,-0.850012,0.042,2.5028579235076904,-0.43103,-1.48934531708269,0
0.100081138312817,0.12812325,0.07,-0.9831,0.1435,0.225,0.071,0.266227543354,1.241229,12.5,3.797036587815314,-0.345395,-0.808193630678837,0
0.757529059146834,0.42854804,0.352,-0.6267,0.3181,0.498,0.0803,0.261357843876,2.145369,17.42,4.45543989844071,-0.0364158,-0.0920884276339198,0
0.948943972587585,0.459496,0.452,-0.0917,0.6108,0.444,0.1946,0.335807263851,3.215721,21.8,7.427949701700622,-0.139606,0.508987939742592,0
0.173973575234413,0.12515286,0.295,-0.985,0.0029,0.299,0.0644,0.220908850431,-0.364684,0.254,3.865586336982502,-0.419237,-1.69609046658334,0
0.295808463241807,0.19746241,0.236,-0.7783,0.0024,0.224,0.1238,0.267593950033,0.581718,6.279,3.9290674328804016,-0.332012,-0.752519910287583,0
0.0300743175781136,0.09393811,0.376,-0.7563,0.2813,0.248,0.072,0.239276409149,0.48733,5.332,5.070923030376434,-0.272167,-1.13779027686645,0
0.933507859706879,0.2576027,0.13,-0.8761,0.005,0.401,0.1818,0.238205999136,2.917637,20.8,4.0233019553124905,-0.264238,0.0336084092227354,0
0.993503391742706,0.6924275,0.434,-1.1953,0.0273,0.616,0.7919,0.572243273258,4.469695,25.4,4.033971901405129,0.115067,0.826568187802572,0
0.0199381355774045,0.019610405,0.539,-0.3379,0.4604,0.142,0.0494,0.199881255627,-0.216429,0.456,2.8197849045628205,-0.0414927,-1.62657308487758,0
0.0191395934671164,0.035658777,0.031,-0.908,0.0012,0.114,0.0593,0.333555668592,-1.516104,0.005,2.7350799441337585,-0.726864,-1.7659774417818,0
0.861273348331451,0.23402777,0.154,-0.9005,0.0045,0.334,0.0999,0.309161633253,1.496102,14.16,4.512710039995007,-0.429152,-0.881022431909381,0
0.178186774440742,0.17463279,0.528,-0.5133,0.4402,0.466,0.1018,0.320177793503,1.514591,14.27,2.783984273974099,-0.077209,-0.554941797814333,0
0.0207078960586938,0.09646204,0.221,-1.0447,0.0676,0.371,0.0856,0.235782817006,0.867979,8.942,3.1425754978613694,-0.315067,-0.928517564431893,0
0.904937922954559,0.5962225,0.422,0.0696,0.7674,0.38,0.1188,0.314738124609,2.81604,20.4,4.133831277489662,-0.0193793,0.211513310971656,0
0.0546199854276192,0.10743865,0.421,-0.8855,0.2994,0.212,0.1288,0.275852054358,0.547526,5.944,4.274896115064621,-0.229643,-1.04293169388513,0
0.054642073307836,0.15050575,0.163,-1.0471,0.0887,0.309,0.0841,0.315596342087,-0.044169,0.903,3.640503446185832,-0.407643,-1.01225553495553,0
0.0862078219652176,0.23762208,0.285,-0.9079,0.004,0.371,0.2173,0.231245726347,0.540688,5.876,1.0498164317684595,-0.344069,-0.838825063437697,0
0.0565345548093319,0.18289873,0.116,-0.9362,0.0042,0.317,0.0786,0.234556466341,0.559334,6.061,3.3156051267044835,-0.366124,-0.50048202838278,0
0.672705471515656,0.18291807,0.127,-0.9256,0.0035,0.238,0.0894,0.280425339937,1.518918,14.3,3.799490213394165,-0.315036,-0.683430834055485,0
0.565972030162811,0.19525236,0.087,-0.9354,0.0046,0.288,0.0844,0.236040115356,0.182447,2.144,4.290710680686541,-0.4802,-0.665334740960877,0
0.0451630908821932,0.13144958,0.563,-0.3095,0.55,0.289,0.0736,0.241244718432,-0.109435,0.699,3.0604327917099,-0.109418,-0.955476730915444,0
0.0632861331105232,0.08164373,0.03,-1.058,0.0472,0.246,0.0751,0.227414339781,0.122618,1.71,3.8800548328628,-0.490092,-1.17655625730719,0
0.0200947373555026,0.07537389,0.217,-0.9242,0.2054,0.232,0.075,0.274280846119,-0.103723,0.715,3.893724756985289,-0.322943,-1.23780070538661,0
0.0682293545285937,0.0845086,0.226,-0.9194,0.0019,0.129,0.0732,0.282940804958,1.028144,10.65,3.824967086315155,-0.338406,-0.99703266987987,0
0.0210180459299388,0.08538172,0.128,-0.9286,0.002,0.277,0.0796,0.303097963333,-0.287586,0.344,4.86472137004243,-0.50981,-1.17923601000303,0
0.086171149996366,0.10424909,0.208,-1.057,0.0691,0.215,0.0935,0.257300913334,0.050415,1.299,3.677876787092546,-0.443945,-1.07031978795795,0
0.997458875179291,0.76674926,0.706,0.6244,0.6211,0.763,0.2232,0.447043776512,4.215945,24.6,3.3694018721580505,0.242483,0.553120157382556,0
0.995059370994568,0.7047507,0.722,0.6972,0.8954,0.572,0.561,0.316480308771,2.533947,19.14,5.371021509170532,0.184586,0.393681289402364,0
0.828676700592041,0.63452494,0.555,-0.365,0.5088,0.493,0.1137,0.23526160419,0.325054,3.548,6.9948918238883175,-0.0839542,-0.618021984863951,0
0.104708559811115,0.15978122,0.267,-0.953,0.1705,0.351,0.1368,0.359635174274,1.299112,12.9,6.287678509950638,-0.270152,-0.824667186601715,0
0.869969308376312,0.2895527,0.486,0.5061,0.8766,0.429,0.1056,0.344386279583,1.072275,11.11,3.339806917850109,0.0558855,-0.419291181692366,0
0.0330269169551366,0.11006236,0.496,-0.7989,0.3493,0.291,0.0632,0.190440297127,0.202367,2.31,2.804305324306872,-0.22697,-0.851769839301262,0
0.0303059955923995,0.092538446,0.289,-0.9087,0.002,0.219,0.065,0.201212137938,-0.496103,0.154,2.7141608107365007,-0.527251,-1.31416829515168,0
0.0489236599107221,0.18743506,0.157,-0.9003,0.0031,0.381,0.7297,0.338937222958,1.360146,13.31,2.8349317610263824,-0.3019,-0.579640039778883,0
0.0797070881490796,0.25052494,0.614,-0.0911,0.6956,0.323,0.0842,0.222526833415,0.268271,2.936,2.430846154689789,-0.00557194,-0.688427525360463,0
0.707513153553009,0.36080033,0.25,-0.796,0.2541,0.378,0.1036,0.397814273834,2.927844,20.8,4.200425386428833,-0.0229351,0.322907657293365,0
0.10637792233778,0.16395906,0.218,-0.535,0.3858,0.347,0.1015,0.267006039619,1.223817,12.37,3.763016828426329,-0.222465,-0.491533342546885,0
0.215953186154366,0.28842846,0.168,-0.909,0.0036,0.449,0.121,0.330186963081,1.210201,12.27,3.21404545489212,-0.373435,-0.428293496686543,0
0.0352703552144052,0.07772052,0.235,-0.945,0.0018,0.272,0.1096,0.190764546394,-0.233367,0.426,1.1375651990544449,-0.443552,-1.33654402082747,0
0.888072550296783,0.69342494,0.661,0.4849,0.7448,0.605,0.3214,0.579359292984,2.518587,19.07,8.615955002605915,0.0681983,0.234343253929757,1
0.812137365341187,0.25417787,0.516,-0.34,0.5443,0.425,0.0894,0.272144526243,3.065783,21.3,3.957540377314911,0.0191006,-0.308386183130522,0
0.983394265174866,0.7513026,0.713,0.1883,0.5568,0.578,0.1352,0.281881272793,4.134007,24.4,6.762743307709266,0.0644481,0.539037963286632,0
0.189645543694496,0.27042988,0.471,0.2076,0.7637,0.462,0.1155,0.235514938831,2.442402,18.74,2.7483120884159336,0.0179276,-0.659568418393373,0
0.224567994475365,0.16890457,0.171,-0.904,0.004,0.304,0.0797,0.274531036615,1.664418,15.11,3.2739098370075226,-0.30133,-0.602472871344861,0
0.85105836391449,0.102930546,0.255,-0.2381,0.3947,0.336,0.1188,0.317599356174,1.612064,14.82,5.786628755740821,-0.0609786,0.435600394207083,0
0.810787856578827,0.5497689,0.369,-0.4937,0.4405,0.603,0.19,0.325138926506,2.83402,20.5,3.8958237767219535,-0.0303291,0.0635164829683997,0
0.258340952420484,0.16835347,0.547,0.3128,0.8579,0.467,0.1301,0.326605498791,1.901577,16.29,2.806666374206543,0.151727,-0.489164325780343,0
0.871604919433594,0.44105354,0.518,-0.583,0.401,0.421,0.1636,0.475697219372,3.550343,22.9,4.061747848987579,-0.0056847,0.286399457028023,0
0.95794153213501,0.7613069,0.411,-0.0601,0.4479,0.516,0.0903,0.381455153227,3.861896,23.7,5.134627624928303,-0.0437777,0.495327857764829,0
0.96071445941925,0.33113015,0.132,-1.0692,0.0207,0.373,0.1831,0.474396169186,3.84458,23.6,3.835810903501749,-0.292476,0.708322353115314,0
0.950450539588928,0.23779368,0.383,-0.5408,0.4456,0.405,0.1195,0.355247974396,1.611875,14.82,4.027153661610958,-0.0246496,-0.420472851281738,0
0.0906529516996198,0.08892381,0.04,-0.9163,0.0029,0.144,0.1038,0.365292578936,1.746588,15.53,1.936329364776612,-0.538248,-0.643942180789789,0
0.0895809903740883,0.117283374,0.155,-0.9165,0.0037,0.253,0.104,0.213182151318,0.229099,2.55,2.834093029734409,-0.521475,-0.864812065691339,0
0.0812980830669403,0.18202657,0.243,-0.8213,0.3283,0.306,0.0996,0.267966985703,0.251266,2.764,4.3644926590117,-0.281402,-0.834021727462479,0
0.596474468708038,0.22878373,0.12,-0.9629,0.0068,0.409,0.0915,0.258961379528,0.255911,2.81,4.03929877281189,-0.320127,-0.160943494291592,0
0.834079682826996,0.6250348,0.482,-0.5809,0.3019,0.444,0.3297,0.407905936241,3.161516,21.6,5.224888912344332,-0.200497,-0.0797479013282806,0
0.065692018688768,0.18740779,0.167,-0.9174,0.0031,0.315,0.0792,0.237266838551,0.690173,7.293,2.789099109199626,-0.383451,-0.6928875603138,0
0.496929556131363,0.24599752,0.46,-0.9285,0.1793,0.465,0.0894,0.267567634583,2.461737,18.82,3.208304589499054,-0.0133225,0.1235528419073,0
0.141425667662725,0.21590903,0.49,-0.53,0.5091,0.378,0.1032,0.274791002274,1.418807,13.69,2.409869252624705,-0.14835,-0.597685110087043,0
0.993672966957092,0.41755232,0.164,-1.1273,0.0186,0.546,0.4388,0.573058307171,3.300488,22.1,4.349883812490807,-0.163866,0.543651896304384,0
0.144178286194801,0.2619999,0.588,0.0699,0.7349,0.31,0.0781,0.283592134714,1.969022,16.61,4.970996856689453,-0.0552648,-0.276005911456284,0
0.0543405873927214,0.1727831,0.065,-0.898,0.0033,0.201,0.0885,0.217344671488,0.057619,1.335,5.014323228968948,-0.48738,-0.938778170195045,0
0.0517801739291571,0.09897226,0.161,-0.9156,0.0024,0.207,0.1002,0.225556626916,0.705819,7.435,3.972886884877002,-0.485906,-0.967079572724235,0
0.988673508167267,0.37291044,0.401,-0.1988,0.3927,0.492,0.4643,0.522030353546,2.600249,19.43,5.820375287703501,-0.0932612,-0.0265629355796173,0
0.858596861362457,0.5563286,0.213,-0.314,0.3004,0.489,0.1294,0.32072865963,2.623525,19.53,4.570366285409234,-0.134458,0.236549031451902,0
0.928950309753418,0.61993057,0.654,0.5569,0.6588,0.643,0.4912,0.625238120556,4.141137,24.4,10.151081667863764,0.0488229,0.508872653003877,0
0.999177157878876,0.8669034,0.823,0.78,0.8302,0.533,0.2662,0.376768231392,4.257123,24.7,6.467413272646628,0.159319,0.709965378376495,0
0.066092737019062,0.11641389,0.166,-0.8891,0.0027,0.183,0.1318,0.329585790634,0.789164,8.185,2.9193367660045624,-0.481664,-0.808599734098438,0
0.0358876734972,0.0759747,0.112,-0.9085,0.0019,0.106,0.0874,0.287986457348,-1.229349,0.011,3.4411298073998706,-0.603317,-1.46575517944595,0
0.157503485679626,0.18273267,0.191,-1.0277,0.0998,0.287,0.1227,0.267449975014,-0.091548,0.75,4.038190799165978,-0.371361,-1.3349723254388,0
0.282726014795672,0.26523787,0.147,-0.8657,0.0028,0.423,0.0821,0.276734143496,0.092738,1.527,1.8020698428153992,-0.33825,-0.469492206516264,0
0.814363658428192,0.20677948,0.158,-0.9203,0.0041,0.395,0.2292,0.284219413996,2.574397,19.32,4.457334860751611,-0.393291,-0.39665192190916,0
0.0811197459697723,0.19573006,0.501,-0.6185,0.3936,0.288,0.0873,0.271932780743,0.383961,4.211,3.967378997170037,-0.058404,-0.814511101129221,0
0.910806000232697,0.45366317,0.249,-0.6738,0.2603,0.457,0.164,0.344190657139,3.329887,22.2,5.353727417145639,-0.094074,0.375332443731929,0
0.0548741393748529,0.0768221,0.135,-0.8699,0.003,0.104,0.0655,0.191628068686,-0.959532,0.028,2.9745622747447484,-0.576408,-1.36749324760329,0
0.102940356143783,0.18724859,0.152,-0.8755,0.002,0.273,0.0845,0.249558076262,1.722906,15.41,3.7930871962432176,-0.347246,-0.627177927584154,0
0.0985511690378189,0.11514157,0.54,-0.755,0.3574,0.276,0.0871,0.263993620872,0.36411,3.987,3.749512672424317,-0.0997727,-0.874390678229339,0
0.929593622684479,0.20643556,0.16,-0.953,0.0064,0.354,0.1393,0.315272659063,1.775432,15.68,4.443521365523338,-0.260695,-0.0727207002849407,0
0.0568300932105828,0.11835444,0.028,-1.0317,0.0545,0.174,0.0995,0.238244757056,0.246,2.712,2.3226303038090177,-0.475189,-1.12752073710409,0
0.907192468643188,0.29697293,0.158,-0.9358,0.0067,0.375,0.1307,0.26489585638,2.173947,17.55,5.054403739947622,-0.291156,-0.297460613154062,0
0.0852248140249793,0.8970355,0.491,-0.8331,0.3088,0.771,0.1415,0.291610091925,0.675225,7.157,3.2873687744140625,0.0549009,-0.863254023305017,0
0.0403904033290893,0.11592239,0.263,-0.8034,0.3203,0.38,0.1458,0.246046870947,0.134222,1.787,3.5484611428991224,-0.322909,-1.76808681405635,0
0.975565552711487,0.4680111,0.654,0.3898,0.781,0.399,0.1186,0.379366934299,2.830689,20.5,2.9006499648094177,0.0668774,0.295058902214696,0
0.0678523579463343,0.13850668,0.153,-0.895,0.0023,0.168,0.072,0.253037810326,0.231364,2.571,3.985909073346202,-0.517038,-1.18494489752182,0
0.0162519402801991,0.11999908,0.322,-0.8956,0.0022,0.211,0.0663,0.33584100008,0.011205,1.118,3.4736043228626228,-0.383225,-0.956031184411427,0
0.841311454772949,0.24960369,0.396,-0.34,0.4052,0.42,0.2586,0.357600808144,1.361242,13.32,5.808954358100891,-0.085467,-0.126910582993796,0
0.99098140001297,0.37238038,0.274,-1.1832,0.0273,0.516,0.7965,0.658435583115,4.198369,24.6,3.8497896137486527,-0.00915848,0.790846400193839,0
0.0236115550738076,0.08166489,0.038,-1.0592,0.0394,0.141,0.0688,0.233703762293,-0.575003,0.115,2.681212264998744,-0.557858,-1.58261252118247,0
0.0384301505982876,0.13220015,0.337,-0.9795,0.2133,0.213,0.0762,0.240675613284,-0.192525,0.501,2.274661708027177,-0.309538,-1.25361911704461,0
0.386761320506133,0.23299822,0.395,-0.7603,0.3272,0.249,0.1232,0.205011740327,0.61533,6.601,3.721791027911221,-0.182626,-0.726619102938962,0
0.955969333648682,0.37979716,0.473,0.5631,0.7163,0.439,0.1876,0.375326097012,4.006902,24.1,6.439093306784482,-0.0383521,0.747368967005312,0
0.0683787865147416,0.1397233,0.227,-1.022,0.1831,0.328,0.0819,0.247634783387,0.86701,8.933,4.932277426634869,-0.298298,-1.05649664632529,0
0.347612708806992,0.10531518,0.164,-0.9105,0.0019,0.179,0.1047,0.259613484144,0.817108,8.447,3.4651506264521834,-0.458353,-0.835459897854297,0
0.0247440652628566,0.045197666,0.286,-1.0197,0.0968,0.146,0.1378,0.247184187174,-2.195438,0.001,4.22414492298518,-0.367092,-2.29025200642076,0
0.992784142494202,0.9666171,0.846,0.8932,0.8522,0.843,0.9891,0.641663849354,4.775008,26.7,11.745335130020976,0.400977,0.787514346624692,1
0.0321979698850777,0.14096045,0.497,-0.6643,0.4396,0.334,0.079,0.319881916046,0.732963,7.679,3.836143666431624,-0.0531708,-0.798652215438277,0
0.0210219311609912,0.048682004,0.036,-0.9493,0.0014,0.075,0.0715,0.166838437319,-0.710765,0.069,3.1396117210388184,-0.652448,-1.38081308576501,0
0.205886006355286,0.23202986,0.085,-1.0166,0.0957,0.382,0.2146,0.309231847525,2.131369,17.36,2.989353017673086,-0.331285,-0.347686731903098,0
0.0200879608615995,0.08113924,0.164,-1.0048,0.0615,0.235,0.0928,0.211262628436,1.156123,11.86,3.27327133980489,-0.485919,-1.17486838996469,0
0.657771825790405,0.24128383,0.093,-1.0346,0.0771,0.309,0.2132,0.304780781269,1.670449,15.14,3.7121522372421376,-0.445067,-0.377093126581541,0
0.0367111664959481,0.09439406,0.174,-1.0569,0.1105,0.303,0.0607,0.231520101428,-0.57239,0.116,4.357141216030176,-0.316495,-1.362094192431,0
0.327527314424515,0.16569051,0.27,-0.8844,0.2002,0.316,0.0777,0.30005517602,0.990375,10.22,3.072732448577881,-0.239571,-0.856955174574362,0
0.0193518301143846,0.071768284,0.365,-0.9602,0.0007,0.115,0.1157,0.283454239368,0.713608,7.505,2.991581439971924,-0.395948,-1.18415008043661,0
0.114757515490055,0.086550206,0.392,-1.0164,0.1293,0.305,0.0897,0.261141687632,0.41304,4.535,2.439597487449646,-0.104115,-1.17831976995731,0
0.970250904560089,0.26965642,0.238,-0.095,0.448,0.362,0.549,0.475459307432,3.641519,23.1,3.821106366813183,-0.155295,0.587021273794843,0
0.767582893371582,0.22465667,0.444,-0.792,0.2235,0.492,0.2741,0.314007282257,3.543118,22.8,4.1276369988918304,0.182014,0.0304523178562585,0
0.672773820270625,0.45611396,0.615,0.046,0.5121,0.535,0.3208,0.68290156126,3.138302,21.5,3.619841568171978,0.00673986,0.308108136474068,0
0.0688989968864798,0.2550823,0.524,-0.9403,0.1181,0.441,0.0743,0.232476651669,0.295876,3.228,2.3983013352024694,0.0219188,-0.950973091433517,0
0.0897909660447092,0.121426076,0.431,-0.5032,0.4474,0.269,0.0835,0.256785750389,1.024128,10.61,3.243262472825974,-0.168665,-0.43155954162771,0
0.988074719905853,0.8975262,0.753,0.7846,0.8,0.589,0.1329,0.448634386063,4.408751,25.2,4.257000319393139,0.0873439,0.753785288375056,0
0.489470452070236,0.07405147,0.275,-0.9412,0.0017,0.214,0.074,0.206181645393,-0.789027,0.052,1.9827629664184696,-0.131058,-1.24243059407685,0
0.392310654602502,0.4388801,0.436,-0.4078,0.4896,0.441,0.1126,0.374278128147,1.997951,16.74,3.34706231643764,-0.085935,-0.319452660259264,0
0.116844907402992,0.22474015,0.529,-0.288,0.6012,0.31,0.1003,0.294792175293,0.695234,7.339,3.788823127746582,-0.094329,-0.592271706043137,0
0.798289239406586,0.92912245,0.623,-0.3406,0.4936,0.755,0.1701,0.463966935873,3.316996,22.2,5.509913645684719,0.0676313,-0.178623664200301,0
0.792696475982666,0.61808586,0.499,0.6949,0.7798,0.595,0.2849,0.42013451457,3.668476,23.2,8.525328089890838,0.0532216,0.478930515614209,0
0.0340939451856518,0.084133506,0.26,-0.9293,0.0017,0.103,0.0698,0.269870817661,0.152821,1.918,4.227648083424132,-0.390712,-1.09813807282124,0
0.192145213484764,0.116978705,0.209,-0.9984,0.1406,0.213,0.1497,0.231099531054,-0.332341,0.288,4.051011997294064,-0.409844,-1.35180800690736,0
0.14151547469783,0.23324221,0.274,-0.8829,0.2386,0.237,0.0751,0.228178367019,0.644994,6.879,3.3660402423397806,-0.232763,-0.601058499081511,0
0.994575262069702,0.8600352,0.616,0.5049,0.885,0.716,0.6797,0.419117391109,3.196346,21.7,1.2522048950195312,0.217865,0.671530476655361,0
0.916645884513855,0.34587562,0.354,-0.5866,0.3259,0.349,0.2004,0.336841881275,2.141686,17.41,4.788992276582871,-0.0914878,-0.16678223974123,0
0.720285837903096,0.37435544,0.581,0.056,0.6868,0.409,0.1155,0.326318830252,2.791984,20.3,4.424868655471233,0.0373696,0.345697379974898,0
0.946204721927643,0.5488594,0.543,1.0667,0.9541,0.474,0.1754,0.346369564533,3.461974,22.6,3.619698464870453,0.0865514,0.626879065623006,0
0.523531973361969,0.43768427,0.397,-0.86,0.2818,0.408,0.1111,0.295269906521,2.737668,20.1,4.8645703380826815,-0.0956758,-0.299229129965632,0
0.130714089136507,0.2190687,0.497,-0.941,0.1247,0.358,0.0805,0.274225503206,1.507764,14.23,3.903956800699234,-0.0264174,-0.430828575605226,0
0.993991672992706,0.673298,0.573,0.6573,0.7643,0.345,0.0877,0.460395097733,3.628903,23.1,3.619795143604279,0.0824055,0.657542043890233,0
0.0498753560944057,0.08232254,0.391,-0.8232,0.3105,0.309,0.5645,0.274720847607,1.222203,12.36,2.3570556640625,-0.218345,-0.819222783898809,0
0.141380250453949,0.2527847,0.239,-0.8932,0.0021,0.283,0.2342,0.240672573447,1.2794,12.77,5.497708793080313,-0.318686,-0.70153401757328,0
0.0911840410935765,0.13184506,0.184,-0.9418,0.2394,0.231,0.068,0.252926975489,-0.239407,0.416,3.059679888057601,-0.342863,-1.08857726361083,0
0.473019868135452,0.37261236,0.353,-0.699,0.3877,0.406,0.0955,0.252095401287,2.187311,17.61,4.17782637149181,-0.134027,-0.642092808233661,0
0.951716065406799,0.33224806,0.107,-0.9656,0.0083,0.435,0.0949,0.334332108498,3.265967,22.0,5.125336691539819,-0.267722,0.231662842497005,0
0.0228866452317323,0.0991565,0.068,-0.944,0.002,0.251,0.084,0.24445477128,1.039514,10.78,3.619344890117645,-0.567318,-1.16401456279216,0
0.375674962997437,0.30989778,0.516,-0.2902,0.6914,0.299,0.1071,0.183304086328,-0.020516,0.99,2.5036038160324097,-0.0855169,-0.772636663282342,0
0.546344697475433,0.3563515,0.141,-1.0143,0.0087,0.508,0.0979,0.262594908476,1.755699,15.58,4.362569063901901,-0.2676,-0.176952099583431,0
0.987625777721405,0.9482851,0.654,0.4387,0.7431,0.847,0.773,0.532744169235,3.201715,21.8,8.281226761639118,0.238297,0.303917563091252,0
0.0443837448176993,0.30937266,0.505,-0.952,0.1851,0.474,0.0618,0.306735515594,0.402193,4.414,1.426774978637695,-0.11259,-1.11581704630113,0
0.200451374053955,0.17215377,0.132,-0.9393,0.0039,0.283,0.1006,0.30219951272,0.866504,8.928,4.268994093150182,-0.471264,-0.658211242275022,0
0.0400853082070545,0.120628595,0.235,-0.8944,0.0027,0.37,0.1068,0.282599389553,2.655241,19.67,3.9795850217342377,-0.360601,-0.814211738715358,0
0.694477319717407,0.33556765,0.33,-0.1356,0.6784,0.438,0.0916,0.246507689357,1.753152,15.56,2.913641542196274,-0.0664775,0.0398124754115166,0
0.129821269487693,0.15726829,0.364,-0.9348,0.1496,0.292,0.1216,0.266673654318,0.727709,7.632,2.7281827114878454,-0.266264,-0.923010519064752,0
0.0098257823730962,0.037492126,0.108,-0.9384,0.0008,0.02,0.1677,0.270417690277,0.875127,9.013,2.264018476009369,-0.73241,-1.3873152096851,0
0.786867373135536,0.2715314,0.443,-0.3987,0.4444,0.396,0.258,0.425467729568,2.03373,16.91,6.057934077702204,-0.173642,0.146065469070238,0
0.700999081134796,0.24284285,0.467,-0.8203,0.2807,0.467,0.1803,0.271412611008,2.196979,17.66,3.098048305973255,-0.12052,-0.383330467529903,0
0.124577686190605,0.18746567,0.54,-0.5989,0.3805,0.358,0.0807,0.249186486006,0.408527,4.485,2.8416326014300863,-0.0835097,-0.893864894813825,0
0.071750578404897,0.24995357,0.192,-0.9036,0.0027,0.429,0.1345,0.263421118259,1.118377,11.54,4.560123786330223,-0.333877,-0.787283590406202,0
0.293971806764603,0.15008506,0.528,-0.6777,0.3305,0.393,0.2965,0.260677069426,2.281595,18.04,4.740130116372182,-0.0674692,-0.333954117930045,0
0.343803902772444,0.25778985,0.171,-0.8093,0.0029,0.294,0.1124,0.297226965427,2.789938,20.3,4.055640310049057,-0.340563,-0.368661059837307,0
0.241508096456528,0.195995,0.187,-0.9332,0.0027,0.433,0.1453,0.313256561756,2.053749,17.0,2.372752460407934,-0.287112,-0.417549926344574,0
0.0611574351787567,0.10140294,0.145,-0.9998,0.0823,0.165,0.1524,0.300601363182,-0.172242,0.544,3.8991069699753216,-0.442758,-1.1499274464818,0
0.078977854566526,0.1895239,0.481,-0.7457,0.3559,0.228,0.0846,0.266757011414,0.027758,1.191,3.799976111493957,0.0499601,-0.735179055565559,0
0.0549212656915188,0.073268324,0.363,-0.9695,0.2222,0.184,0.0758,0.202932134271,-0.022661,0.981,3.3796115449805395,-0.292675,-1.24368322560814,0
0.177601724863052,0.23354298,0.161,-0.9456,0.004,0.502,0.084,0.264077156782,0.661517,7.032,4.860674750080232,-0.389434,-0.864500054319372,0
0.924398714882955,0.78625834,0.609,0.7787,0.705,0.576,0.128,0.326970875263,3.041756,21.2,5.839781731367111,0.0781621,0.586355743183977,0
0.967054963111877,0.8152902,0.729,0.5209,0.7282,0.529,0.6348,0.430917978287,3.956899,23.9,9.068494616636386,0.0788143,0.458493189640838,0
0.0185538737517328,0.05662602,0.365,-0.9515,0.0011,0.155,0.0722,0.22217464447,-1.230588,0.011,4.133532583713532,-0.455342,-1.51360947056789,0
0.0380044896560806,0.06898135,0.171,-1.0398,0.1076,0.135,0.0862,0.230738416314,0.059438,1.345,2.222024608317551,-0.346089,-1.2189968030281,0
0.0149519197218505,0.05162272,0.048,-0.9501,0.0012,0.031,0.0738,0.26104721427,-0.103911,0.714,3.6284062266349792,-0.762891,-1.27332207685473,0
0.945904791355133,0.4549406,0.229,-0.8124,0.0031,0.488,0.1391,0.26487031579,3.654469,23.2,4.792193294795532,-0.298677,0.0100248280021443,0
0.914160490036011,0.9534499,0.713,0.7994,0.8385,0.779,0.3364,0.409322887659,4.237876,24.7,6.052870362187778,0.333927,0.794812698775688,0
0.844117283821106,0.31417632,0.127,-1.0105,0.0108,0.411,0.2445,0.396667718887,3.191443,21.7,4.705809563398361,-0.240973,0.362843807118423,0
0.0295303476701112,0.037044615,0.042,-0.9298,0.0005,0.064,0.0624,0.205013036728,-0.414753,0.21,3.39909102349152,-0.646909,-1.77277917133102,0
0.0742024853825569,0.1988652,0.502,-0.64,0.4096,0.315,0.1155,0.313735842705,0.063587,1.366,3.364559856269978,-0.205807,-0.876730793061741,0
0.329342424869537,0.2047067,0.205,-1.0324,0.1333,0.27,0.1726,0.255307257175,0.482405,5.281,3.548903738253624,-0.309737,-0.833020007584995,0
0.734247624874115,0.6145929,0.432,-0.5852,0.3002,0.548,0.1755,0.409345030785,3.018916,21.2,4.217423626899338,-0.0191844,-0.0770885783508843,0
0.985306620597839,0.79161644,0.71,1.1197,0.9356,0.572,0.2347,0.433855354786,3.82775,23.6,4.571947548079711,0.265666,0.829692064672102,0
0.0357070516580128,0.27652085,0.404,-0.6654,0.3416,0.281,0.1208,0.26203635335,0.299004,3.261,3.075401710137841,-0.276822,-1.03242889076728,0
0.787271738052368,0.25648874,0.166,-0.9029,0.004,0.495,0.1187,0.234660044312,2.094693,17.19,3.955791168533021,-0.259195,-0.571262404689676,0
0.999584138393402,0.9205711,0.806,0.7005,0.7413,0.814,0.5641,0.523666799068,4.397785,25.2,3.1025476025978698,0.211276,0.794361819011368,0
0.0993036106228828,0.14326215,0.149,-0.9085,0.0029,0.215,0.0882,0.296544969082,1.019684,10.56,3.5761025846004486,-0.515301,-0.651873385702115,0
0.897652268409729,0.35164976,0.632,0.2409,0.5994,0.478,0.1662,0.296219289303,3.733175,23.4,6.425749786436279,0.142806,0.294958242345551,0
0.0529828742146492,0.1080578,0.155,-1.0335,0.0808,0.384,0.0777,0.279638051987,0.225751,2.519,2.8907526133089654,-0.405198,-0.98892254669767,0
0.0641494902877463,0.106864095,0.28,-0.896,0.0017,0.376,0.1124,0.243179902434,0.547997,5.949,1.475742527604808,-0.490388,-0.90860110548491,0
0.858383357524872,0.29236135,0.142,-0.7682,0.2324,0.463,0.1333,0.4005189538,2.435589,18.71,5.109147283895539,-0.254779,0.103011779699149,0
0.752843345141398,0.49783227,0.627,0.153,0.5166,0.474,0.2604,0.392547428608,3.682494,23.2,2.820990204811096,0.0974231,0.539567901484021,0
0.151219889521599,0.13045505,0.349,-0.8072,0.2327,0.291,0.1019,0.20423489809,2.104786,17.24,4.040856897830963,-0.139447,-0.426752506783335,0
0.566619909384476,0.4076972,0.144,-0.9273,0.0032,0.51,0.1943,0.406078696251,3.000249,21.1,2.9633777059851623,-0.239395,-0.131135003342169,0
0.0232805255800486,0.1607126,0.362,-0.8914,0.2579,0.361,0.092,0.343399345875,1.299473,12.9,3.749799962309069,-0.252081,-0.898650235192539,0
0.187814086675644,0.15686694,0.218,-0.9463,0.0039,0.322,0.12,0.259187400341,1.194413,12.15,4.039535009732393,-0.303462,-0.618670684229764,0
0.751393914222717,0.34673634,0.152,-0.8946,0.0056,0.445,0.1211,0.283312380314,2.684576,19.79,5.079837144862644,-0.227863,-0.177784577608339,0
0.612592756748199,0.2666101,0.257,-0.5659,0.3785,0.292,0.1377,0.293351620436,0.809485,8.375,2.491232527875676,-0.1964,-0.0314216933474695,0
0.0697534382343292,0.3204219,0.197,-0.9197,0.003,0.744,0.0833,0.293508887291,-0.010766,1.028,3.43639612197876,-0.107241,-0.795385072466302,0
0.295480002145346,0.14585608,0.159,-0.9645,0.0056,0.399,0.1133,0.264019519091,2.33239,18.26,4.061369757205348,-0.385865,-0.433321773678686,0
0.940439999103546,0.6466276,0.647,1.0439,0.9398,0.655,0.1597,0.350013136864,2.825785,20.4,5.826971158385277,0.25467,0.497281612622983,0
0.179494425654411,0.0954774,0.392,-0.9183,0.0788,0.341,0.0639,0.357970893383,0.548975,5.958,3.999023139476776,-0.261576,-1.11699020185524,0
0.077297568321228,0.11568308,0.361,-0.8458,0.3367,0.264,0.0814,0.253858059645,0.509537,5.561,4.328824679598886,-0.287349,-1.17408458261327,0
0.0665136101544387,0.062076062,0.034,-0.9092,0.0016,0.115,0.0805,0.237094372511,-1.403609,0.006,2.172522942157584,-0.628661,-1.9947544086665,0
0.220938712358475,0.2147094,0.358,-0.9661,0.1308,0.326,0.0802,0.266180902719,2.030095,16.89,4.39474449888578,-0.203688,-0.739769831868559,0
0.984461843967438,0.74678695,0.604,0.5268,0.7113,0.419,0.2267,0.374886393547,4.887002,27.3,3.060824818349316,0.0416641,0.441525970470065,0
0.0188103574102077,0.12572467,0.406,-0.8465,0.2761,0.269,0.0792,0.220466434956,-0.056477,0.861,2.9847041871882123,-0.270324,-1.21720729414738,0
0.903623521327972,0.59474236,0.552,-0.2202,0.614,0.55,0.1576,0.396858870983,3.129077,21.5,3.3893751205711222,0.113383,0.290421568681114,0
0.0336501970887184,0.13751572,0.167,-0.9193,0.0033,0.179,0.0927,0.25302490592,0.205261,2.335,2.6250320283606805,-0.4006,-0.659842687614126,0
0.985523462295532,0.7553797,0.527,0.0507,0.7316,0.447,0.1431,0.418762326241,2.83853,20.5,4.979084252991087,0.0483731,0.24099637533129,0
0.0610985239983797,0.18186775,0.247,-0.9461,0.002,0.345,0.0896,0.244552105665,0.83147,8.585,3.3495711386203766,-0.467714,-1.35230181615166,0
0.283313304185867,0.2246288,0.139,-0.8873,0.0026,0.284,0.1411,0.262611240149,1.06723,11.06,3.2596381087834927,-0.415993,-0.592657416166295,0
0.642747581005096,0.23055792,0.392,-0.4258,0.4331,0.385,0.148,0.30945545435,2.745753,20.1,5.008623383025722,-0.123233,-0.347673519689826,0
0.99237048625946,0.86567515,0.828,0.7178,0.7885,0.729,0.4435,0.640628457069,5.962528,33.0,7.726721008467128,0.390185,0.800031104281564,1
0.22184444963932,0.14172944,0.194,-0.8929,0.0032,0.251,0.0844,0.275019884109,0.552835,5.997,2.72297215613648,-0.527193,-0.851076648340333,0
0.298987489565318,0.29276007,0.149,-0.9638,0.0082,0.386,0.1592,0.226789712906,1.714535,15.37,4.091786205768585,-0.331916,-0.295994988276872,0
0.941062748432159,0.7292548,0.596,0.289,0.5463,0.581,0.3849,0.375229090452,3.258143,22.0,9.580556476306487,0.0806779,0.437124621974112,0
0.896958231925964,0.33753693,0.143,-0.9236,0.0083,0.412,0.0988,0.298487663269,1.868683,16.13,3.752900497766676,-0.246119,0.063771300633634,0
0.993041038513184,0.9029249,0.704,0.6112,0.7501,0.792,0.9039,0.595577180386,4.105674,24.3,8.17971171438694,0.190782,0.695414207842093,1
0.296008557081223,0.2275838,0.132,-0.9494,0.0062,0.294,0.0853,0.233840584755,1.122432,11.57,3.9299235956719607,-0.440104,-0.448045764405753,0
0.0964345669444282,0.21044439,0.461,-0.8697,0.2724,0.466,0.3939,0.299659252167,1.978401,16.65,2.9599348113557564,-0.0893006,-0.647210233712073,0
0.996991515159607,0.6558059,0.585,0.1804,0.7228,0.441,0.1937,0.362315356731,4.117359,24.3,5.730098459010049,0.0236814,0.57300237803054,0
0.115178190171719,0.09904492,0.113,-0.8906,0.0025,0.179,0.1169,0.195740193129,-0.340066,0.28,3.95195731448336,-0.574815,-1.05702653617416,0
0.714246153831482,0.24672973,0.155,-0.9043,0.0031,0.385,0.1427,0.340763926506,0.84165,8.684,6.496472555706839,-0.312887,-0.657249164939575,0
0.682591676712036,0.37930286,0.356,-0.4865,0.5388,0.398,0.1456,0.326215326786,2.322508,18.22,2.8883096937656854,-0.144406,-0.32114173317357,0
0.0199522695120219,0.08911574,0.228,-0.7284,0.1202,0.186,0.0629,0.324299126863,-0.000232,1.07,3.079330452673877,-0.338243,-1.71799034503127,0
0.656871438026428,0.56211597,0.451,-0.6514,0.4219,0.362,0.0758,0.235589787364,1.051729,10.91,2.9179887988140347,-0.0872742,-0.409773015472636,0
0.032155602034722,0.078848034,0.116,-0.9505,0.1699,0.101,0.0604,0.192238673568,-0.640626,0.09,4.690238619351301,-0.433396,-1.47962263263545,0
0.902090311050415,0.38125494,0.521,-0.6357,0.365,0.328,0.2329,0.30261349678,1.126212,11.61,5.217214978300035,-0.101803,-0.0697143875857959,0
0.0428434945642948,0.0422886,0.035,-0.9453,0.0015,0.052,0.0616,0.251680374146,-0.255172,0.391,2.7488672733306885,-0.758503,-1.4277151829969,0
0.396070778369904,0.2153014,0.604,0.3621,0.7527,0.538,0.1289,0.586178183556,2.390083,18.51,5.435311424545944,0.0463966,-0.207323327920434,0
0.103331834077835,0.16722402,0.536,-0.1134,0.6555,0.395,0.0828,0.2568141222,1.960831,16.57,3.261180311441421,0.0311033,-0.417893260820707,0
0.991805672645569,0.78850996,0.649,0.4441,0.7025,0.53,0.2152,0.373645842075,4.29787,24.9,4.683095060534174,0.101551,0.651338594481506,0
0.293793231248856,0.26951993,0.672,0.5568,0.9147,0.357,0.1141,0.333790928125,3.032571,21.2,4.602585181447935,0.155696,-0.195609732393714,0
0.588053107261658,0.2652362,0.22,-0.9012,0.1873,0.439,0.1387,0.27494931221,1.614493,14.84,4.366164254856061,-0.209128,-0.388120652279273,0
0.0198757108300924,0.07241595,0.099,-0.9128,0.0021,0.114,0.0787,0.242198869586,-0.510046,0.146,4.280383597053264,-0.537788,-1.06897546164859,0
0.990182163348483,0.9609163,0.898,1.0292,0.9106,0.723,0.5112,0.504077553749,4.328358,24.9,10.759555128736006,0.387059,0.704558583764589,0
0.0505508445203304,0.18204999,0.184,-0.8885,0.0052,0.334,0.0945,0.280354082584,-0.03607,0.932,3.624682525601087,-0.447584,-0.684986700550889,0
0.879184424877167,0.6053052,0.507,0.0351,0.7012,0.413,0.0927,0.30806684494,2.590574,19.39,5.074826595767955,-0.0923337,0.129101728648714,0
0.0942237004637718,0.11957836,0.205,-0.8841,0.0026,0.276,0.0851,0.277922302485,1.231474,12.43,4.649415135383606,-0.289591,-0.86333297163205,0
0.107940353453159,0.1745916,0.178,-0.8851,0.0042,0.237,0.081,0.337709546089,0.967678,9.954,3.2327859739797464,-0.475624,-1.03093320276731,0
0.0706341407622858,0.12591368,0.16,-0.8985,0.0024,0.265,0.1407,0.266080379486,0.362223,3.966,3.988274377843688,-0.461536,-1.14721894631821,0
0.678718984127045,0.3605111,0.582,0.6071,0.8817,0.429,0.2951,0.270766943693,2.103265,17.23,1.6961077451705933,0.197169,-0.0709292911564949,0
0.754923701286316,0.43817756,0.198,-0.9039,0.0044,0.492,0.0879,0.312684386969,1.763789,15.62,3.3277534923275063,-0.238863,-0.216093535627697,0
0.182215735316277,0.17113033,0.138,-0.9146,0.0036,0.261,0.1107,0.229562312365,2.151758,17.45,4.893540360033512,-0.415027,-0.54152655061341,0
0.0547495074640501,0.13986874,0.029,-0.9249,0.0032,0.323,0.1335,0.32947832346,0.246331,2.715,3.357887766600957,-0.550119,-0.769922266551658,0
0.0358341220982736,0.0588755,0.115,-0.9209,0.0017,0.091,0.0776,0.233425736427,-0.068858,0.82,2.8284945111188726,-0.5618,-1.30379580571889,0
0.0440371544335364,0.0547722,0.274,-0.9453,0.0005,0.092,0.1136,0.287801027298,0.647893,6.906,3.199628534941181,-0.493599,-1.15482330981805,0
0.981448709964752,0.90732116,0.681,0.1483,0.6285,0.587,0.3133,0.317548155785,3.934314,23.9,10.998329645488411,0.127004,-0.127686562890547,0
0.275663614273071,0.39116943,0.534,-0.3243,0.4244,0.302,0.1447,0.349477827549,3.003363,21.1,7.643724022096635,-0.15357,-0.347021345031099,0
0.985080182552338,0.9126302,0.703,1.0534,0.9339,0.757,0.9862,0.56395983696,3.814987,23.6,11.605089903065164,0.147215,0.588318807113139,1
0.0437680396723919,0.080328256,0.507,-0.6264,0.501,0.303,0.0736,0.291769146919,-0.324546,0.297,5.11949402428956,-0.220179,-1.39523143610033,0
0.0813295692205429,0.1620144,0.322,-0.9856,0.0522,0.348,0.1967,0.234282135963,-0.412074,0.212,3.6427618592175626,-0.265175,-0.928666388235913,0
0.121789334031779,0.17633674,0.58,0.4128,0.8837,0.382,0.0827,0.291343212128,1.498456,14.18,3.933730840682984,0.148356,-0.397372809684819,0
0.0475790265639876,0.023924619,0.052,-0.981,0.0237,0.126,0.0507,0.224150776863,0.774819,8.055,3.694107436544093,-0.552281,-1.39910668590823,0
0.570447027683258,0.12937227,0.064,-0.8361,0.003,0.146,0.0825,0.237866103649,2.625072,19.54,4.431657820940018,-0.563001,-0.379227285672151,0
0.418291300535202,0.14052185,0.138,-0.8795,0.0034,0.181,0.1243,0.215529292822,1.606028,14.79,3.849644422531128,-0.335661,-0.624640503306869,0
0.100441209971905,0.16259927,0.399,-0.593,0.3526,0.312,0.0786,0.249218270183,2.221318,17.77,4.776469233076331,-0.180484,-0.880783200409382,0
0.0442928586248887,0.18535939,0.547,-0.9578,0.1078,0.229,0.0997,0.242831170559,0.506497,5.53,4.0884552083988,-0.148444,-0.553232469676113,0
0.993720293045044,0.47760877,0.309,-1.1803,0.0469,0.549,0.5075,0.624700665474,4.041726,24.1,2.500098451150988,-0.150081,0.808541663404027,0
0.0856955416635848,0.08755469,0.046,-0.904,0.002,0.058,0.0725,0.252912640572,-0.868857,0.039,3.3507823646068573,-0.833563,-1.6501339086068,0
0.09323690479095,0.21691036,0.119,-0.8909,0.0035,0.292,0.1847,0.263043671846,2.1963,17.65,1.4104382991790771,-0.459418,-0.50314098642009,0
0.0960573100826796,0.14979768,0.208,-0.8865,0.0021,0.202,0.0821,0.215571880341,2.187055,17.61,4.6169093496363,-0.337616,-0.639450095308003,0
0.773846685886383,0.3505752,0.351,-0.8262,0.2525,0.458,0.0937,0.417980730534,3.117964,21.5,4.095280587673187,-0.0662235,-0.149118586470239,0
0.745910823345184,0.22925004,0.132,-0.8866,0.0035,0.395,0.0951,0.36143386364,2.946218,20.9,3.629720173391607,-0.305303,-0.530012920041223,0
0.0298094653602826,0.036056906,0.129,-0.9315,0.0686,0.123,0.0543,0.273010909557,-0.913573,0.033,3.8447089429549393,-0.398958,-1.78940074484274,0
0.761292278766632,0.69104624,0.576,-0.349,0.4748,0.653,0.118,0.465481817722,3.455342,22.6,4.807062266543314,0.0383434,0.0764087197316587,0
0.132753407881649,0.536311,0.159,-0.9745,0.1072,0.591,0.0968,0.286104798317,1.166584,11.94,4.697929951759995,-0.167788,-0.713090672882807,0
0.882993817329407,0.91360366,0.727,0.7971,0.8343,0.743,0.7653,0.602882027626,4.819722,26.9,8.016315164920924,0.204985,0.971866814216491,0
0.959753572940826,0.6187111,0.509,-0.2807,0.3539,0.557,0.4746,0.65020596981,3.59621,23.0,8.509999628156303,0.0460605,0.345233944477741,0
0.376605540513992,0.29441428,0.596,-0.9195,0.1338,0.611,0.1524,0.296287834644,2.06911,17.07,2.9798447489738464,0.0729775,-0.456570363412114,0
0.0386548265463389,0.11253911,0.298,-0.9229,0.0022,0.213,0.0834,0.268780469894,1.198129,12.18,2.498423933982849,-0.339108,-0.739091240480014,0
0.951302886009216,0.5056953,0.456,0.3016,0.5887,0.561,0.5227,0.387994229794,4.861259,27.1,5.69951756298542,0.0401306,0.798548716855184,0
0.0445312353185875,0.074168414,0.05,-1.0163,0.0679,0.188,0.089,0.222111403942,0.587505,6.335,1.785846451799289,-0.515569,-1.10047844337515,0
0.0906112864613533,0.21475512,0.14,-0.8775,0.0029,0.225,0.124,0.3234795928,1.5306,14.36,3.1829028725624084,-0.368499,-0.512356400765375,0
0.0365397334098816,0.12884402,0.187,-0.9145,0.0024,0.262,0.0862,0.226969838142,0.587882,6.339,2.4287982755603696,-0.364762,-0.764559076081022,0
0.345089361648048,0.2841365,0.44,-0.0428,0.5593,0.435,0.0883,0.297257751226,2.567462,19.29,4.952875167131424,-0.0401622,-0.10432200868725,0
0.343352969373027,0.15236548,0.134,-0.9137,0.0052,0.22,0.1146,0.269547075033,1.288407,12.83,3.717219057800272,-0.432678,-0.303262041934323,0
0.015302422551689,0.03125894,0.073,-0.9528,0.0008,0.103,0.0712,0.303810358047,0.095985,1.546,2.6870587543800166,-0.574512,-1.40635448342299,0
0.721612453460693,0.86937433,0.495,-0.6797,0.366,0.575,0.1158,0.284218996763,2.606132,19.46,6.796320061196481,-0.032262,-0.060022007029195,0
0.878605961799622,0.4220774,0.385,-0.113,0.615,0.444,0.1151,0.288007169962,2.36287,18.4,3.905283649069885,-0.144385,-0.0680351304379093,0
0.0506660528481007,0.08967906,0.191,-1.0176,0.1744,0.272,0.096,0.3481118083,0.412028,4.523,2.94145905938654,-0.332843,-1.01183895195532,0
0.0478857439765534,0.116905004,0.338,-0.6661,0.4246,0.245,0.1498,0.270113587379,-0.099034,0.728,2.984717264771461,-0.242376,-1.12457743204528,0
0.331429893923043,0.22490111,0.433,-0.3292,0.598,0.116,0.1017,0.283892154694,1.224211,12.37,5.249497644603252,-0.105526,-0.406343894116974,0
0.0251177158206701,0.094738275,0.293,-0.8956,0.0022,0.214,0.0791,0.231036305428,0.082513,1.468,2.33369970125283,-0.523989,-0.855694833727306,0
0.0213125851203768,0.054132313,0.263,-0.9781,0.1495,0.418,0.1042,0.299428224564,-0.043883,0.904,3.656773978274358,-0.329644,-1.16898502871339,0
0.969999372959137,0.5179129,0.608,0.1442,0.5309,0.472,0.4447,0.330988883972,2.216021,17.74,3.82902910574177,-0.0150934,0.0437609941060401,0
0.572524189949036,0.32207856,0.53,0.1909,0.8096,0.428,0.0894,0.230425715446,1.207303,12.25,2.9099613428115845,0.0184333,-0.171357869827343,0
0.478829145431519,0.23030943,0.156,-0.8824,0.0039,0.417,0.1059,0.257422983646,1.650535,15.03,3.8525904686374233,-0.272566,-0.29950118814581,0
0.979493916034698,0.4231694,0.415,0.0214,0.4556,0.485,0.5618,0.369637608528,4.196216,24.6,6.618065342307091,0.0145514,0.514856589750436,0
0.0249862968921661,0.053933173,0.388,-0.9794,0.191,0.274,0.0726,0.241012185812,-1.282056,0.009,3.0253659406121534,-0.310617,-1.61767804490273,0
0.066054255600999,0.107011735,0.377,-0.8729,0.2507,0.271,0.074,0.231543153524,-0.982002,0.026,2.96433302261744,-0.236255,-1.07220921286461,0
0.112462073564529,0.15397707,0.226,-0.9313,0.2005,0.359,0.1184,0.307088673115,1.598956,14.75,3.813358932449737,-0.217606,-0.643562787336777,0
0.445715010166168,0.3219271,0.189,-0.9028,0.0029,0.508,0.2712,0.331342577934,1.294877,12.87,6.842300897009372,-0.240674,-0.720336175302302,0
0.316741496324539,0.21543813,0.18,-0.9619,0.0074,0.257,0.1367,0.269896537066,1.555211,14.51,4.045095205307007,-0.320774,-0.201553801712195,0
0.826557159423828,0.45336407,0.674,-0.1903,0.6218,0.419,0.1701,0.327937245369,2.437046,18.72,2.777582765391568,0.0155248,0.0493964586776914,0
0.982258319854736,0.3747635,0.239,-0.7205,0.2304,0.336,0.1337,0.317560881376,4.025214,24.1,4.330396780168401,-0.11736,0.535955785574517,0
0.978566527366638,0.9741179,0.915,1.0254,0.9186,0.827,0.9827,0.67984688282,5.129944,28.7,15.036375547235366,0.450735,0.944215638549403,1
0.338385820388794,0.42778158,0.541,-0.8168,0.2607,0.542,0.0826,0.253250509501,0.95534,9.819,1.545181155204773,-0.0753054,-0.657580158769219,0
0.876339018344879,0.53032035,0.597,0.6561,0.7841,0.402,0.1548,0.487886726856,3.614507,23.0,6.433472744908466,0.00770761,0.567417286948397,0
0.996412932872772,0.78704953,0.714,0.2054,0.5672,0.491,0.5274,0.416998445988,4.453616,25.3,6.837268741951895,0.0522554,0.634132124103083,0
0.639108657836914,0.2729655,0.186,-0.8727,0.0088,0.353,0.1229,0.249984189868,2.742152,20.1,3.224951216892816,-0.243718,0.0551117792064717,0
0.998453378677368,0.90928936,0.9,1.078,0.9724,0.704,0.2031,0.478087157011,4.676733,26.2,4.79636981054818,0.363765,0.786689098841169,0
0.326640635728836,0.11155608,0.18,-0.9273,0.0037,0.253,0.1457,0.318129688501,1.338997,13.17,4.666074620962253,-0.351843,-0.874369784043754,0
0.0758970228742024,0.15608343,0.215,-0.9391,0.0021,0.288,0.0961,0.207160621881,0.740551,7.747,4.770195587202697,-0.459292,-0.948461222521357,0
0.988031268119812,0.6001854,0.492,0.1074,0.7699,0.448,0.0836,0.268432557583,3.004926,21.1,3.7382046288435946,0.0457773,0.683893892936837,0
0.966034173965454,0.36224973,0.116,-1.1056,0.011,0.435,0.0994,0.275854319334,3.184193,21.7,5.023630739318556,-0.24899,0.510471705832522,0
0.215278595685959,0.15495574,0.191,-0.8803,0.0046,0.274,0.1349,0.238550364971,1.069465,11.09,3.939102473580451,-0.334947,-0.38991466324987,0
0.981856524944305,0.7962886,0.799,0.7954,0.8009,0.721,0.1703,0.369184672832,3.969874,24.0,4.554652790613641,0.173354,0.745319800528119,0
0.0162791721522808,0.07964146,0.303,-0.9317,0.0017,0.249,0.2039,0.237890094519,0.972202,10.01,4.55383995818614,-0.520214,-1.03342597084075,0
0.0428215788685596,0.1482569,0.303,-1.0085,0.1497,0.228,0.0793,0.190154522657,0.779209,8.094,2.755572204934696,-0.293092,-0.984360142182632,0
0.56320196390152,0.24328315,0.101,-0.9797,0.0094,0.341,0.1154,0.430719137192,2.673858,19.74,3.332284251779478,-0.401565,-0.130306465902337,0
0.337722271680832,0.16969723,0.119,-1.0648,0.0048,0.436,0.159,0.350587904453,0.993159,10.25,2.8501818137749675,-0.451736,-0.705349772073148,0
0.753071367740631,0.35678458,0.375,-0.3243,0.603,0.452,0.0695,0.299867331982,2.8706,20.6,3.4057534297940464,-0.124336,0.0918666297285288,0
0.0196188129484653,0.03750038,0.091,-1.0265,0.0724,0.124,0.0785,0.238992080092,-0.775552,0.055,4.031721491474198,-0.459287,-1.51112894365069,0
0.0765800798138051,0.10639256,0.616,-0.5842,0.4267,0.296,0.1855,0.306155800819,0.880568,9.067,3.005439843868343,0.0153969,-0.770686852140481,0
0.335113614797592,0.34723124,0.415,-0.7794,0.3118,0.359,0.0882,0.280463755131,1.714403,15.37,5.111374399164797,-0.239987,-0.40424871914295,0
0.396041095256805,0.24454889,0.301,-0.8552,0.2189,0.42,0.0897,0.331000387669,1.415057,13.67,3.7289940570252105,-0.202376,-0.32743479423019,0
0.842985928058624,0.35941008,0.081,-0.9078,0.0104,0.411,0.4055,0.493918955326,4.233919,24.7,4.286586314439774,-0.419792,0.490702773792127,0
0.456995725631714,0.291831,0.153,-1.2241,0.0337,0.374,0.4031,0.428561061621,5.749345,33.0,4.496295228600502,-0.314007,0.754156158271985,1
0.204457635221587,0.15164876,0.22,-0.87,0.0021,0.226,0.0886,0.200663089752,1.416427,13.67,2.22655484087724,-0.372544,-0.62108931951286,0
0.266490150229724,0.17321524,0.378,-0.2933,0.3343,0.363,0.2484,0.330995023251,2.578256,19.34,6.01605752389878,-0.0307935,-0.002807395535597,0
0.0527304299175739,0.08535451,0.272,-0.9137,0.0019,0.191,0.0802,0.308637440205,0.247004,2.722,3.086473047733307,-0.370981,-0.924194360554804,0
0.0987755805253983,0.18428233,0.576,-0.1,0.7194,0.452,0.241,0.246431991458,1.313028,13.0,4.785254588913193,0.00207568,-0.908316288019802,0
0.891265630722046,0.29146034,0.31,-0.8412,0.2103,0.499,0.4407,0.438430696726,1.665622,15.11,4.168272405862808,-0.169736,-0.104789514431543,0
0.0294901373119632,0.04777044,0.065,-0.9487,0.0012,0.073,0.0811,0.210718542337,-0.898707,0.035,3.2930610766989368,-0.619683,-1.33961899191616,0
0.906703054904938,0.25665528,0.276,-0.7232,0.1769,0.267,0.3028,0.44850859046,3.351506,22.3,6.321114443475953,-0.121211,0.195875613440814,0
0.125265542235351,0.11384329,0.281,-0.7689,0.2483,0.317,0.0831,0.254352688789,1.258977,12.62,4.028638139335019,-0.260201,-0.633811201902557,0
0.135699826081231,0.178283,0.376,-0.5725,0.5568,0.311,0.0763,0.237531244755,-0.043624,0.905,4.111229951642661,-0.219823,-0.543808606419043,0
0.0665852949023247,0.052276403,0.111,-1.0168,0.0901,0.107,0.0739,0.240573719144,-0.938722,0.03,3.6523998947575023,-0.473472,-1.45849540543482,0
0.0402371022274702,0.115367085,0.075,-0.9024,0.0026,0.21,0.0729,0.25846016407,0.300664,3.279,3.627354898687967,-0.525837,-0.960743758600371,0
0.0578744077959674,0.12614259,0.207,-0.9274,0.0022,0.248,0.0954,0.280034065247,0.284565,3.106,4.414322245235402,-0.337724,-0.831945077514074,0
0.860916912555695,0.34798434,0.126,-0.9688,0.0083,0.423,0.1104,0.287621557713,1.915795,16.36,2.8357876072449475,-0.287809,0.073828957721018,0
0.0581942871212959,0.1262311,0.231,-0.8839,0.2848,0.203,0.054,0.2547134161,0.396504,4.351,5.0065799783243055,-0.291475,-0.977777099903591,0
0.114602476358414,0.13910434,0.282,-0.9995,0.0384,0.585,0.0656,0.295822143555,2.144592,17.42,2.724948503810751,-0.252755,-0.783616474352599,0
0.374833762645721,0.21137795,0.149,-0.9861,0.1235,0.352,0.1444,0.259913414717,0.311319,3.396,2.888704689286362,-0.35577,-1.22350276855012,0
0.0806520553694695,0.10427162,0.621,-0.9842,0.1018,0.201,0.0817,0.243737101555,0.994029,10.26,3.040154337882996,-0.0068186,-0.52070343306048,0
0.885773956775665,0.39987358,0.558,0.72,0.9268,0.463,0.0765,0.339080750942,1.801846,15.81,4.143008612439488,0.185156,-0.0614979533104518,0
0.139836253218378,0.17162865,0.135,-0.8959,0.0033,0.2,0.2568,0.251216322184,1.269988,12.7,3.73270320892334,-0.432491,-0.507277421411019,0
0.417756260032933,0.6077871,0.392,-0.7982,0.2977,0.355,0.1023,0.262515336275,1.788445,15.74,5.066231995630247,-0.220889,-0.563193941501783,0
0.13047106564045,0.033252567,0.226,-0.9287,0.0827,0.264,0.0896,0.240666136146,-0.659165,0.084,4.757397353649139,-0.362176,-1.51601563665215,0
